method,scenario,seed,FAR,SD,AF,AR_ew,AR_ns,SVF,BD,OSR,SC,PAR,theta,OSLI,EUIt,EG,H,reward
NSGA-II,NSGA-II,20260310,1.7132297865718586,49.522255196470304,8.71965644969654,0.41371470910484637,2.268232205828996,0.6381418763230986,0.1820670618888833,0.4574184988432881,0.5837852078216837,0.12258125514385236,-5.4644682634217645,6.180051489399232,66.0,2.849999189376831,7.849999904632568,
NSGA-II,NSGA-II,20260310,1.7132299335193841,49.52226805899404,8.71966378959222,0.4137147014893463,2.2682318605877967,0.638141875727606,0.1820670631918906,0.4574187446251915,0.5837851826453725,0.12258287554001093,-5.464474261426375,6.18005142258364,66.0,2.8499999046325684,7.849998950958252,
NSGA-II,NSGA-II,20260310,1.7132297639071663,49.5247744646965,8.71966400722896,0.4137147069258039,2.2682318647694695,0.6381418730538178,0.1820671007489934,0.45741870129559237,0.5837848958944419,0.1225830065440718,-5.464463951392489,6.180051442983318,66.00004577636719,2.8499999046325684,7.849999904632568,
NSGA-II,NSGA-II,20260310,1.713229939766867,49.52475328598969,8.719659930302786,0.41371470714335923,2.2682318739013585,0.6381418731440349,0.1820670911398566,0.457418697480665,0.5837848399042368,0.12258301046910026,-5.464471225925159,6.180051478645416,66.00004577636719,2.8499999046325684,7.849999904632568,
NSGA-II,NSGA-II,20260310,1.7132297865718586,49.522255196470304,8.719656492700187,0.41371470910484637,2.268232203237181,0.6381418727197967,0.1820670618888833,0.4574184988432881,0.5837852078216837,0.12258125514385236,-5.4644682634217645,6.180051489399232,66.0,2.849999189376831,7.849999904632568,
NSGA-II,NSGA-II,20260310,1.7132299335193841,49.52226805899404,8.719663789521213,0.4137147014893463,2.2682318605877967,0.6381418756280954,0.1820670631918906,0.4574187421749176,0.5837851826453725,0.12258287652654412,-5.464474176271835,6.18005142258364,66.0,2.8499999046325684,7.849998950958252,
NSGA-II,NSGA-II,20260310,1.7132299794888564,49.52478763877995,8.719664188509046,0.4137146997670235,2.2682316175002013,0.6381418731319172,0.1820671007742859,0.4574186966358111,0.5837848422445898,0.12258300905030335,-5.464574799150419,6.1800515327392604,66.00004577636719,2.8499999046325684,7.849999904632568,
NSGA-II,NSGA-II,20260310,1.7132297164391095,49.52472023449925,8.719664219392653,0.4137147012032599,2.2682318712402703,0.6381418730640092,0.1820671024392102,0.45741869772913013,0.5837848966100223,0.12258301055710734,-5.464466947440279,6.180051416614195,66.00004577636719,2.8499999046325684,7.849999904632568,
NSGA-II,NSGA-II,20260310,1.713229758880733,49.52480207013933,8.71966395613034,0.41371470692711754,2.2682319970058926,0.638141876699186,0.18206710075362106,0.45741869545952346,0.5837848959818235,0.12258300856186799,-5.464582666142711,6.180051467127088,66.00004577636719,2.8499999046325684,7.849999904632568,
NSGA-II,NSGA-II,20260310,1.7132299352690534,49.52477209614854,8.71966419847961,0.41371470691598383,2.2682319768438397,0.6381418755546522,0.1820670647623562,0.4574186944758905,0.5837848950838304,0.12258301271176392,-5.464474153610517,6.180051481134888,66.00004577636719,2.8499999046325684,7.849999904632568,
NSGA-II,NSGA-II,20260310,1.7132297167785704,49.52476549560497,8.71966422292006,0.4137147069294385,2.268231870446411,0.638141876140495,0.1820670626587963,0.45741869637866406,0.5837848431869195,0.12258301037276652,-5.464467183703647,6.180050436435213,66.00004577636719,2.8499999046325684,7.849999904632568,
NSGA-II,NSGA-II,20260310,1.7132297569784154,49.52478746805475,8.719663999133985,0.41371470692711754,2.2682319944140783,0.6381418730266107,0.18206710076741145,0.45741869901258964,0.5837848959822441,0.12258300856186799,-5.464587405865927,6.180051801386301,66.00004577636719,2.8499999046325684,7.849999904632568,
NSGA-II,NSGA-II,20260310,1.7132297850180533,49.524787740964506,8.719664120620235,0.41371470703128294,2.268231977274361,0.6381418754963701,0.18206710065771725,0.4574186989688573,0.5837849057772031,0.12258298708572132,-5.464587465903854,6.180051785696913,66.00004577636719,2.8499999046325684,7.849999904632568,
NSGA-II,NSGA-II,20260310,1.7132297569487163,49.52478893547332,8.719659747594644,0.4137147069284234,2.268231874421689,0.6381418726357743,0.1820671004930086,0.4574187011553766,0.583784839387936,0.1225829847925294,-5.464578932235504,6.18005144253928,66.00004577636719,2.8499999046325684,7.849999904632568,
NSGA-II,NSGA-II,20260310,1.7132297337140665,49.52225820329572,8.719656510623548,0.41371470714734593,2.268231986758402,0.6381418763230986,0.18206706188560082,0.4574184965583542,0.5837852075626826,0.12258125514385236,-5.464475012295729,6.180051488063991,66.0,2.849999189376831,7.849999904632568,
NSGA-II,NSGA-II,20260310,1.7132297573215804,49.524787646402835,8.719659450046269,0.41371470691067114,2.2682318712468232,0.6381418730982091,0.1820670912572267,0.4574186972360046,0.5837848969348688,0.12258287736964676,-5.464576030063057,6.18005039631814,66.00004577636719,2.8499999046325684,7.849999904632568,
NSGA-II,NSGA-II,20260310,1.7132299815438006,49.52478775007385,8.71965782413778,0.4137147069236251,2.268231870323694,0.6381418731403933,0.18206710067800053,0.4574187011705543,0.5837848965740609,0.12258300832977079,-5.464469878058608,6.180050423769781,66.00004577636719,2.8499999046325684,7.849999904632568,
NSGA-II,NSGA-II,20260310,1.7132299868650875,49.524797691047446,8.719659042430367,0.41371470665903554,2.2682319979974164,0.6381418728558135,0.18206706639042164,0.45741870121070916,0.5837848457134424,0.12258298482087576,-5.46445329839154,6.180049580318804,66.00004577636719,2.8499999046325684,7.849999904632568,
NSGA-II,NSGA-II,20260310,1.7132297558771659,49.52477242210096,8.71966419847961,0.41371470692050166,2.2682319768438397,0.6381418755544833,0.1820670913817199,0.4574186963000699,0.5837848950838304,0.12258301271176392,-5.4644742998109095,6.180051481077669,66.00004577636719,2.8499999046325684,7.849999904632568,
NSGA-II,NSGA-II,20260310,1.7132297411334485,49.52477034112688,8.719663920743542,0.4137147068816811,2.2682318673144293,0.638141873127375,0.1820670908506427,0.4574186957150618,0.5837848438474296,0.12258307842943353,-5.464593264800804,6.180051406852784,66.00004577636719,2.8499999046325684,7.849999904632568,
NSGA-II,NSGA-II,20260310,1.7132297589390029,49.5247189260474,8.719659500794297,0.41371470690523116,2.2682319862920517,0.638141874845987,0.1820670913919838,0.457418697233669,0.5837848380814606,0.12258300677113024,-5.464472553894559,6.180050434418239,66.00004577636719,2.8499999046325684,7.849999904632568,
NSGA-II,NSGA-II,20260310,1.7132297634282947,49.524786986994116,8.7196596967406,0.41371470841532965,2.268232222830215,0.6381418729176178,0.18206706403108364,0.4574186961796788,0.5837848460313855,0.1225830088775057,-5.464581468143372,6.180050382186957,66.00004577636719,2.8499999046325684,7.849999904632568,
NSGA-II,NSGA-II,20260310,1.7132297164391095,49.52471995737326,8.71966422752726,0.41371469943785366,2.2682318712401925,0.6381418749627901,0.18206706315884105,0.45741869721382944,0.5837848965658723,0.12258300969411079,-5.464565718561502,6.180050449098133,66.00004577636719,2.8499999046325684,7.849999904632568,
NSGA-II,NSGA-II,20260310,1.713229776672182,49.524787617353766,8.71966400033087,0.4137147068088881,2.268231868618546,0.6381418730777495,0.18206710079005195,0.45741869610297725,0.5837848966993487,0.1225830099803786,-5.464467168841722,6.18005148039467,66.00004577636719,2.8499999046325684,7.849999904632568,
NSGA-II,NSGA-II,20260310,1.7132297639071663,49.524775368544915,8.71966400722896,0.4137147069258039,2.268231993672037,0.6381418755760211,0.182067099358066,0.45741869586975303,0.5837848941706046,0.12258300654440653,-5.464468318500153,6.180050407926647,66.00004577636719,2.8499999046325684,7.849999904632568,
NSGA-II,NSGA-II,20260310,1.7132297587715406,49.52478857408809,8.719657588209078,0.41371470168287056,2.2682319990379005,0.6381418756161776,0.18206709140154587,0.45741869896302456,0.5837848974514392,0.12258298673048242,-5.464466755317915,6.180051825077707,66.00004577636719,2.8499999046325684,7.849999904632568,
NSGA-II,NSGA-II,20260310,1.713229786920371,49.52480234304909,8.719664120620235,0.41371470703128294,2.268231977274361,0.6381418755477146,0.18206710065319703,0.4574186961528717,0.5837849057772031,0.12258298708572132,-5.464582726180645,6.180051451437699,66.00004577636719,2.8499999046325684,7.849999904632568,
NSGA-II,NSGA-II,20260310,1.7132299354984355,49.52226805899404,8.719663769749424,0.4137147040741076,2.2682319976012923,0.6381418757247981,0.1820670631918906,0.45741869879540065,0.5837851826453725,0.12258287553613798,-5.464474260829299,6.18005142258364,66.0,2.8499999046325684,7.849998950958252,
NSGA-II,NSGA-II,20260310,1.7132297587345162,49.524787740964506,8.719663836098004,0.4137147069185978,2.268231977274361,0.6381418730978747,0.18206709140154587,0.457418697233669,0.5837848399042368,0.12258300970329118,-5.464472396068622,6.1800515172908055,66.00004577636719,2.8499999046325684,7.849999904632568,
NSGA-II,NSGA-II,20260310,1.7132299852801252,49.52479951885248,8.71966412256247,0.413714701737105,2.2682319500995014,0.6381418728558135,0.18206706421987162,0.4574187025930416,0.5837848948246448,0.12258298712639275,-5.464573622687752,6.180050147173724,66.00004577636719,2.8499999046325684,7.849999904632568,
NSGA-II,NSGA-II,20260310,1.7132297250083797,49.52472186020298,8.719659504372048,0.4137147001565715,2.268231986399244,0.6381418747459997,0.18206709139518237,0.457418698873431,0.5837851642325271,0.12258287701022862,-5.464581918512209,6.180050409108897,66.00004577636719,2.8499999046325684,7.849999904632568,
NSGA-II,NSGA-II,20260310,1.7132299697472337,49.52475325454771,8.719659930302786,0.41371470690479706,2.2682317578007334,0.6381418731440349,0.18206710042117522,0.4574186972247063,0.5837848971363294,0.12258300970329118,-5.4645694078235465,6.180051517359364,66.00004577636719,2.8499999046325684,7.849999904632568,
NSGA-II,NSGA-II,20260310,1.7132300622660572,49.52477222013428,8.719659695110103,0.41371469921475224,2.2682318718052903,0.6381418728474932,0.18206710076338475,0.457418695396376,0.5837848478839732,0.12258298189099488,-5.464467320477837,6.180051706439068,66.00004577636719,2.8499999046325684,7.849999904632568,
NSGA-II,NSGA-II,20260310,1.7132297573327264,49.52480101489021,8.71966380697268,0.41371470712415737,2.268231879950811,0.6381418747188412,0.18206710069247833,0.45741869897875287,0.583784884124665,0.12258300914099121,-5.464573279284458,6.1800515308303785,66.00004577636719,2.8499999046325684,7.849999904632568,
NSGA-II,NSGA-II,20260310,1.7132299852801252,49.52479957284022,8.71965896178164,0.41371470654488846,2.2682319500995014,0.6381418728558135,0.18206706421987162,0.4574187025930416,0.5837848949086406,0.12258298558514295,-5.464573622687752,6.180050147173724,66.00004577636719,2.8499999046325684,7.849999904632568,
NSGA-II,NSGA-II,20260310,1.7132297587345162,49.524772202540404,8.719664000405357,0.4137147069185978,2.2682319748010054,0.6381418730978747,0.18206706242896065,0.45741869623474496,0.5837848398565786,0.12258301270006994,-5.464466522544399,6.180049534039209,66.00004577636719,2.8499999046325684,7.849999904632568,
NSGA-II,NSGA-II,20260310,1.7132297252299749,49.52472186020298,8.719659712897583,0.4137147001515965,2.2682317688809253,0.6381418763752711,0.18206709121900894,0.4574186961565627,0.5837848981290481,0.12258298482087576,-5.464585421675423,6.180050408599862,66.00004577636719,2.8499999046325684,7.849999904632568,
NSGA-II,NSGA-II,20260310,1.7132299731543017,49.52465079088813,8.719659708191895,0.41371470841791536,2.268232222830215,0.6381418729584875,0.1820670657556152,0.4574187027590014,0.5837848966950634,0.12258300855465123,-5.4645793217715095,6.180050382186957,66.00004577636719,2.8499999046325684,7.849999904632568,
NSGA-II,NSGA-II,20260310,1.7132300564535647,49.52481746882973,8.719663839765733,0.4137147069329062,2.2682318827510404,0.6381418731824837,0.18206706231464725,0.4574187472906538,0.5837849124641211,0.1225831021858415,-5.46447045023168,6.180051719556962,66.00004577636719,2.8499999046325684,7.849999904632568,
NSGA-II,NSGA-II,20260310,1.7132299659147443,49.52476704528345,8.719659930302786,0.4137147069057881,2.2682318683399023,0.6381418731440349,0.18206710042117522,0.45741875444698415,0.5837848968983868,0.12258300971821919,-5.4645694078235465,6.180051518634652,66.00004577636719,2.8499999046325684,7.849999904632568,
NSGA-II,NSGA-II,20260310,1.7132297126805205,49.52471725639601,8.719664031311343,0.4137147069184923,2.2682318748732966,0.6381418731004977,0.1820671008616458,0.45741870115277933,0.5837848966157131,0.12258301587551756,-5.464467256220779,6.180051470244702,66.00004577636719,2.8499999046325684,7.849999904632568,
NSGA-II,NSGA-II,20260310,1.713229759354934,49.524773067997494,8.719663998018284,0.4137147069185978,2.2682318842756253,0.6381418730710097,0.18206706404017375,0.4574187396368976,0.5837848461672343,0.12258300882209763,-5.464467246200229,6.180051809888767,66.00004577636719,2.8499999046325684,7.849999904632568,
NSGA-II,NSGA-II,20260310,1.7132297126805205,49.5247191302253,8.719664013944588,0.413714699283725,2.2682318715381706,0.6381418731004977,0.1820671008617381,0.45741869572672234,0.5837848966157131,0.1225830156784483,-5.464467408367398,6.180050391368238,66.00004577636719,2.8499999046325684,7.849999904632568,
NSGA-II,NSGA-II,20260310,1.713229758880733,49.52480207013933,8.719663999133985,0.41371470692711754,2.2682319944140783,0.6381418730958841,0.18206710075362106,0.45741869545952346,0.5837848959818235,0.12258300856186799,-5.464582666142711,6.180051467127088,66.00004577636719,2.8499999046325684,7.849999904632568,
NSGA-II,NSGA-II,20260310,1.713229713298296,49.524720676459594,8.719664001392267,0.4137147069185978,2.268231995305309,0.6381418731004989,0.18206709131739768,0.45741870119650685,0.5837848426259515,0.1225831035677396,-5.464472332676628,6.180051406719018,66.00004577636719,2.8499999046325684,7.849999904632568,
NSGA-II,NSGA-II,20260310,1.7132299336405188,49.52481738325059,8.71966378545276,0.41371470692736667,2.2682319829704705,0.6381418731970135,0.1820670628007421,0.4574187466035113,0.5837848967273589,0.12258300648393071,-5.464471859447492,6.180051467123942,66.00004577636719,2.8499999046325684,7.849999904632568,
NSGA-II,NSGA-II,20260310,1.7132297635459648,49.524800442174275,8.71966400722896,0.4137147069258039,2.2682318647694695,0.6381418730538178,0.1820670622438404,0.45741870129559237,0.5837848968311294,0.1225830065440718,-5.464463951392489,6.180051442983318,66.00004577636719,2.8499999046325684,7.849999904632568,
NSGA-II,NSGA-II,20260310,1.7132297677835517,49.52465067027878,8.719664001392267,0.4137147068993917,2.268231990803215,0.6381418729148948,0.18206710079967064,0.4574187011165485,0.5837849092532164,0.12258300999066313,-5.464572990663797,6.180051540994129,66.00004577636719,2.8499999046325684,7.849999904632568,
NSGA-II,NSGA-II,20260310,1.7132297044260172,49.52478485005691,8.719659706151798,0.4137147069284751,2.2682317673760517,0.6381418726357743,0.18206710049040437,0.457418701187594,0.5837848463454911,0.12258298469837008,-5.464587919599914,6.180051440146205,66.00004577636719,2.8499999046325684,7.849999904632568,
NSGA-II,NSGA-II,20260310,1.713229758880733,49.52480207013933,8.719663999133985,0.41371470692711754,2.2682319944140783,0.6381418730779551,0.18206710076289126,0.45741869619660397,0.5837848959822441,0.12258300856186799,-5.464582666142711,6.180051467127088,66.00004577636719,2.8499999046325684,7.849999904632568,
NSGA-II,NSGA-II,20260310,1.713229967152972,49.524787646402835,8.719659741664024,0.41371470693835083,2.2682318721846215,0.6381418766548962,0.1820671007423256,0.4574186960775368,0.5837848408811934,0.12258301586567999,-5.464583692047121,6.180051376730506,66.00004577636719,2.8499999046325684,7.849999904632568,
NSGA-II,NSGA-II,20260310,1.7132297573327264,49.52480101489021,8.71966380697268,0.4137147043733741,2.2682318827319556,0.6381418746837171,0.18206710069247833,0.45741869897875287,0.5837848435034564,0.12258300899714872,-5.464573256823357,6.180051445683551,66.00004577636719,2.8499999046325684,7.849999904632568,
NSGA-II,NSGA-II,20260310,1.713229984268183,49.524787646402835,8.719659741664024,0.41371470692734796,2.2682316175002013,0.6381418726303527,0.1820671007742994,0.4574187012162573,0.5837848429061991,0.12258301586567999,-5.464574799150419,6.180051532439854,66.00004577636719,2.8499999046325684,7.849999904632568,
NSGA-II,NSGA-II,20260310,1.7132299336142836,49.5247164404768,8.719659845271934,0.4137147089598765,2.2682318708934135,0.6381418731686499,0.1820671002193891,0.45741869619354114,0.583784854332692,0.122582866171656,-5.464474245142334,6.180051533338754,66.00004577636719,2.8499999046325684,7.849999904632568,
NSGA-II,NSGA-II,20260310,1.7132299666853967,49.52477242210096,8.719664122679415,0.41371470692050166,2.268231873236238,0.6381418756145714,0.18206710030900755,0.4574186962911072,0.5837848950838304,0.12258301271176392,-5.464571311565841,6.180051482421517,66.00004577636719,2.8499999046325684,7.849999904632568,
NSGA-II,NSGA-II,20260310,1.71322981780409,49.5247862352846,8.719663724773056,0.4137146997499245,2.2682318813654465,0.6381418725432568,0.18206706361642314,0.45741870123134,0.5837848568071436,0.12258309905836427,-5.464578684747501,6.180051531826306,66.00004577636719,2.8499999046325684,7.849999904632568,
NSGA-II,NSGA-II,20260310,1.7132297589390029,49.5247189260474,8.719659500794297,0.41371470690523116,2.268231986692097,0.6381418764203245,0.18206709130519233,0.457418697233669,0.5837848376080008,0.12258300677113024,-5.464472553649841,6.180050339555511,66.00004577636719,2.8499999046325684,7.849999904632568,
NSGA-II,NSGA-II,20260310,1.7132299697472337,49.52475328598969,8.719659926797757,0.4137147070117216,2.2682318739013585,0.6381418731438169,0.1820671008927852,0.4574186975101112,0.5837848390545393,0.12258301039892783,-5.464471179174609,6.180051436052339,66.00004577636719,2.8499999046325684,7.849999904632568,
NSGA-II,NSGA-II,20260310,1.7132297587345162,49.52478759830865,8.719663836128902,0.4137147069185978,2.268231977324243,0.6381418730978747,0.18206709140154587,0.457418697233669,0.5837848399042368,0.12258300970485077,-5.464472396068622,6.180051483835732,66.00004577636719,2.8499999046325684,7.849999904632568,
NSGA-II,NSGA-II,20260310,1.7132299858748878,49.52477093464209,8.719659712897583,0.4137147001515965,2.2682319499808163,0.6381418762090034,0.18206709019301504,0.4574187028283857,0.5837848981290481,0.12258298680766724,-5.464577614877321,6.1800514690167505,66.00004577636719,2.8499999046325684,7.849999904632568,
NSGA-II,NSGA-II,20260310,1.7132297252299749,49.52472186020298,8.719659712897583,0.4137147001515965,2.2682317673739054,0.6381418763752711,0.18206709121900894,0.4574186961565627,0.5837848981290481,0.12258298482087576,-5.464581824346496,6.180050408599862,66.00004577636719,2.8499999046325684,7.849999904632568,
NSGA-II,NSGA-II,20260310,1.7132297164391095,49.52471998881524,8.71966422752726,0.4137147012032599,2.2682318712402703,0.6381418757896158,0.1820671024392102,0.4574186975405314,0.583784896607808,0.12258301037276652,-5.464466949205274,6.1800504128068,66.00004577636719,2.8499999046325684,7.849999904632568,
NSGA-II,NSGA-II,20260310,1.7132299697472337,49.52475325454771,8.719659930302786,0.41371470690523116,2.2682318739013585,0.6381418731440349,0.18206710042117522,0.4574186972247063,0.5837848399042368,0.12258300970329118,-5.4645694078235465,6.180051518634652,66.00004577636719,2.8499999046325684,7.849999904632568,
NSGA-II,NSGA-II,20260310,1.7132297414214945,49.52477034112688,8.719664001392267,0.4137147068816811,2.2682319799523833,0.638141873127375,0.18206709163026535,0.4574186957150618,0.5837848397018439,0.12258307842943353,-5.464473249587577,6.180049531955024,66.00004577636719,2.8499999046325684,7.849999904632568,
NSGA-II,NSGA-II,20260310,1.7132297566641284,49.52469615808805,8.719659759753288,0.4137147041347403,2.2682319911084514,0.6381418727918085,0.18206710076249435,0.45741869550142505,0.5837849095020914,0.12258298536971893,-5.464573675427843,6.18005144300924,66.00004577636719,2.8499999046325684,7.849999904632568,
NSGA-II,NSGA-II,20260310,1.7132297821354099,49.524787614692144,8.7196596967406,0.41371470841791536,2.268232222830215,0.6381418729176178,0.18206706403108364,0.4574187027590014,0.5837848460313855,0.12258300855465123,-5.464581468143372,6.180050382186957,66.00004577636719,2.8499999046325684,7.849999904632568,
NSGA-II,NSGA-II,20260310,1.7132297250083797,49.52472186573281,8.719659501581258,0.4137146998379013,2.2682319848806918,0.6381418747459997,0.18206709139518237,0.457418698873431,0.5837851654323346,0.12258301407037363,-5.464461289844898,6.180050409108897,66.00004577636719,2.8499999046325684,7.849999904632568,
NSGA-II,NSGA-II,20260310,1.7132297561754772,49.52477437765186,8.719659622658956,0.41371470693402485,2.2682318732008717,0.6381418765235948,0.18206710075734936,0.4574186962863016,0.5837848950838304,0.122582984636796,-5.4644706598666986,6.1800503416723265,66.00004577636719,2.8499999046325684,7.849999904632568,
NSGA-II,NSGA-II,20260310,1.7132297587345162,49.52477350307373,8.71966382989806,0.4137147069185978,2.268231979158311,0.6381418730978747,0.18206706242896065,0.457418697233669,0.5837848398565786,0.12258300970482569,-5.464472396068622,6.180049534039209,66.00004577636719,2.8499999046325684,7.849999904632568,
NSGA-II,NSGA-II,20260310,1.7132297586944212,49.524787646402835,8.719659450046269,0.41371470691067114,2.26823187185248,0.6381418730982091,0.1820670912572267,0.4574186972360046,0.5837849226098153,0.12258287736964676,-5.464576030063057,6.18004933228099,66.00004577636719,2.8499999046325684,7.849999904632568,
NSGA-II,NSGA-II,20260310,1.7132297547646893,49.524787646402835,8.719659967465798,0.41371470692734796,2.2682318721846215,0.6381418730114866,0.18206710019927333,0.4574186960775368,0.5837848921304014,0.12258301586567999,-5.464583692047121,6.180051469266467,66.00004577636719,2.8499999046325684,7.849999904632568,
NSGA-II,NSGA-II,20260310,1.713229965232535,49.524787646402835,8.719659714543695,0.41371470692734796,2.2682318720604373,0.6381418730774215,0.1820671002195443,0.4574187012162573,0.5837848428980995,0.12258301243232919,-5.464467194662845,6.180051480825753,66.00004577636719,2.8499999046325684,7.849999904632568,
NSGA-II,NSGA-II,20260310,1.7132297586891148,49.5247885833401,8.719659506429522,0.4137147069186211,2.2682319853582493,0.6381418726050805,0.18206710092248132,0.457418695743599,0.5837848404420627,0.12258300908161862,-5.464462738582732,6.1800515299394405,66.00004577636719,2.8499999046325684,7.849999904632568,
NSGA-II,NSGA-II,20260310,1.7132297164391095,49.52477137445636,8.719664361099944,0.41371469952461626,2.2682318712585694,0.638141876263235,0.18206710086306382,0.4574186959137161,0.5837848934010241,0.12258300669146321,-5.464466970935426,6.1800504091515345,66.00004577636719,2.8499999046325684,7.849999904632568,
NSGA-II,NSGA-II,20260310,1.7132299695910407,49.524797691047446,8.719658993614065,0.4137147002856515,2.26823176983655,0.6381418728558135,0.182067065610799,0.45741870117828454,0.5837848974806821,0.12258298482087576,-5.4644784157736055,6.180050407583902,66.00004577636719,2.8499999046325684,7.849999904632568,
NSGA-II,NSGA-II,20260310,1.7132297587715406,49.52478857408809,8.719664120620235,0.41371470167063895,2.2682319990379005,0.6381418757984526,0.18206709140154587,0.45741869728049955,0.5837848974514392,0.12258298712037471,-5.464466755317915,6.180051833162296,66.00004577636719,2.8499999046325684,7.849999904632568,
NSGA-II,NSGA-II,20260310,1.7132297620988437,49.524787646402835,8.719659714543695,0.4137147069275513,2.2682318720604373,0.6381418730776018,0.1820671002195443,0.45741869633483745,0.5837848442346867,0.12258298407560131,-5.464467316388884,6.180051480825753,66.00004577636719,2.8499999046325684,7.849999904632568,
NSGA-II,NSGA-II,20260310,1.7132297550950852,49.52472078089747,8.719657465054947,0.4137147069185978,2.2682319935507547,0.6381418756069848,0.18206710080098146,0.45741869896638,0.5837848417052733,0.12258300932012997,-5.464468345071268,6.180051524902112,66.00004577636719,2.8499999046325684,7.849999904632568,
NSGA-II,NSGA-II,20260310,1.7132297398104948,49.52477233680429,8.719664001401126,0.4137147069185978,2.268231872071394,0.6381418730777495,0.1820670621362087,0.4574186962598316,0.5837848951866927,0.12258301043935182,-5.464467166680407,6.18005148039467,66.00004577636719,2.8499999046325684,7.849999904632568,
NSGA-II,NSGA-II,20260310,1.7132297587345162,49.52478774104337,8.719664120620235,0.41371470167063895,2.2682319912817936,0.6381418755207818,0.18206709140154587,0.45741869728049955,0.5837848974514392,0.12258298712037471,-5.464466755317915,6.180051833162296,66.00004577636719,2.8499999046325684,7.849999904632568,
NSGA-II,NSGA-II,20260310,1.7132297250083797,49.52477184919939,8.719659735766768,0.4137146993742601,2.268231985435512,0.6381418747459997,0.18206709139518237,0.457418698873431,0.5837851654323346,0.12258301407037363,-5.464461289844898,6.180050512196129,66.00004577636719,2.8499999046325684,7.849999904632568,
NSGA-II,NSGA-II,20260310,1.7132297164391095,49.52471998881524,8.71966422752726,0.413714701212894,2.2682318712402703,0.6381418730928413,0.1820671007090657,0.4574186975405314,0.583784896607808,0.12258301037097086,-5.464466949205274,6.1800504128068,66.00004577636719,2.8499999046325684,7.849999904632568,
NSGA-II,NSGA-II,20260310,1.7132297635459648,49.52480044074413,8.71966400722896,0.4137147069258039,2.2682318647694695,0.6381418730537712,0.18206706222436195,0.45741869891463516,0.5837848948831758,0.1225830065440718,-5.464463951392489,6.180051442983318,66.00004577636719,2.8499999046325684,7.849999904632568,
NSGA-II,NSGA-II,20260310,1.713229755342521,49.52472229269948,8.71966007397714,0.41371470691902157,2.2682317833371064,0.6381418767974525,0.18206710047770838,0.4574186960882072,0.5837848957928309,0.12258298362936988,-5.4645841858089526,6.1800504199728294,66.00004577636719,2.8499999046325684,7.849999904632568,
NSGA-II,NSGA-II,20260310,1.7132297543283357,49.524787617353766,8.71966400033087,0.41371470693051937,2.2682318720943933,0.6381418730777495,0.18206710079005195,0.45741869610297725,0.5837848966993487,0.1225830099803786,-5.464467168841722,6.180051481266061,66.00004577636719,2.8499999046325684,7.849999904632568,
NSGA-II,NSGA-II,20260310,1.7132299852801252,49.52479957284022,8.71965896178164,0.41371470665903554,2.2682319500995014,0.6381418728558135,0.18206706421987162,0.45741875357059286,0.5837848949086406,0.12258298482087576,-5.464573621040657,6.180050147173724,66.00004577636719,2.8499999046325684,7.849999904632568,
NSGA-II,NSGA-II,20260310,1.7132298811624571,49.52478747430589,8.719659728091905,0.4137147069489079,2.268231874698974,0.6381418729321705,0.18206710075883686,0.4574186972383423,0.5837849225679939,0.12258298875770574,-5.464589608095011,6.18004936953566,66.00004577636719,2.8499999046325684,7.849999904632568,
NSGA-II,NSGA-II,20260310,1.713229732488109,49.522180422966976,8.719656681530944,0.41371470408953337,2.268232219412517,0.6381418763230986,0.1820670618888833,0.4574184973996819,0.5837852075626826,0.12258125514385236,-5.464479021201342,6.180051488063991,66.0,2.849999189376831,7.849999904632568,
NSGA-II,NSGA-II,20260310,1.7132299695268378,49.52478715713123,8.719659706151798,0.4137147071660485,2.2682317665452194,0.6381418732205908,0.18206710049040437,0.457418701187594,0.5837849052114783,0.12258298502881365,-5.464587919599914,6.180050050596274,66.00004577636719,2.8499999046325684,7.849999904632568,
NSGA-II,NSGA-II,20260310,1.7132297178119504,49.52471998881524,8.71966422752726,0.4137147012032599,2.268231871845849,0.6381418757896158,0.18206706236899564,0.45741869749923425,0.5837849222408188,0.12258301037276652,-5.464467536663115,6.180049348769651,66.00004577636719,2.8499999046325684,7.849999904632568,
NSGA-II,NSGA-II,20260310,1.7132297126805205,49.5247191302253,8.719664013944588,0.41371470693391654,2.268231874838916,0.6381418731004977,0.1820671008616458,0.45741870115277933,0.5837848966157131,0.12258301587551756,-5.464467403663122,6.180050393176223,66.00004577636719,2.8499999046325684,7.849999904632568,
NSGA-II,NSGA-II,20260310,1.7132299868650875,49.524797691047446,8.71965896178164,0.41371470665903554,2.268231874255045,0.6381418728558135,0.182067065610799,0.45741870121070916,0.5837848457134424,0.12258298482087576,-5.4644689238117365,6.180051455223332,66.00004577636719,2.8499999046325684,7.849999904632568,
NSGA-II,NSGA-II,20260310,1.7132297586849075,49.5247885833401,8.719659506429522,0.4137147069186211,2.268231998019281,0.6381418725806716,0.18206710092248132,0.457418695743599,0.5837848399025297,0.12258300899614975,-5.464575301183189,6.18005046222546,66.00004577636719,2.8499999046325684,7.849999904632568,
NSGA-II,NSGA-II,20260310,1.7132297586891148,49.5247885833401,8.719659506429522,0.4137147069186211,2.268231998019281,0.6381418725806716,0.18206710092248132,0.457418695743599,0.5837848399025745,0.12258300899614975,-5.464575301183189,6.1800515118784345,66.00004577636719,2.8499999046325684,7.849999904632568,
NSGA-II,NSGA-II,20260310,1.7132299697472337,49.52479806211661,8.719658986352147,0.41371470690523116,2.2682318739013585,0.6381418728568399,0.18206710042117522,0.4574186972247063,0.5837848399042368,0.12258300970329118,-5.464569408112148,6.180051518634652,66.00004577636719,2.8499999046325684,7.849999904632568,
NSGA-II,NSGA-II,20260310,1.7132297876880287,49.524787614692144,8.719659705009025,0.41371470713530967,2.2682319901761003,0.6381418730833472,0.18206710116639266,0.4574187019176737,0.5837848460313855,0.12258300855465123,-5.464584110618226,6.18005034955281,66.00004577636719,2.8499999046325684,7.849999904632568,
NSGA-II,NSGA-II,20260310,1.713229755342521,49.52472229269948,8.719659370920382,0.41371470691902157,2.268231870222233,0.6381418768107416,0.18206710047770838,0.4574186960882072,0.5837848974651776,0.12258298362936988,-5.4645842004804805,6.1800504199728294,66.00004577636719,2.8499999046325684,7.849999904632568,
NSGA-II,NSGA-II,20260310,1.7132297567011527,49.52469699113277,8.719659759753288,0.41371470416155576,2.268231998864558,0.638141873068089,0.1820671007482279,0.45741869536770485,0.5837849095020914,0.12258298565171673,-5.4644690177971,6.180051442983406,66.00004577636719,2.8499999046325684,7.849999904632568,
NSGA-II,NSGA-II,20260310,1.7132297252299749,49.5247709135351,8.719659712897583,0.4137147001515965,2.2682318744399117,0.6381418762090034,0.18206709121900894,0.4574186966613567,0.5837848420231521,0.1225829847452484,-5.464468577126887,6.180051462180123,66.00004577636719,2.8499999046325684,7.849999904632568,
NSGA-II,NSGA-II,20260310,1.7132297550950852,49.52471987704905,8.719657465054947,0.4137147069185978,2.268231864648188,0.6381418730847814,0.18206710080098146,0.4574186989355109,0.5837848421405653,0.12258300931979524,-5.464463977963604,6.180051524902112,66.00004577636719,2.8499999046325684,7.849999904632568,
NSGA-II,NSGA-II,20260311,1.9861621379559677,41.29004017964694,10.115760473455037,0.6259411742135357,1.4943052452172454,0.6512893892440564,0.19466110226861996,0.40932168612660186,0.6607338997463961,0.13424961249846806,6.8591052750376775,7.717622536762036,66.0,2.8005096912384033,7.8498125076293945,
NSGA-II,NSGA-II,20260311,1.9861621379559677,41.29004017964694,10.115760473455037,0.6259411742135357,1.4943052452172454,0.6512893892440564,0.19466110226861996,0.4093217104989795,0.6607338997463961,0.13424961249846806,6.8591052750376775,7.717622536762036,66.0,2.8005096912384033,7.8498125076293945,
NSGA-II,NSGA-II,20260311,1.9190729748884185,39.89038183242313,8.902132264868387,0.626647793314881,1.4876571522042594,0.6513329510924613,0.1971428362862136,0.4092747503581538,0.6601359235148105,0.136709683254172,10.676632499155616,7.576969257339073,66.15392303466797,2.849947929382324,7.849999904632568,
NSGA-II,NSGA-II,20260311,1.8555909143135876,41.97773026714079,9.224943861607402,0.6853565600087366,1.496782462898438,0.7010630448074745,0.1945760829646791,0.4092927990848215,0.6601028449376837,0.13672181411211254,6.067572147104805,6.403578170849746,66.00003051757812,2.8499999046325684,7.754909515380859,
NSGA-II,NSGA-II,20260311,1.8586200290946038,41.227896829963484,10.116086043530402,0.6252602926560252,1.5033055867422704,0.6463067675694734,0.1946611314906464,0.4093022082508729,0.6616947565050657,0.13406839642521062,6.864504690268163,7.725359260889838,66.0,2.8305819034576416,7.83555793762207,
NSGA-II,NSGA-II,20260311,1.8949129499668333,41.30057866707663,9.25611097847979,0.6295932898850819,1.5037174024014819,0.6489684380159998,0.19467614244207987,0.40930263089895935,0.6613286571835586,0.13425020103661728,11.223394887816461,7.686558150293451,66.05762481689453,2.8498589992523193,7.849998950958252,
NSGA-II,NSGA-II,20260311,1.8943931534162355,42.03647175938506,10.116086043530402,0.6259316953875032,1.4968263304914942,0.649022881360267,0.19458078428510012,0.40930214559364586,0.6617294051425494,0.1341082812106777,0.4723422696354618,7.725047492834761,66.0,2.824674606323242,7.842045307159424,
NSGA-II,NSGA-II,20260311,1.8586200290946038,41.227896829963484,10.116086043530402,0.6252602926560252,1.5033055867422704,0.6463067675694734,0.1946611314906464,0.40930220825562025,0.6616947565050657,0.13406839642521062,6.864504690268163,7.725359260889838,66.0,2.8305819034576416,7.83555793762207,
NSGA-II,NSGA-II,20260311,1.9179021222559487,39.84709173798817,9.214022667916808,0.6268456165114091,1.4557624548684371,0.6489683922721009,0.19504794717907442,0.40998411496684295,0.660122714745666,0.13715385762398666,10.951667589293102,7.525601297803711,66.00000762939453,2.8435773849487305,7.849935531616211,
NSGA-II,NSGA-II,20260311,1.8930387989825976,42.03303225305455,10.116086043530402,0.6259316953875032,1.4967663530236255,0.649022881360267,0.19458083145895835,0.40930214560764305,0.661397808756554,0.1341082812106777,0.44176995978612865,7.725047553789955,66.0,2.825075387954712,7.841697692871094,
NSGA-II,NSGA-II,20260311,1.894616625908179,39.82242228080244,9.25617265489775,0.6295894720011195,1.4890824222770567,0.6489817910871957,0.19509907097054052,0.40932073301206146,0.6613552651889278,0.13433077663444606,10.611962499398047,7.683034802906198,66.03863525390625,2.8499977588653564,7.849948883056641,
NSGA-II,NSGA-II,20260311,1.8946750084308088,41.30057866707663,9.257660168594612,0.6295658923138746,1.5037174024014819,0.6489684543956803,0.19467614244207987,0.40930263089895935,0.6613286571835586,0.13425020103661728,11.223394887816461,7.686558150293451,66.05731201171875,2.8498902320861816,7.849996566772461,
NSGA-II,NSGA-II,20260311,1.895202939878767,39.84264893588196,9.242686713813598,0.6259316953875032,1.4884155078252004,0.6489818110353694,0.1946611314949981,0.40926797805791487,0.6601612035735305,0.13694159762848263,6.858657396524755,7.5566342283858585,66.00430297851562,2.8499984741210938,7.848299503326416,
NSGA-II,NSGA-II,20260311,1.9133954367682895,39.86983391751563,9.135472091043523,0.6295078909024574,1.4988749483761294,0.6505829517408144,0.1946833386600035,0.408076412877766,0.6602499412395308,0.13713079332865744,7.19865342784,7.576420884172972,66.0278091430664,2.849999189376831,7.849772930145264,
NSGA-II,NSGA-II,20260311,1.914705444607337,39.84679003927876,9.134219235642696,0.6295078909024574,1.4992627526891436,0.6505829517408144,0.19468956285501304,0.40807026509897604,0.6601240112119945,0.13724563886822422,11.010882779373986,7.576420884172972,66.02617645263672,2.849849224090576,7.849995136260986,
NSGA-II,NSGA-II,20260311,1.9102902444702274,39.90747948046366,9.22822643881199,0.62583816177655,1.4945014945699422,0.651034538150623,0.19466110226861996,0.40928579228635487,0.6617194662368281,0.13693840428567916,10.640713099046145,7.50423542157917,66.00035095214844,2.8466925621032715,7.849998950958252,
NSGA-II,NSGA-II,20260311,1.9122944299433369,39.87072812614558,9.213343054929474,0.6268454575099949,1.4557624548684371,0.6489695759418836,0.19508942466527165,0.40998411496684295,0.6607358440969254,0.13712775522008328,11.017933334201373,7.525742497586447,66.0000228881836,2.845151424407959,7.849983215332031,
NSGA-II,NSGA-II,20260311,1.9122944299433369,39.87072812614558,9.213343054929474,0.6268454575099949,1.4557624548684371,0.6489683869107614,0.19508845518348772,0.40998411496684295,0.6607358440969254,0.13725074789466932,11.017491243921484,7.525600500514908,66.00004577636719,2.845193386077881,7.8499555587768555,
NSGA-II,NSGA-II,20260311,1.9179021222559487,39.84709173798817,9.214022667916808,0.6268456165114091,1.4557624548684371,0.6489683922721009,0.19504658455614318,0.40998411496684295,0.660122714745666,0.1372446095409809,10.951667589293102,7.525601297803711,66.00000762939453,2.843611717224121,7.849920272827148,
NSGA-II,NSGA-II,20260311,1.9085919881673712,39.79963474095695,9.15262456348277,0.6259322582610343,1.494181000456462,0.6512420052951059,0.19458239789322623,0.4092852560646727,0.6601329500914377,0.13667442266965513,0.6114760669523562,7.515729634029369,66.00422668457031,2.849269390106201,7.849977970123291,
NSGA-II,NSGA-II,20260311,1.9092904159496964,39.85398716018048,9.214094795565266,0.6259545089237895,1.4942066230245241,0.6513644846141353,0.19461704358498785,0.4092657907044682,0.6601571553196625,0.1371282445129759,6.940293058375495,7.514656933349518,66.00001525878906,2.8480522632598877,7.849617958068848,
NSGA-II,NSGA-II,20260311,1.8952081719222076,40.226757589104366,9.242708915929633,0.6258383183378642,1.488440441649554,0.6489305836050983,0.1946611314906464,0.4092852146308009,0.6617210215948757,0.13694159762848263,7.018886457405507,7.561995010604391,66.00782775878906,2.849975824356079,7.8499860763549805,
NSGA-II,NSGA-II,20260311,1.895477232162935,39.96005847920566,9.23954738137598,0.6257782374237593,1.4877708839439896,0.6490311889954931,0.1946605647225756,0.4093021440120663,0.6617501413970163,0.136721238901096,6.675181757871258,7.55506969846054,66.0018310546875,2.849900245666504,7.849922180175781,
NSGA-II,NSGA-II,20260311,1.8931897625984198,39.911576182637376,9.229151633048444,0.6266575781247931,1.4877125313768267,0.6490286775234302,0.19466113537773674,0.4093023334080502,0.6617411398526905,0.13463912054640398,11.051404254008496,7.554954968696943,66.00000762939453,2.8499650955200195,7.849424362182617,
NSGA-II,NSGA-II,20260311,1.9128517325421035,39.96801254584183,9.212000545962642,0.6275697880198382,1.4976824326511466,0.6526740882097799,0.19442220988662687,0.4099802955678267,0.6601042161565569,0.13741873205392358,10.472478717127203,7.527496204181178,66.00006103515625,2.8482701778411865,7.849542617797852,
NSGA-II,NSGA-II,20260311,1.9094729063864935,39.79963474095695,9.185896892406692,0.626009716406529,1.494181000456462,0.6512410222861353,0.19461292191702279,0.4092852560646727,0.660150849764415,0.13671288887121355,6.94228807267821,7.515729634029369,66.00104522705078,2.8485705852508545,7.84999942779541,
NSGA-II,NSGA-II,20260311,1.8555909143135876,41.97773026714079,9.224917762177979,0.6851604522681183,1.4979729456006465,0.7010636250745187,0.1945760401255494,0.4092927990848215,0.6601808265834663,0.13672181411211254,6.096509259665744,6.403578170849746,66.00045013427734,2.84999942779541,7.7550740242004395,
NSGA-II,NSGA-II,20260311,1.90948922913986,39.79747565819022,9.179843754166841,0.6260118534222818,1.494284728851596,0.6513395282541283,0.19461231431725057,0.4093149215649589,0.6600704664134184,0.13712818721611905,6.866253241010831,7.514705587079561,66.00178527832031,2.848992109298706,7.849993705749512,
NSGA-II,NSGA-II,20260311,1.9102808448074593,39.90747948046366,9.228861761418225,0.6259607722943348,1.49430479278629,0.6511125680597558,0.19466110226861996,0.40926636968161545,0.6617086205420111,0.13713467171580423,10.640713099046145,7.50423542157917,66.00017547607422,2.8468265533447266,7.849924564361572,
NSGA-II,NSGA-II,20260311,1.8940331767808445,39.96005847920566,9.23897254635571,0.6259547844987288,1.4877273391697459,0.6490436061805042,0.1946605647225756,0.40930325881117946,0.6617501413970163,0.1361486994171062,6.676014990268023,7.55506969846054,66.00153350830078,2.8499979972839355,7.8496551513671875,
NSGA-II,NSGA-II,20260311,1.8555909143135876,41.97773026714079,9.224911627044659,0.6851604522681183,1.4979726191612466,0.7010636250745187,0.1945760829646791,0.4092927990848215,0.6602845213341099,0.13672181411211254,6.067572147104805,6.403578170849746,66.00028228759766,2.849996566772461,7.755155086517334,
NSGA-II,NSGA-II,20260311,1.8952125949448928,40.24189123601509,9.243175974109908,0.6258383183378642,1.488440441649554,0.6489305836050983,0.1946611314906464,0.4092852146308009,0.6617210215948757,0.13694159762848263,7.018886457405507,7.561995010604391,66.00798034667969,2.849961280822754,7.849991321563721,
NSGA-II,NSGA-II,20260311,1.8951108260979963,39.965069945768846,9.242632377715129,0.6257782374237593,1.4876030427316467,0.6490311889954931,0.1946605647225756,0.40926835316321525,0.661741734654179,0.13671399595769596,6.660286284849953,7.55506969846054,66.00112915039062,2.8499538898468018,7.849912166595459,
NSGA-II,NSGA-II,20260311,1.8555909143135876,41.97634978516412,9.224945712093408,0.6853475624306098,1.4967794703391348,0.701056971891151,0.1945760862208489,0.4092927990848215,0.6601029883252578,0.13672181411211254,6.067572197922736,6.403578170849746,66.0,2.849998712539673,7.754915237426758,
NSGA-II,NSGA-II,20260311,1.8951114421362063,39.95891372817297,9.23954738137598,0.6257782374237593,1.487755695908453,0.6489815242178775,0.19466113158560105,0.4092656491678388,0.661787937342046,0.13671399595769596,6.671983249007191,7.555053238194108,66.00166320800781,2.849987506866455,7.849917888641357,
NSGA-II,NSGA-II,20260311,1.9092217723570082,39.82171887935192,9.188831793943507,0.626009716406529,1.494181000456462,0.6513531278046238,0.19461101851310741,0.4092852548164396,0.6601610101520775,0.13671497217133244,6.94219920186562,7.514203812321931,66.00038146972656,2.8486225605010986,7.8499932289123535,
NSGA-II,NSGA-II,20260311,1.909490045828237,39.79931675891029,9.186748036880681,0.626009716406529,1.494181000456462,0.6513399010897244,0.19461292191702279,0.4093169580038178,0.660070796028982,0.13671420207738855,6.942192582710085,7.515729634029369,66.00077056884766,2.8486125469207764,7.849996089935303,
NSGA-II,NSGA-II,20260311,1.8952125949448928,39.855659922544916,9.24829718789719,0.6258383183378642,1.4886174505675431,0.649027907241586,0.1946611314906464,0.4092852146308009,0.6617193153540126,0.13694159762848263,6.863528663312863,7.561995010604391,66.00138092041016,2.8499865531921387,7.849860668182373,
NSGA-II,NSGA-II,20260311,1.9094729063864935,39.79963474095695,9.185896892406692,0.626009716406529,1.494181000456462,0.6512410222861353,0.19461292191702279,0.4092852560646727,0.660150849764415,0.13671420207738855,6.942192582710085,7.515729634029369,66.00105285644531,2.848571300506592,7.84999942779541,
NSGA-II,NSGA-II,20260311,1.909105556926933,39.85398716018048,9.213663809501885,0.6259541722505664,1.4942066403294116,0.6513665689737452,0.19461704358498785,0.4092657907044682,0.6601342031706819,0.1371282445129759,6.9420641601535635,7.514656933349518,66.00000762939453,2.848121166229248,7.849596977233887,
NSGA-II,NSGA-II,20260311,1.893266355398125,39.911576182637376,9.229151633048444,0.6266575781247931,1.48782388864975,0.6490286775234302,0.19466110229233916,0.40930241010708956,0.6617087589175767,0.13463912054640398,11.051404254008496,7.556336925248658,66.00019836425781,2.849979877471924,7.849469184875488,
NSGA-II,NSGA-II,20260311,1.8952779865409135,39.849224822964274,9.249314379489547,0.6258383183378642,1.4886174505675431,0.649027907241586,0.1946611314906464,0.4092851803430694,0.6617193153540126,0.13695878722791965,6.833096071479204,7.561995010604391,66.00099182128906,2.8499696254730225,7.849883556365967,
NSGA-II,NSGA-II,20260311,1.910110007226241,39.885030311204346,9.228811590865273,0.6259607722943348,1.4943011938190054,0.6511354091207122,0.19466110192491615,0.4093001545078401,0.6617086205420111,0.13713467171580423,10.421281467056751,7.50423542157917,66.00006866455078,2.846865177154541,7.849873065948486,
NSGA-II,NSGA-II,20260311,1.8555909143135876,41.97773026714079,9.224863970641255,0.6851569205422144,1.4979894341896403,0.70106364142946,0.19457624614528718,0.4092927990848215,0.6602767940444375,0.13672181411211254,6.067572147104805,6.403578170849746,66.00031280517578,2.8499972820281982,7.755151748657227,
NSGA-II,NSGA-II,20260311,1.8931809809227793,39.9217960698585,9.229151633048444,0.626639312896093,1.4876827215197572,0.6490228724474885,0.19466113565450857,0.40930603186837783,0.6617395270570168,0.13463557683384464,11.051908696456046,7.554954968696943,66.0000991821289,2.8499608039855957,7.849443435668945,
NSGA-II,NSGA-II,20260311,1.8952070491654078,39.820290823545676,9.242703909194447,0.6257782374237593,1.488422855103399,0.6490379014848597,0.19466197171467872,0.40930267223649164,0.6616219383100692,0.13670388335782468,6.937664992307013,7.557429945340441,66.000244140625,2.8499739170074463,7.849786281585693,
NSGA-II,NSGA-II,20260311,1.8951108260979963,39.96005847920566,9.23954738137598,0.6257782374237593,1.4877273391697459,0.6490311889954931,0.1946605647225756,0.4093021440120663,0.6617501413970163,0.13671399595769596,6.676014990268023,7.55506969846054,66.00177764892578,2.8499937057495117,7.8498854637146,
NSGA-II,NSGA-II,20260311,1.9179021222559487,39.84709173798817,9.214022667916808,0.6268472256254722,1.4557624548684371,0.6489683924824698,0.1950466006258026,0.40998411496684295,0.6601340671225047,0.1372432451240464,10.951667589293102,7.525601297803711,66.00001525878906,2.843609571456909,7.8499250411987305,
NSGA-II,NSGA-II,20260311,1.8952125949448928,39.849252892187565,9.24829718789719,0.6258383183378642,1.4886174505675431,0.649027907241586,0.1946611314906464,0.4092851803430694,0.6617193153540126,0.13694158995032166,6.863528663312863,7.561995010604391,66.00132751464844,2.8499844074249268,7.849852085113525,
NSGA-II,NSGA-II,20260311,1.9190729748884185,39.885925361067095,8.902132264868387,0.626647793314881,1.4876571522042594,0.6513329510924613,0.1971428362862136,0.4092747503581538,0.6601359235148105,0.136709683254172,10.676632499155616,7.576969257339073,66.15385437011719,2.849949598312378,7.849998950958252,
NSGA-II,NSGA-II,20260311,1.8952124588587667,39.82488396412217,9.24269724286282,0.6258376589160874,1.4884155078252004,0.6489817918584886,0.19466113068470298,0.4092841033626037,0.6617205714490269,0.13694673823714462,6.947650526178954,7.556608984431365,66.00103759765625,2.849997043609619,7.8496551513671875,
NSGA-II,NSGA-II,20260311,1.9102784116971483,39.90747948046366,9.228861761418225,0.6259607722943348,1.49430479278629,0.6511125680597558,0.19466110226861996,0.4092663961583428,0.6617086205420111,0.13713467171580423,10.640713099046145,7.50423542157917,66.00016784667969,2.846827268600464,7.849924087524414,
NSGA-II,NSGA-II,20260311,1.9091046141253027,39.85398716018048,9.213847660405694,0.6259539454531782,1.494206640350644,0.651364716067447,0.19461850130814595,0.4092657907044682,0.6601603398511854,0.13712659144852224,6.9420641601535635,7.51465692287159,66.00003814697266,2.848109483718872,7.849608421325684,
NSGA-II,NSGA-II,20260311,1.9092904159496964,39.85398716018048,9.213661077870498,0.6259545096958593,1.4942066723757472,0.651364716067447,0.19461704358498785,0.4092657907044682,0.660157874156431,0.1371282445129759,6.942079510114972,7.514656933349518,66.00003051757812,2.8480663299560547,7.8496270179748535,
NSGA-II,NSGA-II,20260311,1.909296785777691,39.85398716018048,9.213657112824276,0.6259545048420856,1.494206623473438,0.6513665689737452,0.19461704358498785,0.4092657907044682,0.6601350818196527,0.1371282445129759,6.942127342824094,7.514656933349518,66.00006103515625,2.848067283630371,7.849611759185791,
NSGA-II,NSGA-II,20260311,1.9190729748884185,39.885925361067095,8.902132243771785,0.626647793314881,1.4876571522042594,0.6513329510924613,0.1971428362862136,0.4092747503581538,0.6601359235148105,0.136709683254172,10.676632499155616,7.576969257339073,66.15385437011719,2.849949598312378,7.849998950958252,
NSGA-II,NSGA-II,20260311,1.9190734983198505,39.72838889452906,8.90211231275107,0.6266477837247069,1.4876582692111562,0.6513329510924613,0.19714298253516008,0.40927475300113053,0.6601359221950516,0.1367132338750431,10.733704311130502,7.576662843997157,66.15131378173828,2.8499996662139893,7.849952697753906,
NSGA-II,NSGA-II,20260311,1.913395265763341,39.86983391751563,9.135473040545943,0.6295071740562838,1.4988749483761294,0.6505829517408144,0.1946833386600035,0.40807638853976536,0.6602499412395308,0.13713079332865744,7.193864780372827,7.576420884172972,66.0278091430664,2.849999189376831,7.849772930145264,
NSGA-II,NSGA-II,20260311,1.9091046141253027,39.85398716018048,9.213753504032848,0.6259541688214609,1.4942066403294116,0.651364716067447,0.19461850130814595,0.4092657907044682,0.6601507169083943,0.13712814840968646,6.9420641601535635,7.514656785061209,66.00006103515625,2.8481132984161377,7.849602222442627,
NSGA-II,NSGA-II,20260311,1.9092904159496964,39.85398716018048,9.213847660405694,0.6259545089237895,1.4942073155590765,0.651364716067447,0.19461704358498785,0.4092657907044682,0.6601571553196625,0.1371282445129759,6.942079510114972,7.514656933349518,66.0000228881836,2.848060369491577,7.84962272644043,
NSGA-II,NSGA-II,20260311,1.9092904159496964,39.85398716018048,9.213847660405694,0.6259545089237895,1.4942066230245241,0.651364716067447,0.19461704358498785,0.4092657907044682,0.6601571553196625,0.1371282445129759,6.942079510114972,7.514656933349518,66.0000228881836,2.848060369491577,7.84962272644043,
NSGA-II,NSGA-II,20260311,1.909105556926933,39.85398716018048,9.213847660405694,0.6259541722505664,1.4942066403294116,0.651364716067447,0.19461704358498785,0.4092657907044682,0.6601505073388527,0.1371282445129759,6.9420641601535635,7.514656933349518,66.0000228881836,2.8481101989746094,7.849599361419678,
NSGA-II,NSGA-II,20260311,1.9091046141253027,39.85398716018048,9.213847660405694,0.6259539454531782,1.4942066403294116,0.651364716067447,0.19461850130814595,0.4092657907044682,0.6601603398511854,0.13712659144852224,6.9420641601535635,7.514656237993879,66.00003814697266,2.848109483718872,7.849608421325684,
NSGA-II,NSGA-II,20260311,1.9190729748884185,39.85160079607513,8.902132252822787,0.6266475633696216,1.4876571522042594,0.6513334224499746,0.19714298567488303,0.40931716832683707,0.6601361601795049,0.13672666905259695,10.507270151590788,7.578589028400392,66.15376281738281,2.8499398231506348,7.849996566772461,
NSGA-II,NSGA-II,20260311,1.909023516561736,39.78583059438088,9.185896892406692,0.6260097166271134,1.4943051084917456,0.651289936715211,0.19461134795266516,0.40926593208438844,0.6601508498811709,0.13712105879902564,6.859497172018493,7.515729634029369,66.00080108642578,2.848975896835327,7.849997520446777,
NSGA-II,NSGA-II,20260311,1.9116206499486432,39.882337823577245,9.228811590865273,0.6259607722943348,1.494289444716572,0.651138499369273,0.19466056754114203,0.4092681320638568,0.6617086205420111,0.1372143942551501,10.477609124918132,7.50423542157917,66.00020599365234,2.8464839458465576,7.849997043609619,
NSGA-II,NSGA-II,20260311,1.8951091668498283,40.2281350902005,9.24270841870868,0.6258439813982298,1.4888866431323655,0.6489305836050983,0.1946611314906464,0.40927649688022205,0.6617210215948757,0.1369425802419042,7.022859838383141,7.561995010604391,66.0082015991211,2.849998712539673,7.849942207336426,
NSGA-II,NSGA-II,20260311,1.908565238074765,39.79852967270837,9.185896892406692,0.626009716406529,1.49429753978441,0.6512899457910916,0.19461288091861323,0.4092654913863576,0.6601485399894383,0.13670871568171697,6.859497172018493,7.515729634029369,66.0005111694336,2.848888397216797,7.8499932289123535,
NSGA-II,NSGA-II,20260311,1.9094614325472348,39.79747565819022,9.179843754166841,0.6260118534222818,1.494284728851596,0.6513395282541283,0.19461231431725057,0.4093149215649589,0.6600704664134184,0.13712818721611905,6.866253241010831,7.514762813304331,66.00179290771484,2.8490002155303955,7.849992275238037,
NSGA-II,NSGA-II,20260311,1.895108492827603,40.24189123601509,9.243330965241977,0.6258383183378642,1.4886142167157759,0.6489322077438674,0.1946611314906464,0.4092764625924905,0.661721115834689,0.13694247512754276,7.018886457405507,7.561995010604391,66.00798034667969,2.8499975204467773,7.849987030029297,
NSGA-II,NSGA-II,20260311,1.9092217723570082,39.82171887935192,9.18973265853993,0.626009716406529,1.494181000456462,0.6513531278046238,0.19461101851310741,0.4092664203990033,0.6601610101520775,0.13671497217133244,6.94219920186562,7.514203812321931,66.00032806396484,2.848602294921875,7.849981307983398,
NSGA-II,NSGA-II,20260311,1.8940331767808445,40.24420429171998,9.23897254635571,0.6259560433053796,1.4877724350306696,0.6489397900168612,0.1946605647225756,0.40930325881117946,0.6617501413970163,0.1361676074360101,6.676014990268023,7.561889050687366,66.0071029663086,2.849982738494873,7.849928379058838,
NSGA-II,NSGA-II,20260311,1.9190729748884185,39.85370208963634,8.902132252822813,0.6266475633696216,1.4876571522042594,0.651332951407091,0.19714298567488303,0.40931716832683707,0.6601361673650958,0.13670697571904986,10.507270151590788,7.578618318434663,66.15379333496094,2.849931001663208,7.849998950958252,
NSGA-II,NSGA-II,20260311,1.9190389062009048,39.851634879327975,8.90213225285053,0.6266344312970475,1.4876571522042594,0.6513334221353448,0.19714298567488303,0.4092747427374421,0.6601361599846154,0.13672692387396132,10.67734472902972,7.576925543932917,66.1532974243164,2.849977493286133,7.8499956130981445,
NSGA-II,NSGA-II,20260311,1.908565238074765,39.78588324139392,9.184845055550479,0.626009716406529,1.494304151948376,0.651289936715211,0.19461552614338423,0.4092654913863576,0.6601514465208441,0.13741472486907613,6.859497172018493,7.515729634029369,66.00130462646484,2.849276542663574,7.849942684173584,
NSGA-II,NSGA-II,20260311,1.9190734927925492,39.728134991028156,8.902133024741767,0.626647793314881,1.4876581820932469,0.6513329510924613,0.19714298556914667,0.4092747529583365,0.660135922144387,0.136709696541228,10.677357379298634,7.576956511062426,66.1513671875,2.849998712539673,7.849959373474121,
NSGA-II,NSGA-II,20260311,1.8952081719222076,40.22672330389507,9.242682797766852,0.6258383183378642,1.488606745897322,0.6489305836050983,0.1946611314906464,0.40928509510734123,0.6617211168915624,0.13694159762848263,7.018886457405507,7.561995010604391,66.00787353515625,2.8499817848205566,7.849987983703613,
NSGA-II,NSGA-II,20260311,1.9090476530313938,39.78527914424061,9.184845055550479,0.626009716406529,1.4943050903321091,0.6513407412400475,0.19461552614338423,0.40927507156056786,0.6601516436516282,0.13741472486907613,6.859497172018493,7.515729634029369,66.00152587890625,2.8491523265838623,7.849973201751709,
NSGA-II,NSGA-II,20260311,1.908532335438329,39.7342517192651,9.185877231712713,0.6260628865569193,1.4943041766648166,0.6512896731473997,0.19461299192331993,0.4092529514444684,0.660151445020371,0.13710097937605226,7.108735721437846,7.514096521256777,66.00006866455078,2.8490753173828125,7.849804878234863,
NSGA-II,NSGA-II,20260311,1.8950663975986568,40.24420429171998,9.243442176536819,0.6259470858379527,1.4877724350306696,0.6489397900168612,0.19466056760214945,0.40930325881117946,0.6617213281802417,0.1361676074360101,7.034391771928952,7.561997315269665,66.00672912597656,2.849605083465576,7.849989891052246,
NSGA-II,NSGA-II,20260311,1.9190729734513308,39.71581545043992,8.902112383304686,0.6266477933572618,1.4876571679490516,0.6513329510924613,0.1971428393391712,0.4092747463537544,0.6601361342145213,0.13671346088792807,10.675054956970378,7.576664666696716,66.15113830566406,2.849998712539673,7.849943161010742,
NSGA-II,NSGA-II,20260311,1.8555909143135876,41.996201503840496,9.224943890359945,0.6851604522681183,1.497868750019678,0.7010636250745187,0.19457608296052786,0.4092927990848215,0.660551932391955,0.13672181411211254,6.067572147104805,6.403578170849746,66.00001525878906,2.8499951362609863,7.755387783050537,
NSGA-II,NSGA-II,20260311,1.9158128797001617,39.96801254584183,9.212000545962642,0.6275697880198382,1.4976863312887327,0.6526740882097799,0.19442220988662687,0.4099373072408472,0.6601042161565569,0.13668438956587303,10.472478717127203,7.527496204181178,66.0001449584961,2.8471319675445557,7.849876403808594,
NSGA-II,NSGA-II,20260311,1.919072973438713,39.70661512359821,8.902133623494418,0.6266477933572618,1.4876571679490516,0.6513329510924613,0.1971428393391712,0.4092747463537544,0.6601361342145213,0.13670964470739477,10.675054956970378,7.576664666696716,66.15098571777344,2.849998950958252,7.849941253662109,
NSGA-II,NSGA-II,20260311,1.9094962134655464,39.73077523881028,9.186891380065774,0.6259530784818741,1.4943060562090482,0.6512895446987857,0.19461300153943697,0.4092654849596953,0.6600704034221676,0.1371137347757157,6.859492668308604,7.5157481614246695,66.00019836425781,2.84881591796875,7.849971294403076,
NSGA-II,NSGA-II,20260311,1.8940665666947207,39.9217960698585,9.229151633048444,0.626639312896093,1.4876827215197572,0.6490228724474885,0.1946605747275068,0.4093060509966735,0.6617395270570168,0.13463557683384464,11.06284483688632,7.561856610088969,66.00016784667969,2.8499271869659424,7.849920272827148,
NSGA-II,NSGA-II,20260311,1.9085317711166876,39.78588324139392,9.185878901961148,0.626009723307873,1.494304151948376,0.6512899399804394,0.19461552614338423,0.4092651730584047,0.6601514449885171,0.13712689805292583,7.08950293494609,7.515729634029369,66.00072479248047,2.849133253097534,7.849979400634766,
NSGA-II,NSGA-II,20260311,1.9085697690362644,39.78583059438088,9.185896358826351,0.6260099304853459,1.4943051084917456,0.6513384932315586,0.19461287300391958,0.40926592827990915,0.6601512424879854,0.13711774791467501,6.8546151642986,7.514131120064887,66.00043487548828,2.8491058349609375,7.849930286407471,
NSGA-II,NSGA-II,20260311,1.910110007226241,39.882337823577245,9.228811590865273,0.6259607722943348,1.494289444716572,0.651138499369273,0.1946603452448843,0.4093001545078401,0.661721527690926,0.13723736335783873,10.419613659108592,7.50423542157917,66.0000228881836,2.846906900405884,7.8498687744140625,
NSGA-II,NSGA-II,20260311,1.9190734872749107,39.89038183242313,8.902132264868387,0.626647793314881,1.4876571522042594,0.6513329510924613,0.1971428362862136,0.4092747503581538,0.6601359235436408,0.136709683254172,10.676632499155616,7.5769691784259665,66.15392303466797,2.849947929382324,7.849999904632568,
NSGA-II,NSGA-II,20260311,1.9190802441078973,39.845776687371064,9.214022667916808,0.6268456165114091,1.4560380255479353,0.6489937905229698,0.19504794717907442,0.40998411496684295,0.6601220769308581,0.13715385762398666,10.951667589293102,7.525601297803711,66.00053405761719,2.8432388305664062,7.8499956130981445,
NSGA-II,NSGA-II,20260311,1.8555909143135876,41.97371693709335,9.224864481333896,0.6851604522681183,1.4980667916908161,0.7010636250745187,0.1945760401255494,0.40929174708583244,0.6604996435770323,0.13672181411211254,6.066244899154633,6.403578170849746,66.0000228881836,2.849994421005249,7.755311012268066,
NSGA-II,NSGA-II,20260311,1.9190734983198505,39.79829619261721,8.8938993832134,0.6259995070385933,1.4943581705777376,0.6513329510924613,0.19714283740000293,0.40927475349767783,0.6601359189365964,0.13671319325442371,10.63387175104208,7.576234736505303,66.1585693359375,2.8499948978424072,7.84996223449707,
NSGA-II,NSGA-II,20260311,1.9134259230302233,39.862262591531334,9.137198686734145,0.6295169225845811,1.4989329355116006,0.6505838879725941,0.19468358376808437,0.4080576524903712,0.6601940613206397,0.1371003560513522,6.867166995153283,7.579276617285544,66.02777099609375,2.849998712539673,7.8498382568359375,
NSGA-II,NSGA-II,20260311,1.9190729749445097,39.89038183242313,8.902132264868387,0.626647784033205,1.4876571522042594,0.6513329510924613,0.19714297948220244,0.4092747503569709,0.6601359235148105,0.136709683254172,10.676632499155616,7.5769701387812995,66.1539306640625,2.849947452545166,7.849998950958252,
NSGA-II,NSGA-II,20260311,1.8931809809227793,39.9217960698585,9.229151633048444,0.626639312896093,1.4874909997866945,0.6490228724474885,0.19466113565450857,0.4093010989127326,0.6616778978408235,0.13463557683384464,10.925158122955295,7.554450599864216,66.00000762939453,2.8499510288238525,7.84938383102417,
NSGA-II,NSGA-II,20260311,1.8952081719222076,40.226757589104366,9.242708915929633,0.6258391686401036,1.488440441649554,0.6489305836050983,0.19466036131423492,0.4092852146308009,0.6601730316811195,0.13694159762848263,7.018886457405507,7.561995010604391,66.01065826416016,2.849980354309082,7.8487114906311035,
NSGA-II,NSGA-II,20260311,1.8555909143135876,41.97773026714079,9.224943890359945,0.6851604522681183,1.497981372288502,0.7010636250745187,0.19457608296052786,0.4092927990848215,0.6605485656012089,0.13672181411211254,6.067572147104805,6.403578170849746,66.00015258789062,2.849972724914551,7.75532341003418,
NSGA-II,NSGA-II,20260311,1.8949129499668333,41.30057866707663,9.25611097847979,0.6295932898850819,1.5037174024014819,0.6489684380159998,0.19467614244207987,0.40930263089895935,0.6613157500346437,0.1342272319339287,11.22506269576462,7.686558150293451,66.05760192871094,2.849848985671997,7.8499932289123535,
NSGA-II,NSGA-II,20260311,1.919072980406057,39.728134991028156,8.902133024741767,0.626647793314881,1.4876581820932469,0.6513329510924613,0.19714298556914667,0.4092747529583365,0.6601359221155566,0.136709696541228,10.677357379298634,7.576956589975533,66.1513671875,2.8499984741210938,7.8499579429626465,
NSGA-II,NSGA-II,20260312,1.458872953036916,50.43950550012038,8.045602362874053,0.41823407907693605,0.8191943754823783,0.6624540889181164,0.21642419415739397,0.47753648477857336,0.6819224462000327,0.12598882102721573,-11.345632644675234,3.8077787394879463,66.0087890625,2.8145434856414795,7.849996089935303,
NSGA-II,NSGA-II,20260312,1.4588448547448323,51.126940599406666,7.9655054547094375,0.4365730412513622,0.8196159976322168,0.6738627239469528,0.21638834371321852,0.474417330869195,0.6813107030860432,0.1262319974733763,-10.155558094024428,3.808577094063305,66.00911712646484,2.82781982421875,7.8499979972839355,
NSGA-II,NSGA-II,20260312,1.2044363968470115,51.089536389673135,7.96613108909476,0.417998648451151,0.8200322842587616,0.6731120998689317,0.21642746747280517,0.47754346569536493,0.685531245491531,0.12659569523939757,3.945411776173856,3.434806752295643,66.119384765625,2.8499996662139893,7.842288970947266,
NSGA-II,NSGA-II,20260312,1.2070161403159743,51.1524114122964,7.967113621741101,0.4179366161396938,0.819281053581103,0.6628293759650746,0.216267264862487,0.47754425790765964,0.6815322119410503,0.1266101930995204,4.12870066639266,3.807767426507764,66.17858123779297,2.849992275238037,7.8496809005737305,
NSGA-II,NSGA-II,20260312,1.3848207673273274,51.14908916818675,7.9692170707633805,0.41530911857605113,1.6111510649420104,0.6595809716046344,0.21626731756478929,0.4312199849216644,0.6861629615855581,0.12649151218829158,-10.347496560791711,3.8562436553971633,66.78265380859375,2.8499999046325684,7.807717323303223,
NSGA-II,NSGA-II,20260312,1.458872953036916,50.43950550012038,8.045602362874053,0.41823396829532,0.8191943754823783,0.6624540889181164,0.21642419415739397,0.47753648477857336,0.6819224462000327,0.12598882102721573,-11.345632644675234,3.8077787394879463,66.0087890625,2.8145434856414795,7.849996089935303,
NSGA-II,NSGA-II,20260312,1.4631058026479113,51.27507435896083,7.965520037671176,0.4365718411188006,0.8140048839661821,0.6742569591367523,0.21643622438129007,0.47414484174109306,0.6813066956663756,0.12622204036640317,-10.354937461131968,3.777644835472082,66.00016784667969,2.827340841293335,7.849940299987793,
NSGA-II,NSGA-II,20260312,1.3848207673273274,51.14484765960114,7.9692170707633805,0.41530911857605113,1.6111510649420104,0.6595809716046344,0.21626731756478929,0.4312199849216644,0.6861630336704994,0.1264916693879484,-10.347496560791711,3.8562352170977925,66.7825698852539,2.8499999046325684,7.807713985443115,
NSGA-II,NSGA-II,20260312,1.2426652445914232,51.07824697018105,8.045566017798404,0.4180638528739429,0.8196384748101719,0.6742486844538504,0.21642670908517658,0.4743858712765109,0.6815272423926811,0.12620135810284103,3.946096866187986,3.4585820626754966,66.05437469482422,2.8499977588653564,7.849002838134766,
NSGA-II,NSGA-II,20260312,1.4588448547448323,51.126940599406666,7.9655054547094375,0.43678710343580784,0.8196027335178386,0.6738627239469528,0.21638888058293332,0.47440059331659695,0.681311298805708,0.1262319974733763,-10.026937273654582,3.8086209353788183,66.00988006591797,2.8278276920318604,7.849993705749512,
NSGA-II,NSGA-II,20260312,1.2070161403159743,51.1524114122964,7.967113621741101,0.4179366161396938,0.819281053581103,0.6628293759650746,0.21626794894189022,0.47754425790765964,0.6815322119410503,0.1266101930995204,4.125419924929027,3.8078489626909042,66.17861938476562,2.849992275238037,7.849682807922363,
NSGA-II,NSGA-II,20260312,1.3848207673273274,51.14484765960114,7.9692170707633805,0.41530911857605113,1.6111510649420104,0.6595809716046344,0.21626731756478929,0.4312199849216644,0.6861630336704994,0.12649166928638067,-10.347496560791711,3.8562352170977925,66.7825698852539,2.8499999046325684,7.807713985443115,
NSGA-II,NSGA-II,20260312,1.248713707409049,50.47161258215801,8.04291591273751,0.418047635848222,0.8196386176586495,0.6742485120346802,0.21642671092816312,0.4742842926010574,0.6813336340581904,0.1262205180952352,4.12011941511274,3.470238439749061,66.03744506835938,2.849881172180176,7.8499979972839355,
NSGA-II,NSGA-II,20260312,1.2540973561354125,50.46302973033485,8.042970863366332,0.4180615608562356,0.8137323860962592,0.6745469273256086,0.21638791292603884,0.4751102724749002,0.6862302811719243,0.1261345568520859,3.945393767531023,3.397698878216613,66.01762390136719,2.845999240875244,7.849996089935303,
NSGA-II,NSGA-II,20260312,1.2497736722910116,50.4493372750185,8.047420294303395,0.418047635848222,0.8196265360411725,0.6742485120346802,0.21642671092816312,0.4743085221144715,0.6813368951826106,0.12622095898112035,3.9363406025027317,3.470238439749061,66.03604125976562,2.849560260772705,7.849957466125488,
NSGA-II,NSGA-II,20260312,1.2417300946818295,50.45254408593886,8.038662488884295,0.4180618377519253,0.8134320656349213,0.6740021345350702,0.21627107812048074,0.474422337063863,0.6866468561739798,0.1264819636151268,5.045193497008206,3.390626024341227,66.01612091064453,2.8488123416900635,7.849787712097168,
NSGA-II,NSGA-II,20260312,1.3848207673273274,51.14484765960114,7.9692170707633805,0.41530911857605113,1.6111510649420104,0.6595809716046344,0.21626731756478929,0.4312199849216644,0.6861630336704994,0.12649166938703948,-10.347496560791711,3.8562352170977925,66.7825698852539,2.8499999046325684,7.807713985443115,
NSGA-II,NSGA-II,20260312,1.2545056878695826,50.46302973033485,8.04552173741685,0.41806478304604267,0.8143069121355115,0.6742103760186494,0.21626340972155023,0.47508114262211387,0.6862317509507382,0.12599031482645565,4.210376341571191,3.3976133400148663,66.01276397705078,2.845822811126709,7.8499603271484375,
NSGA-II,NSGA-II,20260312,1.3848207673273274,51.14908916818675,7.9692170707633805,0.41530911857605113,1.6111510649420104,0.6595809716046344,0.21626731756478929,0.4312199849216644,0.6861629615855581,0.12649167492510532,-10.347496560791711,3.8562436553971633,66.78265380859375,2.8499999046325684,7.807717323303223,
NSGA-II,NSGA-II,20260312,1.2070161403159743,51.1524114122964,7.967113621741101,0.4179366161396938,0.8192773725238229,0.6628293759650746,0.21626358309474342,0.47754425790765964,0.6815322119410503,0.1266101930995204,4.124574731841278,3.8078489626909042,66.17851257324219,2.8499927520751953,7.84967565536499,
NSGA-II,NSGA-II,20260312,1.3848207673273274,51.14908916818675,7.9692170707633805,0.41530911857605113,1.6111510649420104,0.6595809716046344,0.21626731756478929,0.4312199849216644,0.6861629615855581,0.12649150235384155,-10.347496560791711,3.8562436553971633,66.78265380859375,2.8499999046325684,7.807717323303223,
NSGA-II,NSGA-II,20260312,1.3848207673273274,51.14908916818675,7.9692170707633805,0.41530911857605113,1.6111510649420104,0.6595809716046344,0.21626731756478929,0.4312199849216644,0.6861629615855581,0.1264915119838989,-10.347496560791711,3.8562436553971633,66.78265380859375,2.8499999046325684,7.807717323303223,
NSGA-II,NSGA-II,20260312,1.3848207673273274,51.14908916818675,7.9692170707633805,0.41530911857605113,1.6111510649420104,0.6595809716046344,0.21626731756478929,0.4312199849216644,0.6861629615855581,0.12649150255823421,-10.347496560791711,3.8562436553971633,66.78265380859375,2.8499999046325684,7.807717323303223,
NSGA-II,NSGA-II,20260312,1.2417300946818295,50.45254408593886,8.038662488884295,0.41806186173441784,0.8134320656349213,0.6740021345350702,0.2162693205239865,0.4744209265501576,0.6865988962940897,0.12620181322429566,5.045193497008206,3.389438785444248,66.01555633544922,2.8486597537994385,7.849720001220703,
NSGA-II,NSGA-II,20260312,1.2472293951734648,50.4413123174461,7.954461894760983,0.4180426487193854,0.8135871190568278,0.6745438226074711,0.2164338597130387,0.4742382967433898,0.6864373369610031,0.12621776573035806,5.045193497008206,3.352189153796476,66.02590942382812,2.849313497543335,7.849571228027344,
NSGA-II,NSGA-II,20260312,1.2497736722910116,50.4493372750185,8.045542860560152,0.418047635848222,0.8199047300594967,0.6742485120346802,0.21642671092816312,0.4742887880987193,0.6813341139983402,0.12614038520530263,3.945186234353571,3.46986313883315,66.03626251220703,2.849578619003296,7.849958896636963,
NSGA-II,NSGA-II,20260312,1.3853381462173808,51.07627718382471,8.043188480713242,0.4275962881075181,0.8195459894208128,0.6741941581445303,0.21642670734619995,0.4741413757706121,0.6827319793101685,0.12658582460979917,3.9296375599970403,3.4804729271004486,66.0010757446289,2.8298892974853516,7.848972797393799,
NSGA-II,NSGA-II,20260312,1.377061243628916,51.09104412757917,8.043878691522615,0.4275470220128458,0.8197956607460273,0.6742423057954996,0.21642717799956687,0.47436036693166295,0.685503244307053,0.1261515554917689,3.9134959669689096,3.4681691492767417,66.00056457519531,2.829854726791382,7.849451065063477,
NSGA-II,NSGA-II,20260312,1.2545196231178113,50.47139501973352,7.9652256624508,0.41800647942746905,0.8140501050015063,0.674267318417322,0.21626595358512135,0.47439850387489624,0.6812323647452638,0.12616064107622177,4.357069641916617,3.412325957103966,66.026611328125,2.8499813079833984,7.849726676940918,
NSGA-II,NSGA-II,20260312,1.2545266245662938,50.4424080896935,8.047457935570584,0.41805090933183403,0.8140500633176269,0.674267318417322,0.2162646129614777,0.47389851121076265,0.682712588847598,0.12616064107622177,4.357069641916617,3.4117747156816898,66.01077270507812,2.8484463691711426,7.849869728088379,
NSGA-II,NSGA-II,20260312,1.3848207673273274,51.14908916818675,7.9692170707633805,0.41530911857605113,1.6111510649420104,0.6595809716046344,0.21626731756478929,0.4312199849216644,0.6861630312157797,0.12649151218829158,-10.347496560791711,3.856243788474746,66.78265380859375,2.8499999046325684,7.807717323303223,
NSGA-II,NSGA-II,20260312,1.2542294212415401,50.46361433560385,8.04466341538738,0.41805836413297326,0.8140471063009609,0.6745458770959372,0.21625889512183322,0.4743931924435536,0.6866242779107004,0.12617335146665418,5.064843588493872,3.366355065790666,66.00384521484375,2.8466272354125977,7.849948883056641,
NSGA-II,NSGA-II,20260312,1.3848207673273274,51.14484765960114,7.9692170707633805,0.41530911857605113,1.6111510649420104,0.6595809716046344,0.21626731756478929,0.4312199849216644,0.6861630337198639,0.1264916693879484,-10.347496560791711,3.8562352170977925,66.7825698852539,2.8499999046325684,7.807713985443115,
NSGA-II,NSGA-II,20260312,1.3848207673273274,51.14908916818675,7.9692170707633805,0.41530911857605113,1.6111510649420104,0.6595809716046344,0.21626731756478929,0.4312199849216644,0.6861630311664153,0.12649151218829158,-10.347496560791711,3.856243788474746,66.78265380859375,2.8499999046325684,7.807717323303223,
NSGA-II,NSGA-II,20260312,1.2528818636291141,50.4493372750185,8.045542860560152,0.4185696993842786,0.8196323188590013,0.6742564160266719,0.21626382222751508,0.4742694252569997,0.6813341139983402,0.12649704480352292,3.9663835813875536,3.4649644236482304,66.02750396728516,2.849569082260132,7.849839687347412,
NSGA-II,NSGA-II,20260312,1.4282059481696052,50.46326913787229,7.971639316446617,0.445254889926514,0.8122136186402068,0.6742247608806892,0.21626381408732145,0.47146387402322776,0.6852264213435905,0.12660652124430594,-9.833119202289453,3.857575957811621,66.00009155273438,2.8352620601654053,7.847587585449219,
NSGA-II,NSGA-II,20260312,1.205471134482079,62.6406701534661,3.198886186657906,0.4941261569279335,1.6399804402603437,0.6682452615507108,0.21869371222281253,0.5602390346953364,0.7897612547715687,0.14121953859613107,-13.491916323047782,6.787937148673205,69.68424224853516,2.815457820892334,7.84999942779541,
NSGA-II,NSGA-II,20260312,1.2545210415615116,50.4424080896935,8.047458188004445,0.41805090933183403,0.8078249532693633,0.674267318417322,0.21626462888364473,0.47390231332210336,0.6826981525060628,0.12615870207438407,4.359294290930961,3.3899978745647736,66.00114440917969,2.848287582397461,7.84981632232666,
NSGA-II,NSGA-II,20260312,1.377061243628916,51.07232272051372,8.043203567709565,0.42764822240216993,0.819952384757126,0.6745412711145267,0.21626231764028003,0.4743810554809502,0.6814234827796999,0.12614334828272186,3.9681613896421766,3.479638845931339,66.00020599365234,2.831063747406006,7.847968101501465,
NSGA-II,NSGA-II,20260312,1.4323792556270023,50.50310253203139,8.042273644413857,0.44658229509131053,0.8128225475731494,0.6742420364703203,0.2164266931134951,0.4714116090261331,0.6855050770080795,0.12613033873276164,1.09120845237004,3.7970126768756605,66.00139617919922,2.8324968814849854,7.849916458129883,
NSGA-II,NSGA-II,20260312,1.3848207673273274,51.14484765960114,7.9692170707633805,0.41530911857605113,1.6111510649420104,0.6595809716046344,0.21626731756478929,0.4312199849216644,0.6861630318317468,0.12649166938703948,-10.347496560791711,3.8562350840202093,66.7825698852539,2.8499999046325684,7.807713985443115,
NSGA-II,NSGA-II,20260312,1.2545623532029844,50.446745681060335,8.04552173741685,0.41800647942746905,0.8143468220825308,0.6738638052776227,0.2163885263015211,0.4743956982766574,0.6815004241003481,0.12614382027047458,4.345360148051498,3.4536744645814754,66.02681732177734,2.848234176635742,7.849969863891602,
NSGA-II,NSGA-II,20260312,1.2540973561354125,50.46302973033485,8.042956486057317,0.4180618766710781,0.8137323860962592,0.6745469273256086,0.21638791292603884,0.4751102724749002,0.6862302811719243,0.1261345568520859,3.9441230840897745,3.397698878216613,66.01762390136719,2.845999240875244,7.849996089935303,
NSGA-II,NSGA-II,20260312,1.2497736722910116,50.4493372750185,8.047420294303395,0.418047635848222,0.8196265360411725,0.6742485120346802,0.2164267108321134,0.4743085221144715,0.6813848313728754,0.12660729490287162,3.9363406025027317,3.470238439749061,66.03677368164062,2.849731206893921,7.849952220916748,
NSGA-II,NSGA-II,20260312,1.205471134482079,62.64065887891683,3.198886186657906,0.4941261569279335,1.6399804402603437,0.6682452618819992,0.2186937122391605,0.5602390346953364,0.7897612544314797,0.14121953859613107,-13.491924291553904,6.787937148673205,69.68424224853516,2.815457820892334,7.84999942779541,
NSGA-II,NSGA-II,20260312,1.3853381462173808,51.07627718382471,8.043188480713242,0.4275962881075181,0.8195459894208128,0.6741941581445303,0.21642670744224968,0.4741413757706121,0.6826840431199036,0.12619948868804787,3.9296375599970403,3.4804729271004486,66.00037384033203,2.8297526836395264,7.848963737487793,
NSGA-II,NSGA-II,20260312,1.2516613311829636,50.49199678858095,8.041904302007389,0.4143624484662226,0.8196161136784256,0.6744341665568789,0.21626790275705318,0.47387242463938206,0.6861734998791141,0.1266104748867182,4.110786284112507,3.1770959502071685,66.00009155273438,2.842959403991699,7.843413829803467,
NSGA-II,NSGA-II,20260312,1.3848207673273274,51.14908916818675,7.9692170707633805,0.41530911857605113,1.6111510649420104,0.6595809716046344,0.21626731756478929,0.4312199849216644,0.6861629615855581,0.1264916648187381,-10.347496560791711,3.856243785254583,66.78265380859375,2.8499999046325684,7.807717323303223,
NSGA-II,NSGA-II,20260312,1.2529082132271818,50.457423578425335,8.043386626987058,0.41858684333384255,0.814052216268855,0.6742580793056192,0.21625889408710294,0.474389266003688,0.6813250281507292,0.12615743163012594,1.3809034255854868,3.4589503941128488,66.02116394042969,2.849133014678955,7.849952220916748,
NSGA-II,NSGA-II,20260312,1.458872953036916,50.381427704112184,8.045602362874053,0.4180199061108743,0.8195058606753816,0.6624540889181164,0.21642365728767915,0.47750174717040944,0.6820160619141749,0.12598895586885497,-11.436402005832122,3.804880927909328,66.00653076171875,2.8145391941070557,7.84999942779541,
NSGA-II,NSGA-II,20260312,1.3854065105364226,51.10599151155488,8.043009310695268,0.42754666099851546,0.819615273292456,0.6740378350016794,0.2164277515801738,0.4747522503344602,0.6855415299577816,0.1261448226496673,3.9153733983781294,3.4778959483707794,66.0000228881836,2.828514337539673,7.8498148918151855,
NSGA-II,NSGA-II,20260312,1.3848207673273274,51.14908916818675,7.9692170707633805,0.41530911857605113,1.6111510649420104,0.6595809716046344,0.21626731756478929,0.4312199849216644,0.6861630311664153,0.12649151246020876,-10.347496560791711,3.8562436586173265,66.78265380859375,2.8499999046325684,7.807717323303223,
NSGA-II,NSGA-II,20260312,1.2528818636291141,50.4493372750185,8.04466031043051,0.4185696993842786,0.8196323188590013,0.6742564160266719,0.21626382222751508,0.4742690557155549,0.6813841521061405,0.1261646702120925,3.9663835813875536,3.467058728443974,66.02731323242188,2.8494455814361572,7.849947452545166,
NSGA-II,NSGA-II,20260312,1.2545210415615116,50.4424080896935,8.047458188004445,0.41795863831113966,0.8078249532693633,0.6741957588407388,0.21626462888364473,0.4738942583526602,0.682698069670203,0.12615893166681802,4.359294290930961,3.3899978745647736,66.00108337402344,2.8482491970062256,7.849876403808594,
NSGA-II,NSGA-II,20260312,1.2497736722910116,50.44942947838623,8.043484858305078,0.418047635848222,0.8196265360411725,0.6742485120346802,0.21642671092816312,0.4743085221144715,0.6813249803742246,0.12622095898112035,3.9363406025027317,3.470238439749061,66.03663635253906,2.8496475219726562,7.849986553192139,
NSGA-II,NSGA-II,20260312,1.2516896667346147,50.45220911786338,8.045545965517022,0.41805836413297326,0.8138935423045265,0.6745558005497873,0.21626217312879492,0.4742694232115583,0.6865754528831366,0.12650572605808463,4.751664736110108,3.3662282724807233,66.0042495727539,2.847362995147705,7.849913120269775,
NSGA-II,NSGA-II,20260312,1.2529082132271818,50.457423578425335,8.047398498280739,0.418781025903449,0.8140518920041422,0.6742580793056192,0.21625889408710294,0.4743893539914571,0.6812966533575776,0.12615743163012594,1.3518980320966918,3.4656346386585577,66.02185821533203,2.849149227142334,7.849935054779053,
NSGA-II,NSGA-II,20260312,1.2529583824835877,50.45719806564606,8.047296781075609,0.41859467324044275,0.8136374865304113,0.6742580793056192,0.2164270122125437,0.474124341598815,0.6813369429591152,0.1266132712637533,1.3611514560142126,3.463204231841817,66.02788543701172,2.8493196964263916,7.8499956130981445,
NSGA-II,NSGA-II,20260312,1.2540973561354125,50.4521013308369,8.043760313256001,0.4181006076610118,0.8138931040978663,0.6745558068497057,0.21639583038865506,0.47509188690237375,0.6862342857757895,0.12613203335251366,4.745154425929329,3.397698878216613,66.01787567138672,2.8460490703582764,7.849978923797607,
NSGA-II,NSGA-II,20260312,1.2425981010758917,50.423492261530654,8.047458188004445,0.41805090933183403,0.8078450611538028,0.6742482949339339,0.21626462888364473,0.47390231332210336,0.6815378687277774,0.12615870207438407,4.359294290930961,3.3899978745647736,66.0126724243164,2.849998950958252,7.847860336303711,
NSGA-II,NSGA-II,20260312,1.2545210415615116,50.4424080896935,8.047458188004445,0.41805090933183403,0.8078249532693633,0.674267318417322,0.21626558449835206,0.473898939341734,0.6826981525060628,0.12615870207438407,4.359294290930961,3.3899978745647736,66.00116729736328,2.848290205001831,7.849817752838135,
NSGA-II,NSGA-II,20260312,1.2529583824835877,50.45719806564606,8.047296781075609,0.41859467324044275,0.8194912589439096,0.6742580793056192,0.2164270122125437,0.474124341598815,0.6813369429591152,0.12660748653299342,1.3611514560142126,3.479269831365729,66.03579711914062,2.849445343017578,7.849977970123291,
NSGA-II,NSGA-II,20260312,1.2511670452984816,50.4493372750185,8.04487270076855,0.4185696993842786,0.8196323188590013,0.6742564160266719,0.21626382222751508,0.4742690557155549,0.6813841521061405,0.1261646702120925,3.9663835813875536,3.467058728443974,66.02780151367188,2.8497440814971924,7.849897384643555,
NSGA-II,NSGA-II,20260312,1.3853381462173808,51.07756845516297,8.043188480713242,0.42768855912821246,0.8195459894208128,0.6742657177211134,0.2164271671473959,0.47413168777528647,0.6826841259557633,0.1261992590956139,3.9587542288167796,3.480184442928476,66.00030517578125,2.8298001289367676,7.848919868469238,
NSGA-II,NSGA-II,20260312,1.2517586404043657,50.44108613106509,8.047475677630958,0.4180199944924692,0.8140500633176269,0.6744912555586211,0.21626228282056525,0.4742694922835012,0.682712588847598,0.1265128548743322,4.562762672850717,3.4107408946016573,66.01351928710938,2.8487884998321533,7.849575042724609,
NSGA-II,NSGA-II,20260312,1.2511670452984816,50.44933871421546,8.04487270076855,0.4185877130511192,0.8193450112421375,0.6742564160266719,0.21626382222751508,0.4742690557155549,0.6813841521061405,0.12649209411381057,3.9663835813875536,3.467058728443974,66.02822875976562,2.8499019145965576,7.849881649017334,
NSGA-II,NSGA-II,20260312,1.2417300946818295,50.452542646741904,8.038662488884295,0.4180438240850847,0.8137193732517851,0.6740021345350702,0.21627107812048074,0.474422337063863,0.6866468561739798,0.12615453971340873,5.045193497008206,3.390626024341227,66.01569366455078,2.8486545085906982,7.849803447723389,
NSGA-II,NSGA-II,20260312,1.205471134482079,62.64067092623446,3.198886186657906,0.4941261569279335,1.6399804402603437,0.6682452615564852,0.21869371223986178,0.5602390346953364,0.7897612547727693,0.14121953859613107,-13.49191582562991,6.787937148673205,69.68424224853516,2.815457820892334,7.84999942779541,
NSGA-II,NSGA-II,20260312,1.205471134482079,62.640658106148464,3.198886186657906,0.4941261569279335,1.6399804402603437,0.6682452618762248,0.21869371222211126,0.5602390346953364,0.7897612544302791,0.14121953859613107,-13.491924788971783,6.787937148673205,69.68424224853516,2.815457820892334,7.84999942779541,
NSGA-II,NSGA-II,20260312,1.3815705330542478,51.09116554755247,8.040406344604833,0.42756818208018554,0.8197972998974372,0.6738535574170184,0.2164272179667061,0.4743809625825666,0.6855417901757466,0.12613080526258688,3.9220105675842376,3.479644951844202,66.00041961669922,2.829380989074707,7.849977970123291,
NSGA-II,NSGA-II,20260312,1.3853381462173808,51.076179032058086,8.043222302872145,0.4275962881075181,0.8195459894208128,0.6741968473105263,0.21642667988320008,0.4741388783211505,0.6827319793101685,0.12658582460979917,3.922398675206246,3.480078070066771,66.00104522705078,2.8298821449279785,7.8489556312561035,
NSGA-II,NSGA-II,20260312,1.2529082132271818,50.457423578425335,8.043386626987058,0.41858154719815155,0.814052216268855,0.6742580793056192,0.21626499573555744,0.474389266003688,0.6813250281507292,0.12615853383756556,0.4404113415992299,3.4589503941128488,66.02092742919922,2.8490841388702393,7.849953651428223,
NSGA-II,NSGA-II,20260312,1.2528818636291141,50.4493372750185,8.045556536167162,0.4185696993842786,0.8196323188590013,0.6742564160266719,0.21626382222751508,0.4742694377614548,0.6813844705471503,0.12616417052361784,3.9663835813875536,3.467058728443974,66.02702331542969,2.8494393825531006,7.8499627113342285,
NSGA-II,NSGA-II,20260312,1.3848207673273274,51.14485798847492,7.9692170707633805,0.41530911857605113,1.6111510649420104,0.6595809716046344,0.21626731756478929,0.4312199849216644,0.6861630318317468,0.12649166938703948,-10.347496560791711,3.8562349219202074,66.7825698852539,2.8499999046325684,7.807713985443115,
NSGA-II,NSGA-II,20260312,1.3814816619646249,51.07628390312779,8.043188559263633,0.42756818208018554,0.8197972998974372,0.6738508682510223,0.21642723446651038,0.47438311658104537,0.6855417901757466,0.1261333732498948,3.914074522631907,3.4804737343086742,66.00006103515625,2.8293392658233643,7.8499369621276855,
NSGA-II,NSGA-II,20260312,1.2528818636291141,50.4493372750185,8.0446466348235,0.4185696993842786,0.8196323188590013,0.6742564160266719,0.21626382222751508,0.47426904321109975,0.6813337955573303,0.12649754449199757,3.9663835813875536,3.4649644236482304,66.027587890625,2.849593162536621,7.849854946136475,
NSGA-II,NSGA-II,20260312,1.3848207673273274,51.14907883931297,7.9692170707633805,0.41530911857605113,1.6111510649420104,0.6595809716046344,0.21626731756478929,0.4312199849216644,0.6861630311664153,0.12649151246020876,-10.347496560791711,3.856243820717329,66.78265380859375,2.8499999046325684,7.807717323303223,
NSGA-II,NSGA-II,20260312,1.2425977601080604,50.4424080896935,8.047458198273773,0.4180639323472858,0.8080303652450075,0.67426693761586,0.2162646129614777,0.47387302175207946,0.6827005658381297,0.12616064326430598,4.332411172093572,3.3908170540509652,66.01020812988281,2.849973678588867,7.8487162590026855,
NSGA-II,NSGA-II,20260312,1.2417300946818295,50.45254408593886,8.038594628391802,0.4177397918294555,0.8134320656349213,0.673852196767786,0.2162693205239865,0.4744209265501576,0.686585110000207,0.12612918099026993,3.9143635215503707,3.389438785444248,66.01486206054688,2.8484609127044678,7.849918365478516,
NSGA-II,NSGA-II,20260312,1.3731343173587611,51.07232272051372,8.043205833379092,0.42764822240216993,0.819952384757126,0.6745408683498053,0.21626470271442166,0.4743816178172926,0.682789426248482,0.12614329386241793,3.9659701129174536,3.4748395459783974,66.00065612792969,2.8311736583709717,7.848194122314453,
NSGA-II,NSGA-II,20260312,1.2541128298569044,50.45220911786338,8.045545965517022,0.41805836413297326,0.8138935423045265,0.6745558005497873,0.21625961330594415,0.4742694232115583,0.6862351471243942,0.12651068811210203,4.751664736110108,3.3664350658921456,66.00335693359375,2.847053050994873,7.849894046783447,
NSGA-II,NSGA-II,20260312,1.458872953036916,50.381427704112184,8.045602362874053,0.4180199061108743,0.8195058606753816,0.6624540889181164,0.21642365728767915,0.4775017631355575,0.6820160619141749,0.12598895586885497,-11.436402005832122,3.804880927909328,66.00653076171875,2.8145391941070557,7.84999942779541,
NSGA-II,NSGA-II,20260312,1.3814816619646249,51.07628390312779,8.043256419756126,0.4278902519851479,0.8197972998974372,0.6740008060183065,0.21642723446651038,0.47438311658104537,0.6855555764696293,0.12620600548392052,5.0449044980897355,3.4804737343086742,66.00057983398438,2.8294851779937744,7.849783420562744,
NSGA-II,NSGA-II,20260312,1.377061243628916,51.0733655245466,8.043002333241311,0.42754718397440267,0.8199455886675644,0.6745412711145267,0.21626231764028003,0.4743810554809502,0.6814234827796999,0.12614334828272186,3.9681613896421766,3.4793335329560495,66.00028991699219,2.8310465812683105,7.848018169403076,
NSGA-II,NSGA-II,20260312,1.2516741930131228,50.4521013308369,8.043760313256001,0.4181006076610118,0.8138931040978663,0.6745558068497057,0.21639839021150586,0.47509188690237375,0.6865745915345319,0.12612707129849626,4.745154425929329,3.3974920848051906,66.0187759399414,2.8463587760925293,7.8499979972839355,
NSGA-II,NSGA-II,20260312,1.254095314562386,50.46302973033485,8.045459288631509,0.4180618766710781,0.8137311261648291,0.6745469273256086,0.21638791292603884,0.4751102724749002,0.6862302811719243,0.12598716918087702,4.220464965652091,3.3976135761641046,66.01698303222656,2.845896005630493,7.849996089935303,
NSGA-II,NSGA-II,20260312,1.242680172422173,51.11245560310463,8.045528881801369,0.4180822676383557,0.8196150441344354,0.6742558034792288,0.21642595266897585,0.4747407246968528,0.6817394145090379,0.12614767476593314,3.915431564526976,3.477881981753431,66.05699157714844,2.8499677181243896,7.849781036376953,
NSGA-II,NSGA-II,20260312,1.3853381462173808,51.07627718382471,8.043188480713242,0.4275962881075181,0.8195459894208128,0.6741941581445303,0.21642670743923323,0.4741413757706121,0.6827319793101685,0.12658582460979917,3.9296375599970403,3.4804729271004486,66.0010757446289,2.8298892974853516,7.848972797393799,
NSGA-II,NSGA-II,20260312,1.3854065105364226,51.10599151155488,8.043009310695268,0.42754665131451974,0.819615273292456,0.6740378350016794,0.2164277515801738,0.4747522503344602,0.6855415299577816,0.1261448226496673,3.9153733983781294,3.4778959483707794,66.0000228881836,2.828514337539673,7.8498148918151855,
NSGA-II,NSGA-II,20260312,1.2467511310063002,50.380656014351146,8.045545007466526,0.4180199766117164,0.8140230086915835,0.6744995430151206,0.21626460903878286,0.47407502038711835,0.682712588847598,0.12616067809291295,3.9446995658191,3.4101507366987462,66.0134506225586,2.849654197692871,7.849385738372803,
NSGA-II,NSGA-II,20260312,1.2516613311829636,50.49199678858095,8.043002078878477,0.41436160135637207,0.8196161136784256,0.6744341665568789,0.21626790275705318,0.47387242463938206,0.6861734873527573,0.1266104748867182,4.088988171282281,3.1770959502071685,66.00001525878906,2.842926502227783,7.843390464782715,
NSGA-II,NSGA-II,20260312,1.2545077294426092,50.46302973033485,8.04301893484266,0.41806478304604267,0.8143081720669416,0.6742103760186494,0.21626340972155023,0.47508114262211387,0.6862317509507382,0.12613770249766454,3.934034460008874,3.3976986420673745,66.0134506225586,2.845921754837036,7.849952697753906,
NSGA-II,NSGA-II,20260312,1.2417300946818295,50.45254408593886,8.038752193689714,0.4180553183334204,0.8134320656349213,0.6740443019323954,0.21626214400507393,0.4744209265501576,0.6864518960466537,0.12620181322429566,5.028728274230808,3.389438785444248,66.01519775390625,2.848738431930542,7.849697589874268,
NSGA-II,NSGA-II,20260312,1.251614305749986,50.49428697602377,8.047458188004445,0.41795863831113966,0.8078650907125057,0.6741957588407388,0.21626464908452006,0.47387194123698595,0.682698069670203,0.12615893166681802,4.359294290930961,3.3899978745647736,66.00399780273438,2.848687171936035,7.849675178527832,
NSGA-II,NSGA-II,20260312,1.3853381462173808,51.07627718382471,8.043188480713242,0.4275962881075181,0.8195459894208128,0.6741941581445303,0.21642670734921637,0.4741413757706121,0.6826840431199036,0.12619948868804787,3.9296375599970403,3.4804729271004486,66.00037384033203,2.8297526836395264,7.848963737487793,
NSGA-II,NSGA-II,20260312,1.2599161399190577,50.46241183891609,8.04739206283331,0.4187868124803541,0.8140495443273876,0.674267318417322,0.21626334752680626,0.4744138231772348,0.6862005779753864,0.1261357957168686,3.912490008079402,3.3898295221972634,66.00559997558594,2.84580397605896,7.849992275238037,
NSGA-II,NSGA-II,20260312,1.2467511310063002,50.37968924680805,8.045545007466526,0.4180199766117164,0.8140500633176269,0.6744995430151206,0.2162632741112484,0.4740889815467112,0.6840288452546681,0.12616067809291295,3.9446995658191,3.4101507366987462,66.01444244384766,2.849163770675659,7.8496503829956055,
NSGA-II,NSGA-II,20260312,1.2516613311829636,50.49199678858095,8.043033133561647,0.41436160135637207,0.8196161136784256,0.6744341665568789,0.21626790275705318,0.47387242463938206,0.6861734873527573,0.1266104748867182,4.08898368332018,3.1770959502071685,66.00001525878906,2.842925786972046,7.843389987945557,
NSGA-II,NSGA-II,20260312,1.3848207673273274,51.10865416309796,7.9692170707633805,0.41530911857605113,1.6111510649420104,0.6595829378253685,0.21626731756478929,0.4312199849216644,0.686014393646887,0.12647733607845313,-10.347496560791711,3.8562436553971633,66.7822494506836,2.8499984741210938,7.8075480461120605,
NSGA-II,NSGA-II,20260312,1.4177175545657394,62.63680618527822,3.198886186657906,0.49411386230686866,1.6524777363780316,0.6683030560802442,0.21869938782606324,0.5602417529192619,0.774155783202216,0.1412186661035543,-13.383382093023783,6.83533788411024,69.38562774658203,2.8037283420562744,7.849998474121094,
NSGA-II,NSGA-II,20260313,1.2101053755440268,15.539968081956985,5.9435626143132705,0.38861934756430316,0.6676799861645216,0.6865792310796502,0.22307286309432228,0.516629068089804,0.6802295392923703,0.11979909336741268,-6.210029110270341,3.368082000756434,66.0,2.8318893909454346,7.849997043609619,
NSGA-II,NSGA-II,20260313,1.209140797012868,15.47836197331717,5.6525816207461865,0.3958691140283105,0.6677461110943145,0.6852697836947838,0.22257651071761791,0.5089969348900132,0.6713628191337312,0.11999821530764314,-6.532532259146535,3.3618775793890663,66.00011444091797,2.8499999046325684,7.849476337432861,
NSGA-II,NSGA-II,20260313,1.209134435352183,15.466265642139724,5.468457437320089,0.39602154418769664,0.6676877351608571,0.6811620919679522,0.22257736340296155,0.5086827550039362,0.6714525841382889,0.11999271578408358,-6.148751369756923,3.35964853913708,66.0499267578125,2.8499906063079834,7.849999904632568,
NSGA-II,NSGA-II,20260313,1.2091352294512427,16.54857745934559,5.456924214066828,0.39599029791027895,0.6676872432493602,0.6811645658020836,0.22258759410110016,0.5087050778677222,0.6713401608282931,0.1199983688641258,-6.530794849823501,3.359648530663248,66.07383728027344,2.849998950958252,7.84999942779541,
NSGA-II,NSGA-II,20260313,1.2090999921161294,15.620758709012744,5.722233421232271,0.39760291294292227,0.6677441023061408,0.6866194723909977,0.22270093578069652,0.5086275185102469,0.6713627703655481,0.12126161005407962,-7.2006155076482585,3.359378757699065,66.0,2.8499221801757812,7.845147132873535,
NSGA-II,NSGA-II,20260313,1.2090795129450316,15.471069474024835,5.663407536806272,0.3958510399479985,0.6688602836793596,0.6854052644665993,0.22258818226100532,0.5089966049993704,0.6713531105521211,0.11997715660168887,-6.547815124918785,3.3596334769157123,66.0,2.8497073650360107,7.848971843719482,
NSGA-II,NSGA-II,20260313,1.2091015110557715,15.620758709012744,5.722244297693864,0.39760291294292227,0.668900260202293,0.6866774730722764,0.22270093604232488,0.5087074872612564,0.6721013129902969,0.12122882414923883,-7.207395870312901,3.361646571376328,66.0,2.849855899810791,7.845815658569336,
NSGA-II,NSGA-II,20260313,1.2149936197175206,15.481391439602465,5.9313570559650675,0.3886128936969926,0.6688500045345898,0.6865848953653307,0.22304899248905052,0.5166396022810011,0.6795937873106279,0.12172690427222072,-6.178758944582569,3.367836545215017,66.0,2.8327977657318115,7.849794864654541,
NSGA-II,NSGA-II,20260313,1.2091011921523969,15.60948296976916,5.722234056073643,0.3893117447222807,0.667729121983576,0.6866771519502146,0.22253900666123028,0.5140199866999515,0.671310087200443,0.11998418921480176,-7.207278067195233,3.3596003891241755,66.00011444091797,2.8426599502563477,7.849995136260986,
NSGA-II,NSGA-II,20260313,1.2090957075877165,15.428631429187828,5.667131461848071,0.3958414150504772,0.6676700246696744,0.6853194199200806,0.2226949996740813,0.5090002664014652,0.672102360352016,0.12012032937498207,-6.143550102187966,3.359585678757232,66.00167083740234,2.849571704864502,7.849993705749512,
NSGA-II,NSGA-II,20260313,1.2090961529147193,16.247569291050695,5.456863564898612,0.39583318604970613,0.6676810055519451,0.6811196755340071,0.22258818957385565,0.5087036393357149,0.6713402998853946,0.11999836879984681,-6.530786674042332,3.359648834275165,66.06757354736328,2.8499929904937744,7.84999942779541,
NSGA-II,NSGA-II,20260313,1.2090951155065657,17.066240084998235,5.672244917353162,0.39602338420619454,0.6676661131789499,0.6850285337792723,0.22268764202287422,0.508973682839414,0.6720559465443392,0.12132798220887879,-6.134121057651292,3.3619785794958954,66.03643035888672,2.849999189376831,7.84998893737793,
NSGA-II,NSGA-II,20260313,1.209134435352183,15.466265642139724,5.468759676615779,0.3960155711450941,0.6676877406915231,0.6811620919679522,0.22257736340296155,0.5086827550039362,0.6714525841382889,0.11999271578408358,-6.148751369756923,3.35964853913708,66.04985809326172,2.849985361099243,7.849999904632568,
NSGA-II,NSGA-II,20260313,1.2091372110620668,17.0662513976308,5.672244917353162,0.39601260896981383,0.6676757645749136,0.6850285337792723,0.22269150052163272,0.508973682839414,0.6720560108390703,0.12134871995592955,-6.1337011562063495,3.3619785794958954,66.0365982055664,2.8499996662139893,7.849991798400879,
NSGA-II,NSGA-II,20260313,1.2091014562727413,15.620758709012744,5.722244297693864,0.39760291294292227,0.668900260202293,0.6866774730722764,0.22270093604232488,0.5087074872612564,0.6721013129902969,0.1212288253987478,-7.207395870312901,3.361646571376328,66.0,2.849855899810791,7.845815658569336,
NSGA-II,NSGA-II,20260313,1.2090965027011893,15.469642873662071,5.6524771907032285,0.3958443081802595,0.6677281835951738,0.6852457025359674,0.22257610738646738,0.5089969348900132,0.6713628539790324,0.1200094783917612,-6.532532259146535,3.361901697152415,66.00000762939453,2.8499948978424072,7.84947395324707,
NSGA-II,NSGA-II,20260313,1.2090955388588773,15.813599694313947,5.663157653384777,0.3957752776110125,0.66769206611342,0.6853366463153925,0.2226912116277016,0.5088347530175246,0.6713392165334298,0.12001084881830021,-6.131635149188348,3.3596757552843157,66.00901794433594,2.8499720096588135,7.849999904632568,
NSGA-II,NSGA-II,20260313,1.2091038089366428,16.52131297256605,5.6668640226292215,0.39575584130330965,0.6676809146570286,0.6853862080924455,0.2225968396465554,0.5088254539331567,0.671350946909264,0.11992436661639733,-6.5487316115303145,3.3596490399137626,66.01629638671875,2.84999942779541,7.849963188171387,
NSGA-II,NSGA-II,20260313,1.2091353745925697,16.536975107437268,5.651332401297489,0.3958620465068037,0.6676951069833779,0.6852697836947838,0.22257654909905478,0.5089863915452858,0.6713627531955915,0.11995824456888479,-6.5324482636575,3.359735066679328,66.02043914794922,2.8499948978424072,7.849992752075195,
NSGA-II,NSGA-II,20260313,1.2091012558651322,15.82169463484459,5.665539855691552,0.39584401579407535,0.6688493374449472,0.6853323851977178,0.222587511779802,0.5089921194474355,0.6714914208684253,0.11995927171477228,-6.143089024849452,3.3596893674340436,66.00579833984375,2.8498480319976807,7.849993705749512,
NSGA-II,NSGA-II,20260313,1.209100470487554,15.80870971346428,5.663130538569873,0.3957658299135511,0.6676568342387069,0.6853366923651947,0.22269308507238977,0.5088338561303145,0.6713531601933233,0.11998260372289585,-6.144646067127653,3.3596443705796157,66.0089111328125,2.849942684173584,7.849997043609619,
NSGA-II,NSGA-II,20260313,1.20909342147926,16.19592803753976,5.6518711864196725,0.3959846370397739,0.6677188222676101,0.6853586854093894,0.2226051475237963,0.5089968313035544,0.6715154708562903,0.11995653430368183,-6.5332554792439765,3.3618547811527537,66.01528930664062,2.84999942779541,7.849879741668701,
NSGA-II,NSGA-II,20260313,1.209140797012868,15.47866775530299,5.652421468154783,0.39586254900505546,0.6678070692153623,0.6852697836947838,0.22257651071761791,0.5089863915452858,0.6713628191337312,0.11995824456888479,-6.53248154150284,3.3618995135766494,66.00003051757812,2.8499982357025146,7.849507808685303,
NSGA-II,NSGA-II,20260313,1.209095359688435,15.478318490036507,5.652037156338251,0.39586274194535437,0.6677462815945234,0.6852442128365066,0.22257617711454827,0.5090013991630882,0.6714980392890578,0.11999657550846127,-6.535152441303836,3.3618777174627055,66.00003051757812,2.8499820232391357,7.849585056304932,
NSGA-II,NSGA-II,20260313,1.209095582514386,15.616150009003931,5.666785013199199,0.39598482425575765,0.6677188222676101,0.6853586844062541,0.2226051475237963,0.5089742021672519,0.6713090280445604,0.12011942570745682,-6.154571875326731,3.361877958592062,66.00215148925781,2.8499996662139893,7.849696159362793,
NSGA-II,NSGA-II,20260313,1.2089912970598178,15.471069474024835,5.663407536806272,0.3958444439408507,0.6688497572191118,0.6853207279986067,0.22258818638396044,0.5089966049993704,0.6713513230644864,0.11997715660168887,-6.128475376740084,3.3596334769157123,66.00000762939453,2.8498830795288086,7.849703311920166,
NSGA-II,NSGA-II,20260313,1.20909678102793,15.526928133292348,5.663123296739428,0.3957659382164449,0.6676980701445405,0.6853491209259637,0.2226994081171893,0.5088408654493142,0.6713501511492656,0.12010378795495599,-6.127437650436953,3.3596512175254163,66.00403594970703,2.8499996662139893,7.84982967376709,
NSGA-II,NSGA-II,20260313,1.2090956358972953,15.844133671325618,5.667895364310254,0.3957658751011982,0.6676697758210299,0.6853753537713583,0.22257550768500084,0.5088379504966354,0.6714555412144615,0.11991922513442863,-6.5276648161670465,3.359648517215413,66.00175476074219,2.8499977588653564,7.849757194519043,
NSGA-II,NSGA-II,20260313,1.208988178296771,15.823428817581682,5.666887596997352,0.39577633157055503,0.6677507624826728,0.6852704749368117,0.22258642490381247,0.5089707679338047,0.6713480559746258,0.12011601100435605,-6.142585937768722,3.3595998566623355,66.0045394897461,2.8499722480773926,7.849968433380127,
NSGA-II,NSGA-II,20260313,1.2090956358972953,15.836833613779831,5.667895364310254,0.39576592051703086,0.6677226027428358,0.6853753475302571,0.22257114504619815,0.5088399525885341,0.6713499499055866,0.11992081846299905,-6.530389156118261,3.359648517215413,66.00177001953125,2.8499984741210938,7.849643707275391,
NSGA-II,NSGA-II,20260313,1.2091343940005443,15.467920323310796,5.722234056073643,0.3891779052982428,0.6677300665405762,0.6866196711145449,0.22254736572187667,0.5143243936722666,0.6720968899540631,0.12132548935664964,-7.222394192300158,3.359565621524856,66.00056457519531,2.842862367630005,7.8499836921691895,
NSGA-II,NSGA-II,20260313,1.2090955332684983,15.620913767783275,5.663141111503549,0.3957554184082873,0.6676867878577298,0.6854062091451781,0.22269814715005334,0.5088379504966354,0.6713651823409686,0.11998202098126826,-6.148718693895674,3.3596482034734665,66.00508880615234,2.849999189376831,7.849985122680664,
NSGA-II,NSGA-II,20260313,1.2090956358972953,15.810002705629373,5.667895364310254,0.39576590644662224,0.667723189832432,0.6853753475302571,0.22257102140410104,0.5088399525885341,0.6713499499055866,0.11992081846299905,-6.5276648161670465,3.359648517215413,66.00127410888672,2.8499972820281982,7.849630832672119,
NSGA-II,NSGA-II,20260313,1.209101204458067,15.60948296976916,5.722234056073643,0.3893135909375579,0.6677300618941983,0.6866769924041127,0.22254981268568336,0.513970950519611,0.6712807529192807,0.11998418936569824,-7.207394064872588,3.359594621060526,66.00029754638672,2.8427162170410156,7.84999942779541,
NSGA-II,NSGA-II,20260313,1.2090956455338797,15.495415041044446,5.663412963857903,0.39577018768694067,0.6678216326820675,0.6853346730327189,0.22269912259422445,0.5088333835782858,0.6713502910043883,0.12013663427226987,-6.128006761541187,3.3596481688530284,66.00364685058594,2.84999942779541,7.849763870239258,
NSGA-II,NSGA-II,20260313,1.2090940322187216,15.496141233176086,5.663231373699027,0.39577025105234537,0.6677274094258074,0.6853491209259637,0.22269943305971945,0.5088329641956802,0.6714627375706652,0.12010525182981882,-6.128338264554593,3.3593485406171033,66.00314331054688,2.849998712539673,7.849900245666504,
NSGA-II,NSGA-II,20260313,1.209141380013948,15.479287024309947,5.663445407626012,0.3957577679604638,0.6676842011936077,0.6854046374891457,0.22269958358392,0.508835331795501,0.6713522986703595,0.11997816070033657,-6.127367045755996,3.359648157957949,66.00234985351562,2.849992036819458,7.8499321937561035,
NSGA-II,NSGA-II,20260313,1.2090939933203748,15.456030106948724,5.667078788631258,0.3959846047712293,0.6677273493285627,0.6853366633860878,0.2226932350913532,0.5089998698115419,0.672102360352016,0.12012214304729268,-6.140664518779417,3.3622012811599293,66.00276184082031,2.849644184112549,7.849992275238037,
NSGA-II,NSGA-II,20260313,1.209141123567893,15.478319059515414,5.652736553045163,0.3957577679604638,0.6677476496583534,0.6854046374891457,0.22269190236863778,0.5089946357118071,0.6713525687315448,0.1199794158700717,-6.144510062444425,3.3596481688530284,66.00504302978516,2.8499674797058105,7.849991798400879,
NSGA-II,NSGA-II,20260313,1.2090942402772544,15.813599694313947,5.6668640226292215,0.3958441185531776,0.6676928115750754,0.6853314103289069,0.22258592146325923,0.5089918630228085,0.6713392165334298,0.12000012419916908,-6.132545970061649,3.3596757552843157,66.00413513183594,2.849919080734253,7.849987030029297,
NSGA-II,NSGA-II,20260313,1.209095627818232,15.538849206471424,5.663183732413199,0.3957658751011982,0.6678276538135148,0.6854062091451781,0.22269900691276565,0.5088333612276867,0.6713502910043883,0.11997924981080373,-6.1280102001828425,3.359648196243967,66.00379180908203,2.849998950958252,7.84993314743042,
NSGA-II,NSGA-II,20260313,1.209093337207822,15.469750110977323,5.667124309082757,0.3959846047712293,0.6678220172296836,0.6853378528257927,0.222690587681688,0.5089963286651347,0.6721018397261271,0.12011979672372107,-6.152319520451627,3.3622671981530035,66.00286865234375,2.8496572971343994,7.8499979972839355,
NSGA-II,NSGA-II,20260313,1.2091409667880555,15.479367813247533,5.652551907938674,0.3958700324519081,0.6677459187315204,0.6852697836947838,0.22257650706426374,0.5089965140065208,0.6713628191337312,0.11999538942260107,-6.532532259146535,3.3618790346265444,66.00012969970703,2.8499996662139893,7.849477767944336,
NSGA-II,NSGA-II,20260313,1.2090933876113232,15.479076435369098,5.65204911561875,0.39584409118978275,0.6677495430010427,0.685270824883584,0.22258743546228543,0.5090015464625706,0.6714985137738898,0.119998215307365,-6.533888726141896,3.3618536632868103,66.00045013427734,2.8499832153320312,7.849602699279785,
NSGA-II,NSGA-II,20260313,1.2089911550425074,15.495674652272506,5.662416737689529,0.39584401579407535,0.6688493374449472,0.6853323851977178,0.22258826119657335,0.5090016026029416,0.6714914208684253,0.11999815818981514,-6.14018762009912,3.361986140303374,66.0006103515625,2.8499691486358643,7.849950313568115,
NSGA-II,NSGA-II,20260313,1.20901464013562,16.556942961221548,5.754642597968427,0.39584505441486073,0.6677369545103852,0.6867812262012345,0.22268801938383692,0.5087530741773238,0.6714862592413599,0.11999250671727199,-6.127276464900042,3.359752724182668,66.00012969970703,2.849745273590088,7.849964141845703,
NSGA-II,NSGA-II,20260313,1.2091415504144456,15.47985673460245,5.663448112232111,0.3957577679604638,0.6676842011936077,0.6854046374891457,0.22269190236863778,0.5088379504966354,0.6713522986703595,0.11997952918986449,-6.144510062444425,3.3596481688530284,66.00202941894531,2.849996328353882,7.849913597106934,
NSGA-II,NSGA-II,20260313,1.2090956323182973,15.81983377142468,5.668003441269853,0.395770155917118,0.6676706111037193,0.6853747198481845,0.2225754718856003,0.5088331081991002,0.6713521384187453,0.11992150915725094,-6.525741843536267,3.359634944084891,66.00152587890625,2.8499996662139893,7.849639892578125,
NSGA-II,NSGA-II,20260313,1.2089911550425074,15.478495317387836,5.662456288426856,0.39599468506308844,0.6688493374449472,0.6853323851977178,0.22257601282738476,0.5090016326987434,0.6714852885513833,0.11999932112682372,-6.14018762009912,3.361986140303374,66.0000991821289,2.849980115890503,7.849803924560547,
NSGA-II,NSGA-II,20260313,1.2091012558651322,15.618960087140275,5.665539855691552,0.39584401579407535,0.6688493374449472,0.6854014980055747,0.222587511779802,0.5089921194474355,0.6714914208684253,0.11996004361705445,-6.143089024849452,3.359648526453957,66.00140380859375,2.849925994873047,7.849980354309082,
NSGA-II,NSGA-II,20260313,1.2091400193112416,15.613742092272949,5.668039575218428,0.3959634980740361,0.6677169666865087,0.6853585241942364,0.22258422381541504,0.5089933858593758,0.6713509404252496,0.12011663684811141,-6.153132797763348,3.3618204351732563,66.00077056884766,2.8499913215637207,7.849767208099365,
NSGA-II,NSGA-II,20260313,1.2089855864492194,15.444827435086316,5.66688971492634,0.39584353391908034,0.6677329445627662,0.6853201384191998,0.2226949996740813,0.5089963054892382,0.672102360352016,0.12011584946296762,-6.143550102187966,3.359585678757232,66.00211334228516,2.8495936393737793,7.849997520446777,
NSGA-II,NSGA-II,20260313,1.2091400193112416,15.613742092272949,5.6680492485542135,0.3959634980740361,0.6677161518547643,0.6853585241942364,0.2225881236425474,0.5089969511918839,0.6714916456285036,0.11994765607748985,-6.153132797763348,3.3618223002779564,66.000244140625,2.849888324737549,7.8499531745910645,
NSGA-II,NSGA-II,20260313,1.2090098023985936,16.571657504056542,5.754642597968427,0.3958474705959295,0.6677393775141124,0.6867707159183423,0.22268536673413658,0.5087086071468192,0.671486104269453,0.11999839076083718,-6.140341208969502,3.359752187993874,66.00013732910156,2.8497986793518066,7.849968910217285,
NSGA-II,NSGA-II,20260313,1.2090956455338797,15.524347970758619,5.663123296739428,0.3957659382164449,0.6677177862954734,0.6853491209259637,0.22269912259422445,0.5088400319892716,0.6714604757486049,0.12010525182981882,-6.127437650436953,3.3593621137476255,66.00369262695312,2.8499956130981445,7.849921703338623,
NSGA-II,NSGA-II,20260313,1.2091343940005443,15.456130844220123,5.722234056073643,0.3891779052982428,0.6677300665405762,0.6866196711145449,0.2225474609281426,0.5143243936722666,0.6720696809996504,0.12132548935664964,-7.22404791933922,3.359565621524856,66.00020599365234,2.842878580093384,7.849978446960449,
NSGA-II,NSGA-II,20260313,1.2090956455338797,15.496141233176086,5.663231373699027,0.39577018768694067,0.6677185974235036,0.6853491209259637,0.22269912259422445,0.5088331875998378,0.6714627375706652,0.12010525182981882,-6.128006761541187,3.3593485406171033,66.00313568115234,2.8499975204467773,7.8498992919921875,
NSGA-II,NSGA-II,20260313,1.209100878659184,15.50393828727339,5.662589889472739,0.39584401579407535,0.6688493374449472,0.6853323851977178,0.222587511779802,0.5089921166093179,0.6714914208684253,0.11995927171477228,-6.143124645770612,3.3596893674340436,66.00006866455078,2.849907159805298,7.849908828735352,
NSGA-II,NSGA-II,20260313,1.2090107282659162,16.556942961221548,5.754642597968427,0.3958473575190154,0.6677382404781703,0.6867812262012345,0.22268742979612582,0.5087523375235721,0.671482043190776,0.12005063648159572,-6.1117908066525,3.359633055036686,66.00016784667969,2.84978985786438,7.849971294403076,
NSGA-II,NSGA-II,20260313,1.209101204675087,15.60948296976916,5.722234056073643,0.38931366810617746,0.6677305936775955,0.686677363233335,0.2225506791799005,0.513970950519611,0.6712806603800723,0.11998425893980105,-7.205928951271069,3.3595946237329657,66.0003433227539,2.842715263366699,7.849999904632568,
NSGA-II,NSGA-II,20260313,1.2090968553878054,15.823428817581682,5.667146306629994,0.3957766940684407,0.6677507624826728,0.6852697727136681,0.22257625971715111,0.5089720705914924,0.6713631072572557,0.12012049091637052,-6.1501130605031165,3.3595998566623355,66.00396728515625,2.8499693870544434,7.849985599517822,
NSGA-II,NSGA-II,20260313,1.2090942309623762,15.612345578884732,5.666827394581361,0.3959634980740361,0.6677169666865087,0.6853585241942364,0.2225881236425474,0.508973363737151,0.6714660734810338,0.12011708352284933,-6.153132797763348,3.359356076138657,66.00054168701172,2.8499810695648193,7.849800109863281,
NSGA-II,NSGA-II,20260313,1.2091011921523969,15.60948296976916,5.722234056073643,0.3893117447222807,0.667729121983576,0.6866771519502146,0.22253900666123028,0.5140199866999515,0.6712968400855253,0.11998409826259901,-7.207278067195233,3.3596003891241755,66.00009155273438,2.842664957046509,7.849991321563721,
NSGA-II,NSGA-II,20260313,1.2089911550425074,15.495674652272506,5.662533111524986,0.39584401579407535,0.6688493374449472,0.6853323851977178,0.222587511779802,0.5089917126459151,0.6714914208684253,0.11995927171477228,-6.143124645770612,3.3596893674340436,66.00001525878906,2.849919080734253,7.849891185760498,
NSGA-II,NSGA-II,20260313,1.2089858678836904,15.607198339704569,5.667074353669166,0.3957828274533388,0.6677507624826728,0.6852704749368117,0.22258769389797872,0.5089996944340065,0.6713500820761539,0.12011598567247488,-6.158485542321962,3.362212034494202,66.00071716308594,2.849982500076294,7.849920749664307,
NSGA-II,NSGA-II,20260313,1.2090957208279973,15.428631429187828,5.667131461848071,0.3958508176648494,0.6676804965767471,0.6853194199200806,0.2226949996740813,0.5090002664014652,0.672102360352016,0.12012936828614901,-6.143550102187966,3.359585678757232,66.00166320800781,2.849580764770508,7.84998893737793,
NSGA-II,NSGA-II,20260313,1.2090965027011893,15.478999024553687,5.652037156338251,0.39584408939171345,0.6677281835951738,0.6852450544667863,0.22257617711454827,0.5090016679331584,0.6714980392890578,0.1200094783917612,-6.535170987307289,3.3619018789772133,66.00006866455078,2.8499867916107178,7.8495941162109375,
NSGA-II,NSGA-II,20260313,1.2091351849035394,15.495674652272506,5.662416737689529,0.3958518206829942,0.6688791312042353,0.6853323851977178,0.22258826119657335,0.5090016026029416,0.6714914208684253,0.11999815818981514,-6.1402478584845,3.3619784727424746,66.00040435791016,2.8499650955200195,7.849977970123291,
NSGA-II,NSGA-II,20260313,1.2091372110620668,17.0662513976308,5.672244917353162,0.39601260896981383,0.6677094674191175,0.6850285337792723,0.22269111725551452,0.5089733221110619,0.6720698625534937,0.12134813918995269,-6.1337011562063495,3.361952751173236,66.03659057617188,2.849997043609619,7.849998474121094,
NSGA-II,NSGA-II,20260313,1.2151068281205843,16.57145715384469,5.741930237606038,0.39663934120502,0.6677386618830755,0.6869514645258952,0.22268931970442624,0.5087477066185436,0.6721052028370404,0.1212596725342944,-6.529535635148633,3.3596425766880107,66.0000228881836,2.849970817565918,7.84979248046875,
NSGA-II,NSGA-II,20260313,1.2090956184714439,15.64001350919576,5.667907672107344,0.39584487859991474,0.6676927409224005,0.6853747037614188,0.22257734571244925,0.508992869980676,0.6713475956817342,0.12000012419916908,-6.132278827161663,3.3596443314322726,66.00018310546875,2.849936008453369,7.849910736083984,
NSGA-II,NSGA-II,20260313,1.2090964003178377,15.478999024553687,5.652037156338251,0.39586274220088946,0.6677291276153469,0.6852442128365066,0.22257617711454827,0.5090016679331584,0.6714980392890578,0.1200094783917612,-6.535152441303836,3.3619018792399658,66.00003814697266,2.8499913215637207,7.849586009979248,
NSGA-II,NSGA-II,20260313,1.2090107043672251,16.556942961221548,5.754642597968427,0.3958473426003678,0.6677382404781703,0.6867812262012345,0.22268801938383692,0.5087523375235721,0.671482043190776,0.12005063648159572,-6.1117908066525,3.3597533310613787,66.00020599365234,2.849792003631592,7.849976062774658,
NSGA-II,NSGA-II,20260313,1.209095587792074,15.64001350919576,5.667907672107344,0.39584487859991474,0.6677295333330182,0.6853885093066037,0.22257734571244925,0.508992869980676,0.6712855680810317,0.12000012419916908,-6.132278827161663,3.3596443314322726,66.00006103515625,2.849970579147339,7.849898815155029,
NSGA-II,NSGA-II,20260313,1.209093337207822,15.469750110977323,5.667148644442629,0.3959846047712293,0.667731195733074,0.685336982976287,0.222690587681688,0.5089963281376954,0.6721023529701231,0.12011979672372107,-6.152375976442933,3.3622119280932754,66.0028305053711,2.849651336669922,7.8499932289123535,
NSGA-II,NSGA-II,20260313,1.2090933876113232,15.479076435369098,5.65204911561875,0.39584409118978275,0.6677460675436947,0.685270824883584,0.22258743546228543,0.5090016248102065,0.6714985137738898,0.11999821530764314,-6.5352033688575375,3.3618772971320063,66.00045013427734,2.8499834537506104,7.849602222442627,
NSGA-II,NSGA-II,20260313,1.2090933876113232,15.479076435369098,5.652165489454209,0.39584409118978275,0.6677392726224076,0.685270824883584,0.22258743546228543,0.5089905004580719,0.6714985137738898,0.11995932883260028,-6.525837960684662,3.361854261252068,66.000244140625,2.849982738494873,7.849642753601074,
NSGA-II,NSGA-II,20260313,1.2090933876113232,15.479076435369098,5.65204911561875,0.39584409118978275,0.6677392726224076,0.685270824883584,0.22258743546228543,0.5090016248102065,0.6714985137738898,0.11999821530764314,-6.5352033688575375,3.3618545220026754,66.00044250488281,2.849982976913452,7.849601745605469,
NSGA-II,NSGA-II,20260313,1.2090942635402537,15.444827435086316,5.6671240891991115,0.39584353391908034,0.6678237660593757,0.6853210082687056,0.2226949996740813,0.5089963286628632,0.67210184710802,0.12012032937498207,-6.143493646196653,3.35964094881696,66.00208282470703,2.849581003189087,7.849999904632568,
NSGA-II,NSGA-II,20260313,1.2090942635402537,15.444827435086316,5.667148424558983,0.39584353391908034,0.6677329445627662,0.6853201384191998,0.2226949996740813,0.508996328135424,0.672102360352016,0.12012032937498207,-6.143550102187966,3.359585678757232,66.00206756591797,2.8495726585388184,7.849991321563721,
NSGA-II,NSGA-II,20260313,1.2090954781982974,15.456030106948724,5.667078788631258,0.3959846047712293,0.6677273493285627,0.6853366633860878,0.2226932350913532,0.508996328135424,0.672102360352016,0.12012214304729268,-6.141800522314966,3.3622012811599293,66.00276947021484,2.8496460914611816,7.84998893737793,
NSGA-II,NSGA-II,20260313,1.209140797012868,15.47836197331717,5.6525816207461865,0.3958691140283105,0.6677393161730273,0.6852697836947838,0.22257651071761791,0.5089969348900132,0.6713628191337312,0.11999821530764314,-6.532532259146535,3.361854804259735,66.00010681152344,2.8499996662139893,7.849475860595703,
NSGA-II,NSGA-II,20260313,1.215141375512399,16.57145715384469,5.741834494442273,0.3966429862766171,0.6677386618830755,0.686951587586427,0.22268931970442624,0.5087473701660281,0.6721056277491203,0.1212596725342944,-6.529535635148633,3.3596425766880107,66.00003051757812,2.849968194961548,7.849793434143066,
NSGA-II,NSGA-II,20260313,1.2091372110620668,17.0662513976308,5.672244917353162,0.3960123741650926,0.6676752059256319,0.6850285337792723,0.22269150052163272,0.508973682839414,0.6720545593508271,0.12134887580626016,-6.133704981951482,3.3619785794958954,66.0365982055664,2.8499999046325684,7.8499908447265625,
NSGA-II,NSGA-II,20260313,1.2091011921523969,15.60948296976916,5.722234056073643,0.3893117447222807,0.6677300690191925,0.6866771519502146,0.22254014809400596,0.5140199866999515,0.671310087200443,0.11998418921480176,-7.207278067195233,3.3596003891241755,66.0001220703125,2.8426613807678223,7.849999904632568,
NSGA-II,NSGA-II,20260313,1.2090939781313383,15.455463388729537,5.667124309082757,0.3959846047712293,0.6678176178494939,0.6853366328192707,0.2226906959280925,0.5089963286651347,0.6721018397261271,0.12011979672372107,-6.140001828122436,3.3622671981530035,66.00276184082031,2.84964656829834,7.8499860763549805,
NSGA-II,NSGA-II,20260313,1.2090938015785753,15.638248873811136,5.667907672107344,0.3959629230118028,0.6677276369855278,0.6853782563982977,0.22258412274228473,0.5089918630228085,0.6713390996103863,0.12000012419916908,-6.132545970061649,3.3621199644551485,66.00080108642578,2.8499960899353027,7.849911689758301,
NSGA-II,NSGA-II,20260313,1.2091347884369923,15.463477099625678,5.722234056073643,0.3891779052982428,0.667719018531804,0.6866196711145449,0.22254828432773027,0.5143243936722666,0.6720968899540631,0.12141176193632731,-7.212594266420467,3.359565621524856,66.00057983398438,2.8429226875305176,7.849986553192139,
NSGA-II,NSGA-II,20260313,1.2090956184714439,15.638248873811136,5.667907672107344,0.3958441185531776,0.6676928115750754,0.6853747037614188,0.22258400882052784,0.5089918630228085,0.6713392174297612,0.12000012419916908,-6.132545970061649,3.3596757552843157,66.00019836425781,2.849947929382324,7.8499321937561035,
NSGA-II,NSGA-II,20260313,1.209092817636897,16.492984391300322,5.652143070148767,0.3960157385793813,0.6677395096239007,0.685270824883584,0.22258743546228543,0.5089702068445252,0.6714985137738898,0.1199596323792359,-6.525837816693134,3.361854261252068,66.02046966552734,2.8499999046325684,7.849972248077393,
NSGA-II,NSGA-II,20260313,1.2091411754035921,15.47836197331717,5.6525816207461865,0.3958691140283105,0.667745082026108,0.6852697836947838,0.22257651071761791,0.5089969348900132,0.6713627552595016,0.11999821530764314,-6.532532259146535,3.3618775793890663,66.00011444091797,2.8499999046325684,7.849476337432861,
NSGA-II,NSGA-II,20260313,1.2090939933203748,15.456030106948724,5.667132091630656,0.3959846047712293,0.6677273493285627,0.6853358704302532,0.2226948949293789,0.5090002592638312,0.672102360352016,0.12012219622173492,-6.140664518779417,3.3622012811599293,66.00276947021484,2.849644184112549,7.849997043609619,
NSGA-II,NSGA-II,20260313,1.2090934206429989,16.195999130656897,5.652165489454209,0.3958508804166323,0.6677406235443899,0.685270824883584,0.22258743714449558,0.5089968989210096,0.6714985137738898,0.11995932883260028,-6.53088917009466,3.3618545220026754,66.01416015625,2.849992275238037,7.84999942779541,
NSGA-II,NSGA-II,20260313,1.2089946033722536,15.479076435369098,5.652338321260876,0.39584418114792913,0.6676791541556933,0.6852708324163728,0.2225874354142231,0.5089965049221332,0.6714985137738898,0.11999821524929923,-6.535213360724548,3.3618781558478714,66.00035095214844,2.849999189376831,7.849597930908203,
NSGA-II,NSGA-II,20260313,1.2090933876113232,15.479076435369098,5.65204911561875,0.3957596123685772,0.6676849054130048,0.6852705720508994,0.22258743546228543,0.5090015464625706,0.6714985137738898,0.119998215307365,-6.533888726141896,3.3596785015999675,66.00003051757812,2.84993314743042,7.849589824676514,
NSGA-II,NSGA-II,20260313,1.209140797012868,16.543705880150423,5.6525816207461865,0.3960155708626462,0.6677395051866502,0.6852713862399499,0.22258689450681501,0.5089721969317021,0.6713100831575667,0.11999836732553831,-6.5326376458044635,3.3618775793890663,66.02190399169922,2.8499999046325684,7.849782466888428,
NSGA-II,NSGA-II,20260313,1.209140797012868,15.478357929931672,5.652576268067673,0.3958691140283105,0.6677461110943145,0.6852697836947838,0.22257651071761791,0.5089970071971601,0.6713628191337312,0.11995739491276079,-6.532531715848478,3.361877542925124,66.00006103515625,2.8499746322631836,7.849485397338867,
NSGA-II,NSGA-II,20260313,1.209101204675087,15.60948296976916,5.722234056073643,0.38931366810617746,0.6677300670548739,0.6866769959332946,0.2225506791799005,0.513970950519611,0.6712806625904679,0.11998425893980105,-7.205900560596149,3.3595946237329657,66.0003433227539,2.842714786529541,7.849999904632568,
NSGA-II,NSGA-II,20260313,1.209140797012868,16.543705880150423,5.6525816207461865,0.3960155708626462,0.6677395687104631,0.6852713862399499,0.22258689450681501,0.5089721969317021,0.6713100831575667,0.11999836732553831,-6.5326376458044635,3.3618775793890663,66.02190399169922,2.8499999046325684,7.849782466888428,
NSGA-II,NSGA-II,20260313,1.2090957075877165,15.428631429187828,5.667078158848673,0.3958414150504772,0.6676700246696744,0.6853202128759152,0.22269333983605558,0.5089998769491758,0.672102360352016,0.12012027620053982,-6.143550102187966,3.359585678757232,66.00170135498047,2.8495678901672363,7.849983215332031,
NSGA-II,NSGA-II,20260314,1.5231654027387869,29.49971455348982,4.4783277159404165,0.42790797986998114,1.038122000712498,0.6405668797238335,0.2107696274540162,0.46837494795623247,0.7067148745978297,0.12315392098618941,-7.576577201363762,2.851737616969284,66.0,2.8493409156799316,7.84988260269165,
NSGA-II,NSGA-II,20260314,1.5248486355093218,29.293550618615928,4.491120159939883,0.42638037199141776,1.0382467068329948,0.6405608735376072,0.21077857299575256,0.4697624543422678,0.7068841189623253,0.12320402547314978,-7.664201558997256,2.8537682188222906,66.00000762939453,2.8472328186035156,7.849986553192139,
NSGA-II,NSGA-II,20260314,1.5248486355093218,29.293550618615928,4.491120159939883,0.4263805147249886,1.038246707589027,0.6405608735376072,0.21077857299575256,0.4697624543422678,0.7068841189623253,0.12320402547314978,-7.663954267143836,2.8537713580646664,66.00000762939453,2.8472328186035156,7.849986553192139,
NSGA-II,NSGA-II,20260314,1.5231644371052293,29.49630669712941,4.478144396924394,0.42638219436044433,1.038156978773454,0.6405669341952253,0.21076884007983887,0.46956778957435474,0.7069325551140718,0.12718867807893916,-7.6588847133202975,2.8512648718096596,66.01724243164062,2.8499629497528076,7.849999904632568,
NSGA-II,NSGA-II,20260314,1.5231647249130025,29.294766152858518,4.477804998822117,0.42776943461242534,1.0381706080507016,0.640563297260978,0.21076965807935882,0.4680398058105125,0.7036851089626173,0.12300379374959439,-7.660684559145999,2.851477832609033,66.0,2.8499484062194824,7.8483052253723145,
NSGA-II,NSGA-II,20260314,1.5228266922036602,29.51669502299511,4.478159884581865,0.4279765743664539,1.0381219120757355,0.6405612326149877,0.21076962953495804,0.46830443307336167,0.7068899883239224,0.1231855480925819,-7.6706404114620526,2.8513915117806183,66.00000762939453,2.8494362831115723,7.84998083114624,
NSGA-II,NSGA-II,20260314,1.5246866964069303,29.293188972357072,4.491120159939883,0.42638291833038566,1.0382467040675738,0.6405601461474623,0.21077857299575256,0.46976242360507603,0.7068815019830692,0.12320402547314978,-7.664204425066053,2.8542714611010043,66.00006866455078,2.8472719192504883,7.8499979972839355,
NSGA-II,NSGA-II,20260314,1.5212508516303005,29.29330540665029,4.649661263963965,0.42800797380602157,1.0382454914317343,0.6405606192980849,0.2108265115560487,0.46996355055762185,0.7068726809806644,0.12687112540777248,-4.417360884425648,2.9702767351188153,66.00007629394531,2.8499841690063477,7.849898815155029,
NSGA-II,NSGA-II,20260314,1.522690877994168,29.489114795430282,4.64480195952757,0.4280026166628591,1.0382495208730287,0.6405606154472299,0.2107801987796697,0.46995132169651543,0.7068721395191199,0.1270249772309718,-4.133911816948654,2.9642739221140624,66.00128936767578,2.84999942779541,7.849969863891602,
NSGA-II,NSGA-II,20260314,1.5226575864204743,29.51669502299511,4.478166287405474,0.427977097193883,1.03812977669994,0.6405633007899214,0.21076962953495804,0.46830089768322264,0.7068899883239224,0.1231849741441895,-7.671300580867246,2.8513915117806183,66.0000228881836,2.8494670391082764,7.849973678588867,
NSGA-II,NSGA-II,20260314,1.523157429665471,29.489203393881496,4.477847224496018,0.42638702757974634,1.0381580508557142,0.6405666778752502,0.21076966555634896,0.46957582134724885,0.7069830199497035,0.12726339504601636,-7.658463420375959,2.851397098414819,66.01740264892578,2.849987268447876,7.849996566772461,
NSGA-II,NSGA-II,20260314,1.5226768083609339,29.495709998390044,4.640771982528543,0.4280018018875065,1.0381119315758776,0.6405605607769381,0.2107803610611012,0.4699610704455878,0.7068721395191199,0.1270249772309718,-4.426628554921706,2.9627561080103013,66.00225830078125,2.8499526977539062,7.84999942779541,
NSGA-II,NSGA-II,20260314,1.5231614465733503,29.289842077654345,4.649661355765195,0.4280018353388336,1.0382561128368402,0.6405606169151248,0.2108277695533784,0.4699611501406814,0.7069409104789085,0.1270249772309718,-4.417530771804323,2.9667461963046886,66.0,2.849658727645874,7.849881649017334,
NSGA-II,NSGA-II,20260314,1.521294549367021,29.294271002445967,4.649661355765195,0.4279029696415315,1.0382454669278005,0.6405603283997527,0.21082578033388732,0.46994911393647565,0.7068736345833713,0.1270249772309718,-4.417530771804323,2.9669941630802223,66.00006103515625,2.8499977588653564,7.8498663902282715,
NSGA-II,NSGA-II,20260314,1.5226768083609339,29.502924868613352,4.6444539277652055,0.4280028774513601,1.038246186521766,0.640560678078434,0.21077935144029844,0.46995039666693017,0.7068852144334656,0.126828627604279,-4.0263491244151695,2.9643175189978446,66.00059509277344,2.8499467372894287,7.8499979972839355,
NSGA-II,NSGA-II,20260314,1.522690877994168,29.49606028406825,4.64480195952757,0.428001982831505,1.0382495208730287,0.6405606154472299,0.2107801987796697,0.46995132169651543,0.7068718570770569,0.1270249772309718,-4.133911816948654,2.9642739221140624,66.00140380859375,2.8499999046325684,7.849971771240234,
NSGA-II,NSGA-II,20260314,1.5231324642880515,29.2761104442198,4.490960949103235,0.4261938556265288,1.0376975408642304,0.6405606612885315,0.21075191227078074,0.4695707924348955,0.706890706712261,0.1272994319514391,-7.445809728449149,2.8516194363120055,66.00907135009766,2.8499622344970703,7.849998950958252,
NSGA-II,NSGA-II,20260314,1.523170013902076,29.499730895499148,4.47825046354014,0.42790797986998114,1.0381220312078323,0.6405675282003889,0.2107695472324555,0.46842023348989104,0.7069658989013264,0.12318502981876171,-7.6593996143217,2.8513956501203706,66.00011444091797,2.8492321968078613,7.84998893737793,
NSGA-II,NSGA-II,20260314,1.5212602991201627,29.29330540665029,4.649661264148074,0.42800289020036286,1.0382454914317343,0.6405606194492496,0.2108265115560487,0.46996355055762185,0.7068726809806644,0.12687112540777248,-4.41947487368293,2.970061955958271,66.00005340576172,2.8499765396118164,7.849894046783447,
NSGA-II,NSGA-II,20260314,1.5226768083609339,29.486746378948357,4.640771982528543,0.4280018018875065,1.0381119315758776,0.6405605607769381,0.2107803610611012,0.46996064645003155,0.7068721395191199,0.1270249772309718,-4.426628554921706,2.9627561080103013,66.0020980834961,2.8499529361724854,7.849998474121094,
NSGA-II,NSGA-II,20260314,1.5231324642880515,29.2761104442198,4.490960949103235,0.4261938556265288,1.0376930999770948,0.6405606637414231,0.2107523451109713,0.4695707924348955,0.706890706712261,0.1272994319514391,-7.42606743305501,2.8516194363120055,66.00908660888672,2.849965810775757,7.849998950958252,
NSGA-II,NSGA-II,20260314,1.5212252172883596,29.294377662619247,4.651313896906743,0.4280025953727933,1.0382833573956618,0.640563229387321,0.21082553607554222,0.4699504673806561,0.7069304350967627,0.12703713994338445,-4.13304973352637,2.966640593598912,66.00003814697266,2.8499927520751953,7.849664211273193,
NSGA-II,NSGA-II,20260314,1.524667960674663,29.294695624849442,4.491120159939883,0.42638291833038566,1.03817443834637,0.6405632808178336,0.21078006268739935,0.46975941838248825,0.7068720531161485,0.12320246044418466,-7.664187490246519,2.8542714611010043,66.00008392333984,2.8472788333892822,7.849996566772461,
NSGA-II,NSGA-II,20260314,1.523164494990552,29.502898404069057,4.478333349240807,0.4263844926440016,1.0381580508769996,0.6405666778752502,0.21076993380762457,0.46957913406830365,0.7069738183685212,0.12726505195963442,-7.6588973563545295,2.851582661176662,66.01759338378906,2.8499832153320312,7.849999904632568,
NSGA-II,NSGA-II,20260314,1.5231647386548526,29.294766152858518,4.477804998822117,0.42776943461242534,1.0381706080507016,0.640563297260978,0.21076965807935882,0.4680398058105125,0.7036851089626173,0.12300379374959439,-7.660684559145999,2.851477832609033,66.0,2.8499484062194824,7.8483052253723145,
NSGA-II,NSGA-II,20260314,1.522690877994168,29.49606028406825,4.644814685410193,0.428001982831505,1.0382465964344305,0.6405606281961591,0.2107801987796697,0.46995132169651543,0.7068718570770569,0.12702437486645607,-4.133911816948654,2.964272976105374,66.00139617919922,2.8499996662139893,7.849971771240234,
NSGA-II,NSGA-II,20260314,1.5231644369110742,29.294766152858518,4.477804998822117,0.42776943461242534,1.0381706080507016,0.6405632979552669,0.21076965807935882,0.4680398058105125,0.7036851089626173,0.12300379374959439,-7.660684559145999,2.851477832609033,66.0,2.8499484062194824,7.8483052253723145,
NSGA-II,NSGA-II,20260314,1.5248677063142395,29.297101551167263,4.491120159939883,0.42638037199141776,1.038246706841756,0.6405606544399421,0.21077863447632358,0.4697593492832551,0.7068841189623253,0.12320402547314978,-7.6642044260088795,2.8537682188222906,66.00004577636719,2.8472344875335693,7.849992752075195,
NSGA-II,NSGA-II,20260314,1.5248515762688286,29.293550618615928,4.491120159939883,0.42638037199141776,1.0382467068329948,0.6405672513195327,0.21077848361083296,0.4697624543422678,0.7068827733456817,0.12320402547314978,-7.695498857469687,2.853720899958171,66.0,2.8472304344177246,7.84999418258667,
NSGA-II,NSGA-II,20260314,1.5226636841528784,29.488941086497515,4.644335396456646,0.4280131935495266,1.0382823166927146,0.6405609042761788,0.210777858640595,0.4699500832403073,0.7068869264556726,0.12701792838216644,-4.426937260012821,2.964146575973615,66.00161743164062,2.84993314743042,7.84999942779541,
NSGA-II,NSGA-II,20260314,1.5233598550582026,29.294506127130482,4.649661355765195,0.4280027607913938,1.0382879825825893,0.640563220104548,0.21082724894389676,0.4699504298162,0.706865628407848,0.1270236019474583,-4.481978211973676,2.9687144394404505,66.0000991821289,2.849708080291748,7.8499836921691895,
NSGA-II,NSGA-II,20260314,1.5231784448718604,29.504129148573547,4.478332041303576,0.4279601161107318,1.038122000712498,0.6405667773452942,0.21076962699294857,0.46839226778623,0.7069749537305089,0.1231383922189771,-7.661292044314877,2.851397316135169,66.0,2.849228858947754,7.849963665008545,
NSGA-II,NSGA-II,20260314,1.5212284111437122,29.294377662619247,4.651313896906743,0.4280025953727933,1.0382833573956618,0.6405606280309446,0.21082553607554222,0.4699504673806561,0.70686578931976,0.12703713994338445,-4.13304973352637,2.9665853560961764,66.00012969970703,2.8499996662139893,7.849620342254639,
NSGA-II,NSGA-II,20260314,1.5231544761073748,29.502898404069057,4.478333349240807,0.4263859840612616,1.0381580469279923,0.6405666778752502,0.2107696653457215,0.4695788707615286,0.7069736268284059,0.12726505195963442,-7.658759517531919,2.851628001278651,66.01759338378906,2.8499865531921387,7.84999942779541,
NSGA-II,NSGA-II,20260314,1.5212284111437122,29.294377662619247,4.651313896906743,0.4280025953727933,1.0382833573956618,0.6405606280309446,0.21082553607554222,0.4699504673806561,0.70686578931976,0.12703713994338445,-4.13304973352637,2.966585542334564,66.00012969970703,2.8499996662139893,7.849620342254639,
NSGA-II,NSGA-II,20260314,1.5227043810209793,29.2831666915594,4.49085898608091,0.4261899306905071,1.0376975477822588,0.6405608733913659,0.2107508449161201,0.4696500050351482,0.7068876310626764,0.1273098465451526,-7.445809728449149,2.8539700543310866,66.00994110107422,2.8499953746795654,7.849991321563721,
NSGA-II,NSGA-II,20260314,1.5248409323692176,29.2932078687124,4.491120159939883,0.42638219776386754,1.0382467068329948,0.6405606544399421,0.21077857299575256,0.4697624543422678,0.7068841189623253,0.12320402547314978,-7.663909994433283,2.8537682188222906,66.00001525878906,2.8472330570220947,7.849982738494873,
NSGA-II,NSGA-II,20260314,1.5226765550409629,29.2831666915594,4.491414373080601,0.42617275992173187,1.037693003690961,0.640560867895758,0.21075215034036743,0.4696514763916702,0.7068874999912957,0.12730972314968103,-7.445809728449149,2.8539700543310866,66.00987243652344,2.849987745285034,7.849996089935303,
NSGA-II,NSGA-II,20260314,1.522690877994168,29.488313368512202,4.64480195952757,0.428001982831505,1.0382495208730287,0.6405606154472299,0.2107505345359017,0.4699861247439622,0.7068711815462456,0.1270249772309718,-4.286694368127392,2.963513756970637,66.00016784667969,2.849970817565918,7.849994659423828,
NSGA-II,NSGA-II,20260314,1.52316527209851,29.504134229107645,4.478332041303576,0.4279600932892567,1.038122000712498,0.6405669385359134,0.21076962699294857,0.468392267883351,0.7069752981342777,0.1231383922189771,-7.661383260307652,2.851397316135169,66.0,2.849231004714966,7.849963188171387,
NSGA-II,NSGA-II,20260314,1.5212240335076146,29.29426997955704,4.651313896906743,0.4280025953727933,1.0382468639194429,0.640560630104337,0.21082553607554222,0.4699504673806561,0.7068655159053813,0.1270237637750054,-4.13304973352637,2.9665853560961764,66.0000228881836,2.8499960899353027,7.849626064300537,
NSGA-II,NSGA-II,20260314,1.5226872801720477,29.29330540665029,4.649661264148074,0.4280026179873182,1.038245816996897,0.6405606194492496,0.2108265115560487,0.4699605383378086,0.7068727242912294,0.12702428088488343,-4.41947487368293,2.9700100340567044,66.00017547607422,2.84985089302063,7.849999904632568,
NSGA-II,NSGA-II,20260314,1.52316527209851,29.502829032261086,4.478333395055717,0.4279606326382419,1.0381220004040574,0.6405669385359134,0.21076962542485084,0.4683922566145929,0.7069647900092882,0.1231383922189771,-7.659368699034786,2.851397316135169,66.0,2.8492321968078613,7.849954128265381,
NSGA-II,NSGA-II,20260314,1.5231651021090602,29.496585056126936,4.47814447608988,0.4263671492966105,1.0381440052445121,0.6405669341986461,0.2107696560606731,0.46957142967030485,0.7069297444633882,0.1272571444129557,-7.6707660184902196,2.8513902871693517,66.01736450195312,2.8499984741210938,7.849996089935303,
NSGA-II,NSGA-II,20260314,1.5212961517626193,29.29426986705778,4.651312201269784,0.4280025953727933,1.0382833911310154,0.6405606179010332,0.21082553607554222,0.46995048030052333,0.70686578931976,0.12702518887982633,-4.13304973352637,2.9669960641449302,66.00004577636719,2.8499984741210938,7.84965181350708,
NSGA-II,NSGA-II,20260314,1.5231647249130025,29.294766152858518,4.477804998822117,0.42776943461242534,1.0381706080507016,0.640563297260978,0.21076965766901867,0.4680398058105125,0.7036851089626173,0.12300379374959439,-7.660684559145999,2.851477832609033,66.0,2.8499484062194824,7.8483052253723145,
NSGA-II,NSGA-II,20260314,1.523161052838833,29.502898404069057,4.478333349240807,0.4263859840612616,1.0381580469279923,0.6405666832309724,0.2107696653457215,0.4695788707615286,0.7069736268284059,0.12726680380492641,-7.642253470323475,2.851628001278651,66.01759338378906,2.849989652633667,7.849998950958252,
NSGA-II,NSGA-II,20260314,1.523353278326744,29.294506127130482,4.649661355765195,0.4280027607913938,1.0382879825825893,0.6405632147488257,0.21082724894389676,0.4699504298162,0.706865628407848,0.12702185010216632,-4.498484259182106,2.9687144394404505,66.00011444091797,2.849703788757324,7.849984645843506,
NSGA-II,NSGA-II,20260314,1.5227205740590746,29.189436931114077,4.490736385440243,0.42621958890847356,1.037693301408325,0.6405608602299464,0.21075216017296156,0.46963962945986626,0.7069554968797717,0.12730909369863144,-7.445809728449149,2.85397511556123,66.00822448730469,2.8499884605407715,7.849987030029297,
NSGA-II,NSGA-II,20260314,1.5248554032110295,29.2932078687124,4.491120498863191,0.4263804085722377,1.0382467068329948,0.6405606567548361,0.21077857299575256,0.4697624543422678,0.7068847121211155,0.12320402547314978,-7.664254107582693,2.8537682188222906,66.0,2.84723162651062,7.849987030029297,
NSGA-II,NSGA-II,20260314,1.523178756263824,29.499903734553587,4.4783277159404165,0.42790797986998114,1.038122000712498,0.6405667777645265,0.2107696274813632,0.46837494795623247,0.7067148745978297,0.12315392098618941,-7.576577201363762,2.851737616969284,66.0,2.8493387699127197,7.849883556365967,
NSGA-II,NSGA-II,20260314,1.5231660405028964,29.5169431035511,4.478324737948667,0.42790797986998114,1.038122000712498,0.6405668971541258,0.2107696274540162,0.4683038415230768,0.7067210464928787,0.12329011426218489,-7.575849229568476,2.851734394300931,66.0001220703125,2.8495192527770996,7.849992752075195,
NSGA-II,NSGA-II,20260314,1.5226569486563646,29.51669502299511,4.478162862573614,0.4279765743664539,1.03812977669994,0.640562351341914,0.21076962953495804,0.46829229432146535,0.7068899942608444,0.12318842095901329,-7.670097845921518,2.851552564745311,66.00004577636719,2.8494794368743896,7.849982261657715,
NSGA-II,NSGA-II,20260314,1.5226911345022307,29.484445473788337,4.645012805935196,0.428002836253202,1.0382462973127213,0.6405608734395696,0.21077936044360862,0.46995132169651543,0.7068849510190378,0.12702482089658396,-4.139747180515741,2.964322018981697,66.0010986328125,2.849997043609619,7.849981307983398,
NSGA-II,NSGA-II,20260314,1.5214207371958914,29.292512677407572,4.649663051402153,0.42789879554648613,1.0382454331924469,0.6405608570232417,0.2108257576041324,0.4699491010166085,0.7068736274363188,0.1270369282945299,-4.417574393372867,2.9670752855453717,66.00003814697266,2.8499882221221924,7.849883079528809,
NSGA-II,NSGA-II,20260314,1.5231503324738669,29.285285892990647,4.478144396924394,0.42638219436044433,1.0381440052445121,0.6405669341952253,0.21076965602273223,0.4695509833616758,0.7069841733365166,0.12718867807893916,-7.664186053469038,2.8513902871693517,66.01309204101562,2.8499841690063477,7.849997520446777,
NSGA-II,NSGA-II,20260314,1.5226872801720477,29.289811278752673,4.649661264148074,0.4280026423900317,1.0382569392744432,0.640560619526109,0.21082655003807238,0.46996055097149164,0.7068754871491258,0.12702428088488343,-4.41947487368293,2.9700100340567044,66.00012969970703,2.8498497009277344,7.84999942779541,
NSGA-II,NSGA-II,20260314,1.5233706687179138,29.294272175167023,4.649661355765195,0.4280027928797032,1.0382884881320797,0.64056056124389,0.21082534873721848,0.46996355055762185,0.7068726446227478,0.1270249772309718,-4.416108077232792,2.9686148317385226,66.00004577636719,2.8497023582458496,7.849961280822754,
NSGA-II,NSGA-II,20260314,1.5248677063142395,29.297101551167263,4.491120159939883,0.42638037199141776,1.038246706832958,0.6405605704932349,0.21077863774644084,0.4697593492832551,0.706884095111483,0.12320402547314978,-7.6642044260088795,2.8537682188222906,66.00004577636719,2.8472344875335693,7.849992752075195,
NSGA-II,NSGA-II,20260314,1.5228266922036602,29.516439393288007,4.477832908728684,0.4279762530633879,1.038122030279199,0.6405612315237645,0.21076962955668216,0.46830388594828415,0.7068900083091636,0.1231851361224702,-7.65884198865524,2.8513895576591124,66.00003051757812,2.849447011947632,7.8499884605407715,
NSGA-II,NSGA-II,20260314,1.5231503324738669,29.286914584195657,4.478150829986386,0.42638219436044433,1.0381220184123552,0.6405669385697359,0.21076965554543597,0.4695509833616758,0.7069841733365166,0.12718867807893916,-7.6642478328373755,2.851390398219428,66.01310729980469,2.8499836921691895,7.849998474121094,
NSGA-II,NSGA-II,20260314,1.5226768083609339,29.488648813204954,4.640866872364956,0.4280017966271029,1.0381119315758776,0.6405606208037287,0.21077945394818992,0.46996354890731806,0.7068726720767127,0.12703028522359974,-4.418342973463368,2.962760828826485,66.00210571289062,2.849954128265381,7.8499956130981445,
NSGA-II,NSGA-II,20260314,1.5212508516303005,29.29469833374825,4.649661263963965,0.42800797380602157,1.0382454914317343,0.6405606605676399,0.2108274054262516,0.46996355055762185,0.7069376308393314,0.12687112540777248,-4.417360884425648,2.9702767351188153,66.00000762939453,2.849975824356079,7.849944114685059,
NSGA-II,NSGA-II,20260314,1.521294549367021,29.294373373845147,4.649661355765195,0.42790271354033876,1.0382835164633228,0.640560331799996,0.21082578033388732,0.4699492510742267,0.706872147780945,0.1270247978581729,-4.417530771804323,2.9669941630802223,66.00007629394531,2.84999942779541,7.84986686706543,
NSGA-II,NSGA-II,20260314,1.5226905186945885,29.189436931114077,4.490736385440243,0.42621958890847356,1.037708616061945,0.6405610955432472,0.21075217787016026,0.46963962945986626,0.7069554968797717,0.12730909369863144,-7.444738397441149,2.85397511556123,66.00825500488281,2.849992275238037,7.849981784820557,
NSGA-II,NSGA-II,20260314,1.5212284111437122,29.294377662619247,4.651313896906743,0.428002934304881,1.0382776524637551,0.640566886524476,0.21082564059429226,0.46996932250258344,0.7069837138338706,0.12703713994338445,-4.13304973352637,2.967390908194906,66.0000228881836,2.8499910831451416,7.849730014801025,
NSGA-II,NSGA-II,20260314,1.5233317033783087,29.294506127130482,4.649612991831811,0.42800289385094215,1.0382452569459675,0.640563107930905,0.21082715154130774,0.4699609418503606,0.7068725684219084,0.12702185010216632,-4.417064724594049,2.9687031974469114,66.00005340576172,2.8497140407562256,7.849971771240234,
NSGA-II,NSGA-II,20260314,1.5226768083609339,29.486365200819854,4.640866872364956,0.4280018018875065,1.0381119315758776,0.6405608632258445,0.2107803610611012,0.46996064645003155,0.7068718595360429,0.12702913337346447,-4.426639039515081,2.9627561080103013,66.00209045410156,2.8499534130096436,7.849996566772461,
NSGA-II,NSGA-II,20260314,1.5212867515213202,29.49326601529295,4.6523551683661974,0.428001841664705,1.0382399755570428,0.640561034541569,0.21078028859083225,0.4699506117567205,0.7068720828459383,0.12683003538815665,-4.405622410161371,2.9673881078003554,66.00023651123047,2.849987506866455,7.849923610687256,
NSGA-II,NSGA-II,20260314,1.5226768083609339,29.495601956347592,4.6444539277652055,0.42800283513337645,1.0382461860218912,0.6405609010537375,0.21077936143160214,0.4699511609441429,0.7068852234139015,0.126834096857419,-4.0263491244151695,2.964322002596196,66.00049591064453,2.8499481678009033,7.8499956130981445,
NSGA-II,NSGA-II,20260314,1.5227350844316137,29.189436931114077,4.490736385440243,0.42618895679335,1.0377428146070158,0.6405605841208598,0.21075216028696264,0.46964815672633436,0.7069542148230062,0.12736719670444588,-7.443702681326876,2.8539658722437458,66.00835418701172,2.8499996662139893,7.849987983703613,
NSGA-II,NSGA-II,20260314,1.5214034277984914,29.48905244485941,4.649661050638361,0.4280026479288527,1.0382559941968765,0.6405606285006868,0.21077863805773384,0.4699610406373883,0.7068757492043822,0.12682665253170242,-4.4054663506644545,2.9670335460339325,66.00053405761719,2.849999189376831,7.849956512451172,
NSGA-II,NSGA-II,20260314,1.5227201322712314,29.28496348922273,4.491415301519896,0.42617275992173187,1.0376933053147703,0.640560867895758,0.2107521601380157,0.46965133199503833,0.7068874999912957,0.12730972314968103,-7.445809728449149,2.853975182955484,66.0099105834961,2.849980354309082,7.849998474121094,
NSGA-II,NSGA-II,20260314,1.5212867515213202,29.49326601529295,4.6523551683661974,0.42800184155963045,1.0382399755570428,0.640561034541569,0.21078028859083225,0.4699506117567205,0.706940387729341,0.12683003538815665,-4.405227434711385,2.9673881078003554,66.00009155273438,2.8499820232391357,7.849974632263184,
NSGA-II,NSGA-II,20260314,1.5227213717524504,29.502384815757274,4.651242507566394,0.4280029153639865,1.0382828086129658,0.6405666339967478,0.2107798187513299,0.46996932250258344,0.7068718826897495,0.12703713994338445,-4.13304973352637,2.967390908194906,66.0007553100586,2.849952459335327,7.8499979972839355,
NSGA-II,NSGA-II,20260314,1.5226911358345203,29.48416137824967,4.644811233892074,0.428002836253202,1.038249738650677,0.6405608734395696,0.21077935645127535,0.46995132169651543,0.7068851038803299,0.12702482235611812,-4.139743868792387,2.9643216205124,66.00115966796875,2.849998712539673,7.849981307983398,
NSGA-II,NSGA-II,20260314,1.5227353827738743,29.18764013345075,4.490735457000947,0.42621958890847356,1.0376943375253076,0.6405608602299464,0.21075215042946072,0.4696399406147243,0.7069554968797717,0.12730909369863144,-7.443683887360045,2.853969986936833,66.00819396972656,2.8499860763549805,7.849986553192139,
NSGA-II,NSGA-II,20260314,1.5226716477145525,29.497860439259565,4.641389865868225,0.42800285850997205,1.0381131008572597,0.6405606191968716,0.21078019746061713,0.4699502522555937,0.7068714577025775,0.12702928970785232,-4.426639039515081,2.9627748478367626,66.00215148925781,2.8499574661254883,7.849997520446777,
NSGA-II,NSGA-II,20260314,1.5212283972965177,29.287220351681267,4.651313896906743,0.4280018138399643,1.038283390261011,0.6405610347530184,0.21082553607554222,0.46995047701400505,0.70686578931976,0.12703768039899382,-4.13304973352637,2.966594526243778,66.00001525878906,2.849999189376831,7.849618911743164,
NSGA-II,NSGA-II,20260314,1.5212961517626193,29.29423371485682,4.651329087965441,0.42800264526539866,1.0382833911310154,0.6405606179010332,0.21082582097833275,0.46995042133552356,0.7068890468054276,0.12702518887982633,-4.1249227419121155,2.966745727667104,66.00000762939453,2.8499886989593506,7.849651336669922,
NSGA-II,NSGA-II,20260314,1.5233706687179138,29.294282435750983,4.649661355765195,0.42800278962582106,1.0382884881320797,0.6405605597689931,0.21082534873721848,0.46996355055762185,0.7068726446227478,0.1270249772309718,-4.416108077232792,2.9686148317385226,66.00004577636719,2.8497023582458496,7.849961280822754,
NSGA-II,NSGA-II,20260314,1.5212508516303005,29.29330540665029,4.649971278949872,0.42800797380602157,1.0382457420874518,0.6405606192980849,0.2108265115560487,0.46996355055762185,0.7068726809806644,0.12687112540777248,-4.417360884425648,2.9702767351188153,66.00003051757812,2.849977493286133,7.849891662597656,
NSGA-II,NSGA-II,20260314,1.5227017592014775,29.2942438404289,4.649661264148074,0.4280026423900317,1.0382570973672778,0.640560619526109,0.21082655003807238,0.46996055097149164,0.7068754871491258,0.12702428088488343,-4.41947487368293,2.969990807950089,66.00019836425781,2.8498470783233643,7.849999904632568,
NSGA-II,NSGA-II,20260314,1.5237989525294071,29.288825558710545,4.5024906905191955,0.42658539775467225,1.038243872348956,0.6405487968005636,0.21077855183579153,0.46965199031666127,0.7068892861759684,0.12729935408157064,-4.536127989730282,2.853780582992782,66.01080322265625,2.8499999046325684,7.848987579345703,
NSGA-II,NSGA-II,20260314,1.524882972767432,29.29353146735701,4.491120159939883,0.42638037199141776,1.0382467068417929,0.64056733526624,0.21077857154964216,0.4697624543422678,0.706882797196524,0.12320402547314978,-7.695498857469687,2.853720899958171,66.00000762939453,2.847224235534668,7.84999418258667,
NSGA-II,NSGA-II,20260314,1.5231573551814095,29.49292163789867,4.478144396924394,0.42638219436044433,1.038144185860044,0.6405669341952253,0.21076962720973458,0.4695772064359496,0.7069461654102848,0.1271885334584539,-7.664186053469038,2.8513902871693517,66.01730346679688,2.849946975708008,7.8499979972839355,
NSGA-II,NSGA-II,20260314,1.5231650913468233,29.503939967509783,4.478332041303576,0.4279601161107318,1.038122000712498,0.6405668793046011,0.2107696269656016,0.46839226778623,0.7069749537305089,0.1231383922189771,-7.661292044314877,2.851397316135169,66.0,2.849231004714966,7.8499627113342285,
NSGA-II,NSGA-II,20260314,1.5231700749836048,29.499746379070565,4.478330881963029,0.4279106437016013,1.03812203086681,0.6405675128119732,0.2107695472324555,0.46842023348989104,0.7069661290008492,0.12313771454568953,-7.659373448489326,2.8513956501203706,66.00006866455078,2.8491945266723633,7.849965572357178,
NSGA-II,NSGA-II,20260314,1.521132989817424,29.286943890477318,4.65218949363237,0.4280018138399643,1.03828326844394,0.6405606273938722,0.2108265499934252,0.46995047701400505,0.70686578931976,0.12703768039899382,-4.13304973352637,2.964274632492295,66.00003051757812,2.8499104976654053,7.849447727203369,
NSGA-II,NSGA-II,20260314,1.5226905186945885,29.189436931114077,4.491416800814529,0.42621958890847356,1.037708616061945,0.6405610955432472,0.2107521773605826,0.46963995264363556,0.7069550427001655,0.12730906580818196,-7.444738397441149,2.853970230494751,66.00817108154297,2.8499770164489746,7.849966526031494,
NSGA-II,NSGA-II,20260314,1.5226657441947102,29.495709998390044,4.640461967542636,0.42800180566354107,1.0382884823468044,0.6405605607769381,0.2107803610611012,0.4699504090522878,0.7068721395191199,0.12702500278787532,-4.426628554921706,2.9627561080103013,66.00244903564453,2.849965810775757,7.849994659423828,
NSGA-II,NSGA-II,20260314,1.5212001426402306,29.294243598619335,4.651313896906743,0.42800259601674784,1.0382571952309427,0.640560630104337,0.2108265867045931,0.4699507532346794,0.7068655159053813,0.12702428403763177,-4.13304973352637,2.9665853560961764,66.00011444091797,2.8499951362609863,7.849617958068848,
NSGA-II,NSGA-II,20260314,1.5231614465733503,29.288848957459425,4.649661355765195,0.42801154546961473,1.0382434975756454,0.6405608608087212,0.21082580878500393,0.46996099640245187,0.7068885312304054,0.12702499415139,-4.417530771804323,2.9667461963046886,66.00001525878906,2.8496670722961426,7.8498382568359375,
NSGA-II,NSGA-II,20260314,1.5213769305891822,29.499669729235315,4.478232457643169,0.42790797986998114,1.038122000712498,0.640567190999006,0.21075711644119025,0.46841980792822396,0.7069665934576923,0.1231844621469325,-7.6938654621586196,2.8517141909137758,66.0000228881836,2.8495266437530518,7.849915504455566,
NSGA-II,NSGA-II,20260314,1.5212336484344169,29.294377662619247,4.650787498837123,0.42800256184079805,1.0382764767290236,0.6405608732951693,0.210825641267948,0.46995048010610907,0.706979111085775,0.12703770595589733,-4.13304973352637,2.9665757864173172,66.00006866455078,2.849989652633667,7.8496994972229,
NSGA-II,NSGA-II,20260314,1.5212336484344169,29.29456065574569,4.650787498837123,0.42800256184079805,1.0382764767290236,0.6405608732951693,0.210825641267948,0.46995048010610907,0.706979111085775,0.12703750422746268,-4.13304973352637,2.962708740965353,66.00005340576172,2.849864959716797,7.849481582641602,
NSGA-II,NSGA-II,20260314,1.5212873433849636,29.294271002445967,4.649661355765195,0.4280018353388336,1.0382443044949035,0.64056056124389,0.21082534873721848,0.46996355055762185,0.7068726446227478,0.1270249772309718,-4.417530771804323,2.968613963691681,66.00064849853516,2.849998712539673,7.849801540374756,
NSGA-II,NSGA-II,20260314,1.5228266922036602,29.51669502299511,4.478159884581865,0.42799016139744117,1.0381219120757355,0.6405617758870129,0.2107696295805768,0.46830443307336167,0.7068899883239224,0.12317060775611177,-7.67076412955425,2.8513903193304158,66.0000228881836,2.8494246006011963,7.84996223449707,
NSGA-II,NSGA-II,20260314,1.5227239612594146,29.189436931114077,4.490736385440243,0.42619231001773866,1.0377428146070158,0.6405605841725845,0.21075216028696264,0.46964815672633436,0.7069542148230062,0.1273717913037846,-7.445809728449149,2.8539187916001834,66.00837707519531,2.849998950958252,7.849977970123291,
NSGA-II,NSGA-II,20260314,1.5227338651603988,29.2831666915594,4.491414373080601,0.42617275992173187,1.037693003690961,0.6405608696982227,0.2107521604968391,0.4696514763916702,0.7068907261901928,0.12730972314968103,-7.427752093398134,2.8539701804151023,66.0099105834961,2.849977970123291,7.849995136260986,
NSGA-II,NSGA-II,20260315,1.7904039458074532,31.448050703140417,10.322389138082151,0.716676813918187,1.7337968018464287,0.7143964216850419,0.18667542736120032,0.4381701646876301,0.6222648510787638,0.1281352477908304,3.7483765234491955,7.745582123139482,66.00000762939453,2.8490700721740723,7.70132303237915,
NSGA-II,NSGA-II,20260315,1.8099180277172113,31.005699407880183,7.31887395036779,0.4773579063076032,2.4600448542865596,0.6564936559515149,0.18674695980489237,0.48510085234556105,0.6154622233439493,0.12208938101275715,6.230035623375848,7.716925201992984,66.69221496582031,2.849998950958252,7.834683418273926,
NSGA-II,NSGA-II,20260315,1.8344105067471832,31.48279338894005,7.310104908821631,0.47735797182718825,2.4684903081691045,0.6565373994955962,0.18670180729640865,0.4839756274428455,0.626425018288504,0.1280299179270355,0.8936371703656292,7.718073967933438,66.70844268798828,2.8499879837036133,7.846829891204834,
NSGA-II,NSGA-II,20260315,1.8100774243710842,31.241887697818207,10.203829315078771,0.4773894477029636,2.4701428051770096,0.660030803976682,0.18474973204020448,0.43531833834237277,0.6088981085662148,0.12809780061939563,6.334667452825279,7.460009779213103,66.00125122070312,2.8336374759674072,7.849999904632568,
NSGA-II,NSGA-II,20260315,1.7879201388606856,31.093699811029015,9.741817301545538,0.5324170145594818,2.5167212797173253,0.6782306484836365,0.18586711936169054,0.43530623831855686,0.6092815266632557,0.1283543793871963,6.329666273492194,7.45998650396737,66.31121826171875,2.8499934673309326,7.790172100067139,
NSGA-II,NSGA-II,20260315,1.7879201388606856,31.093699811029015,9.741817301545538,0.5324170145594818,2.5172272518295236,0.6782521830678385,0.18586711936169054,0.43530384838527025,0.6092815266632557,0.1283543793871963,6.344065498123065,7.45998650396737,66.31163787841797,2.8499972820281982,7.790139198303223,
NSGA-II,NSGA-II,20260315,1.8189825085583777,27.97674044824112,7.545413041259537,0.4774056556778847,2.4518363221154953,0.6600017169373343,0.18534861541497782,0.48508787296235634,0.6258607669398617,0.12230952396790976,6.30903658518443,7.718228375461976,66.50120544433594,2.849653482437134,7.849984169006348,
NSGA-II,NSGA-II,20260315,1.8047041890242106,31.241903518485856,10.199208951273693,0.47737797550590894,2.4701410960339896,0.6600307652582238,0.18474973204020448,0.43531833834237277,0.6088981681911106,0.1283804676762892,6.334376561938768,7.460032199764911,66.00019073486328,2.835331678390503,7.849678993225098,
NSGA-II,NSGA-II,20260315,1.7889894984379215,32.06106703235522,10.199275180125147,0.4770150363000575,2.4693087730226058,0.6600243667037066,0.18467392506591296,0.43534994073916755,0.6092542639790094,0.12836311301131254,6.4347358702732365,7.460046553076308,66.00074768066406,2.839829683303833,7.849990367889404,
NSGA-II,NSGA-II,20260315,1.8103750243167112,54.25333649974503,10.2282306982044,0.7041924525044401,1.6916699521221763,0.7125736033814285,0.18578942666445292,0.438345682808352,0.6487107513658166,0.1282997808844099,6.120450092646401,7.730104602751057,66.1720962524414,2.8499953746795654,7.757296562194824,
NSGA-II,NSGA-II,20260315,1.81037502344056,54.24822479467071,10.2282306982044,0.7041783882075351,1.6943777047529736,0.7125871176567538,0.1857893982678434,0.43823411846937815,0.6487107706577044,0.1282997808844099,6.2235564124294385,7.730073025927867,66.17452239990234,2.849998712539673,7.757112503051758,
NSGA-II,NSGA-II,20260315,1.7188218849921448,32.112569606482566,10.344239626487324,0.4774303683519416,2.4502293148511742,0.6609227060038569,0.18581649245808257,0.43823659022630873,0.6262975501545952,0.128034427086644,6.686595316937506,7.46143907465533,66.0116195678711,2.8468570709228516,7.84999418258667,
NSGA-II,NSGA-II,20260315,1.7869968100261133,31.093293677264967,10.05896837743755,0.47738731901478054,2.4701083832744346,0.6600048029806127,0.184749854288275,0.4355097277703257,0.6087078174980347,0.1283711080174263,5.571021938396932,7.449977963326624,66.00243377685547,2.8440051078796387,7.849891662597656,
NSGA-II,NSGA-II,20260315,1.8041182567954754,31.124072325245514,10.207888092090172,0.4773623045101161,2.51645574955849,0.6778598800085172,0.18782801129946025,0.4383167145751281,0.6089149160324869,0.12836195595685573,5.582109228128552,7.467954602379948,66.14313507080078,2.8414950370788574,7.8499956130981445,
NSGA-II,NSGA-II,20260315,1.8186456325929685,31.40406494659895,7.568412527428508,0.47740610719775106,2.472424419607755,0.6606708502734805,0.18534861541497782,0.4841538908277167,0.6258607669398617,0.12230952396790976,6.443490465855319,7.71649701931452,66.56865692138672,2.849897623062134,7.849889278411865,
NSGA-II,NSGA-II,20260315,1.8223817579859782,31.427626577630473,10.193948515855073,0.716676813918187,1.713387930379582,0.711201980358808,0.18658451842792673,0.43802149387257927,0.6220179367821702,0.12817126121176514,3.3865502686007147,7.918955906687291,66.0002212524414,2.849797248840332,7.715620517730713,
NSGA-II,NSGA-II,20260315,1.789822476211965,31.044503515947692,10.058944695483142,0.4773894733164426,2.4701089395460567,0.6598570720152437,0.18474936462468558,0.43551940716165627,0.6088767338347295,0.1280749140451729,5.572158796925137,7.449977963326624,66.00323486328125,2.8428726196289062,7.849982261657715,
NSGA-II,NSGA-II,20260315,1.8330816596921742,30.9976394832701,7.310143458610007,0.47735770749284595,2.460276779233252,0.6556577799065801,0.18585746396475034,0.48399794434209326,0.626298910138851,0.12219238325118716,1.68782000851904,7.730467454863166,66.62787628173828,2.8485138416290283,7.849998474121094,
NSGA-II,NSGA-II,20260315,1.8189822130757438,31.454066609266018,9.875060003906786,0.7104014889674769,1.7324897052458845,0.711918064642679,0.18661819129297005,0.4443466146641528,0.6492057576432556,0.1280156521394602,0.8453894805015949,7.9116566646558155,66.01174926757812,2.8499884605407715,7.737621784210205,
NSGA-II,NSGA-II,20260315,1.7158292305455978,31.239495489045474,10.227797657569795,0.47736858563239437,2.463251922956748,0.6602601232744525,0.18587374696404785,0.4379811822758042,0.6219305433872961,0.1284336982718445,6.3411221693980835,7.458156848866504,66.03196716308594,2.849990129470825,7.84511137008667,
NSGA-II,NSGA-II,20260315,1.8223952498399947,33.66970777499294,10.235006036984753,0.7102461302335762,1.7338332085412418,0.7125872010046781,0.18657462781991066,0.43823084190961703,0.6267491586159212,0.1283868626142327,5.913555143722306,7.903564616181567,66.00563049316406,2.849977493286133,7.725595951080322,
NSGA-II,NSGA-II,20260315,1.8186456325929685,30.989329148966537,7.538349158510676,0.47866321930918654,2.4508223490071446,0.6599974837101084,0.18534861541497782,0.4850688498742469,0.6258607669398617,0.12233700094724151,5.863919442122054,7.719674012051436,66.55353546142578,2.8497462272644043,7.849578380584717,
NSGA-II,NSGA-II,20260315,1.822220137034118,31.427627310025876,10.193662060876415,0.716676813918187,1.713387930379582,0.7112753711507562,0.1865831657996539,0.43826154695255803,0.622964071791276,0.12817117549201032,3.3865502686007147,7.925887633870294,66.00062561035156,2.849619150161743,7.716310501098633,
NSGA-II,NSGA-II,20260315,1.835570452937418,32.10673516478471,9.885038295459314,0.7062345364930778,1.7090666969661024,0.7112069884182968,0.18711197977587107,0.4438434715543147,0.6481131864476593,0.12836280208555395,3.355743670739294,7.956035546804094,66.0005874633789,2.8492820262908936,7.748770236968994,
NSGA-II,NSGA-II,20260315,1.789251800009198,31.07456630879174,9.740300204427328,0.47929269397069696,2.5130278453719748,0.6564429756393904,0.1846223547062967,0.4348402527100682,0.6155139811453343,0.12835146218923835,6.349574886895191,7.459873829487788,66.08744812011719,2.8478646278381348,7.849667549133301,
NSGA-II,NSGA-II,20260315,1.7216365652952779,31.187003667327424,10.163015121871055,0.4773685944075529,2.4702736915846817,0.6602794595225039,0.18587376645160272,0.4379811822758042,0.6222913899733665,0.1282971091471602,6.30663194810262,7.449665183405334,66.0447006225586,2.8499927520751953,7.845503330230713,
NSGA-II,NSGA-II,20260315,1.7093660036482088,31.263427456334536,10.40365977132016,0.4773539343259003,2.460278981776088,0.6600394865703605,0.18574164928894907,0.435129815919005,0.6096680788926117,0.12829230423923144,6.2790340060982714,7.461680438656271,66.00447845458984,2.8497447967529297,7.836566925048828,
NSGA-II,NSGA-II,20260315,1.8223952498399947,33.660639475498385,10.235006036984753,0.7102461302335762,1.7338332085412418,0.7125872010046781,0.18657462781991066,0.43823084190961703,0.6267491586159212,0.12838611333329703,5.896419121875837,7.903564616181567,66.00550079345703,2.8499767780303955,7.725592613220215,
NSGA-II,NSGA-II,20260315,1.8355534095059507,31.47641343179641,7.4110843564224735,0.47735793319222874,2.4687284183336295,0.6565665901851433,0.18586990371170864,0.48397646485812984,0.6265807173914847,0.1286875707505703,6.325461277386616,7.735456256246402,66.65189361572266,2.8499414920806885,7.849989891052246,
NSGA-II,NSGA-II,20260315,1.8191182392732796,31.454066609266018,9.881198847754396,0.7101633854037278,1.7320458317499166,0.7119242445560117,0.18658323669060756,0.4443711360732881,0.6492057576432556,0.1280156521394602,0.8240156031219854,7.9116566646558155,66.0077896118164,2.8499763011932373,7.738050937652588,
NSGA-II,NSGA-II,20260315,1.8321667492611733,32.09534252842889,9.875674352561788,0.7062680877609187,1.7345989371252029,0.7112077975636067,0.1865010841219894,0.4438883659491828,0.6484106005607894,0.1281548691457408,0.7393670262561329,7.944192541099304,66.00121307373047,2.849975347518921,7.746310234069824,
NSGA-II,NSGA-II,20260315,1.7875586644597325,31.328006504441525,10.206944830598456,0.47736205845234925,2.516335355624676,0.6786155571296806,0.18773576340662806,0.43833139651896347,0.6090198619308197,0.12816279923454674,-1.129602780078656,7.4679556894071615,66.13514709472656,2.847344160079956,7.849994659423828,
NSGA-II,NSGA-II,20260315,1.789822476211965,31.044503515947692,10.058944695483142,0.4773924029737085,2.4701083935994195,0.6598570720152437,0.18474937236689506,0.43551941620643775,0.6088767338347295,0.12837223073586998,5.572158796925137,7.449977963326624,66.00345611572266,2.8430802822113037,7.849993705749512,
NSGA-II,NSGA-II,20260315,1.8047041890242106,31.241903518485856,10.199689059567895,0.4773771209467832,2.4701643380397593,0.6600307911811304,0.18474973204020448,0.43531833834237277,0.6088870005528332,0.12809780061939563,6.334376561938768,7.460009779213103,66.00012969970703,2.8351047039031982,7.849625110626221,
NSGA-II,NSGA-II,20260315,1.8047041890242106,31.08927608188962,10.203394683287929,0.47737693219479943,2.4701643380397593,0.6600307911811304,0.18474973204020448,0.43553010643156354,0.6088881176097742,0.12809780061939563,5.574621862873968,7.45039391689211,66.00000762939453,2.8344526290893555,7.848573684692383,
NSGA-II,NSGA-II,20260315,1.7874121994677605,32.135773509360604,9.734603691907747,0.47743493448041274,2.46790717177441,0.6577624311909306,0.18581751482036152,0.43536415769644277,0.6073282482307988,0.1283543793871963,3.5622570850344957,7.460214869640655,66.11177062988281,2.849971055984497,7.849171161651611,
NSGA-II,NSGA-II,20260315,1.7887236243227373,31.057811838270887,9.734603691907747,0.47687665985364514,2.4678395883377053,0.6577624311909306,0.18581751482036152,0.43524409475220555,0.6073282482307988,0.1283543793871963,6.219760307296468,7.460137924990682,66.08914184570312,2.8494718074798584,7.849965572357178,
NSGA-II,NSGA-II,20260315,1.788436639105906,31.26150500026734,10.148360190699353,0.47735793123351267,2.470401390779686,0.6597867502970427,0.1847493714326372,0.43531450617273354,0.6086870134378194,0.12779319316856413,6.301999322956391,7.450103964363483,66.00006103515625,2.8401424884796143,7.848326683044434,
NSGA-II,NSGA-II,20260315,1.7882437940644955,31.268809851605635,10.06115026308845,0.477387925781935,2.470105919327473,0.6597866229454061,0.1847493714326372,0.43531643276812804,0.6087122383471961,0.12835998043467187,5.58987955732939,7.449815368248745,66.00546264648438,2.8436005115509033,7.849977493286133,
NSGA-II,NSGA-II,20260315,1.7874121994677605,32.135773509360604,9.732065898616142,0.47743493448041274,2.46790717177441,0.6577429275946942,0.18580104130588612,0.43534934725222707,0.6073282482307988,0.128355418175813,6.359221332111218,7.460213058692542,66.10851287841797,2.849883556365967,7.849515438079834,
NSGA-II,NSGA-II,20260315,1.7176626652979512,31.256294082045375,10.344239626487324,0.4774303683519416,2.4502293148511742,0.6609176251401641,0.18581649245808257,0.43823659022630873,0.6262972641524185,0.1279889421802492,3.6134300231051384,7.4612305029989985,66.00013732910156,2.847259283065796,7.849360942840576,
NSGA-II,NSGA-II,20260315,1.7899548691839344,31.48045418403883,10.148378511195114,0.4773934567714433,2.47009484098367,0.6598575621658174,0.18473682817823056,0.4350745789219776,0.6088798122699638,0.12819143307061265,6.172240134916265,7.46164701783286,66.00019836425781,2.840909004211426,7.84990119934082,
NSGA-II,NSGA-II,20260315,1.8330816596921742,30.989504902056844,7.310143458610007,0.47735770749284595,2.4683588791569244,0.6565310110420908,0.18585746396475034,0.4839756921919659,0.626298910138851,0.12219238325118716,1.2272717209517054,7.730934561362182,66.63349151611328,2.849102020263672,7.849998474121094,
NSGA-II,NSGA-II,20260315,1.809400707115117,31.240694813125295,10.203829315078771,0.47738935954104156,2.469864467751995,0.6600018113423306,0.18476526402575005,0.43512814491703444,0.6088953351618285,0.1282908317107783,5.619757417141493,7.457642032377985,66.00076293945312,2.834106683731079,7.84999942779541,
NSGA-II,NSGA-II,20260315,1.7878081355655882,32.047169816495995,10.163959250710803,0.47709627359605244,2.469362586930246,0.6600325989485646,0.1846842429787945,0.43512680554643823,0.6090152769843445,0.12737083184936865,6.358286026257673,7.450265246301148,66.00089263916016,2.840559720993042,7.849950313568115,
NSGA-II,NSGA-II,20260315,1.834410160052845,31.26751385554168,7.4110843564224735,0.47738777668798793,2.468731274868362,0.6565626602344863,0.1857595815812922,0.48397646485812984,0.6221198614879069,0.12804364683510008,5.583889702806523,7.727973581726048,66.6466293334961,2.849987030029297,7.846003532409668,
NSGA-II,NSGA-II,20260315,1.8186456325929685,30.997463730179792,7.538349158510676,0.47866321930918654,2.4508223490071446,0.6599974837101084,0.18534861541497782,0.4850881503158977,0.6258607669398617,0.12233700094724151,6.32452179649151,7.719674012051436,66.55358123779297,2.849710702896118,7.849589824676514,
NSGA-II,NSGA-II,20260315,1.7025644734447485,31.26343525339103,10.40365977132016,0.4773518841958873,2.4606515541977645,0.6600006769426703,0.18573093242686128,0.43513357527535534,0.6095284227301636,0.12242973863007581,6.2790340060982714,7.461678784395426,66.00005340576172,2.847674608230591,7.836292743682861,
NSGA-II,NSGA-II,20260315,1.8344112419172105,31.44856305802783,7.312842111921045,0.4773579645272549,2.46851219953148,0.6565374506192259,0.18666429838059245,0.48397569270160234,0.6264290719654493,0.1280299179270355,1.2295390853784696,7.718073967933438,66.70564270019531,2.849973201751709,7.846887111663818,
NSGA-II,NSGA-II,20260315,1.7090565403194327,31.256390659684445,10.344405962830683,0.4774303683519416,2.450099085694128,0.6608799640740293,0.18581649245808257,0.43823659022630873,0.626736426556723,0.1279889421802492,3.6134300231051384,7.4612305029989985,66.00284576416016,2.848773241043091,7.848195552825928,
NSGA-II,NSGA-II,20260315,1.8330816596921742,30.989504902056844,7.310143458610007,0.47735770749284595,2.460276779233252,0.6556577799065801,0.18585746396475034,0.48397864390044243,0.626298910138851,0.12219238325118716,1.2272176541495696,7.730467454863166,66.62788391113281,2.848552942276001,7.8499956130981445,
NSGA-II,NSGA-II,20260315,1.7877900336641486,32.047169816495995,10.163959250710803,0.47708911538084353,2.469362586930246,0.6600326073174154,0.1846842429787945,0.4351289562796139,0.6090152769843445,0.12744283740319698,6.358286026257673,7.450265246301148,66.0009994506836,2.840606927871704,7.84994649887085,
NSGA-II,NSGA-II,20260315,1.7216365652952779,31.18293962731268,10.163015121871055,0.4773685944075529,2.4702736915846817,0.6602794645325858,0.18587376645160272,0.4379936035694288,0.6222913899733665,0.1282971036069464,6.297334806207452,7.449665183405334,66.04458618164062,2.8499906063079834,7.845505714416504,
NSGA-II,NSGA-II,20260315,1.835570452937418,32.08029648860156,9.885038295459314,0.7062345364930778,1.7090666969661024,0.7112069884182968,0.18708042158770205,0.4438487437588377,0.6481131864476593,0.12836280208555395,0.6402452146345965,7.945813268996837,66.00001525878906,2.8489022254943848,7.747969627380371,
NSGA-II,NSGA-II,20260315,1.7162436241787424,32.112569606482566,10.344239626487324,0.4774303683519416,2.4502293148511742,0.6609224949951651,0.18581649245808257,0.43823659022630873,0.6265262900477755,0.128034427086644,6.686595316937506,7.461228137212085,66.01058197021484,2.8474678993225098,7.849978446960449,
NSGA-II,NSGA-II,20260315,1.8316611375973368,32.08957098611636,9.895779697840721,0.7062352125226466,1.7090666969661024,0.7112069884182968,0.18710693967831146,0.44384868581172393,0.6481131864476593,0.1283630780508324,1.125585293258986,7.945813268996837,66.00028991699219,2.849327325820923,7.747292518615723,
NSGA-II,NSGA-II,20260315,1.7125552675420421,31.095863035570332,10.344237418569879,0.47743038192590365,2.450729618010655,0.6609451746393222,0.18584939201509865,0.43815986496359033,0.6265334208582829,0.12804660062782414,3.5187715652444354,7.4612282027538255,66.00233459472656,2.848095655441284,7.848370552062988,
NSGA-II,NSGA-II,20260315,1.7061897162531292,32.034297837135526,10.336340992129605,0.4770704922383112,2.450099085694128,0.6600664284673748,0.18581649245808257,0.43823659022630873,0.6265440758306028,0.1281695804273149,3.597883722096441,7.4498709070723335,66.01335906982422,2.84926700592041,7.8478498458862305,
NSGA-II,NSGA-II,20260315,1.709244122917209,33.231184090093635,10.413850355667966,0.47735557601712036,2.4512484825594076,0.6625023640954923,0.18589780203659967,0.43825931202483215,0.6263081043132497,0.12813316915439038,3.4090095238282885,7.455302565510488,66.02124786376953,2.848891019821167,7.849653720855713,
NSGA-II,NSGA-II,20260315,1.7176626652979512,31.258924420259177,10.344549560120544,0.47741881639702494,2.4507382081931652,0.6609215025488708,0.18581649245808257,0.4381802371701976,0.6260776875696312,0.12896282205592177,3.517684292661869,7.4610268414535525,66.00091552734375,2.847931385040283,7.849154949188232,
NSGA-II,NSGA-II,20260315,1.7125552675420421,31.095863035570332,10.344237537409594,0.4774290912933851,2.450751549569465,0.6609451746393222,0.18585115594786986,0.4381654353600314,0.6260779992177853,0.1280468174319015,3.5187715652444354,7.4612282021211165,66.00154113769531,2.848219394683838,7.848212718963623,
NSGA-II,NSGA-II,20260315,1.709244122917209,33.231184090093635,10.413850355667966,0.47735557601712036,2.4512484825594076,0.6625023640954923,0.18589780203659967,0.43825931202483215,0.6263081043132497,0.1285066879842885,3.4090095238282885,7.455302565510488,66.02144622802734,2.8491220474243164,7.849623680114746,
NSGA-II,NSGA-II,20260315,1.7899548691839344,31.48045418403883,10.14772609484972,0.4773879119274259,2.4701057235158173,0.6598575621658174,0.18473682817823056,0.4350763825024499,0.6088798122699638,0.12837222226893502,5.628292593714541,7.46164701783286,66.00080108642578,2.8411035537719727,7.849887847900391,
NSGA-II,NSGA-II,20260315,1.7145934451310192,31.84593513818854,10.344239626487324,0.4774303683519416,2.4502293148511742,0.6610043934471611,0.18581649245808257,0.43823659022630873,0.6253893531948272,0.1283560804576673,3.5324304953972714,7.461228187183971,66.0091781616211,2.8484625816345215,7.848744869232178,
NSGA-II,NSGA-II,20260315,1.8047041890242106,31.241903518485856,10.203750637958217,0.4773779770110205,2.4701410960339896,0.6600304864678231,0.18474973204020448,0.43531833834237277,0.6088981681911106,0.12837859241454203,6.334376561938768,7.460032199764911,66.00003051757812,2.8351686000823975,7.849578380584717,
NSGA-II,NSGA-II,20260315,1.7899631575180488,31.48045418403883,10.142589130008847,0.4773875079689957,2.4701057235158173,0.6598622293916812,0.18473682817823056,0.4350763825024499,0.6087073187047436,0.12837109284886053,5.570703565315078,7.461530413225852,66.00133514404297,2.841284990310669,7.849850177764893,
NSGA-II,NSGA-II,20260315,1.7109582870801974,31.092194563735784,10.206820280363928,0.4758250309561692,2.4505340521001333,0.6577399301067355,0.1858641997940294,0.43815642520414105,0.6261458857717244,0.12839447368185347,6.328025627026683,7.457317968980814,66.01612091064453,2.849884271621704,7.849022388458252,
NSGA-II,NSGA-II,20260315,1.7882437940644955,31.268809851605635,10.060626309810143,0.477387925781935,2.470105919327473,0.6597870673764652,0.1847493714326372,0.43531643276812804,0.6087122383471961,0.1283647781514365,5.58987955732939,7.449797054278887,66.00563049316406,2.8436098098754883,7.8499674797058105,
NSGA-II,NSGA-II,20260315,1.834410160052845,31.463076137690205,7.4110843564224735,0.47735707152942136,2.468731274868362,0.6565626602344863,0.1857595815812922,0.48397646485812984,0.6221198614879069,0.12804364683510008,6.321464391204117,7.727973581726048,66.64933013916016,2.8499975204467773,7.8462018966674805,
NSGA-II,NSGA-II,20260315,1.7871395285123952,31.044503515947692,10.058944695483142,0.4773924029737085,2.4701083832744346,0.660003463186956,0.18474937236689506,0.43551941620643775,0.6087078174980347,0.1283711080174263,5.571515071829808,7.449977963326624,66.0018081665039,2.843942403793335,7.849859714508057,
NSGA-II,NSGA-II,20260315,1.7871312401782806,31.093293677264967,10.064081660324012,0.47739280693213876,2.4701083832744346,0.6599987959610921,0.18474937410929318,0.43552033984723504,0.608880311063255,0.12837223743750079,5.628610966796401,7.450094567933632,66.0020523071289,2.8437728881835938,7.849917888641357,
NSGA-II,NSGA-II,20260315,1.715855193172752,31.145980744252512,10.227137947438237,0.4773700252901176,2.463262773679668,0.6602594911802273,0.18585502076732244,0.4379811822758042,0.6267093142204228,0.12842778081004305,6.319270350964068,7.458236876196666,66.02481079101562,2.849921941757202,7.848861217498779,
NSGA-II,NSGA-II,20260315,1.715855193172752,31.187332614823678,10.226087735041776,0.47736858563239437,2.463262773679668,0.6602594911802273,0.18587374715778013,0.4379811822758042,0.6260954115870078,0.12843365796210965,6.30663194810262,7.458157991147043,66.02709197998047,2.84993839263916,7.848367691040039,
NSGA-II,NSGA-II,20260315,1.7887236243227373,31.057811838270887,9.734603691907747,0.4768649239550231,2.4678395883377053,0.6577293039497037,0.18581751482036152,0.43524409475220555,0.6073282482307988,0.1283543793871963,6.219760307296468,7.460137924990682,66.08893585205078,2.84946870803833,7.84999418258667,
NSGA-II,NSGA-II,20260315,1.7889894984379215,32.06106703235522,10.199275180125147,0.4770150363000575,2.4693087730226058,0.6600243667037066,0.18467392506591296,0.43536475118338314,0.6092542639790094,0.12836311301131254,5.687158838574234,7.46004836402442,66.00123596191406,2.8398962020874023,7.849951267242432,
NSGA-II,NSGA-II,20260315,1.809432889179039,31.24075482624558,10.199125375928944,0.4773878650383694,2.4701377292004256,0.6600018238303798,0.1847465648507432,0.4351291051158098,0.6087075050316181,0.12837020102538532,5.6540367574102035,7.457095401135886,66.00068664550781,2.8343312740325928,7.849947929382324,
NSGA-II,NSGA-II,20260315,1.7870135009925938,31.093293677264967,10.063909277669742,0.47739280693213876,2.4701083832744346,0.6599987959610921,0.18474937410929318,0.43552033984723504,0.608880311063255,0.12837223743750079,5.628610966796401,7.450094567933632,66.00202178955078,2.84380841255188,7.849911689758301,
NSGA-II,NSGA-II,20260315,1.789248203452812,31.07456630879174,9.733998941584797,0.4792229505156307,2.5130278453719748,0.6564877471423455,0.1846231952850167,0.4348402527100682,0.6155139811453343,0.12865560644440233,6.37002018881936,7.459873829487788,66.08745574951172,2.848360061645508,7.849947452545166,
NSGA-II,NSGA-II,20260315,1.7877900336641486,32.047169816495995,10.163959250710803,0.4770891334647034,2.469362586930246,0.6600326073174154,0.1846842429787945,0.4351289562796139,0.6090152769843445,0.12817376240367587,6.1608277819255335,7.449916455243188,66.00137329101562,2.841153621673584,7.849995136260986,
NSGA-II,NSGA-II,20260315,1.808800803371316,31.23757680074706,10.203795151548164,0.4773878650383694,2.470143209006942,0.6600018238303798,0.18475011571221006,0.4351291051158098,0.6087075050316181,0.12836810079686964,6.336947061912994,7.457095399744869,66.00000762939453,2.834247589111328,7.849819183349609,
NSGA-II,NSGA-II,20260315,1.714353130984328,31.84593513818854,10.344551649198275,0.4774186537978582,2.450215973474874,0.66100828883632,0.18581649245808257,0.43823659022630873,0.6263133548630835,0.128034427086644,3.531343222814705,7.461026826516406,66.0075912475586,2.848320245742798,7.849524974822998,
NSGA-II,NSGA-II,20260315,1.7195074103634485,31.48131227754457,10.344549560120544,0.47735722091596183,2.4506400040519303,0.6609215025488708,0.18579979316742165,0.4380838280025053,0.6261093814808354,0.12898700549048783,3.290822504629631,7.460058918186416,66.00267791748047,2.847761869430542,7.849679470062256,
NSGA-II,NSGA-II,20260315,1.7899247340284719,31.244951638549033,10.148378511195114,0.4773933615210398,2.47009484098367,0.6598012487878564,0.18474641584784923,0.43533529175486063,0.609028604641691,0.128179359969531,6.166285409748916,7.45010899424413,66.00008392333984,2.840024948120117,7.848667621612549,
NSGA-II,NSGA-II,20260315,1.7195074103634485,31.48131227754457,10.344549560120544,0.47735722091596183,2.4506400040519303,0.6609215025488708,0.18588227426401535,0.4380685349921116,0.6261093814808354,0.12898917099821752,3.290822504629631,7.46538538135668,66.00749206542969,2.847691774368286,7.849702835083008,
NSGA-II,NSGA-II,20260315,1.8316611375973368,32.08957098611636,9.895779697840721,0.7062352125226466,1.7090666969661024,0.7112069884182968,0.18710693967831146,0.44384868581172393,0.6468580330839806,0.1283630780508324,3.3702775768418434,7.945813268996837,66.0008316040039,2.8496320247650146,7.746659755706787,
NSGA-II,NSGA-II,20260315,1.8343328059675619,31.449824265689706,7.310164872376995,0.4773579645272549,2.46851219953148,0.6565374506192259,0.18670180729640865,0.48397569270160234,0.6264290719654493,0.1280299179270355,1.2342520840041402,7.718073967933438,66.70772552490234,2.8499832153320312,7.846814155578613,
NSGA-II,NSGA-II,20260315,1.7878081355655882,32.047169816495995,10.163959250710803,0.47709627359605244,2.469356541457289,0.6602693055347999,0.18477273937387004,0.43512680554643823,0.6090356451309276,0.12832982778534807,6.358286026257673,7.450265246301148,66.00474548339844,2.8412728309631348,7.84999942779541,
NSGA-II,NSGA-II,20260315,1.8087851515799327,31.240694177476417,10.20383226605663,0.47738928085267485,2.4698644734633746,0.6600018113423306,0.18476535618663953,0.43512814491703444,0.6088953345732611,0.12829235536115238,6.333194329005828,7.457642032377985,66.00012969970703,2.834190607070923,7.849984645843506,
NSGA-II,NSGA-II,20260315,1.7899247340284719,31.244951638549033,10.148378511195114,0.4773933946320184,2.47009589902939,0.6597958341940137,0.18474989618795842,0.43533464358204704,0.609028604641691,0.128179359969531,6.332587092046467,7.45010899424413,66.00004577636719,2.840006113052368,7.848679542541504,
NSGA-II,NSGA-II,20260315,1.7162436241787424,32.112569606482566,10.344239626487324,0.4774303683519416,2.4502293148511742,0.6609224949951651,0.18581649245808257,0.43823659022630873,0.6265262900477755,0.128034427086644,3.5324304953972714,7.461228137212085,66.01268005371094,2.847832202911377,7.849845886230469,
NSGA-II,NSGA-II,20260315,1.7132301436562498,32.049760451147506,10.413850355667966,0.47735557601712036,2.4511403903557376,0.6625293705767731,0.18587194760386883,0.43825931202483215,0.6261969564328027,0.12803590851991664,6.488082101910848,7.455176651978306,66.0001449584961,2.8473920822143555,7.849612712860107,
NSGA-II,NSGA-II,20260315,1.808800803371316,31.24075900693581,10.199128326906802,0.4773878650383694,2.470142890917725,0.6600018238303798,0.1847465648507432,0.4351291051158098,0.6087075050316181,0.12837020102538532,6.3304965198112555,7.457095401135886,66.00008392333984,2.8344216346740723,7.849928855895996,
NSGA-II,NSGA-II,20260315,1.7176626652979512,31.06474018011604,10.253597143253764,0.4774303683519416,2.4501442644648,0.6609489046990703,0.18582514010670523,0.43823659022630873,0.6217405626799797,0.1279889421802492,6.21594218055067,7.4612305029989985,66.00482940673828,2.849971294403076,7.847414493560791,
NSGA-II,NSGA-II,20260315,1.8222161780892687,31.427627883945295,10.193662060876415,0.716676813918187,1.713387930379582,0.7112753711507562,0.18658312502360314,0.43826154695255803,0.6220179367821702,0.1281711551863261,3.3865502686007147,7.925887638556728,66.00108337402344,2.849827766418457,7.715789794921875,
NSGA-II,NSGA-II,20260315,1.8223801351259543,31.427627883945295,10.19394709912472,0.716676813918187,1.713387930379582,0.7112753711507562,0.18658312502360314,0.4382594818783899,0.6220179367821702,0.12817121016635602,3.3865502686007147,7.925887638556728,66.00110626220703,2.849785327911377,7.71580171585083,
NSGA-II,NSGA-II,20260315,1.8222161780892687,31.427602804040603,10.19376395674612,0.716676813918187,1.713387930379582,0.7112056627729493,0.1865831662101558,0.4382598757321975,0.622969136337086,0.12815628848270774,3.3865502686007147,7.923693578017742,66.00006103515625,2.8495726585388184,7.716274738311768,
NSGA-II,NSGA-II,20260315,1.8222004471048259,31.427602804040603,10.19376395674612,0.716676813918187,1.713387930379582,0.711205513199772,0.1865830822599083,0.4382598757321975,0.622969136337086,0.12815619564114786,3.3865502686007147,7.92365443439574,66.00006866455078,2.8495736122131348,7.716268539428711,
NSGA-II,NSGA-II,20260315,1.7172125128130924,32.112569606482566,10.338391156107011,0.4774303683519416,2.4505905241800514,0.6609224949951651,0.18581649245808257,0.43823659022630873,0.6265262900477755,0.12816625855933855,3.56098823446748,7.461228137212085,66.01371765136719,2.8478541374206543,7.849969863891602,
NSGA-II,NSGA-II,20260315,1.7874121994677605,32.135773509360604,9.732065898616142,0.47743493448041274,2.46790717177441,0.6577429275946942,0.18580104130588612,0.43536415769644277,0.6073282482307988,0.128355418175813,5.611644300412223,7.460214869640655,66.10912322998047,2.8499388694763184,7.849457740783691,
NSGA-II,NSGA-II,20260315,1.809400707115117,31.24066684663183,10.203829315078771,0.4773930828077376,2.469864015745303,0.6600018113423306,0.18476526402575005,0.43512814491703444,0.6088953532964902,0.1282907739390456,5.582780267678217,7.457642032377985,66.00080108642578,2.834109306335449,7.8499932289123535,
NSGA-II,NSGA-II,20260316,1.5953559613857577,50.41686706581308,10.222674006350218,0.39862745135973476,2.395148674738314,0.6554373532937969,0.18964305179075072,0.4257317987046964,0.6247519602652101,0.13442720306233452,-1.2149172539951252,5.285696841037423,66.0003890991211,2.8499996662139893,7.840423583984375,
NSGA-II,NSGA-II,20260316,1.5980847296430205,51.369087980349086,9.449658741146695,0.3504182986383796,2.787009451642081,0.6535004681534916,0.1973605160324928,0.41314383438429764,0.622699637554097,0.13454253432123853,-2.654148089635619,5.285861640892003,66.7536392211914,2.8499882221221924,7.849769115447998,
NSGA-II,NSGA-II,20260316,1.5787366795751494,50.066271499986236,10.086973406226143,0.40558407054352774,2.6026272470225162,0.6398255699460489,0.1931907144016927,0.41228591071706855,0.7055621866950896,0.13506988798513955,-4.457820788754965,5.2471420118215155,66.46548461914062,2.8238751888275146,7.849998474121094,
NSGA-II,NSGA-II,20260316,1.602071309915891,49.783177512315746,10.436354986920813,0.3709751202322006,2.649910351426425,0.6568897071570192,0.18956359915986376,0.4133427419450788,0.6224234034632785,0.13446663706360784,-4.966423024684289,5.247763421773625,66.08163452148438,2.849989891052246,7.84896183013916,
NSGA-II,NSGA-II,20260316,1.8154909028981574,36.633690973868624,9.454837044697355,0.4105530555782567,2.5722630889755416,0.6579711325434044,0.18920298978998862,0.4129789950521058,0.6339102386083263,0.13450847911661248,-5.3048465863961525,5.304250422521667,66.00048065185547,2.819439649581909,7.849996089935303,
NSGA-II,NSGA-II,20260316,1.5882528048721107,49.819620657883824,9.37336229759826,0.40803076415412565,2.790399525605179,0.6540522455872176,0.19315266629587857,0.41293110582626463,0.7041486644781383,0.13505422707919118,-4.70115662498182,5.281375054695168,66.69825744628906,2.8439948558807373,7.849998950958252,
NSGA-II,NSGA-II,20260316,1.666092080577227,50.418625449267175,10.206847006146695,0.39902659169526367,2.3885885674247787,0.6550762656957944,0.18964326505548063,0.42470931951181934,0.622699731296427,0.13481431409697953,-2.5934353006289257,5.307446825170558,66.00003051757812,2.836923122406006,7.846590042114258,
NSGA-II,NSGA-II,20260316,1.6273830348306257,51.3596609820602,10.214009190943164,0.3984467363363303,2.380958849270481,0.6553972733603862,0.18959516655762154,0.42670598678218025,0.6273260785280391,0.13440557293317953,-2.546730735205344,5.310333176822339,66.00006866455078,2.843860149383545,7.847802639007568,
NSGA-II,NSGA-II,20260316,1.5816351667869288,50.075060343381246,9.372848445036205,0.40831442130931084,2.799170970339234,0.6552324705857704,0.19322185362668648,0.41292996918297165,0.7041545410629092,0.13505410792631217,-4.734326728107121,5.291964287072806,66.7146224975586,2.8459208011627197,7.849971771240234,
NSGA-II,NSGA-II,20260316,1.810195304108122,36.633690973868624,9.454731291379321,0.4104169531090602,2.5738236924272786,0.6579711325434044,0.18920298978998862,0.41290461698042413,0.6339102386083263,0.13450711866334591,-5.3048465863961525,5.304250422521667,66.0001449584961,2.8210606575012207,7.849739074707031,
NSGA-II,NSGA-II,20260316,1.598411785573211,51.28003008859904,10.221408338840845,0.39416561851384857,2.4147735662459304,0.655509199112255,0.18964287998617843,0.4260044477053877,0.6286290932343386,0.13454183985148194,-1.273675588619497,5.308804166233026,66.0149154663086,2.8499972820281982,7.848730087280273,
NSGA-II,NSGA-II,20260316,1.5953559613857577,50.36455880726088,10.222586441282647,0.3942872804321416,2.41263319795702,0.6554351603286828,0.18964577766422236,0.4260149406711341,0.6247727661138845,0.1344071105817651,-1.2301168330870311,5.284600069800953,66.00435638427734,2.849992036819458,7.843524932861328,
NSGA-II,NSGA-II,20260316,1.6652395914418339,50.446625487548104,10.086922353794797,0.3990707675549182,2.3774973141209657,0.6550761628647073,0.1898715330277929,0.4246486207888538,0.622699731296427,0.13443810720205962,-1.1220634619251229,5.3103359608732505,66.00067138671875,2.8410770893096924,7.8499298095703125,
NSGA-II,NSGA-II,20260316,1.5953559613857577,50.40740701767081,10.222674006350218,0.39862745720285997,2.395148674738314,0.6554373532937969,0.18964305179075072,0.4257317987046964,0.6247519602652101,0.13442720306233452,-1.2149172539951252,5.285566523724248,66.00020599365234,2.849998950958252,7.840411186218262,
NSGA-II,NSGA-II,20260316,1.6313761379089302,51.3102648999951,10.21401060583552,0.3986177720827633,2.3816249190801724,0.65539476243052,0.18959778201357258,0.4267849905843583,0.6287523259861734,0.13440531806006806,-2.1896065852620197,5.307604544911139,66.00053405761719,2.842611074447632,7.848607063293457,
NSGA-II,NSGA-II,20260316,1.610039105085264,49.97915151613954,10.522193115374268,0.372224265153472,2.642008728318614,0.6569207204361568,0.18923458707718188,0.4128798271723191,0.6224509187611458,0.13447421687530847,-4.656595925173605,5.248969876974579,66.05611419677734,2.8469886779785156,7.849893569946289,
NSGA-II,NSGA-II,20260316,1.663505074805994,50.446625487548104,10.085953877255996,0.3990962388995557,2.377860751065004,0.6550761628647073,0.1898715330277929,0.4245557359821882,0.622699731296427,0.13454507181921865,-1.1220634619251229,5.307446825170558,66.0001449584961,2.8415589332580566,7.849674224853516,
NSGA-II,NSGA-II,20260316,1.598196036726368,51.32856818892965,9.44963548675386,0.3521790073583807,2.781821996852879,0.653500484219249,0.197312412768243,0.412933850955456,0.6242660017255586,0.13454923522155338,-4.535905612149826,5.285750680428957,66.74771881103516,2.849940299987793,7.849359035491943,
NSGA-II,NSGA-II,20260316,1.5981944129222527,51.32856818892965,9.451536604479497,0.3521790073583807,2.781821996852879,0.6534849778147548,0.197312412768243,0.412933850955456,0.6242660017255586,0.135041697277,-4.5051843432462135,5.285750680428957,66.74752044677734,2.849970579147339,7.849236488342285,
NSGA-II,NSGA-II,20260316,1.630404387159167,51.3102648999951,10.21401060583552,0.3986118779491781,2.3813857982187456,0.65539476243052,0.18959516655762154,0.4268009967727508,0.6287523259861734,0.13440531806006806,-2.1896065852620197,5.307604544911139,66.00006103515625,2.8428287506103516,7.848549842834473,
NSGA-II,NSGA-II,20260316,1.6304829811046446,51.33629131883349,10.171584455254301,0.39864399925134064,2.396071977704809,0.6563980542207193,0.1896433342490455,0.42478076818273963,0.6273952310136203,0.13481735744544124,-2.559645389432781,5.28711132225855,66.00289154052734,2.846327543258667,7.848832130432129,
NSGA-II,NSGA-II,20260316,1.6315806275703602,51.44091962303208,10.171584455254301,0.3985741747731326,2.3961116201345796,0.6563980542207193,0.18963139126698447,0.424868458832798,0.6273952310136203,0.13506030873858585,-2.616006386933904,5.287087369934393,66.00450134277344,2.8461365699768066,7.848897933959961,
NSGA-II,NSGA-II,20260316,1.6304118289228193,51.30915059209016,10.22050754097175,0.39855242694378723,2.3876459235617924,0.6568178184054311,0.18983756181488637,0.4257560214173146,0.6285402225667975,0.13502775078780901,-1.1742425174799678,5.308010454787167,66.0030288696289,2.84470534324646,7.849997520446777,
NSGA-II,NSGA-II,20260316,1.5816351667869288,50.06521041598655,9.372848445036205,0.40831442130931084,2.799170970339234,0.6552324705857704,0.19322185362668648,0.41292996918297165,0.7041545410629092,0.13507002695420947,-4.734326728107121,5.291964334224033,66.71443939208984,2.845932722091675,7.849963188171387,
NSGA-II,NSGA-II,20260316,1.6303317316526575,51.30915059209016,10.21448560654203,0.39855242694378723,2.3876459235617924,0.6568178184054311,0.1898304299758043,0.42577918637408985,0.6285402225667975,0.13502941704600946,-1.1855747552119453,5.308010454787167,66.00402069091797,2.844813108444214,7.849918842315674,
NSGA-II,NSGA-II,20260316,1.5983388556946658,51.32856818892965,9.449635533730591,0.3521790073583807,2.781821996852879,0.653500484219249,0.19729867298702303,0.4131379422299887,0.6242660017255586,0.13454923522155338,-4.457951396847193,5.285750680428957,66.74726104736328,2.849835157394409,7.849324703216553,
NSGA-II,NSGA-II,20260316,1.610039105085264,49.77202198674253,10.522192908733487,0.37097814931505463,2.642008728318614,0.6569384103043145,0.18923458707718188,0.41326298411992834,0.6221716566587524,0.13447427070341342,-4.956712641832411,5.249605366169025,66.05265045166016,2.8467018604278564,7.849714279174805,
NSGA-II,NSGA-II,20260316,1.6315806275703602,51.359007879146645,10.170739099640645,0.39879960390815994,2.388596457051567,0.6554344605546754,0.1896312359037348,0.424774205136882,0.627395634504805,0.1348331487463943,-2.559645389432781,5.306667646191236,66.00071716308594,2.8460235595703125,7.849558353424072,
NSGA-II,NSGA-II,20260316,1.5981286381926059,51.328237558404105,9.449658741146695,0.3504182986383796,2.787009451642081,0.6534849778147548,0.19735668340634113,0.4131485707576077,0.622658418119608,0.13439179712861787,-2.7120719807668294,5.287451932505618,66.75318908691406,2.8499646186828613,7.849760055541992,
NSGA-II,NSGA-II,20260316,1.5953559613857577,50.40740701767081,10.222674006350218,0.3986275515002349,2.395148674738314,0.6554373532937969,0.18964305179075072,0.4257317987046964,0.6247519602652101,0.13442720306233452,-1.2149172539951252,5.285566380579181,66.00020599365234,2.849998950958252,7.840411186218262,
NSGA-II,NSGA-II,20260316,1.6313761379089302,51.307077414564525,10.21401060583552,0.3986177720827633,2.3816249190801724,0.65539476243052,0.18959778201357258,0.4267849905843583,0.6287523259861734,0.13440513618827368,-2.1896065852620197,5.307604544911139,66.00048065185547,2.842611312866211,7.848605155944824,
NSGA-II,NSGA-II,20260316,1.598624532358341,51.28003008859904,10.219510596507222,0.3941731740900877,2.412881623591104,0.6576142082569537,0.18963648975391414,0.4260713272563238,0.6287341331920084,0.134436293340434,-1.2703020955356976,5.225749121696513,66.00032806396484,2.849806547164917,7.8469977378845215,
NSGA-II,NSGA-II,20260316,1.663505074805994,50.446625487548104,10.085953877255996,0.3990962388995557,2.377860751065004,0.6550669585803661,0.1898715330277929,0.4245557359821882,0.622699731296427,0.13439984452844272,-1.1220634619251229,5.307446825170558,66.00033569335938,2.8414759635925293,7.84970235824585,
NSGA-II,NSGA-II,20260316,1.6652395914418339,50.41851747686511,10.086922353794797,0.3990707675549182,2.3774973141209657,0.6551491779565384,0.1898715330277929,0.4246486207888538,0.6226964204081881,0.1348320535020452,-1.1220634619251229,5.3103359608732505,66.0005111694336,2.8411998748779297,7.849735736846924,
NSGA-II,NSGA-II,20260316,1.6304829811046446,51.439759502431976,10.171584455254301,0.3986441454605223,2.396071977704809,0.6563980542207193,0.1896433342490455,0.42478076818273963,0.6273952310136203,0.13481735744544124,-2.559645389432781,5.28711132225855,66.00470733642578,2.8463191986083984,7.848889350891113,
NSGA-II,NSGA-II,20260316,1.5953559613857577,50.40191995126441,10.222870859321375,0.39862973230152654,2.395148674738314,0.6554373532937969,0.1896430543125893,0.4257280832822272,0.6247519602652101,0.13440519436884804,-1.2163147323082555,5.285566380579181,66.00009155273438,2.849987268447876,7.840413570404053,
NSGA-II,NSGA-II,20260316,1.6304829811046446,51.31063345968235,10.171584455254301,0.3986441454605223,2.396071977704809,0.6563980542207193,0.1896433342490455,0.42478076818273963,0.6273952310136203,0.13481735744544124,-2.1956158891334,5.286337930405028,66.00225067138672,2.8463354110717773,7.848819732666016,
NSGA-II,NSGA-II,20260316,1.598411785573211,51.31323858092237,10.221407784150234,0.39416561851384857,2.4147735662459304,0.6555091939863751,0.18964287998617843,0.4260044477053877,0.6286290932343386,0.13454183985148194,-1.273675588619497,5.308804166233026,66.01554107666016,2.849989891052246,7.848748683929443,
NSGA-II,NSGA-II,20260316,1.5978116601082537,51.35883645434098,10.214563738332359,0.3985416199184923,2.3823191101286607,0.6554389049992267,0.18964146414624553,0.42670620007226967,0.6287146586758208,0.13443841936004106,-1.270437151578811,5.310245146079834,66.00009155273438,2.8499128818511963,7.84647274017334,
NSGA-II,NSGA-II,20260316,1.598624502072131,51.28003008859904,10.219666023958307,0.3941731740900877,2.412881623591104,0.6576142082569537,0.18963648866267255,0.4260713272563238,0.6288960874123347,0.1344496573844299,-2.4336579532672076,5.225380429590851,66.00016784667969,2.8497586250305176,7.846996784210205,
NSGA-II,NSGA-II,20260316,1.602071309915891,49.92700463421221,10.52410319160621,0.37143962668833147,2.648016240458202,0.6595130334384647,0.1895636418701701,0.41335643116264176,0.6219487217000284,0.13440711822134546,-5.183993885617895,5.2501733064812095,66.06449127197266,2.8496575355529785,7.849430561065674,
NSGA-II,NSGA-II,20260316,1.598411785573211,50.7887775790336,10.222673012321401,0.3941197261708267,2.4147735662459304,0.6554354520903256,0.18964585171699097,0.4260044477053877,0.6290738357550689,0.13440743830492968,-1.272774914157111,5.308804166233026,66.00558471679688,2.8499059677124023,7.848787307739258,
NSGA-II,NSGA-II,20260316,1.5953559613857577,50.40191995126441,10.222870859321375,0.39862973230152654,2.395148674738314,0.6554373532937969,0.1896430543125893,0.4257280832822272,0.6247519602652101,0.1343998305813616,-1.2163147323082555,5.285566380579181,66.0000991821289,2.8499844074249268,7.840415000915527,
NSGA-II,NSGA-II,20260316,1.602071309915891,49.92700463421221,10.531002132997898,0.3711760753518715,2.6457886985839005,0.6595130334384647,0.18956383212410916,0.41335643116264176,0.6219487217000284,0.13440711822134546,-5.183993885617895,5.250420133041316,66.06029510498047,2.8496527671813965,7.849955081939697,
NSGA-II,NSGA-II,20260316,1.598411785573211,51.28003008859904,10.221408338840845,0.39416561851384857,2.4147735662459304,0.655509199112255,0.18964287998617843,0.4260044477053877,0.6286290932343386,0.13454720363896838,-1.273675588619497,5.308804166233026,66.0149154663086,2.8499996662139893,7.848727226257324,
NSGA-II,NSGA-II,20260316,1.9061880895034362,39.38912894411999,9.472696669787215,0.39995383772599313,2.5738157812738782,0.6569204433311159,0.18923366862204338,0.4129044865094256,0.6224257035131459,0.13505262681925506,-2.4224126286207692,5.173097094981154,66.03955078125,2.7857913970947266,7.849999904632568,
NSGA-II,NSGA-II,20260316,1.598624501137532,51.274870426539906,10.212615868146004,0.3942870595699189,2.4129499539103705,0.657591871304345,0.18964309893174497,0.4260713272563238,0.6288914256994,0.13454089632649283,-1.2339359510370684,5.225380429590851,66.00131225585938,2.8499715328216553,7.846958637237549,
NSGA-II,NSGA-II,20260316,1.9061663370185518,39.391385849540306,9.472696669787215,0.3999538372632859,2.5738157812738782,0.6569204054983561,0.18923366755492504,0.4129044865094256,0.6224257049941883,0.13505245833904264,-2.4227532869591,5.173097095002126,66.03958129882812,2.7857983112335205,7.849999904632568,
NSGA-II,NSGA-II,20260316,1.610626062158925,49.75696090461313,10.522193115355932,0.3718247235022497,2.642008728318614,0.6569384103043145,0.18963182540743687,0.41326463575857914,0.624755934355035,0.1344745590611449,-4.930813782092287,5.2491908188931085,66.07392120361328,2.84531831741333,7.849985599517822,
NSGA-II,NSGA-II,20260316,1.810195304108122,36.633690973868624,9.454731291379321,0.4104169531090602,2.573823691210081,0.6579711325434044,0.18920298978998862,0.41290461698042413,0.6339102386083263,0.13450507660619487,-5.3048465863961525,5.306845291905474,66.00019073486328,2.821139335632324,7.8498854637146,
NSGA-II,NSGA-II,20260316,1.598411785573211,50.7887775790336,10.222673012321401,0.39405268215440364,2.4147735662459304,0.6555066631655779,0.18963108783265128,0.4260044477053877,0.6286891562459689,0.13442786771542045,-1.2739111809332755,5.308804166233026,66.00629425048828,2.84991455078125,7.8484344482421875,
NSGA-II,NSGA-II,20260316,1.9061880895034362,39.389099785959885,9.472696669787215,0.39995383772599313,2.5738157812738782,0.6569204066549159,0.18923366862204338,0.4129044865094256,0.6224257035131459,0.13505262681925506,-2.42241660672903,5.173097094981154,66.03955078125,2.7857913970947266,7.849999904632568,
NSGA-II,NSGA-II,20260316,1.6028738028183274,51.314283242504864,10.219697710122066,0.39399413275479,2.413303371874191,0.6576904015724984,0.18963661433594342,0.4260718094083307,0.6288960874123347,0.134436293340434,-1.2746399526218326,5.246859956232274,66.00113677978516,2.8494856357574463,7.848732948303223,
NSGA-II,NSGA-II,20260316,1.9061666084376425,39.39113520339678,9.472696669787215,0.39995383724156486,2.5738157812738782,0.6569204055047525,0.1892336669557865,0.4129044865094256,0.6224257049941883,0.13505245833904264,-2.4226618653352716,5.173097095002126,66.0395736694336,2.7857980728149414,7.849999904632568,
NSGA-II,NSGA-II,20260316,1.9061666084376425,39.3892512973654,9.472696669787215,0.39995383724206,2.5738157812738782,0.6569204054983561,0.1892336669557865,0.4129044865094256,0.6224257049941883,0.13505245833904264,-2.4226618653352716,5.173097095002126,66.03954315185547,2.7857983112335205,7.84999942779541,
NSGA-II,NSGA-II,20260316,1.598411785573211,51.292451326516016,10.219648367849194,0.3941731740900877,2.412881623591104,0.6554281340822935,0.18964287998617843,0.4260047261862043,0.6286385211529761,0.1344397595381096,-1.2746399526218326,5.308808513595358,66.01409149169922,2.8499608039855957,7.848845481872559,
NSGA-II,NSGA-II,20260316,1.598624502072131,51.28003008859904,10.219666023958307,0.3941731740900877,2.412881623591104,0.6576142082569537,0.18963648866267255,0.4260713272563238,0.6288960874123347,0.13443581106343652,-2.4184412256441377,5.225380429590851,66.00015258789062,2.849754810333252,7.8470072746276855,
NSGA-II,NSGA-II,20260316,1.5984105472154564,51.274870426539906,10.212615868146004,0.3940483059661912,2.4148025442255614,0.657591871304345,0.1896309228632857,0.4260713272563238,0.6288928108208776,0.13442787514535437,-1.2339359510370684,5.225380429590851,66.00176239013672,2.849984645843506,7.847128868103027,
NSGA-II,NSGA-II,20260316,1.598624501137532,51.274870426539906,10.212615868146004,0.3942870595699189,2.4129499539103705,0.6576237213491257,0.1896430991988877,0.4260713272563238,0.6288914256994,0.13442737239400976,-1.2339359510370684,5.226527878923492,66.0013656616211,2.8499631881713867,7.847071170806885,
NSGA-II,NSGA-II,20260316,1.597793972973101,51.35906342668698,10.221120354942897,0.3985416199184923,2.3823191101286607,0.6554443553214726,0.18964273405739623,0.42670620007226967,0.6287156515786487,0.13443841936004106,-1.270437151578811,5.308825945912102,66.0,2.8496692180633545,7.846283435821533,
NSGA-II,NSGA-II,20260316,1.5953559613857577,50.40196744262118,10.22286425385128,0.39862745135973476,2.395148674738314,0.6554373532937969,0.1896430542821596,0.4257317987046964,0.6247519602652101,0.13440068548303016,-1.2148169277609142,5.285695965210401,66.00011444091797,2.849984884262085,7.840420246124268,
NSGA-II,NSGA-II,20260316,1.6315806275703602,51.44091962303208,10.171584455254301,0.3985741747731326,2.3963592056027005,0.6563980542207193,0.1896242853659374,0.424868458832798,0.6273952310136203,0.13506030873858585,-2.616006386933904,5.287087369934393,66.0044174194336,2.8461434841156006,7.848886489868164,
NSGA-II,NSGA-II,20260316,1.5953559613857577,50.416819574456305,10.222680611820316,0.39862973230152654,2.395148674738314,0.6554373532937969,0.18964305182118044,0.4257280832822272,0.6247519602652101,0.13442634816066598,-1.2164150585424522,5.285567256406203,66.0003662109375,2.8499999046325684,7.840419292449951,
NSGA-II,NSGA-II,20260316,1.598624532358341,51.2680812636118,10.222802643596633,0.3941731740900877,2.412881623591104,0.6555495440874147,0.18963119030533288,0.4260713272563238,0.6287335402965639,0.134436293340434,-1.2702187941531378,5.310956833157803,66.01239776611328,2.8499596118927,7.849098205566406,
NSGA-II,NSGA-II,20260316,1.5985538484712116,50.79916609892252,10.222673012321401,0.39429401720802215,2.4133012097666593,0.6555066631655779,0.18964309176146396,0.4260689340718956,0.6286877711244914,0.13454088889655894,-1.2739150259094743,5.308804166233026,66.00495147705078,2.8499975204467773,7.848433971405029,
NSGA-II,NSGA-II,20260316,1.598411785573211,50.40404307563516,10.222673206135898,0.3943622533445894,2.4147735662459304,0.6555066631655779,0.18964266525238554,0.4260044477053877,0.6286891562459689,0.1344277843102153,-1.2155374175418174,5.308238171649207,66.00050354003906,2.849909543991089,7.847830772399902,
NSGA-II,NSGA-II,20260316,1.5985887565507508,51.32395329388601,10.213926101787763,0.39862918211711373,2.381332170823414,0.6564122395161999,0.18959419456606635,0.4266798043865485,0.6246389826681409,0.1350248747457766,-4.698478115863836,5.285315627760594,66.00003814697266,2.8498330116271973,7.8398308753967285,
NSGA-II,NSGA-II,20260316,1.610039105085264,49.92502122267465,10.523986786776044,0.3714526352675277,2.642008728318614,0.6568775379163104,0.18919699842534307,0.4129038488384027,0.6221716566587524,0.1344742158492393,-4.9415643158884635,5.249605366169025,66.05313873291016,2.846865653991699,7.8496785163879395,
NSGA-II,NSGA-II,20260316,1.6284949121825352,51.3102648999951,10.211848668834719,0.3986118779491781,2.3813857982187456,0.65539476243052,0.18959516655762154,0.4268009967727508,0.628605094416685,0.13440169112391612,-2.1896065852620197,5.307597730007391,66.00018310546875,2.8433151245117188,7.848293304443359,
NSGA-II,NSGA-II,20260316,1.9061880895034362,39.389099785959885,9.472696669787215,0.39995383772599313,2.5738157812738782,0.6569204066549159,0.18923366862204338,0.4129044865094256,0.6224257035131459,0.13505262681925506,-2.422657149580658,5.173097094980805,66.03955078125,2.7857913970947266,7.849999904632568,
NSGA-II,NSGA-II,20260316,1.598354924614816,51.31349075949099,10.214010208553951,0.39861193673191764,2.3810205316850532,0.6554429834766118,0.1895934703106778,0.4266868379688852,0.6244536599259569,0.13440116363034268,-2.434032666255625,5.309900372570692,66.00323486328125,2.8499858379364014,7.843238353729248,
NSGA-II,NSGA-II,20260316,1.63125097804023,51.359007879146645,10.170739099640645,0.39880715936608596,2.388596457051567,0.6554344605546754,0.1896312359037348,0.424774205136882,0.6273089197831543,0.13485346908866191,-2.5232949524408,5.306667646191236,66.00065612792969,2.846123456954956,7.849470615386963,
NSGA-II,NSGA-II,20260316,1.5984031184267113,51.37072003265228,10.221120354942897,0.39832202373199366,2.3832521904002304,0.6555063541891069,0.18964273405739623,0.42670620007226967,0.628689088346278,0.1344278132445417,-1.2142132986994483,5.308825945912102,66.00000762939453,2.8496222496032715,7.846583366394043,
NSGA-II,NSGA-II,20260316,1.6305409773163158,51.359657999089485,10.213992802967411,0.39854259944425374,2.3872008338549757,0.6568277357798311,0.18959516655762154,0.4267003491461372,0.6273260785280391,0.1348181688212103,-2.546730735205344,5.308264589784447,66.00044250488281,2.8442885875701904,7.848479270935059,
NSGA-II,NSGA-II,20260316,1.610039105085264,49.77202198674253,10.522192907671378,0.3722265881049777,2.642008728318614,0.6569384103043145,0.18923369158421569,0.4129038488384027,0.6224223845226058,0.1344742158492393,-4.956712641832411,5.249605366169025,66.05181121826172,2.846986770629883,7.849316120147705,
NSGA-II,NSGA-II,20260316,1.5993131388895285,50.50751878748301,10.22033088052541,0.39907071050420617,2.3960810924760922,0.6550802314328039,0.1898715330277929,0.4246654755186058,0.6285322184094997,0.13442705198122726,-1.1230361207131807,5.3103359608732505,66.00492858886719,2.849992513656616,7.844782829284668,
NSGA-II,NSGA-II,20260316,1.6315806275703602,51.359007879146645,10.170739099640645,0.3987921093738538,2.388596457051567,0.6554344605546754,0.1896312359037348,0.424774205136882,0.627395634504805,0.1348331487463943,-2.559645389432781,5.307135883397491,66.00077056884766,2.8460307121276855,7.84958028793335,
NSGA-II,NSGA-II,20260316,1.6304287984375934,51.31294050304864,10.214009190943164,0.39840151618138864,2.3813160483386167,0.65539476243052,0.18959427435897314,0.42668545412073855,0.6273260785280391,0.13440531806006806,-2.5372169901683606,5.3092971119331995,66.00004577636719,2.8431522846221924,7.847966194152832,
NSGA-II,NSGA-II,20260316,1.5983388556946658,51.36895548446302,9.449659371662587,0.3521790073583807,2.781821996852879,0.653500484798323,0.19729867298702303,0.41313796763666266,0.6242660017255586,0.13454942384032254,-4.36944847759532,5.285750680428957,66.7481918334961,2.8498318195343018,7.849366664886475,
NSGA-II,NSGA-II,20260316,1.5980847296430205,51.32870068481571,9.449634903214697,0.3504182986383796,2.787009451642081,0.6535004675744176,0.1973605160324928,0.4131438089776236,0.622699637554097,0.13454234570246937,-2.742651008887485,5.285861640892003,66.75288391113281,2.8499841690063477,7.849717140197754,
NSGA-II,NSGA-II,20260316,1.5983833349069445,50.417825083599865,10.22519528304041,0.3988287296879446,2.3974538787042423,0.6564801299610219,0.18964261379916922,0.42564291013019007,0.621501152686903,0.1344508928517292,-4.647364396199109,5.308610701376271,66.00628662109375,2.8499999046325684,7.83609676361084,
NSGA-II,NSGA-II,20260316,1.9061666084376425,39.391385849540306,9.472696669787215,0.39995383724206,2.5738157812738782,0.6569204054983561,0.1892336669557865,0.4129044865094256,0.6224257049941883,0.13505245833904264,-2.4226618653352716,5.173097095002126,66.03958129882812,2.7857980728149414,7.849999904632568,
NSGA-II,NSGA-II,20260316,1.9061880869804353,39.09493708529961,10.432772991526091,0.39995383728988626,2.5738157812738782,0.6569204044038054,0.1892336675873977,0.41284886173211355,0.6224256882732664,0.13504091997481826,-2.423905916819301,5.173097174427428,66.0,2.753775119781494,7.832203388214111,
NSGA-II,NSGA-II,20260316,1.5980831058389056,51.369087980349086,9.451559858872333,0.3504182986383796,2.787009451642081,0.6534849617489974,0.1973605160324928,0.41314383438429764,0.622699637554097,0.13503499637668517,-2.623426820732,5.285861640892003,66.75297546386719,2.8499722480773926,7.849545478820801,
NSGA-II,NSGA-II,20260316,1.9061880870654333,39.09493708529961,10.432772991526091,0.39995383728988626,2.5738157812738782,0.656920405496114,0.1892336675873977,0.41284886173211355,0.6224256882732664,0.13504091997481826,-2.423905916819301,5.173097174427428,66.0,2.753775119781494,7.832203388214111,
NSGA-II,NSGA-II,20260316,1.602071309915891,49.783177512315746,10.436922101394547,0.3718203546808506,2.649910351426425,0.6568897071570192,0.18956315636038276,0.4133427419450788,0.624812998080623,0.1344666371043506,-4.930991289708594,5.247763421773625,66.0852279663086,2.8495805263519287,7.849780559539795,
NSGA-II,NSGA-II,20260316,1.6652395914418339,50.446625487548104,10.219471008005659,0.3944393102462599,2.412993071025708,0.6550761628647073,0.1898715330277929,0.4246486207888538,0.622699731296427,0.13443810720205962,-1.2294743705310935,5.3103359608732505,66.02325439453125,2.836165189743042,7.848975658416748,
NSGA-II,NSGA-II,20260316,1.5985887565507508,51.32393287241339,10.213926101787763,0.39862918211711373,2.381332170823414,0.6564122395161999,0.1895934757958314,0.4266798043865485,0.6246389826681409,0.13502072031605122,-4.698478115863836,5.285315627760594,66.00007629394531,2.8498263359069824,7.839822292327881,
NSGA-II,NSGA-II,20260316,1.6027993141782009,50.417825083599865,10.22519528304041,0.3987970356744761,2.3974538787042423,0.6564801299610219,0.18956751106933353,0.42564291013019007,0.621501152686903,0.134801338159676,-4.647364396199109,5.287780324355083,66.0000228881836,2.8491108417510986,7.835652828216553,
NSGA-II,NSGA-II,20260316,1.598344773376201,50.41819189634526,10.222674006350218,0.39862745135973476,2.395350466660919,0.6554373532937969,0.18964305179075072,0.4257382392387733,0.6247519602652101,0.13442720306233452,-1.2141034984229435,5.285485192465967,66.00005340576172,2.849437713623047,7.840574264526367,
NSGA-II,NSGA-II,20260316,1.5932089260374298,50.36455880726088,10.222586441282647,0.3942872804321416,2.41263319795702,0.6550782394543166,0.18964577105924216,0.4260149406711341,0.624917861914032,0.1344071105817651,-1.2301168330870311,5.284600069800953,66.00711822509766,2.849992275238037,7.843014717102051,
NSGA-II,NSGA-II,20260316,1.6026552563782916,51.28240343574689,10.214197393915903,0.3985360788354626,2.381213895576606,0.6554430271489267,0.1896423766367592,0.4266820020816846,0.6273168509401514,0.13440410833580413,-1.2343939058953737,5.287928774421604,66.00000762939453,2.848412036895752,7.8445916175842285,
NSGA-II,NSGA-II,20260316,1.6098102854619043,50.062464448202924,10.519887495909604,0.372224265153472,2.642008728318614,0.6566790254928458,0.18923458707718188,0.4128798271723191,0.6228869694365303,0.13447421687530847,-4.656595925173605,5.248959903689611,66.0610580444336,2.8466885089874268,7.849713325500488,
NSGA-II,NSGA-II,20260316,1.6313761379089302,51.3102648999951,10.214010860273078,0.3986177720827633,2.3816249190801724,0.6553809689126822,0.1895936387265157,0.4267849905843583,0.6289906804712495,0.13502078152823863,-2.1896065852620197,5.285061310946359,66.00006866455078,2.842254638671875,7.847311973571777,
NSGA-II,NSGA-II,20260316,1.598354924614816,51.31351118096362,10.214010208553951,0.39861193673191764,2.3810205316850532,0.6554429834766118,0.18959418908091275,0.4266868379688852,0.6244536599259569,0.13440531806006806,-2.434032666255625,5.309900372570692,66.0032730102539,2.8499855995178223,7.843234062194824,
NSGA-II,NSGA-II,20260316,1.6660268521561488,50.418474652771266,10.170328270774199,0.39879223309976775,2.388598258399907,0.6551520443744849,0.18963668601312167,0.42475804362283837,0.6224118092318592,0.13481670640252816,-2.450640163432446,5.286377036181254,66.00000762939453,2.8376054763793945,7.846136569976807,
NSGA-II,NSGA-II,20260316,1.5986079813730845,51.279761826347304,10.216136467462885,0.3986291987508793,2.395148674738314,0.6554185624414355,0.1896489770194537,0.4257317987046964,0.6286229107216605,0.13442723691680172,-1.2159904055902686,5.309110391975613,66.0093994140625,2.8499865531921387,7.845664024353027,
NSGA-II,NSGA-II,20260316,1.5993131388895285,50.50751878748301,10.22033088052541,0.399075804915874,2.3960810924760922,0.6550801232497027,0.1898715330277929,0.4246654755186058,0.6285313145520486,0.13442705198122726,-1.1230289352750233,5.3103359608732505,66.00495910644531,2.8499903678894043,7.84477424621582,
NSGA-II,NSGA-II,20260316,1.6666395808776266,50.41686706581308,10.222674006350218,0.39905449850154395,2.3953096948194865,0.6554373532937969,0.18963529141958826,0.4246262273605769,0.6247519602652101,0.13442720306233452,-1.2149172539951252,5.310682579482533,66.00198364257812,2.8363406658172607,7.848095417022705,
NSGA-II,NSGA-II,20260316,1.5985492395704546,51.31323858092237,10.221402532253364,0.39416561851384857,2.4147735662459304,0.6555091939863751,0.18964309163885631,0.4260044477053877,0.628688583698523,0.13454183985148194,-1.273675588619497,5.308804166233026,66.01547241210938,2.8499579429626465,7.8488054275512695,
NSGA-II,NSGA-II,20260317,1.651526367632447,37.76421971245642,9.867698502025892,0.5580090329623724,1.5068399313710579,0.6282914578800001,0.2052952073474581,0.3763838266147605,0.694581965120451,0.13077202559690496,12.649210824192721,6.266116009097774,66.00041198730469,2.849996566772461,7.845468521118164,
NSGA-II,NSGA-II,20260317,1.6394897390098844,37.80446151167011,9.960093939009816,0.5409707156950324,1.6044475388026096,0.6279195571275906,0.20405730002551564,0.379270584898725,0.6923190604593003,0.13080086734811766,12.648976689837625,6.2237654657596995,66.00006103515625,2.848825454711914,7.848303318023682,
NSGA-II,NSGA-II,20260317,1.6396826225737495,37.76269529900679,9.975723432454128,0.540808569425547,1.604438977279652,0.6281564475599835,0.20415875894663799,0.3792705902866308,0.6938284038126172,0.12981595732749018,12.648963339660789,6.224458726834118,66.0000228881836,2.847640037536621,7.849611282348633,
NSGA-II,NSGA-II,20260317,1.6516910559534375,37.763880946818105,9.867730273836042,0.558009349391958,1.5068456230178904,0.6282916780346696,0.2052952078657074,0.3763838856197071,0.6945818804137669,0.13020428538389506,12.649210824192721,6.275534122567406,66.00005340576172,2.8499951362609863,7.846163272857666,
NSGA-II,NSGA-II,20260317,1.6394887059494423,37.80446151167011,9.95909605200059,0.5409707156950324,1.6044475388026096,0.627903153617165,0.20405660510527207,0.3792705828555729,0.6923190823631122,0.1308550524963956,12.651471135528709,6.224391648801164,66.00009155273438,2.848900318145752,7.848350524902344,
NSGA-II,NSGA-II,20260317,1.6449118703053374,37.836469169089185,9.8673426174926,0.5575692282223161,1.5068396768780126,0.6281607803928808,0.20529511462446273,0.3764248304200843,0.6938468850698147,0.1307490216307924,12.663768399614852,6.21311509062868,66.0,2.849992513656616,7.8416242599487305,
NSGA-II,NSGA-II,20260317,1.651526367632447,37.76852532835695,9.867698502025892,0.5580090329623724,1.5068399313710579,0.6282914578800001,0.2052952073474581,0.3763838266147605,0.694581965120451,0.13077202559690496,12.649210824192721,6.266116009097774,66.00048828125,2.8499984741210938,7.8454718589782715,
NSGA-II,NSGA-II,20260317,1.7788281106185588,32.705816699996305,9.444625309545675,0.5669326003407045,1.4995058829777483,0.6279601024889718,0.20564215022423088,0.3725961679036686,0.6935012846160249,0.13927871849898216,12.660961860118874,6.274419243452028,66.00000762939453,2.8361289501190186,7.849976539611816,
NSGA-II,NSGA-II,20260317,1.6449118703053374,37.836469169089185,9.867342580273586,0.5575691780440996,1.5068508483481682,0.6281607803928808,0.2052951259049703,0.3764248304200843,0.6938468850698147,0.13073520605666622,12.66182583803706,6.213146007037008,66.00000762939453,2.8499863147735596,7.8416266441345215,
NSGA-II,NSGA-II,20260317,1.6448095558307263,38.85902166450245,9.849627187271807,0.5417333433410392,1.6164776612075125,0.6281217951434306,0.20529649726482002,0.3764246771282861,0.6937976227478184,0.13074788461158468,12.66157193258779,6.212847245993583,66.09622955322266,2.84999942779541,7.849274158477783,
NSGA-II,NSGA-II,20260317,1.651127831965996,37.828770546159035,9.867728218855547,0.557575163244757,1.5068397047821294,0.6281607803928808,0.20529520878568983,0.3764285169045446,0.6944189185330708,0.13007450453882474,12.663512416848583,6.272564181087343,66.00015258789062,2.849987268447876,7.8462748527526855,
NSGA-II,NSGA-II,20260317,1.639682873606294,37.83479139758892,9.975723432454128,0.540808569425547,1.604438977279652,0.628160942153726,0.20411782642974213,0.37927059053530954,0.6938019060601325,0.13125748100432158,12.649116662175409,6.224043520400818,66.00032043457031,2.8484959602355957,7.849485874176025,
NSGA-II,NSGA-II,20260317,1.639682586928667,37.76269529900679,9.975723432454128,0.5408096460597953,1.604438977279652,0.6281429804614712,0.20415875894663799,0.3792682634131543,0.6938428203516406,0.12979675319585898,12.648963339660789,6.224458726834118,66.00003051757812,2.8476202487945557,7.849616050720215,
NSGA-II,NSGA-II,20260317,1.6449118703053374,37.836469169089185,9.8673426174926,0.5575692282223161,1.5068509968743213,0.6281607803928808,0.20529511442857262,0.3764248304200843,0.6938468850698147,0.1307490216307924,12.663750881230072,6.21314574031733,66.00001525878906,2.8499927520751953,7.8416242599487305,
NSGA-II,NSGA-II,20260317,1.651127831965996,37.828736998962356,9.867745725633165,0.5575594971087835,1.506835888103741,0.6281607801906463,0.20529214352766614,0.3763776834521804,0.6939176581163141,0.13005644263438448,12.661754723023378,6.206871305777342,66.0,2.8480119705200195,7.841952800750732,
NSGA-II,NSGA-II,20260317,1.6396828724850214,37.834052286882624,9.975723432454128,0.5405804502411062,1.604438977279652,0.6281564302471054,0.20415667768004522,0.3792705905376536,0.6938254263279233,0.1308126711009639,12.665224540402065,6.224193808030996,66.00057220458984,2.848280906677246,7.849856853485107,
NSGA-II,NSGA-II,20260317,1.6449118703053374,37.836469169089185,9.86734236510743,0.5575692282223161,1.5068509968743213,0.6281607803928808,0.20529511462067052,0.3764248304200843,0.6938468850698147,0.1307490216307924,12.66375156603221,6.21314574031733,66.00001525878906,2.8499927520751953,7.8416242599487305,
NSGA-II,NSGA-II,20260317,1.651526367632447,37.76421971245642,9.867697685114535,0.5580090329623724,1.5068399313710579,0.6282914578800001,0.20529518205576525,0.3763838266147605,0.6945798949339812,0.130204049679447,12.649209875763546,6.266116009097774,66.00001525878906,2.849738359451294,7.845575332641602,
NSGA-II,NSGA-II,20260317,1.651127831965996,37.828736998962356,9.867745725633165,0.5575594971087835,1.506835888103741,0.6281607801899642,0.20529214352766614,0.3763776834521804,0.6939176581163141,0.13005644263438448,12.661754723023378,6.206871305777342,66.0,2.8480119705200195,7.841952800750732,
NSGA-II,NSGA-II,20260317,1.6396828968519337,37.834052286882624,9.975723432454128,0.5405804502411062,1.604438977279652,0.62815287909117,0.20415667768004522,0.37927173623218857,0.6938254263279233,0.1308126711009639,12.665224540402065,6.224344571403802,66.0006103515625,2.8482797145843506,7.849859237670898,
NSGA-II,NSGA-II,20260317,1.6515022036030325,37.763880946818105,9.867728274036992,0.558009349391958,1.5066459616027905,0.6282707419173923,0.20529520782622848,0.3763838266273308,0.6945707429281837,0.13039934406098944,12.663814484171056,6.266062357210832,66.00000762939453,2.8498198986053467,7.845526695251465,
NSGA-II,NSGA-II,20260317,1.6516910559534375,37.763880946818105,9.867730273836042,0.558009349391958,1.5068456230178904,0.6282916780346696,0.2052952078657074,0.3763838856197071,0.6945640449493605,0.13020428538389506,12.649210824192721,6.275534122567406,66.00007629394531,2.849996328353882,7.846148490905762,
NSGA-II,NSGA-II,20260317,1.7790388136918023,32.83747362421958,9.482163303488036,0.5579951238398556,1.4998358145271755,0.6270287699660643,0.20562130619123864,0.37708594530319384,0.6922856998341653,0.13924610400351617,12.621946787555856,6.223658617002056,66.00010681152344,2.829927444458008,7.849999904632568,
NSGA-II,NSGA-II,20260317,1.651127831965996,37.82873689543196,9.867751628421757,0.5575682169329657,1.5068362430411288,0.6281605080053015,0.20529394160345119,0.3764285198975962,0.6944252827293633,0.13004430080395826,12.648686135455478,6.2637728423092405,66.00000762939453,2.849700450897217,7.845760822296143,
NSGA-II,NSGA-II,20260317,1.6396825029816804,37.76269529900679,9.962794735787556,0.5408094392117504,1.6044522763570517,0.6281429804614712,0.20415284743801407,0.37927000245536435,0.6938428203516406,0.1297995526193804,12.648963339660789,6.224458726834118,66.00016784667969,2.848064422607422,7.8498640060424805,
NSGA-II,NSGA-II,20260317,1.6396903752171308,37.80446151167011,9.960071757259495,0.5407911833263686,1.6049368613578583,0.6279008783274171,0.2040684375588084,0.37927039777723415,0.6923206479652517,0.13036005961142702,12.649139351111259,6.223974884030371,66.00025939941406,2.8485472202301025,7.848535060882568,
NSGA-II,NSGA-II,20260317,1.6395485084170134,37.750101529135094,9.920015677790635,0.5409707156950324,1.6044385655897146,0.627901643015296,0.20405649110458274,0.3793662557944765,0.6923190823631122,0.13078673685625516,12.731037097844421,6.2237654657596995,66.00133514404297,2.849973678588867,7.848841190338135,
NSGA-II,NSGA-II,20260317,1.6396831033899861,37.80446151167011,9.95909605200059,0.5409707156950324,1.6044475388026096,0.627900690637016,0.2040563769250008,0.3792716188582827,0.6923190823631122,0.1308550524963956,12.651243170671655,6.224463313598257,66.0001449584961,2.848853826522827,7.848365783691406,
NSGA-II,NSGA-II,20260317,1.7790722993741508,32.85326692723146,9.505981667240306,0.5579956885132082,1.5066693430762639,0.6270286789383996,0.20563953060541995,0.37613613054064987,0.692285852906638,0.13719576829265276,12.630280263315669,6.2132860515130925,66.0,2.828571319580078,7.849612236022949,
NSGA-II,NSGA-II,20260317,1.6395057721249788,37.80446151167011,9.96009402735464,0.5407911833263686,1.6049335267917997,0.6279008783274171,0.20406842136408085,0.37927060376102717,0.6923206651095682,0.13036005961142702,12.649140154759927,6.223974884030371,66.00021362304688,2.8485894203186035,7.848520755767822,
NSGA-II,NSGA-II,20260317,1.651127831965996,37.828770546159035,9.867728404739902,0.557575163244757,1.506839406427414,0.6281607803928808,0.20529508078584935,0.3764285169045446,0.69441740814987,0.13005933241926848,12.663586527704126,6.272601872569142,66.00013732910156,2.8499820232391357,7.846279144287109,
NSGA-II,NSGA-II,20260317,1.6516910559534375,37.763880946818105,9.867730273836042,0.558009349391958,1.5068455658599054,0.6282954070790081,0.2052952078657074,0.37638394002647435,0.6945818804137669,0.130204306985921,12.649210824192721,6.27479867623509,66.0000228881836,2.849975824356079,7.846123218536377,
NSGA-II,NSGA-II,20260317,1.651127831965996,37.82877167893875,9.867728404739902,0.5575754380758473,1.506852054159906,0.6281605910436151,0.20529518583352332,0.3764285655164884,0.6945879061981322,0.13005546215889696,12.648374482210436,6.273850699532729,66.00018310546875,2.849987506866455,7.846461296081543,
NSGA-II,NSGA-II,20260317,1.651127831965996,37.82877167893875,9.867728404739902,0.5575754380758473,1.5068517630837883,0.6281605910436151,0.20529518583352332,0.3764285655164884,0.6945879061981322,0.1300554601838547,12.648374482210436,6.273850699532729,66.00018310546875,2.849987506866455,7.846461296081543,
NSGA-II,NSGA-II,20260317,1.6399375596995394,37.77427979892269,9.919975057530843,0.5409707170974521,1.6044381395237097,0.6279010592996335,0.20405654650646,0.3791354427477532,0.6922951298596931,0.1303744109896829,12.649116662175409,6.224043520400818,66.0003890991211,2.8499233722686768,7.849188804626465,
NSGA-II,NSGA-II,20260317,1.6449118703053374,37.836469169089185,9.86734236510743,0.5575659517597522,1.5068512050619822,0.6281602957377447,0.20529511462067052,0.3764248304200843,0.6938940871580789,0.1307490216307924,12.649170370663136,6.21314574031733,66.00004577636719,2.849982261657715,7.8416523933410645,
NSGA-II,NSGA-II,20260317,1.6512904342848431,37.82877167893875,9.867728404739902,0.5575692650103289,1.5068518447286103,0.6281603653705217,0.2052951841309528,0.37642492338876826,0.6945850803520578,0.13005556816183272,12.648692395312956,6.273850699532729,66.00005340576172,2.8499648571014404,7.846500873565674,
NSGA-II,NSGA-II,20260317,1.6449118703053374,37.836469169089185,9.866711099528755,0.5575692282223161,1.5068509968743213,0.6281657397471021,0.20529511462067052,0.3764248304200843,0.6938394704841927,0.13077267609460633,12.648755402448032,6.212164108101144,66.00004577636719,2.8499996662139893,7.841569900512695,
NSGA-II,NSGA-II,20260317,1.651526367632447,37.82793124464689,9.867341179013895,0.557989737295564,1.5068399313710579,0.6282839138029281,0.2052952073474581,0.3763838266147605,0.694589379706073,0.13074837113309104,12.664206987776886,6.2653319301753605,66.0014877319336,2.8499975204467773,7.84549617767334,
NSGA-II,NSGA-II,20260317,1.651127831965996,37.83246467644884,9.867699923000165,0.558009395616899,1.506835629488716,0.6281630000381241,0.20529518221950088,0.3763787099544791,0.6945798841541998,0.1301930249417193,12.661920579792849,6.27482922876143,66.00199127197266,2.8499996662139893,7.8459696769714355,
NSGA-II,NSGA-II,20260317,1.6441068039188838,37.66315345974837,9.8637040379372,0.5417333953593293,1.6149001605958775,0.6286468230324846,0.20495534945092675,0.3770966667694282,0.6945897910281098,0.13051108396393654,12.648949009660932,6.213145823450989,66.05179595947266,2.849977731704712,7.849996566772461,
NSGA-II,NSGA-II,20260317,1.6448357519581647,37.80441296668859,9.958873870472729,0.5409708046092475,1.6049395163061222,0.627900994359752,0.20405625405192918,0.379270584917393,0.6937584782235973,0.13023543525930908,12.648814231184048,6.223442364216326,66.00012969970703,2.8471295833587646,7.849860191345215,
NSGA-II,NSGA-II,20260317,1.639682586928667,37.630156204953806,9.96146998675053,0.5408205929214294,1.604427720918415,0.6281406820898188,0.2041569203943492,0.3792682127737664,0.6923170207435768,0.12979675319585898,12.648960695736513,6.224458726834118,66.00003814697266,2.848165512084961,7.848527908325195,
NSGA-II,NSGA-II,20260317,1.6396826225737495,37.80446151167011,9.919550268375293,0.5409707156950324,1.6044475388026096,0.6279012335069388,0.20414904893118313,0.3792707147977301,0.6939314196596217,0.13080086734811766,12.648686540342638,6.223535932474713,66.00553894042969,2.849665641784668,7.849994659423828,
NSGA-II,NSGA-II,20260317,1.6450051676247095,37.80446151167011,9.922066115552132,0.5409707156950324,1.6044385318232117,0.627901643015296,0.20405649110458274,0.37913300839834274,0.6922786471868327,0.1303673874723355,12.64890031348245,6.2237654657596995,66.0011978149414,2.8487443923950195,7.849662780761719,
NSGA-II,NSGA-II,20260317,1.6396826225737495,37.629136928767466,9.919550268375293,0.5409493117080679,1.6044475388026096,0.628123381917489,0.20414904893118313,0.3790041535507493,0.6938220677018215,0.13079787934183557,12.648870079262565,6.213422586278733,66.00140380859375,2.8496618270874023,7.849520683288574,
NSGA-II,NSGA-II,20260317,1.651127831965996,37.828735766256045,9.867729710521868,0.557575163244757,1.5068363997418974,0.6281607809555813,0.20529508248841988,0.3764285169045446,0.69441740814987,0.1300569184746065,12.663268614601591,6.272601872569142,66.00012969970703,2.8499810695648193,7.846280097961426,
NSGA-II,NSGA-II,20260317,1.651127831965996,37.83246467644884,9.867699923000165,0.558009395616899,1.506835579387559,0.6281629982925012,0.20529384674820128,0.37638050398168754,0.6945798841541998,0.13019230274052612,12.648479845609188,6.27482922876143,66.00196838378906,2.8499982357025146,7.845965385437012,
NSGA-II,NSGA-II,20260317,1.6441068039188838,37.80481325821294,9.8637040379372,0.5417215143966218,1.6160903160914535,0.6286468230324846,0.2040680214656606,0.37939533940753484,0.6945897910281098,0.13049414960334102,12.661568978278758,6.213145823450989,66.01930236816406,2.8498263359069824,7.84952449798584,
NSGA-II,NSGA-II,20260317,1.651127831965996,37.828736998962356,9.866675208593868,0.5575594971087835,1.506835888103741,0.628160814278957,0.20529394160112485,0.37642851989782755,0.6944253159356294,0.13005675124683416,12.663675019522877,6.207269698081018,66.0,2.8479559421539307,7.842331409454346,
NSGA-II,NSGA-II,20260317,1.6395485084170134,37.80481126271796,9.920015677790635,0.5409707156950324,1.6044397757068634,0.6279008827824913,0.20405649110458274,0.3793662557944765,0.6923190823631122,0.13078673685625516,12.650105980148759,6.223974167069224,66.00232696533203,2.849998950958252,7.848880290985107,
NSGA-II,NSGA-II,20260317,1.651127831965996,37.828736998962356,9.866675208593868,0.5575594971087835,1.506835888103741,0.6281608127600532,0.20529394160112485,0.37642851989782755,0.6944253159356294,0.13005675124683416,12.663675019522877,6.207269698081018,66.0,2.8479559421539307,7.842331409454346,
NSGA-II,NSGA-II,20260317,1.6511570692612354,37.82864548739744,9.867751628421757,0.5575682169329657,1.506835603584559,0.6281605080053015,0.20529522511770615,0.3764303080926375,0.6945898003607304,0.13002792310686356,12.648536242436187,6.274689391569494,66.00041198730469,2.8499693870544434,7.846487522125244,
NSGA-II,NSGA-II,20260317,1.639637690560908,37.76269529900679,9.97435828645347,0.5408096460597953,1.604381205425009,0.6281429804614712,0.20415875894663799,0.3792682634131543,0.6938428203516406,0.12979675319585898,12.648959011960045,6.213867696314333,66.00000762939453,2.8473541736602783,7.84900426864624,
NSGA-II,NSGA-II,20260317,1.651127831965996,37.83246467644884,9.867699923000165,0.558009395616899,1.5068355691526654,0.6281629162681681,0.20529384446015703,0.37638204104513195,0.6945708531870778,0.13019285618833193,12.648349520399982,6.27482922876143,66.00196075439453,2.84999942779541,7.845959663391113,
NSGA-II,NSGA-II,20260317,1.6448096288979066,37.64004432809483,9.849880488023597,0.5417327216246575,1.616465395422713,0.6286631535326251,0.20529408690286244,0.37642472333768096,0.6946014677634605,0.13074641917472327,12.662208193783734,6.213130750664583,66.07015228271484,2.849998950958252,7.849807262420654,
NSGA-II,NSGA-II,20260317,1.636883032035013,37.76256804177709,9.93460272459578,0.5408369064330513,1.6033567519720764,0.6281684200713167,0.20418786241343911,0.37920946689331625,0.6938047333753906,0.13098346826598498,12.6489771047045,6.213077656617308,66.00154113769531,2.8499772548675537,7.849395275115967,
NSGA-II,NSGA-II,20260317,1.644796519056504,37.80446151167011,9.922066115552132,0.5409707156950324,1.6044385318232117,0.627901643015296,0.20405649110458274,0.37913300839834274,0.6922786471868327,0.13036297974908756,12.64890031348245,6.223533546624764,66.00114440917969,2.8487837314605713,7.849632740020752,
NSGA-II,NSGA-II,20260317,1.6397385390206103,37.76269529900679,9.975723432454128,0.5408096460597953,1.6044387539834266,0.6281429804614712,0.20415875894663799,0.3792682634131543,0.6938428203516406,0.12979675319585898,12.648963339660789,6.224458726834118,66.00004577636719,2.847607135772705,7.849620819091797,
NSGA-II,NSGA-II,20260317,1.6441068039188838,37.804740879785626,9.8637040379372,0.5417215143966218,1.6160903160914535,0.6286468230324846,0.2040680214656606,0.37939533940753484,0.6945897910281098,0.13051109226923874,12.661568978278758,6.213145823450989,66.0193099975586,2.849835157394409,7.849522113800049,
NSGA-II,NSGA-II,20260317,1.6441068039188838,37.66322583817569,9.8637040379372,0.5417333953593293,1.6149001605958775,0.6286468230324846,0.20495534945092675,0.3770966667694282,0.6945897910281098,0.13049414129803882,12.648949009660932,6.213145823450989,66.05178833007812,2.8499698638916016,7.849999904632568,
NSGA-II,NSGA-II,20260317,1.6512904342848431,37.82877167893875,9.86608759501496,0.5575692650103289,1.5068517672319897,0.6281607763062761,0.20529572156839007,0.37642492338876826,0.6945850803520578,0.13003797953085336,12.651357788696885,6.270835446830378,66.0000228881836,2.849925994873047,7.846365928649902,
NSGA-II,NSGA-II,20260317,1.6395073312025938,37.62907250855292,9.919550268375293,0.5409707156950324,1.6044475388026096,0.6279012335069388,0.20414904893118313,0.3792707147977301,0.6939314196596217,0.1308028032679922,12.648692468012065,6.225868295104174,66.00257873535156,2.849703311920166,7.849993705749512,
NSGA-II,NSGA-II,20260317,1.6441068039188838,37.66315345974837,9.866579964000525,0.5417333953593293,1.6149001605958775,0.6286468230324846,0.20495534945092675,0.3770824384154229,0.694430584344202,0.13051108396393654,12.648949009660932,6.213145823450989,66.05175018310547,2.849907398223877,7.849832534790039,
NSGA-II,NSGA-II,20260317,1.6368389016690017,37.8349059633814,9.93460272459578,0.5408369064330513,1.6033567519720764,0.6281682243374839,0.20527832040681115,0.37641873910212587,0.6938047333753906,0.13098346826598498,12.648685347689785,6.213077656617308,66.04822540283203,2.8499886989593506,7.849752902984619,
NSGA-II,NSGA-II,20260317,1.6441068039188838,37.66315345974837,9.863738432015374,0.5417333953593293,1.6149001605958775,0.6286468230324846,0.20495534945092675,0.37708316519192286,0.694430584344202,0.13051108396393654,12.648949009660932,6.213145823450989,66.05196380615234,2.8499953746795654,7.849870204925537,
NSGA-II,NSGA-II,20260317,1.651127831965996,37.828736998962356,9.866675208593868,0.5575594971087835,1.506835888103741,0.6281608142606045,0.20529394160112485,0.37642851989782755,0.6944253153178619,0.13005676527790638,12.663675019522877,6.207269698081018,66.0,2.8479559421539307,7.842331409454346,
NSGA-II,NSGA-II,20260317,1.6449974232980962,37.80476121085556,9.922066115552132,0.5409707156950324,1.6044385318232117,0.6278954112942315,0.20405649110458274,0.37913300839834274,0.6922786471868327,0.13051987397321063,12.64890031348245,6.2237654657596995,66.00135803222656,2.84881854057312,7.84963321685791,
NSGA-II,NSGA-II,20260317,1.6488324188230168,37.762689588050385,9.970212426662776,0.5409707156950324,1.6054445242990318,0.6279187919896795,0.2040558334843555,0.37927118568282975,0.6937985033755882,0.13029521267684568,12.648864278446524,6.223429961712304,66.000244140625,2.8458430767059326,7.849956512451172,
NSGA-II,NSGA-II,20260317,1.6441068039188838,37.66315345974837,9.866545569922351,0.5417333953593293,1.6149001605958775,0.6286468230324846,0.20495534945092675,0.37709593999292823,0.6945897910281098,0.13049414960334102,12.661533417263769,6.213145823450989,66.05166625976562,2.8498728275299072,7.849947929382324,
NSGA-II,NSGA-II,20260317,1.6441675339986648,37.80474492897696,9.8637040379372,0.5417351090329496,1.6160903160914535,0.6286468230324846,0.2040680214656606,0.37939533940753484,0.6945897910281098,0.13085417763024162,12.66180975725674,6.21335315188309,66.0196762084961,2.849998950958252,7.8494696617126465,
NSGA-II,NSGA-II,20260317,1.644114548245497,37.80444118060018,9.8637040379372,0.5417215143966218,1.6160903160914535,0.6286530547535492,0.2040680214656606,0.37939533940753484,0.6945897910281098,0.13035860576836358,12.661568978278758,6.213145823450989,66.01914978027344,2.8497607707977295,7.849551677703857,
NSGA-II,NSGA-II,20260317,1.6488324188230168,37.77200049355271,9.970637852913743,0.5409707156950324,1.6052021118733544,0.6278961662565818,0.20410039986968356,0.37913932010859785,0.6937987610015557,0.13029651566564449,12.64860921814487,6.223430319884953,66.00194549560547,2.845841407775879,7.849996089935303,
NSGA-II,NSGA-II,20260317,1.814483425337708,38.807321005662395,7.874339134545693,0.5668049405688185,1.5067165878156994,0.6278873835950889,0.21188104897222054,0.3723850895513941,0.6929416848453623,0.13714282961127944,12.6492473220734,5.978517388439813,66.587890625,2.84999942779541,7.84242582321167,
NSGA-II,NSGA-II,20260317,1.7790722993741508,32.85326692723146,9.505981667240306,0.5579857947347693,1.5066693430762639,0.6270286789383996,0.20564047774213168,0.37613613054064987,0.6922813087539049,0.137186043281943,12.630280263315669,6.2131145637572285,66.0,2.8285622596740723,7.849610328674316,
NSGA-II,NSGA-II,20260317,1.636883032035013,37.77997802273619,9.936259142730044,0.5610353595892601,1.5066735136503393,0.6281607803924287,0.20529574235729775,0.3751052417574503,0.6938033271616999,0.13100280510694276,12.651386578033517,6.21279444864532,66.00188446044922,2.8499996662139893,7.836612701416016,
NSGA-II,NSGA-II,20260317,1.8185035838515915,32.7008326553279,9.598348009697226,0.5574626456983922,1.50666819707798,0.6279013740137878,0.20564432493538123,0.377353500754633,0.6922578995802252,0.13718606647440412,12.649124350523032,6.213142195748683,66.00445556640625,2.814448595046997,7.849999904632568,
NSGA-II,NSGA-II,20260317,1.6448096767152802,37.84463445253695,9.849627187271807,0.5419546469391312,1.6164778697210016,0.6286239013151989,0.20529659102449216,0.3764246771282861,0.6938225850540123,0.13072470422830806,12.662629481153388,6.212849998538631,66.07621765136719,2.849998712539673,7.848915100097656,
NSGA-II,NSGA-II,20260317,1.7790326306505055,32.70514001688028,9.446015269999961,0.5669326003407045,1.4995058829777483,0.6279601024889718,0.20564215022423088,0.3725961679036686,0.6935012846160249,0.13927871849898216,12.622700995708605,6.274419243452028,66.00001525878906,2.836031198501587,7.849960803985596,
NSGA-II,NSGA-II,20260317,1.818431729083239,32.685537256707704,9.504833762889078,0.5611160166258182,1.5066633581768962,0.6279013740137878,0.20564528007489896,0.3752196488636557,0.6923441127934586,0.13717627078984057,12.631928836266773,6.213086390820551,66.01008605957031,2.8189780712127686,7.84999942779541,
NSGA-II,NSGA-II,20260317,1.64480097776028,37.836469169089185,9.8673426174926,0.5575692282223161,1.5068396768780126,0.628146383822934,0.20529511462446273,0.3764248304200843,0.6938047368227828,0.13074896868009211,12.662259347345518,6.213114747748975,66.00027465820312,2.849993944168091,7.841541767120361,
NSGA-II,NSGA-II,20260317,1.6488324188230168,37.76261646812757,9.970213128159847,0.5409707156950324,1.6054445242990318,0.6279187919896795,0.2040558334843555,0.37927360511980346,0.6937987653673942,0.1302952723093418,12.648864278446524,6.223430318699713,66.00025939941406,2.8458399772644043,7.849952697753906,
NSGA-II,NSGA-II,20260317,1.651113869887633,37.76422627192588,9.867698502470716,0.5580090329623724,1.5068399313710579,0.6281673172067828,0.20529453505036244,0.3763838266147605,0.6938120149504612,0.13077202559690496,12.649210824192721,6.265895037847826,66.00215148925781,2.8499979972839355,7.844616413116455,
NSGA-II,NSGA-II,20260317,1.7788342936598558,32.838150307335596,9.480773343033752,0.5579856471438251,1.4998873425825328,0.6270287699660643,0.20563930462532135,0.3770401921131921,0.6922775482791537,0.13924610400351617,12.660207651966118,6.223799569922027,66.00116729736328,2.8299989700317383,7.8499755859375,
NSGA-II,NSGA-II,20260317,1.651127831965996,37.828736998962356,9.863799282530543,0.5575594971087835,1.506835888103741,0.628160814278957,0.20529394160112485,0.3764427482518328,0.6945845226195372,0.13005675124683416,12.663675019522877,6.207269698081018,66.00004577636719,2.8480262756347656,7.842495441436768,
NSGA-II,NSGA-II,20260317,1.651817949216345,37.96055459484329,9.86862331632696,0.5551539224610055,1.5067854647468248,0.6281607661789497,0.20561867971675424,0.37509105553241234,0.6939170192708246,0.1303554470515009,12.664484736132657,6.218575857764278,66.0008316040039,2.849740505218506,7.8468427658081055,
NSGA-II,NSGA-II,20260317,1.6394887059494423,37.79481002927879,9.95909605200059,0.5409707156950324,1.6044475388026096,0.627903153617165,0.20405660510527207,0.3792705828555729,0.6921473544296239,0.1308550524963956,12.651471135528709,6.213775550192428,66.00013732910156,2.848586082458496,7.84756326675415,
NSGA-II,NSGA-II,20260317,1.6447918516501052,37.84463445253695,9.849527681438211,0.5419630155433449,1.6164778697210016,0.6286238991363504,0.20412083594273614,0.37939009258164663,0.6938225850540123,0.1307174205204386,12.661536445009439,6.212849998538631,66.02726745605469,2.8499927520751953,7.848525524139404,
NSGA-II,NSGA-II,20260317,1.651526039483978,37.832340315285606,9.867698685779468,0.5580363898444235,1.506835801272552,0.6282849210660981,0.20531019170036433,0.37637833284897093,0.6945742232911277,0.13018788860320252,12.661841029552889,6.275320883047322,66.00227355957031,2.849993944168091,7.846091270446777,
NSGA-II,NSGA-II,20260317,1.6511135417391642,37.83234687475505,9.867698686224292,0.5580363898444235,1.506835801272552,0.6281607803928808,0.20530951940326864,0.37637833284897093,0.6938042731211378,0.13018788860320252,12.661841029552889,6.275099911797374,66.00396728515625,2.849999189376831,7.845245838165283,
NSGA-II,NSGA-II,20260317,1.651127831965996,37.82873689543196,9.867751628421757,0.5575682169329657,1.5068399024317611,0.6281604741199074,0.20529394160345119,0.3764285198975962,0.6945795099252838,0.13077339588868206,12.648686135455478,6.263539313956481,66.00066375732422,2.8499855995178223,7.845685958862305,
NSGA-II,NSGA-II,20260317,1.651127842939948,37.828736998962356,9.867745725633165,0.5575580118743012,1.506835888103741,0.6281607801906463,0.20529228034305788,0.3763776834521804,0.6939176581163141,0.13005644263438448,12.649476327071937,6.207172681012447,66.00000762939453,2.8480215072631836,7.8419718742370605,
NSGA-II,NSGA-II,20260317,1.6513803011978136,37.971720414500965,9.867699334051995,0.5551324244135654,1.5067800926593666,0.6282916251469784,0.20562068727108254,0.3763782722772077,0.6939304585329817,0.1303554470515009,12.649233298529253,6.2650928935461705,66.0094985961914,2.8499932289123535,7.848098278045654,
NSGA-II,NSGA-II,20260317,1.6440658534959063,37.804818793758095,9.8637040379372,0.5417215143966218,1.6160903160914535,0.6286468230324846,0.20406755281135308,0.37939428671069225,0.6938414250976686,0.13049414960334102,12.650951025885291,6.212859944150138,66.02014923095703,2.8498921394348145,7.848896026611328,
NSGA-II,NSGA-II,20260317,1.6448022717541533,37.64004432809483,9.849880488023597,0.5417333779496383,1.616465395422713,0.6286631535326251,0.20529408690286244,0.3764282077899198,0.6946014677634605,0.13074640300653778,12.662208193783734,6.213130750664583,66.07015991210938,2.8499977588653564,7.849803924560547,
NSGA-II,NSGA-II,20260317,1.6441068039188838,37.80481325821294,9.8637040379372,0.5419681749776111,1.6164877700864715,0.6286468230324846,0.2040680214656606,0.37939381260543065,0.6945897910281098,0.1304941510394901,12.661568978278758,6.213145823450989,66.02120971679688,2.8497045040130615,7.8491034507751465,
NSGA-II,NSGA-II,20260317,1.6441068039188838,37.66315345974837,9.8637040379372,0.5417333953593293,1.6149001605958775,0.6286468230324846,0.20495534945092675,0.3770966667694282,0.6945897910281098,0.13051108396393654,12.648984570675928,6.213145823450989,66.05179595947266,2.849977493286133,7.849996566772461,
NSGA-II,NSGA-II,20260317,1.6396836796022978,37.76414350858205,9.959539718674236,0.5413883779542019,1.6044477620988347,0.6278942484550324,0.20405730002551564,0.379270584898725,0.6946162513956555,0.13080086734811766,12.648976689837625,6.2237654657596995,66.0009765625,2.848235845565796,7.849251747131348,
NSGA-II,NSGA-II,20260317,1.7790388136918023,32.83747362421958,9.482163303488036,0.5580434073992984,1.4998358145271755,0.6270287699660643,0.2056305226879081,0.3770964925507837,0.6922441328824704,0.13875389449455885,12.622527846188113,6.224218968370064,66.00062561035156,2.8296923637390137,7.8499755859375,
NSGA-II,NSGA-II,20260317,1.6448357519581647,37.80441296668859,9.958873870472729,0.540970706855026,1.604443092874189,0.6279009921258758,0.20405625405192918,0.379270584917393,0.6937584782235973,0.13023543525930908,12.648817496375393,6.223442364216326,66.00086975097656,2.8470311164855957,7.849714279174805,
NSGA-II,NSGA-II,20260318,1.9367516263552247,36.15404345057469,9.585199692634244,0.5641788139889028,2.944649492707987,0.6475392815649464,0.17487964754462465,0.33953077214666166,0.5790431947995813,0.12588811236195663,7.296363926823041,6.800326937266797,66.0,2.833094596862793,7.757545471191406,
NSGA-II,NSGA-II,20260318,1.2900190961961826,42.391130570064405,8.903338998306126,0.7189834970145962,1.1648495240923353,0.6940561933869902,0.21939700300250642,0.44840548056734,0.7310824722090129,0.1264030188858853,9.821910855959594,6.599490032932013,67.44415283203125,2.8499996662139893,7.637503623962402,
NSGA-II,NSGA-II,20260318,2.00078125966309,45.886709383259124,9.58517761924292,0.5504753184182615,1.5731681320319746,0.6592503680905121,0.19106971232481984,0.4439839883092451,0.5790285270133944,0.12638795742324857,7.238026532685971,6.875741573770263,66.00003051757812,2.7826735973358154,7.813905239105225,
NSGA-II,NSGA-II,20260318,1.5670424239881435,44.69140248244804,9.038223345220826,0.4160798291260307,1.1026268356097297,0.6521503125812002,0.2192641637454142,0.4487150798934936,0.689660454547884,0.12956881723959332,2.2687732167869754,3.969838397499139,66.16470336914062,2.7879927158355713,7.8499979972839355,
NSGA-II,NSGA-II,20260318,1.290019095999713,42.37748700900206,8.903339217091496,0.7189816688368668,1.1648497133534024,0.6940560536822793,0.21939718040863354,0.44840547765877103,0.7310824722090129,0.1264030188858853,9.679098991251045,6.599490032932013,67.44376373291016,2.8499999046325684,7.6374897956848145,
NSGA-II,NSGA-II,20260318,1.6524267619197184,44.47953504772687,9.699533968337025,0.730649590112167,1.1648006276938567,0.6890611578262227,0.19043199906738745,0.4458723349596088,0.5644200553965125,0.12693684255857163,9.382489804999672,6.547345638501943,66.00007629394531,2.84959077835083,7.613861560821533,
NSGA-II,NSGA-II,20260318,1.2685390332731004,45.18212066768411,8.70244607166776,0.40683998409696787,1.1645301894928857,0.6565466557515536,0.21943166318570922,0.4444675487179579,0.6893778289487765,0.12975621762728154,2.3235491796499232,3.976905633635093,66.31376647949219,2.849970579147339,7.849887847900391,
NSGA-II,NSGA-II,20260318,2.0182688875028054,45.898287996246474,8.700592364666235,0.5516327417508617,1.5763064496055974,0.6585159426577814,0.19041971165084257,0.44660245761022666,0.6012350811642765,0.12697840061248006,9.930880228684941,6.923782361178573,66.00973510742188,2.8065037727355957,7.849989414215088,
NSGA-II,NSGA-II,20260318,2.0009190633426135,45.88561101773453,8.6934886870717,0.550475532873334,1.5568238534887655,0.6591460068154128,0.19135763999884675,0.44444953853972713,0.5805863927297226,0.12613728127845536,7.339113701505738,7.123900696781137,66.0277328491211,2.8184659481048584,7.849992752075195,
NSGA-II,NSGA-II,20260318,1.75016184910063,36.144161780696315,9.53962416547245,0.6543126963980188,1.5556063366392385,0.6939938849781697,0.18974206142694205,0.44888397801734004,0.5790375363549202,0.126181712901396,7.228917135580211,6.933618889607305,66.00907897949219,2.849993944168091,7.693465709686279,
NSGA-II,NSGA-II,20260318,1.5670424239881435,44.64280476787854,9.037870427018074,0.4160798291260307,1.1026268356097297,0.6521043061114956,0.2192641637454142,0.4486580517894214,0.689660454547884,0.12973799576892575,2.409803293717289,3.96964294407456,66.16370391845703,2.7881338596343994,7.849994659423828,
NSGA-II,NSGA-II,20260318,1.75016184910063,35.67683063283739,9.539562126095863,0.6543126963980188,1.5556063366392385,0.6939938849781697,0.18974206142694205,0.44888397801734004,0.5783025068113389,0.12618266540540304,2.272806843898131,6.933618889607305,66.0005111694336,2.8498826026916504,7.691607475280762,
NSGA-II,NSGA-II,20260318,2.004099332737349,44.856675572498155,8.692452394562121,0.5513576618541705,1.583219818587001,0.6585970721333556,0.19041971165084257,0.4465107588612337,0.5990983669903792,0.12948580124850226,9.506273972386488,6.906521757028678,66.00004577636719,2.8111064434051514,7.846324920654297,
NSGA-II,NSGA-II,20260318,1.2942884801388188,46.176904087899146,9.091917287518628,0.418160373062503,0.935784238376881,0.6496689213152156,0.2171633188888382,0.454975764358872,0.6933930507887813,0.12942353596867273,1.7209856492853035,4.017661310126806,66.00008392333984,2.8301281929016113,7.849976539611816,
NSGA-II,NSGA-II,20260318,1.9330397352164475,45.88561101773453,8.6934886870717,0.5505429836930453,1.5568238534887655,0.6594081585326194,0.19133627681587484,0.44444953853972713,0.5805863927297226,0.12613728127845536,2.3695144682452067,7.123900696781137,66.00666809082031,2.838021755218506,7.8455119132995605,
NSGA-II,NSGA-II,20260318,1.9356983336763236,36.15218601610492,9.0956706392077,0.5513859932298881,2.9775282599484187,0.6384612980398342,0.17509560597883375,0.33953265056390625,0.602480902354842,0.12588513556242334,4.6678864698965015,6.93374224837527,66.05309295654297,2.8498573303222656,7.798682689666748,
NSGA-II,NSGA-II,20260318,1.6524267619197184,44.32311181166204,9.706579336936368,0.730649590112167,1.1648494286744473,0.6892546661936183,0.19043199906738745,0.4456893857233497,0.5656041023493569,0.12221904776589407,9.381572437506158,6.549796236013626,66.00001525878906,2.846662998199463,7.616037368774414,
NSGA-II,NSGA-II,20260318,1.9367516263552247,36.15404345057469,9.585199692634244,0.5641788139889028,2.944649492707987,0.6475392815649464,0.17487964754462465,0.33953077214666166,0.5790431947995813,0.12588811236195663,7.296363926823041,6.8025557459579025,66.0000228881836,2.8331687450408936,7.757681846618652,
NSGA-II,NSGA-II,20260318,2.0444696206141257,35.99038937903562,8.754411945381108,0.5513848743087105,2.9775323076882763,0.6565974523420011,0.1750962916353054,0.3403328192806664,0.6024562435662211,0.12588572168666531,4.715214061879067,6.930830920381442,66.00003814697266,2.8440213203430176,7.8342204093933105,
NSGA-II,NSGA-II,20260318,1.2949206050150028,44.9814096858377,8.733949545670583,0.4257794341407247,0.9394051677708027,0.6593320309746639,0.21717494742474014,0.45484901309653614,0.6896991788018331,0.12936384324798822,2.2095760821769943,3.9116023047768556,66.01627349853516,2.8414762020111084,7.846867561340332,
NSGA-II,NSGA-II,20260318,1.9280434486738482,36.36050280308113,9.180006100429722,0.566010821668705,2.8877856812802003,0.6398918253586937,0.17485492345248613,0.33862336982484953,0.577126296001901,0.12590891522066222,2.1634787209782758,6.935010789533903,66.01087188720703,2.849705934524536,7.767148017883301,
NSGA-II,NSGA-II,20260318,1.9397591173001385,36.01980781160415,9.102475530697262,0.5642456914943459,2.8891598026763607,0.6400316038347141,0.1748794787682303,0.3388815553948171,0.5805524333976201,0.12587459777509588,2.190201900382192,6.933747132249365,66.00508880615234,2.849076509475708,7.774733543395996,
NSGA-II,NSGA-II,20260318,1.2821504012667968,45.87861934165473,8.72353259235084,0.42574145996809365,0.9430981190066225,0.6599162260147154,0.2192738021864729,0.44858656305352956,0.6898756929624825,0.12947625727180131,2.378450530594911,3.866503251304014,66.09583282470703,2.8482768535614014,7.849856853485107,
NSGA-II,NSGA-II,20260318,1.939633439469584,36.35162753804248,9.102086996284871,0.5492093336540361,2.944938370641685,0.6399635293514592,0.17487984072738783,0.3394570264299649,0.5806665508548567,0.12186795164596742,2.3923046870833176,6.935364551316335,66.02306365966797,2.849562168121338,7.790481090545654,
NSGA-II,NSGA-II,20260318,1.9397443818249227,36.152595987507596,9.0967372198892,0.5492088082498815,2.9436936517556216,0.6399556590589796,0.17487984078433175,0.3394945061720477,0.5790431965258426,0.12587299106863142,2.375546893197267,6.933739943982774,66.01313018798828,2.8498787879943848,7.786129474639893,
NSGA-II,NSGA-II,20260318,1.2949206050150028,45.874252468467844,8.733949545670583,0.4257794341407247,0.93895322847153,0.659542719236138,0.21717703063235896,0.45536201941726184,0.6896675080486887,0.12936384324798822,2.2095760821769943,3.9116023047768556,66.01953125,2.842270612716675,7.849432468414307,
NSGA-II,NSGA-II,20260318,2.043285349898408,35.9902692508547,8.754193808142453,0.5514916527789631,2.9775323076882763,0.6566691402249483,0.1750970820838026,0.3403328192806664,0.6024562435662211,0.12588572168666531,4.715214061879067,6.933594239223846,66.00016021728516,2.8446197509765625,7.834246635437012,
NSGA-II,NSGA-II,20260318,1.2688297520124325,46.06960285936949,8.726087575489048,0.407066261832941,1.1593097486427009,0.6497288848211007,0.2169310716095784,0.44438540145205063,0.6893778342338552,0.12975928515529223,1.715468219778991,3.974666155755616,66.21694946289062,2.84932017326355,7.849676132202148,
NSGA-II,NSGA-II,20260318,1.278281156891031,45.21094149831463,8.72573745297353,0.40864882375192646,1.1307686201011573,0.6595283666560272,0.21943141271115965,0.4441199749957402,0.6892756958566748,0.12954909330612743,2.3635382836930887,3.8577360815642,66.24529266357422,2.849581003189087,7.849852085113525,
NSGA-II,NSGA-II,20260318,1.2775932536943002,45.19613651899844,8.726261324960323,0.4110249937300032,1.151336391661223,0.6584809156371666,0.21942912108145396,0.44444975082107435,0.6893775430668233,0.12949167836557068,2.3235491796499232,3.976898443596259,66.29278564453125,2.849672794342041,7.848707675933838,
NSGA-II,NSGA-II,20260318,2.041532649468338,36.15439671328163,8.780850877741965,0.5513848743087105,2.977532319923559,0.6564266683724826,0.1750962916353054,0.34033322301521524,0.6022807241926579,0.12588572144323337,4.712392908042631,7.039764590797186,66.0002212524414,2.8477368354797363,7.840083122253418,
NSGA-II,NSGA-II,20260318,1.2787894454219975,46.176904087899146,9.091917287518628,0.4181603824216945,0.935784238376881,0.6500842215643317,0.21702043893736844,0.454975764358872,0.6933930507887813,0.12942353596867273,1.6989893849778355,4.017661310126806,66.00385284423828,2.832134246826172,7.8490190505981445,
NSGA-II,NSGA-II,20260318,2.048110360254743,35.99038937903562,8.750192601859425,0.5513858892086212,2.9769910417250385,0.6566338908429769,0.17540029880582952,0.34170198637730687,0.6009029506208425,0.12634052204885027,2.7099846730127055,7.186736837366531,66.03509521484375,2.8495306968688965,7.84584379196167,
NSGA-II,NSGA-II,20260318,1.2918118186968734,45.62676183253727,9.091025730153943,0.41816433341757747,0.935784238376881,0.6483748472738605,0.2171654351200597,0.45514496571058694,0.6914741891457011,0.1294214985254209,1.6861120015537736,4.082349391416395,66.0054702758789,2.8307831287384033,7.849252700805664,
NSGA-II,NSGA-II,20260318,2.0444696206141257,36.152764376156185,8.754411227368413,0.5513848743087105,2.9775323076882763,0.6565966948669435,0.1750962916353054,0.3403328192806664,0.6021723157613094,0.12588572168666531,4.8696200747612295,7.123854798939188,66.0217514038086,2.8490946292877197,7.843189239501953,
NSGA-II,NSGA-II,20260318,1.2878363872915997,44.98577655902458,8.723562283373678,0.42574145996809365,0.9439205177260549,0.6593417383663489,0.21927314480809512,0.4480792776052125,0.689700341286703,0.1294748704819898,2.125261511014507,3.866503251304014,66.07498931884766,2.847722053527832,7.849649906158447,
NSGA-II,NSGA-II,20260318,1.278145916914989,45.21368021746248,8.731500102522492,0.4257794341407247,0.9437597533282249,0.6595257983620587,0.2171631546780705,0.45468620386955755,0.6896991788018331,0.12954901750488296,2.3649311642839876,3.870773813499784,66.01310729980469,2.8451547622680664,7.8466973304748535,
NSGA-II,NSGA-II,20260318,1.939616496791739,36.15039515024873,9.102047532269811,0.5487966533567098,2.944980396139011,0.639539164155464,0.17487984072738783,0.3395156161128461,0.5805566851658264,0.12589984438408156,2.3919442803560784,6.935136355627141,66.012451171875,2.84952449798584,7.787450313568115,
NSGA-II,NSGA-II,20260318,1.9396491636303923,36.351299949111336,9.191560011868976,0.563872587635726,2.8852923079668833,0.6399646392675118,0.17485626188168296,0.3386184215094908,0.577126296001901,0.12590859097018717,2.1797169079937504,6.935003965987316,66.00019836425781,2.8457462787628174,7.771347522735596,
NSGA-II,NSGA-II,20260318,1.9300946025914247,36.35668730084081,9.191560011868976,0.5638931184414302,2.8881927414801036,0.6400236854568956,0.17485492345248613,0.33862336982484953,0.577126296001901,0.12590859097018717,2.1797169079937504,6.935003965987316,66.0009765625,2.849215507507324,7.7700910568237305,
NSGA-II,NSGA-II,20260318,1.2948658390455745,45.202603953823775,8.723541897232055,0.4257794341407247,0.9434685784267822,0.6595260958046967,0.21927522801571397,0.4485922839259383,0.6896991788018331,0.12975709999101975,2.2167139051495965,3.8693475750864303,66.07754516601562,2.846280574798584,7.849944114685059,
NSGA-II,NSGA-II,20260318,2.0444696206141257,35.99038937903562,8.723636134235319,0.5510952095387184,2.9775323088186956,0.6564363729266637,0.1750983193978614,0.3403328192806664,0.6024562435662211,0.12588572168666531,4.715214061879067,7.031734205168827,66.00169372558594,2.8486509323120117,7.8414459228515625,
NSGA-II,NSGA-II,20260318,1.2821504012667968,45.217697338388604,8.723562283373678,0.42574145996809365,0.9434685784267822,0.6593873762456505,0.21927522801571397,0.4483748913469615,0.6898756929624825,0.12949042108638717,2.12357015611277,3.8665189803951994,66.08528137207031,2.84806227684021,7.849081993103027,
NSGA-II,NSGA-II,20260318,1.9396160082801113,36.349630415726615,9.096901816434968,0.5635464023528525,2.8867472236459815,0.6399646392675118,0.17485626188168296,0.33862371118199386,0.577126296001901,0.1258849498606206,2.1797169079937504,6.935003965987316,66.00775909423828,2.849365234375,7.773325443267822,
NSGA-II,NSGA-II,20260318,1.2878363872915997,44.977384494179354,8.72378676868551,0.42574145996809365,0.9384672713958484,0.6565175734774713,0.21927522801571397,0.4485922839259383,0.6896686705335586,0.12942972376253925,2.125261511014507,3.9317230820330646,66.09049224853516,2.845818281173706,7.849958419799805,
NSGA-II,NSGA-II,20260318,1.2918134967969852,45.63480729101589,9.061439943930457,0.41816011392757835,0.935784238376881,0.6483748472738605,0.21716186997652234,0.455146547402254,0.6914672491644698,0.1294214985254209,1.6870745480444924,4.082349391416395,66.00848388671875,2.8314595222473145,7.849941253662109,
NSGA-II,NSGA-II,20260318,1.278281156891031,44.561586406119254,8.724700783220259,0.40864882375192646,1.1282059981281067,0.6595360647091039,0.2194359466121535,0.4443844699848699,0.689450239343302,0.12975485623707636,2.3635607963580227,3.855940556538582,66.22948455810547,2.8496084213256836,7.849797248840332,
NSGA-II,NSGA-II,20260318,1.2918134967969852,45.636764126137926,9.063961104598942,0.41816433341757747,0.935784238376881,0.6483748472738605,0.2171654351200597,0.45514265142249793,0.6914741891457011,0.1294214985254209,1.6870745480444924,4.082349391416395,66.00774383544922,2.831458330154419,7.849985122680664,
NSGA-II,NSGA-II,20260318,1.2948658390455745,44.62982932903837,8.725679471832855,0.4257794341407247,0.9428336358075571,0.6596975245435444,0.21926432210727964,0.44865738783204,0.689697480110788,0.12975709999101975,2.412367811522806,3.868291368045751,66.06383514404297,2.8464620113372803,7.8498101234436035,
NSGA-II,NSGA-II,20260318,1.278281156891031,45.202460056401556,8.72577963112372,0.40864882375192646,1.1282059981281067,0.6595306074818422,0.2194358567517859,0.44443502932917056,0.6892714560618773,0.12954697034582285,2.3649464916339227,3.8571285349108697,66.24266815185547,2.8493428230285645,7.849997043609619,
NSGA-II,NSGA-II,20260318,1.2942884801388188,46.176904087899146,9.091917287518628,0.41816038323448124,0.935784238376881,0.6496689213152156,0.2171633188888382,0.454975764358872,0.6933059215513925,0.12942353596867273,1.7209856492853035,4.017661310126806,66.00015258789062,2.830139636993408,7.849920272827148,
NSGA-II,NSGA-II,20260318,1.2948658390455745,44.99425203432463,8.723552256258152,0.4257794341407247,0.9309961774976053,0.6595260958046967,0.2192726819874805,0.44878899073024214,0.6880917683305001,0.1297563460895303,2.2093691660648176,3.8706985001932965,66.06529998779297,2.846463441848755,7.849661827087402,
NSGA-II,NSGA-II,20260318,1.6524267619197184,44.4846206614986,9.699333109653033,0.730649590112167,1.1648492400580264,0.6890611578262227,0.19043199906738745,0.4458723349596088,0.5644200553965125,0.12693684255857163,9.382489804999672,6.5474045150162725,66.00023651123047,2.8495965003967285,7.613863468170166,
NSGA-II,NSGA-II,20260318,1.2948658390455745,44.99425203432463,8.723552256258152,0.4257794341407247,0.9434950249699398,0.6595260958046967,0.2192726819874805,0.4485922839259383,0.6896991788018331,0.1297563460895303,2.2093691660648176,3.8706985001932965,66.07327270507812,2.8463594913482666,7.849918365478516,
NSGA-II,NSGA-II,20260318,1.2636327367430642,45.22599899208374,8.659237207242217,0.42267681375226,0.9894215042174552,0.6536597502256198,0.21940059518455307,0.44429459409860766,0.6943755822603865,0.12949120970081324,2.124230156711853,3.867277545584647,66.15966796875,2.8497955799102783,7.84751033782959,
NSGA-II,NSGA-II,20260318,2.0444696206141257,35.99038937903562,8.754193808142453,0.5513848743087105,2.9775323076882763,0.6565974523420011,0.1750962916353054,0.3403328192806664,0.6024562435662211,0.12588572168666531,4.715214061879067,6.930830920381442,66.00006103515625,2.844029664993286,7.834225177764893,
NSGA-II,NSGA-II,20260318,1.75016184910063,36.165673250150974,9.539562126095863,0.6543126963980188,1.5556063366392385,0.6940541970191387,0.18974206142694205,0.44888397801734004,0.5783025068113389,0.12618266540540304,2.272806843898131,6.933618889607305,66.00689697265625,2.84999680519104,7.6920294761657715,
NSGA-II,NSGA-II,20260318,1.2685390332731004,44.869463000270116,8.731177430823216,0.40714000641802306,1.1593045738831451,0.6566264721169102,0.21940507021429909,0.44438611542529355,0.6893775430668233,0.12956597561609193,2.323519320412508,3.974666155755616,66.2950668334961,2.849703550338745,7.849942207336426,
NSGA-II,NSGA-II,20260318,1.2685390332731004,45.18229653441192,8.722694982479554,0.4071034852072136,1.1634451270144064,0.6567505654246288,0.21937667759029583,0.4444042085669127,0.6893775430668233,0.12956597561609193,2.3217379885744407,3.976898443596259,66.3056411743164,2.8498919010162354,7.849973678588867,
NSGA-II,NSGA-II,20260318,1.283230424216962,45.54396093648061,8.723562283373678,0.42574145996809365,0.9434685784267822,0.6593873762456505,0.21927522801571397,0.4483748913469615,0.6898837689478479,0.12962373506200767,2.1276136960763594,3.8665189803951994,66.09111022949219,2.8479220867156982,7.849334716796875,
NSGA-II,NSGA-II,20260318,1.939616496791739,36.152595987507596,9.0967372198892,0.5488772191392723,2.944980396139011,0.6399600528040319,0.17487984072738783,0.3395156161128461,0.5790431965258426,0.12588562026492012,2.375546893197267,6.935339065433313,66.013427734375,2.8499820232391357,7.786468029022217,
NSGA-II,NSGA-II,20260318,1.2685136623572184,46.012932009587225,8.690887884244592,0.42137765618284095,0.9894215042174552,0.6537475582706054,0.2194289612401243,0.4443845315273022,0.6944013403688645,0.12949135365253825,2.3603123747328922,3.867277545584647,66.16320037841797,2.8485498428344727,7.849735736846924,
NSGA-II,NSGA-II,20260318,1.278281156891031,44.556278050648224,8.724700783220259,0.40864882375192646,1.1282059981281067,0.6595360364816474,0.2194359466121535,0.4443844699848699,0.689450239343302,0.12954906401425886,2.3649690042988496,3.857109378839111,66.22901153564453,2.849553346633911,7.849896430969238,
NSGA-II,NSGA-II,20260318,1.2688297520124325,46.1602351028951,8.726087575489048,0.4070696782844182,1.1593097486427009,0.6497288848211007,0.21699468507839192,0.44438540145205063,0.6893778342338552,0.12975928515529223,1.715468219778991,3.974666155755616,66.22004699707031,2.849329948425293,7.849881172180176,
NSGA-II,NSGA-II,20260318,2.041532649468338,36.15439671328163,8.75447319184325,0.5513848743087105,2.977532319923559,0.6565968144451134,0.1750962916353054,0.34033322301521524,0.6022807794049208,0.12588572144323337,4.712392908042631,7.039764590797186,66.00145721435547,2.848978042602539,7.840938568115234,
NSGA-II,NSGA-II,20260318,2.0513508545777874,36.15619100274304,8.739381059961243,0.5513858892086212,2.9786462303416514,0.6566338908429769,0.17488786296264647,0.34160005023741863,0.6015221073937783,0.12635140999835437,2.7099846730127055,7.186736837366531,66.02436065673828,2.8494014739990234,7.846875190734863,
NSGA-II,NSGA-II,20260318,1.2685390332731004,45.182226801695414,8.722694982479554,0.40683998409696787,1.1645301894928857,0.6566934046880455,0.21943170666274503,0.44440649901934237,0.6893775430668233,0.12956597561609193,2.3235491796499232,3.976898443596259,66.30939483642578,2.8496923446655273,7.849975109100342,
NSGA-II,NSGA-II,20260318,1.9400421000631467,36.02074691095201,9.097139368369195,0.5642456914943459,2.893084077341179,0.6402050444040456,0.1748783298485448,0.338879279674352,0.5805524333976201,0.12614129504603844,2.190201900382192,6.935482395356338,66.00981140136719,2.849180221557617,7.774344444274902,
NSGA-II,NSGA-II,20260318,1.2647127596932295,45.55226259017574,8.659237207242217,0.42267681375226,0.9894215042174552,0.6536597502256198,0.21940059518455307,0.44429459409860766,0.6943836582457519,0.12962452367643373,2.1282736966754285,3.867277545584647,66.16177368164062,2.8499832153320312,7.848270416259766,
NSGA-II,NSGA-II,20260318,2.0446399707825647,36.017476618070546,8.754209763232879,0.5513848743087105,2.977532307487744,0.6565217933537693,0.17509968463915304,0.3403328170191456,0.6022807241926579,0.12587691117955818,4.712392908042631,7.040096057999127,66.00041961669922,2.8477578163146973,7.8408684730529785,
NSGA-II,NSGA-II,20260318,2.0444696206141257,35.990363142348755,8.754193959797266,0.5513848743087105,2.9775323076582856,0.6565974523420011,0.1750962916353054,0.34033281808216187,0.6024562435662211,0.12588572168666531,4.715149403937431,7.043301165397033,66.00128173828125,2.8478598594665527,7.840957164764404,
NSGA-II,NSGA-II,20260318,1.2685390332731004,44.869463000270116,8.731177430823216,0.40713799036084725,1.170327713011612,0.6573913994846615,0.21940479603976065,0.44438519366046325,0.6893775430668233,0.12956597561609193,2.334798650310823,3.9746259116415876,66.30575561523438,2.8499395847320557,7.849191665649414,
NSGA-II,NSGA-II,20260318,1.2900190961961115,42.15579063488258,8.903338998306126,0.7191448029200974,1.1648495240762617,0.6940561823919005,0.21939718448041387,0.44840548062724517,0.7310824722090129,0.1264030188858853,9.835451620705108,6.599490032932013,67.43924713134766,2.849999189376831,7.637197971343994,
NSGA-II,NSGA-II,20260318,1.2900190960126223,42.376712000633866,8.903356803360584,0.7189844029550838,1.1648497034279486,0.6940560643551692,0.21939700511382693,0.4484053750031226,0.7310824722090129,0.1264030188858853,9.67193301567712,6.599490032932013,67.44374084472656,2.849999189376831,7.637485504150391,
NSGA-II,NSGA-II,20260318,1.9300946025914247,36.367264940545525,9.191560011868976,0.5640461682291811,2.8891796663361133,0.6400236854568956,0.17485492345248613,0.33862336982484953,0.5784807943922929,0.12590859097018717,2.191069847779694,6.930795441786054,66.00102233886719,2.8491742610931396,7.770813941955566,
NSGA-II,NSGA-II,20260318,1.2775189715865634,45.202460056401556,8.72577963112372,0.40864882375192646,1.1282059981281067,0.6595442036766221,0.2194358567517859,0.44443502932917056,0.689274421212987,0.12954776917932942,2.3649464916339227,3.8571285349108697,66.24308776855469,2.8494699001312256,7.84995698928833,
NSGA-II,NSGA-II,20260318,1.9326137660051002,36.141437435243894,9.10225294427957,0.5638823041106069,2.893084077341179,0.6396072900853467,0.17487964754463292,0.3401839673487902,0.5790446417270407,0.1258875917491339,2.3807862496235614,6.943396960285741,66.024169921875,2.8499889373779297,7.771077632904053,
NSGA-II,NSGA-II,20260318,1.9300946025914247,36.367264940545525,9.191560011868976,0.5640461682291811,2.8923818110575894,0.6401993803626084,0.17485533955209703,0.33863643563831125,0.5784807943922929,0.12590835684113905,2.191069847779694,6.930795441786054,66.00247192382812,2.849349021911621,7.770819187164307,
NSGA-II,NSGA-II,20260318,1.2685390332731004,46.1602351028951,8.731177430823216,0.4071187587363978,1.1596309054944989,0.6496534025336291,0.21699468507839192,0.44438540145205063,0.6893778342338552,0.12975928515529223,1.707232854294162,3.974666155755616,66.2195816040039,2.849234104156494,7.849709987640381,
NSGA-II,NSGA-II,20260318,1.9397507219166215,36.01980781160415,9.09397241559136,0.5642456914943459,2.893084077341179,0.6402050444040456,0.1748798948678412,0.338879279674352,0.5805524333976201,0.12587436364604776,2.190201900382192,6.933747132249365,66.01017761230469,2.8493528366088867,7.774477958679199,
NSGA-II,NSGA-II,20260318,1.5670424239881435,44.66690497374123,9.038223345220826,0.4160798291260307,1.1026268356097297,0.6521043061114956,0.2192641637454142,0.4487150798934936,0.689660454547884,0.12956881723959332,2.666868861717248,3.9703535652818083,66.16425323486328,2.78802490234375,7.8499956130981445,
NSGA-II,NSGA-II,20260318,1.277515025402811,45.19613651899844,8.722694982479554,0.4110249937300032,1.151336391661223,0.6584809156371666,0.21943170666274503,0.44444975082107435,0.6893775430668233,0.12956597561609193,2.3235491796499232,3.976898443596259,66.29344177246094,2.849801540374756,7.848736763000488,
NSGA-II,NSGA-II,20260318,1.2684354340657293,46.012932009587225,8.687321541763822,0.42137765618284095,0.9894215042174552,0.6537475582706054,0.21943154682141539,0.4443845315273022,0.6944013403688645,0.12956565090305952,2.3603123747328922,3.867277545584647,66.16423797607422,2.848644971847534,7.849707126617432,
NSGA-II,NSGA-II,20260318,1.9397443818249227,36.15501635932108,9.094087039322652,0.5492088082498815,2.9436936517556216,0.6399556590589796,0.17487984078433175,0.3394945061720477,0.5790804870324823,0.1258729556605502,2.375546893197267,6.933739943982774,66.01332092285156,2.849984645843506,7.786215782165527,
NSGA-II,NSGA-II,20260318,1.9367516263552247,36.16624323998771,9.585199651948663,0.5641788139889028,2.944649492707987,0.6475392815649464,0.17487964754462465,0.33950194308452186,0.5790431947995813,0.12588810920863214,7.296363926823041,6.8001758458975905,66.00000762939453,2.8331124782562256,7.757576942443848,
NSGA-II,NSGA-II,20260318,1.2782772107072786,45.19613651899844,8.722694982479554,0.4110249937300032,1.151336391661223,0.6584673194423868,0.21943170666274503,0.44444975082107435,0.6893745779157137,0.12956517678258533,2.3235491796499232,3.976898443596259,66.29297637939453,2.849677801132202,7.848782539367676,
NSGA-II,NSGA-II,20260318,1.2685141477463957,45.18215820654572,8.656393400084989,0.42163868050151926,0.9894215042174552,0.6537011826493743,0.21942798074325806,0.4443811176253834,0.6943839233447593,0.12962383275178752,2.2178394196096534,3.8623878012071655,66.14837646484375,2.8496389389038086,7.849586486816406,
NSGA-II,NSGA-II,20260318,1.2685390332731004,44.81073710838636,8.731177430823216,0.40713799036084725,1.170327713011612,0.6573913994846615,0.21940479603976065,0.44438519366046325,0.6893775430668233,0.12957443942291955,2.334798650310823,3.9746259116415876,66.30461120605469,2.849951982498169,7.849158763885498,
NSGA-II,NSGA-II,20260318,2.041532649468338,36.15439671328163,8.753606437115767,0.5513848743087105,2.977532319923559,0.6565968144451134,0.1750962916353054,0.34033322301521524,0.6022807794049208,0.12588572144323337,4.712392908042631,7.039764590797186,66.00154876708984,2.849010944366455,7.84095573425293,
NSGA-II,NSGA-II,20260318,1.2949206050150028,44.9814096858377,8.733949545670583,0.42577919514473483,0.9394163793639931,0.6564946793236345,0.21717494742474014,0.45484901309653614,0.6896991788018331,0.12936384324798822,2.1308876516310917,3.931764943745489,66.01127624511719,2.84093976020813,7.848217487335205,
NSGA-II,NSGA-II,20260318,1.2900190961956541,42.15579063488258,8.903339217664623,0.7191398359820761,1.1648495249478388,0.6940560587469118,0.21939718692044627,0.44840537982409157,0.7310824722090129,0.1264030188858853,9.677083236100316,6.599490032932013,67.43914031982422,2.849999189376831,7.637195110321045,
NSGA-II,NSGA-II,20260318,1.9395588307929992,36.15218601610492,9.0956706392077,0.5513859932298881,2.9461597014420513,0.6384612980398342,0.17509560597883375,0.339530230555106,0.602480902354842,0.12581995258822803,2.364969051378303,6.9353374918795545,66.02079010009766,2.8495185375213623,7.802138328552246,
NSGA-II,NSGA-II,20260318,1.9398000793569388,45.88561101773453,8.6934886870717,0.5505429836930453,1.5568238534887655,0.6593011080491904,0.19133627681587484,0.44444953853972713,0.5805856533426689,0.12613728127845536,2.3695144682452067,7.123900696781137,66.00959014892578,2.835927724838257,7.845781326293945,
NSGA-II,NSGA-II,20260318,1.2690255604197136,45.881658094279345,8.72353259235084,0.42574145996809365,0.9368458341037808,0.6599162260147154,0.21929010006930408,0.448604165029425,0.6898756929624825,0.12947625727180131,1.7113527485809854,3.866503251304014,66.10350036621094,2.849764585494995,7.848158836364746,
NSGA-II,NSGA-II,20260318,1.2916990734721499,45.54396093648061,8.723562283373678,0.42574145996809365,0.9434685784267822,0.6593873762456505,0.21930710560936953,0.4483748913469615,0.6898837689478479,0.12962373506200767,1.7052891726901152,3.8665189803951994,66.08686065673828,2.8465819358825684,7.849909782409668,
NSGA-II,NSGA-II,20260318,2.004099332737349,44.856675572498155,8.754050432375868,0.5513576618541705,1.583219818587001,0.6585970721333556,0.19041971165084257,0.4465107588612337,0.5990941133706545,0.12590877559193703,9.381741935904216,6.932095763926273,66.00748443603516,2.807750701904297,7.845189094543457,
NSGA-II,NSGA-II,20260318,1.2900190960001705,42.37748700900206,8.903338997732996,0.7189876794615944,1.1648497133534024,0.6940561650252894,0.21939718040863354,0.44840547765877103,0.7310824722090129,0.1264030188858853,9.679134590817497,6.599490032932013,67.44379425048828,2.8499979972839355,7.637482166290283,
NSGA-II,NSGA-II,20260318,2.041532649468338,36.15439671328163,8.781717632469448,0.5513848743087105,2.977532319923559,0.6564266683724826,0.1750962916353054,0.34033322301521524,0.6022807241926579,0.12588572144323337,4.712392908042631,7.039764590797186,66.00031280517578,2.8476901054382324,7.840036869049072,
NSGA-II,NSGA-II,20260318,1.2900190961961115,42.15579063488258,8.903338998306126,0.7191458466068038,1.1648495249478388,0.6940561700899219,0.21939718692044627,0.44840537982409157,0.7310824722090129,0.1264030188858853,9.677118835666768,6.599490032932013,67.43917083740234,2.8499972820281982,7.637187480926514,
NSGA-II,NSGA-II,20260318,1.2918134967969852,45.636764126137926,9.063961104598942,0.4181642764980354,0.935784238376881,0.6483748472738605,0.2171654351200597,0.45514265142249793,0.6914670643149466,0.1294214985254209,1.6870745480444924,4.082349391416395,66.00776672363281,2.83145809173584,7.849978446960449,
NSGA-II,NSGA-II,20260319,2.0707258310647783,52.341148471855256,8.771847514707162,0.4433050214247567,2.025421861694366,0.6408162322776103,0.20021654207415365,0.37062993525288646,0.6135871716431361,0.1182915547723554,-7.210437477749494,4.471123372410054,66.26327514648438,2.7346980571746826,7.849998950958252,
NSGA-II,NSGA-II,20260319,1.6510424715331227,52.70337992198756,8.781993461032183,0.4100029664870781,4.004109829546898,0.6417872038191615,0.20078106802068826,0.3722423923335665,0.6942041253740954,0.11799450127382027,-7.212187510590397,7.808643823700482,69.01087951660156,2.84999942779541,7.844093322753906,
NSGA-II,NSGA-II,20260319,2.0707258310647783,52.341148471855256,8.771847514707162,0.4433050214247567,2.025421861694366,0.6408162323094593,0.20021654207415365,0.37062993525288646,0.6135871716431361,0.1182915547723554,-7.210437477749494,4.471123372410054,66.26327514648438,2.7346980571746826,7.849998950958252,
NSGA-II,NSGA-II,20260319,1.6250782128393066,52.18313266930756,9.724318855502553,0.4242435476247951,2.003486996718589,0.6407626182813134,0.20079293099630943,0.3749305414190353,0.6150050751223453,0.1404896704424525,-3.844597376431871,4.441282507575788,66.0,2.849897623062134,7.824143886566162,
NSGA-II,NSGA-II,20260319,1.6235810022750035,51.666310742742716,9.724021118086618,0.4253029985708017,2.0054285590035255,0.640838225224284,0.2008034234088943,0.37486926004646665,0.6128475026091671,0.14051537818549806,-3.966818756813147,4.448719752908326,66.00032043457031,2.849993944168091,7.819465160369873,
NSGA-II,NSGA-II,20260319,1.6684032727648197,51.768883889777825,8.872422492116668,0.4108822823151461,3.8699984842906265,0.6415536536278359,0.2002986887848981,0.37502302739178545,0.6883780518778595,0.11817491315847087,-7.103620134684974,7.71470293824645,68.76751708984375,2.846907377243042,7.849982261657715,
NSGA-II,NSGA-II,20260319,1.9256923755172608,52.376690299845826,9.78277003548866,0.4253162530871154,2.0023440236673355,0.6407625556227078,0.19985359645772172,0.37506698594330434,0.6124591057453836,0.11539511983449623,-3.8913633646156853,4.436583650736033,66.02218627929688,2.754512071609497,7.849998474121094,
NSGA-II,NSGA-II,20260319,1.6500062588307984,52.42440120741039,8.782155734509544,0.4106620518586421,3.9179548571848364,0.6416249347188303,0.20081006066541682,0.37496421350531456,0.6941859234865176,0.11686600454204234,-7.110274686073886,7.760656992929315,68.8829574584961,2.8499979972839355,7.849820137023926,
NSGA-II,NSGA-II,20260319,1.6510424715331227,52.70337992198756,8.781993461032183,0.4100029664870781,4.004109829546898,0.6417872038191615,0.20078106802068826,0.3722423923335665,0.6942041253740954,0.11799450127382027,-7.212187760134583,7.808643823700482,69.01087951660156,2.84999942779541,7.844093322753906,
NSGA-II,NSGA-II,20260319,1.6529854551631458,52.19366982165878,9.658390993237886,0.4252604851001077,2.0032803644049677,0.6408167187663933,0.2008855202237901,0.37233810472495954,0.6150949194882586,0.1405158329921959,-3.739478077103115,4.558521156089517,66.00003814697266,2.848719835281372,7.837478160858154,
NSGA-II,NSGA-II,20260319,1.668405282175279,52.1707132559032,8.872422492116668,0.41088226654109483,3.869980548486523,0.6416162949618361,0.20029874965497016,0.37502008523130126,0.6883424539790239,0.1188666567472862,-7.103620134684974,7.714862800111845,68.77838897705078,2.8474764823913574,7.849991321563721,
NSGA-II,NSGA-II,20260319,1.6230453368531927,52.12715912796781,9.724168155725607,0.42525998895460226,2.0054304151526683,0.6408382621137448,0.20088572247052494,0.374765744163791,0.6145143201690372,0.1405153299838533,-3.8490361199099326,4.441115147808701,66.0112533569336,2.84999942779541,7.821413040161133,
NSGA-II,NSGA-II,20260319,1.6250782128393066,52.193726996286486,9.724318855502553,0.4242435476247951,2.003486996718589,0.6407626182813134,0.20079293099630943,0.3749305414190353,0.6150893902343373,0.1404896704424525,-3.8149968499047944,4.441282507575788,66.00007629394531,2.849923849105835,7.8243184089660645,
NSGA-II,NSGA-II,20260319,1.6684032727648197,51.768883889777825,8.868914019321293,0.4108822823151461,3.87082508467174,0.6415536536278359,0.2002986887848981,0.3750063254361699,0.6883780518778595,0.11817491315847087,-7.103620134684974,7.71470293824645,68.76881408691406,2.847015142440796,7.849991798400879,
NSGA-II,NSGA-II,20260319,1.6235773181004038,51.666310742742716,9.724021118086618,0.4253029985708017,2.0054285590035255,0.6408393962005029,0.2008023352924845,0.37486926004646665,0.61288408448951,0.14051537818549806,-3.966818756813147,4.448719752908326,66.00041961669922,2.8499839305877686,7.819479942321777,
NSGA-II,NSGA-II,20260319,1.6250782128393066,52.18313266930756,9.724915767420729,0.42417217927205264,2.003425523985304,0.6407626182813134,0.20079294960731678,0.37493469611574765,0.6150170585961522,0.14019376512916057,-3.844597376431871,4.441282507575788,66.00016021728516,2.849928617477417,7.8244547843933105,
NSGA-II,NSGA-II,20260319,1.6550601162124203,52.4316094053184,8.869923483808368,0.41088179018364446,3.8694591193651227,0.6416156148630239,0.20028802008427157,0.37516422809110894,0.6884159976545356,0.1168596953803495,-7.110491430387441,7.71497715321227,68.77364349365234,2.849616289138794,7.849978923797607,
NSGA-II,NSGA-II,20260319,1.6550601162124203,52.43141526680611,8.869923483808368,0.41088179018364446,3.8694591193651227,0.6416156148630239,0.20027748310134613,0.3751672357842425,0.6884159976545356,0.11686044458741447,-7.110477275968535,7.71497715321227,68.77349090576172,2.849601984024048,7.849939346313477,
NSGA-II,NSGA-II,20260319,1.6230453368531927,52.13749124818219,9.724034347167066,0.42525998895460226,2.005536401048464,0.6408382581889382,0.20088619435689997,0.374765744163791,0.6145524780622105,0.14051620421740116,-3.8490940983368844,4.441115478360656,66.0115966796875,2.8499996662139893,7.821450710296631,
NSGA-II,NSGA-II,20260319,1.6510424715331227,52.70337992198756,8.781993461032183,0.4100029664870781,4.004109829546898,0.6417872038191615,0.20078106802068826,0.3722423923335665,0.6942041253740954,0.11799450127382027,-7.212187506378534,7.808643823700482,69.01087951660156,2.84999942779541,7.844093322753906,
NSGA-II,NSGA-II,20260319,1.9302251852078176,52.14916983301169,9.78277003548866,0.4253162530871154,1.9868023014366907,0.6407734547360602,0.19985357189946046,0.37507197821295235,0.6095705492661233,0.11539511983449623,-3.895202600763554,4.436583650736033,66.0008773803711,2.7537429332733154,7.849968433380127,
NSGA-II,NSGA-II,20260319,1.6236075910691437,51.66677931347109,9.724034404917152,0.42530348038361554,2.029515323342052,0.6408386482065453,0.20090048159568427,0.3746693737505081,0.6434894235480456,0.14051842902964115,-3.849142482319486,4.440978261347172,66.00079345703125,2.849999189376831,7.84538459777832,
NSGA-II,NSGA-II,20260319,1.6235810022750035,51.666310742742716,9.724021118086618,0.4253029985708017,2.0054286800769257,0.640838225224284,0.2008034234088943,0.37486926004646665,0.6128474606644165,0.14051536792666422,-3.966816449407794,4.448719752908326,66.00032043457031,2.849993944168091,7.819465160369873,
NSGA-II,NSGA-II,20260319,1.6267352951829663,52.183615322168535,9.724034403292741,0.4242973047251765,2.0293957105407268,0.6407686697776949,0.20084875692346138,0.3747632148573471,0.6430144574485895,0.14113278648387714,-3.849142482319486,4.465636413737868,66.00271606445312,2.849961519241333,7.848076343536377,
NSGA-II,NSGA-II,20260319,1.6250782128393066,52.18326336520078,9.724028275519832,0.4242435476247951,2.003485261871397,0.6407626182813134,0.20079293099630943,0.3749305414190353,0.6150050751223453,0.14048967110060084,-3.844598299796992,4.441282507575788,66.00001525878906,2.849909543991089,7.824151515960693,
NSGA-II,NSGA-II,20260319,1.9256923755172608,52.37618043348813,9.78277003548866,0.4253162530871154,1.9868023014366907,0.6407625556227078,0.1998535729404595,0.37507199505137295,0.6097239142667279,0.11539511983449623,-3.895202600763554,4.436583650736033,66.00359344482422,2.7551965713500977,7.849992752075195,
NSGA-II,NSGA-II,20260319,1.8688298446523925,52.41772698470078,9.724055854828473,0.4241543546303735,2.003438720245959,0.6407627965065974,0.20004749002737685,0.37486986760584307,0.6143781682528354,0.11532098647365635,-7.0964165183616075,4.472064245152808,66.018798828125,2.775226354598999,7.849981784820557,
NSGA-II,NSGA-II,20260319,1.6529854551631458,52.19366982165878,9.658390993237886,0.4252604851001077,2.0032803644049677,0.6408167187663933,0.2008855202237901,0.37233810472495954,0.6150949194882586,0.14052972523553253,-3.739478077103115,4.558521156089517,66.00000762939453,2.84871768951416,7.837465286254883,
NSGA-II,NSGA-II,20260319,1.6582707174669107,52.190017478950296,9.736941088661442,0.42520804921751776,2.031768792964995,0.6407166891599009,0.20088718947485057,0.37205893046188393,0.6420091166160593,0.1408693590706961,-3.8479600768791755,4.4411918487003375,66.00009155273438,2.8400371074676514,7.84962272644043,
NSGA-II,NSGA-II,20260319,1.6235810022750035,51.672475116980145,9.724033852719451,0.4253021295955387,2.0054286800769257,0.640838257941867,0.2008034234088943,0.37486926004646665,0.6128474606644165,0.14051536792666422,-3.966816449407794,4.448630938871815,66.00035858154297,2.849997043609619,7.819476127624512,
NSGA-II,NSGA-II,20260319,1.6250782128393066,52.1829845612939,9.724158073595975,0.42424425302316354,2.003427220974704,0.6408419221153289,0.20079236581015952,0.37493479633415927,0.6145735516876657,0.14018692117083947,-3.8446529562034684,4.441189613369573,66.0004653930664,2.849985361099243,7.823966979980469,
NSGA-II,NSGA-II,20260319,1.6625244624313154,52.190017478950296,9.736940288124805,0.42530389845498817,2.031768792964995,0.6408345204735895,0.2008802395504906,0.3720609405896699,0.6420154109150816,0.14083892938505413,-3.849115086350558,4.44122839492391,66.00054168701172,2.838831663131714,7.849911212921143,
NSGA-II,NSGA-II,20260319,1.653954721004356,52.19524533080167,9.721918888786268,0.4252357069331609,2.031082939219551,0.6408419098622307,0.20088634493915486,0.37215529058111996,0.6410374237554985,0.14071489519741204,-3.8450610508823218,4.440923537781973,66.0000228881836,2.84210205078125,7.848872184753418,
NSGA-II,NSGA-II,20260319,1.9256923755172608,52.37672276150991,9.78277003548866,0.4253162530871154,2.0023440236673355,0.6407625556227078,0.19985359653603715,0.37506696884432483,0.6124591057453836,0.11539511983449623,-3.8913633646156853,4.436583650736033,66.02218627929688,2.754512071609497,7.849998474121094,
NSGA-II,NSGA-II,20260319,1.6250782128393066,52.1829845612939,9.724038794358332,0.42424425302316354,2.0034295752337936,0.6408383502648898,0.20079237418914894,0.3749144885402592,0.6145735516876657,0.14018692117083947,-3.8449704493416164,4.441189613369573,66.00050354003906,2.849992036819458,7.8239665031433105,
NSGA-II,NSGA-II,20260319,1.625819215255468,52.195212885818535,9.724034399255828,0.42432401606708237,2.0291583281387098,0.6407773010921352,0.20079969910355008,0.37467025705360896,0.6421122546570478,0.14051842907289167,-3.848428339930507,4.445360088631794,66.00041961669922,2.8499085903167725,7.846656322479248,
NSGA-II,NSGA-II,20260319,1.622901644544343,52.413284969134224,9.724306808223906,0.42527220942916244,2.0035250064692454,0.6408382581889382,0.2008873662912484,0.3749405475769228,0.6145410888910121,0.14052839838407485,-3.8114434555632286,4.441107535479595,66.01543426513672,2.8499999046325684,7.821760654449463,
NSGA-II,NSGA-II,20260319,1.6797081813852621,52.20806143204954,8.842710769549972,0.44423700218179235,2.002913314696281,0.6407558460147098,0.19984355827421615,0.3723521250837447,0.6834290997897101,0.13820020868678679,-6.865832610259062,3.8593284227762243,66.00096893310547,2.84745192527771,7.848918914794922,
NSGA-II,NSGA-II,20260319,1.6622918293824165,52.18408243299167,9.708888810851217,0.4252621500753142,2.0330781904999977,0.6408091886086276,0.20088548679124224,0.37212163087523786,0.6418536862333044,0.14083236756827294,-3.8437385973252702,4.441274580286827,66.00414276123047,2.839665412902832,7.849981307983398,
NSGA-II,NSGA-II,20260319,1.6250782128393066,52.18340729609817,9.724043949217421,0.4242435330879223,2.0034295752337936,0.6408383502648898,0.2007923944834618,0.3749144885402592,0.6145520467495633,0.1401831713913943,-3.8449704493416164,4.441189613369573,66.00050354003906,2.8499937057495117,7.82395076751709,
NSGA-II,NSGA-II,20260319,1.6495428310761646,52.14851970799865,9.652022660436003,0.42519493758232824,2.005535616164222,0.6407662330263414,0.20088310441787235,0.37236347552374766,0.6163641939669164,0.14087300836409994,-4.125452308233022,4.5566802805535165,66.00028228759766,2.8498306274414062,7.837571144104004,
NSGA-II,NSGA-II,20260319,1.9302251852078176,52.15038665159377,9.78277003548866,0.4253162530871154,1.9868023014366907,0.6407734547360602,0.19985357189946046,0.37507197821295235,0.6095703722380138,0.11539511983449623,-3.895202600763554,4.436583650736033,66.00089263916016,2.7537426948547363,7.849968910217285,
NSGA-II,NSGA-II,20260319,1.6250782128393066,52.18462552160183,9.724034424290984,0.42424352359471673,2.0034324431917563,0.6407647266016671,0.20079291070199656,0.3749305414190353,0.6151108951724397,0.14018690889882074,-3.810466863926493,4.44128297724396,66.00043487548828,2.8499770164489746,7.824574947357178,
NSGA-II,NSGA-II,20260319,1.6257829581398549,52.19552275677386,9.724034399255828,0.42432401606708237,2.0291835560864273,0.6407753193731165,0.2007867423690738,0.3747925348691436,0.6427943205104111,0.1405184758444901,-3.8491425855777237,4.441113995697658,66.00008392333984,2.8497202396392822,7.846855640411377,
NSGA-II,NSGA-II,20260319,1.6724989877152954,52.338554846929696,8.799331132525806,0.44172731781523333,2.002940888219708,0.6407706128765829,0.2007677748400388,0.3722428583416301,0.6821711318726162,0.1380111679128766,-4.094021679657729,3.8587692617024762,66.04264831542969,2.84999680519104,7.848992347717285,
NSGA-II,NSGA-II,20260319,1.6267352951829663,52.183615322168535,9.72286176274534,0.4242973047251765,2.0293957105407268,0.6407686697776949,0.20084898876603477,0.3747633108164165,0.6430202019186118,0.14113278648387714,-3.849142482319486,4.465709699375859,66.00292205810547,2.8499927520751953,7.848080635070801,
NSGA-II,NSGA-II,20260319,1.6683555324612076,51.663132887260275,8.86925617268393,0.4108822823151461,3.87082508467174,0.6415536536278359,0.2002986887848981,0.3750063254361699,0.688357109447171,0.11817491315847087,-7.103620134684974,7.71529250474735,68.76637268066406,2.84706449508667,7.849968433380127,
NSGA-II,NSGA-II,20260319,1.6265136599392096,52.19552275677386,9.72349246679746,0.42432401606708237,2.0291835560864273,0.6407753193731165,0.2007865197204452,0.3747925348691436,0.6427943205104111,0.14052943300562132,-3.8491425855777237,4.441141993043546,66.00010681152344,2.849504232406616,7.846936225891113,
NSGA-II,NSGA-II,20260319,1.673838497890524,51.695405307717884,8.814647360730909,0.44402612131467034,2.003278782476164,0.6407040088515212,0.19986889633884225,0.3745640105865351,0.6857331166867604,0.13991598217062598,-3.7355988158759814,3.8850271939805734,66.00831604003906,2.849987268447876,7.849508285522461,
NSGA-II,NSGA-II,20260319,1.653047338621962,52.195243286733955,9.709097609508522,0.4252613638499583,2.030801640007719,0.6408419098622307,0.20088549059913874,0.3721553392214241,0.6410297540879399,0.14081931140757442,-3.8437414538871053,4.439278101051658,66.00009155273438,2.84283447265625,7.848856449127197,
NSGA-II,NSGA-II,20260319,1.6258193568031896,52.16138828613298,9.76452253707592,0.42432219987183595,2.0299781567193307,0.6407688223977798,0.20078692279610622,0.3747918092655432,0.6430144574485895,0.1405153043157754,-3.849130798119454,4.392781114163494,66.00001525878906,2.846604347229004,7.843324661254883,
NSGA-II,NSGA-II,20260319,1.6502693404762026,52.337815635267475,8.782155734509544,0.4106620518586421,3.9179548571848364,0.6416190016465125,0.20081006066541682,0.37496421350531456,0.6941859234865176,0.11686600454204234,-7.064654988765888,7.760656992929315,68.88056182861328,2.849977970123291,7.849856376647949,
NSGA-II,NSGA-II,20260319,1.6250782128393066,52.19520785311998,9.724023056845276,0.42424425302316354,2.00339003200901,0.6408419221153289,0.20079293498741935,0.3749305516590498,0.6145825852438108,0.14048973789374733,-3.8447109346304202,4.441190114932533,66.00000762939453,2.8499650955200195,7.823788642883301,
NSGA-II,NSGA-II,20260319,1.6527510667744463,52.19395434498667,9.709562333212109,0.4252613330434867,2.030801640007719,0.6408419098622307,0.20088549059913874,0.37214215704082937,0.6410297540879399,0.1407986845799149,-3.8437720509696476,4.441006397360242,66.00035858154297,2.8429436683654785,7.848881721496582,
NSGA-II,NSGA-II,20260319,1.658293117462542,52.18336917352538,9.724170749287648,0.42525235128712924,2.031768792964995,0.6407133655223942,0.20088666076954415,0.37212210213484304,0.642165948913159,0.1405680304770272,-3.8102736146778824,4.44110740982818,66.00101470947266,2.840456485748291,7.849979400634766,
NSGA-II,NSGA-II,20260319,1.653954721004356,52.196422145463124,9.694804266718943,0.4252357069331609,2.031082939219551,0.6408419098622307,0.20088634493915486,0.37215529058111996,0.6410374237554985,0.14070332045832254,-3.8450610508823218,4.440923537781973,66.00093078613281,2.843118906021118,7.849343776702881,
NSGA-II,NSGA-II,20260319,1.6683555324612076,51.663132887260275,8.869130486720026,0.4108822823151461,3.869980298120133,0.6415549023747896,0.20029874926954483,0.3750063254361699,0.688357109447171,0.11816474534672755,-7.103620134684974,7.715281911998493,68.76634979248047,2.847001552581787,7.849899768829346,
NSGA-II,NSGA-II,20260319,1.6582707174669107,52.19019963824505,9.724105795932006,0.42520804921751776,2.0311141273155786,0.640716013258483,0.20088718947485057,0.37205893046188393,0.6420091166160593,0.1408693590706961,-3.8479600768791755,4.441191986645221,66.0003890991211,2.840491771697998,7.849827766418457,
NSGA-II,NSGA-II,20260319,1.6250782128393066,52.19576521699676,9.724023105172336,0.4242434917662923,2.003433154021823,0.6407647266016671,0.20079291070199656,0.3749305514358885,0.6151108951724397,0.14018690889882074,-3.810219694560004,4.441186752948921,66.00064849853516,2.8499743938446045,7.824578762054443,
NSGA-II,NSGA-II,20260319,1.6529826479896532,52.19365470150397,9.709562333212109,0.4252613330434867,2.030801640007719,0.6408419098622307,0.20088549059913874,0.37214215704082937,0.6410297540879399,0.140526594099522,-3.8419148757830826,4.441006397360242,66.0002670288086,2.842898368835449,7.8490681648254395,
NSGA-II,NSGA-II,20260319,1.6230453368531927,52.12696981707082,9.724168155725607,0.42525998895460226,2.0054304151526683,0.6408382614679473,0.20088572247052494,0.374765744163791,0.6145143201690372,0.14051541523827843,-3.8490361199099326,4.441115147808701,66.0112533569336,2.84999942779541,7.821413040161133,
NSGA-II,NSGA-II,20260319,1.6258193568031896,52.18313134555916,9.76452253707592,0.424251288816847,2.0299781567193307,0.6407688223977798,0.20078692279610622,0.3747914797592454,0.6430144574485895,0.1405142679622276,-3.849130798119454,4.392781114163494,66.00003814697266,2.846623420715332,7.843433856964111,
NSGA-II,NSGA-II,20260319,1.655354788780172,52.21676141727324,9.724034011361537,0.4252598539123652,2.031167324609515,0.6408380232963563,0.20088634493915486,0.3721475693951438,0.6419008568760627,0.14053073098721344,-3.849091542851461,4.440935260113091,66.00030517578125,2.8415398597717285,7.849680423736572,
NSGA-II,NSGA-II,20260319,1.6725506064170952,51.68516763701124,8.814744432031837,0.4421415114687982,2.0044400769544994,0.6406966487817378,0.19989046883659742,0.3745640105865351,0.6857401376766824,0.13991598217062598,-3.7355988158759814,3.851272134846777,66.00116729736328,2.8498659133911133,7.849898338317871,
NSGA-II,NSGA-II,20260319,1.6258123384861027,52.18313853200747,9.72407368388825,0.42431796280873146,2.0291581939108183,0.640778149911243,0.200786639578172,0.3746558958357662,0.6421122546570478,0.14018214068020243,-3.8491538552887548,4.445360088631794,66.0007095336914,2.8498761653900146,7.846700191497803,
NSGA-II,NSGA-II,20260319,1.6230453368531927,52.13749124818219,9.724042354908637,0.4252729606383808,2.0054441467541935,0.6408382581889382,0.20088619435689997,0.374765744163791,0.6145524780622105,0.14051620421740116,-3.849477058660021,4.4411037560295386,66.01154327392578,2.84999942779541,7.8214430809021,
NSGA-II,NSGA-II,20260319,1.6236075910691437,52.15898336462013,9.739815834267494,0.4241936296451382,2.029195718532768,0.6408098330934207,0.2008488185612185,0.3747664525397859,0.6434894235480456,0.14051842902964115,-3.789544308570342,4.440978261347172,66.00013732910156,2.8498120307922363,7.847046852111816,
NSGA-II,NSGA-II,20260319,1.6529409332819642,52.18310802987718,9.737163937818835,0.42525235128712924,2.031768792964995,0.6407133655223942,0.20088551530721238,0.37214200663949837,0.6421518983074713,0.14052760643279408,-3.8401117716171953,4.441002314705746,66.00065612792969,2.8416736125946045,7.849173069000244,
NSGA-II,NSGA-II,20260319,1.6250782128393066,52.18313266930756,9.724915767420729,0.42417217927205264,2.003425523985304,0.6407626182813134,0.2007929493145034,0.37493469611574765,0.6150170585961522,0.14019376512916057,-3.844597376431871,4.441282507575788,66.00016021728516,2.849928617477417,7.8244547843933105,
NSGA-II,NSGA-II,20260319,1.6250782128393066,52.18313266930756,9.724318855502553,0.4242435476247951,2.003486996718589,0.6407626182813134,0.20079293128912284,0.3749305414190353,0.6150050751223453,0.1404896704424525,-3.844597376431871,4.441282507575788,66.0,2.849897623062134,7.824143886566162,
NSGA-II,NSGA-II,20260319,1.625819215255468,52.18314679974632,9.724074719369536,0.4241746278333365,2.0291583281387098,0.640778149911243,0.20079635071856453,0.37466351294300493,0.6420573528601132,0.14015771079504918,-3.849108195700339,4.4452324788186655,66.000732421875,2.849869728088379,7.8468098640441895,
NSGA-II,NSGA-II,20260319,1.6258123384861027,52.18313853200747,9.721984971508016,0.42431796280873146,2.029153786125573,0.640776670692745,0.200786639578172,0.3746558958357662,0.6410083405999603,0.14018214068020243,-3.8491538552887548,4.445360088631794,66.00112915039062,2.8499882221221924,7.845919609069824,
NSGA-II,NSGA-II,20260319,1.625819215255468,52.33392523744411,9.724074719369536,0.4242226200881882,2.0291583281387098,0.640778149911243,0.20079298161593503,0.37466351294300493,0.6421122546570478,0.14018214068020243,-3.8486992866870366,4.445360088631794,66.00174713134766,2.8499808311462402,7.847082138061523,
NSGA-II,NSGA-II,20260319,1.624950566082787,52.18313898419194,9.724157602269146,0.4242435476247951,2.003486996718589,0.6407626182813134,0.20079293128912284,0.3749290816576324,0.6149885327877751,0.1404896704424525,-3.844597376431871,4.441283082080494,66.0000228881836,2.849944829940796,7.824108600616455,
NSGA-II,NSGA-II,20260319,1.6258193568031896,52.16138828613298,9.723916476084511,0.42432219987183595,2.0299781567193307,0.6407688223977798,0.20078691194706436,0.3747918092655432,0.6434581892955664,0.14048849473334338,-3.8446834416643654,4.441448565095281,66.0003662109375,2.849658489227295,7.847256660461426,
NSGA-II,NSGA-II,20260319,1.6551543432037623,52.18993274512667,9.73675675003452,0.4253027183652405,2.031750692100952,0.6408380232963563,0.20088634493915486,0.3721475693951438,0.6419008568760627,0.1408443823142259,-3.849091542851461,4.441226130493374,66.00022888183594,2.8410842418670654,7.849157333374023,
NSGA-II,NSGA-II,20260319,1.9256923755172608,52.37977080224442,9.78277003548866,0.4253162530871154,1.9868023014366907,0.6407687887028216,0.19986673138230193,0.37507199505137295,0.6097239142667279,0.11531358426572617,-3.895409051267272,4.436583650736033,66.0042724609375,2.755164861679077,7.849994659423828,
NSGA-II,NSGA-II,20260319,1.655354788780172,52.21676141727324,9.724052447743704,0.42525982931267936,2.03116722757615,0.6408380232963563,0.20088634493915486,0.3721476788219527,0.6421793322218422,0.1405307134344816,-3.849091542851461,4.440934556941428,66.00094604492188,2.841465711593628,7.849776268005371,
NSGA-II,NSGA-II,20260319,1.6649233608752125,51.768841600024885,8.766065666861012,0.4108878575295777,3.9175187646712537,0.640837010005073,0.1998268878354631,0.37493888512376417,0.6883988272340948,0.11653723538238843,-3.8103799036189585,7.764389101725647,68.82251739501953,2.849987030029297,7.849794387817383,
NSGA-II,NSGA-II,20260319,1.6510424715331227,52.70337992198756,8.781993461032183,0.4100029664870781,4.004109829546898,0.6417872038191615,0.20078106802068826,0.3722423923335665,0.6942041253740954,0.11799450127382027,-7.212187510435783,7.808643823700482,69.01087951660156,2.84999942779541,7.844093322753906,
NSGA-II,NSGA-II,20260319,1.8688298446523925,52.410568851321734,9.724049850080615,0.4241543546303735,2.003438720245959,0.6407627965065974,0.20004749002737685,0.37486986760584307,0.6143781682528354,0.11485722560495555,-7.096565775550239,4.470999710250485,66.01815032958984,2.775169849395752,7.849996566772461,
NSGA-II,NSGA-II,20260319,1.653954721004356,52.19524533080167,9.723403099616082,0.4252357069331609,2.031082939219551,0.6408302910917888,0.20088634493915486,0.37215529058111996,0.6410374237554985,0.14071489519741204,-3.8450610508823218,4.440978605802052,66.00000762939453,2.8420393466949463,7.848842144012451,
NSGA-II,NSGA-II,20260319,1.6500062588307984,52.42440120741039,8.782155734509544,0.4106620518586421,3.9179548571848364,0.6415591322876648,0.20081006066541682,0.37496421350531456,0.6941859234865176,0.11686600454204234,-3.826565975583229,7.738251876002879,68.87673950195312,2.849989175796509,7.849039554595947,
NSGA-II,NSGA-II,20260319,1.6510424715331227,52.70337992198756,8.781993461032183,0.4100029664870781,4.004109829546898,0.6417872038191615,0.20078106802068826,0.3722423923335665,0.6942041253740954,0.11799450127382027,-7.212187506533148,7.808643823700482,69.01087951660156,2.84999942779541,7.844093322753906,
NSGA-II,NSGA-II,20260319,1.6230453368531927,52.127154417364196,9.724168155725607,0.42525998895460226,2.0054304151526683,0.6408381101394575,0.20088572247052494,0.374765744163791,0.6145143201690372,0.14051870324488458,-3.8490361199099326,4.441115147808701,66.01124572753906,2.849998950958252,7.821410655975342,
NSGA-II,NSGA-II,20260319,1.7978266446197833,52.15931631478999,8.640257828781358,0.44817914649852986,1.8720295214633629,0.6416833832866817,0.20004867411699698,0.3747827552344484,0.6149670386474209,0.1390160612386338,-3.786703738647901,4.4875259403608,66.00000762939453,2.8368515968322754,7.847505569458008,
NSGA-II,NSGA-II,20260319,1.9302251852078176,52.15038665159377,9.78277003548866,0.4253162530871154,1.9868023014366907,0.6407733287264941,0.19985357189946046,0.37507197821295235,0.6095703722380138,0.11539511983449623,-3.895202600763554,4.436583650736033,66.00090026855469,2.7537426948547363,7.849968910217285,
NSGA-II,NSGA-II,20260319,1.6230453368531927,52.127151010117764,9.724168155725607,0.42525998895460226,2.0054304151526683,0.6408381101394575,0.20088572247052494,0.374765744163791,0.6145143201690372,0.14051870324488458,-3.8490361199099326,4.441115147808701,66.01124572753906,2.849998950958252,7.821410655975342,
NSGA-II,NSGA-II,20260319,1.6649233608752125,52.17787513210242,8.766065666861012,0.41065330091675,3.9175187646712537,0.6408314297807336,0.1998268878354631,0.37493888512376417,0.6883988272340948,0.11653723538238843,-3.8103799036189585,7.76464555050366,68.834716796875,2.8496570587158203,7.849819183349609,
NSGA-II,NSGA-II,20260319,1.8688298446523925,52.410568851321734,9.724049850080615,0.4241543546303735,2.003438720245959,0.6407627965065974,0.20004749002737685,0.37486986760584307,0.6143781682528354,0.11485722560495555,-7.092351318676641,4.47102573870507,66.01824188232422,2.7751641273498535,7.849992275238037,
NSGA-II,NSGA-II,20260319,1.668405282175279,50.315387158908855,8.860550553132054,0.41088226654109483,3.869980548486523,0.6416096460078984,0.20029875104035486,0.37502008523130126,0.6883424539790239,0.1188666567472862,-7.103620134684974,7.714862800111845,68.73616027832031,2.8483517169952393,7.849670886993408,
NSGA-II,NSGA-II,20260319,1.6724793635207273,52.338554846929696,8.799292243518078,0.4418608297634955,2.0029515159139564,0.6408378392527693,0.20076156875996265,0.3723612669430174,0.6830669248624794,0.1382698289025532,-4.088697498502647,3.8597984870801696,66.0433349609375,2.849987268447876,7.849481105804443,
NSGA-II,NSGA-II,20260319,1.6498503150786386,52.14855072748302,9.652022660436003,0.4251948901288764,2.005535616164222,0.640764365480556,0.20088310441787235,0.37236347552374766,0.6163641939669164,0.14087300836409994,-4.080691815487427,4.5566802805535165,66.00016021728516,2.8497486114501953,7.837640285491943,
NSGA-II,NSGA-II,20260319,1.6250782128393066,52.37149901504391,9.724023105172336,0.4242434917662923,2.003433154021823,0.6407647266016671,0.20079291070199656,0.3749305514358885,0.6151108951724397,0.13999930734158716,-3.810219694560004,4.441491448968607,66.00455474853516,2.8499934673309326,7.824853420257568,
NSGA-II,NSGA-II,20260319,1.8016711953678781,50.404907429195475,9.6943418628344,0.4252595152801105,2.0029541518788667,0.6408378417742835,0.20087126840406086,0.3723460708575327,0.6145853847874323,0.11804080991309274,-3.729203062178783,4.466166268779633,66.00000762939453,2.798511505126953,7.84805965423584,
NSGA-II,NSGA-II,20260319,1.6236075910691437,52.19710123442659,9.724034404917152,0.42530348038361554,2.029515323342052,0.6408152196672173,0.20090048159568427,0.3746693737505081,0.6434894235480456,0.14051929044103031,-3.849142482319486,4.437983703462811,66.00984954833984,2.849806070327759,7.845405101776123,
NSGA-II,NSGA-II,20260319,1.8016711953678781,50.40719256602334,9.69499463432496,0.4252595152801105,2.0029541518788667,0.6408378417742835,0.20087108186138236,0.3723460708575327,0.6145851546171339,0.11804080991309274,-3.729203062178783,4.46635119877192,66.00000762939453,2.798495292663574,7.848060131072998,
NSGA-II,NSGA-II,20260319,1.8688298446523925,52.41772698470078,9.724055854828473,0.4241543546303735,2.003438720245959,0.6407627965065974,0.20004749002737685,0.37486986760584307,0.6143781682528354,0.11532098647365635,-7.09220206148801,4.472090273607392,66.0189208984375,2.775217294692993,7.849971294403076,
NSGA-II,NSGA-II,20260319,1.9238652110403691,52.37618043348813,9.78277003548866,0.425257775298304,1.9868023014366907,0.6407625556227078,0.1998535729404595,0.37507199505137295,0.6097239142667279,0.11534680259669158,-3.895449507695929,4.436583650736033,66.00309753417969,2.755781412124634,7.849969863891602,
NSGA-II,NSGA-II,20260319,1.653047338621962,52.19565886086046,9.709097609508522,0.4252613638499583,2.030801640007719,0.6408382478220347,0.20088548915929116,0.37221865568735196,0.6411421856997922,0.14081931140757442,-3.8490481418347926,4.439278101051658,66.00033569335938,2.842782735824585,7.848889350891113,
NSGA-II,NSGA-II,20260320,1.8361834579793237,46.30503108420496,10.126920960983771,0.5549906357324856,1.45855939075666,0.6908422753790062,0.20511234615536966,0.4092659102964028,0.6422578253263276,0.11960617522240373,-9.750879353989589,6.13232766519367,66.00080108642578,2.8187990188598633,7.849997520446777,
NSGA-II,NSGA-II,20260320,1.734352966127003,52.11056625215792,9.980227204130408,0.5549282486439522,1.4594285188238616,0.6910369445283469,0.2054630183154666,0.40908879283577515,0.6426455527847261,0.1203688477276284,-5.997882308481891,6.132549624078966,66.0945053100586,2.8499996662139893,7.8499860763549805,
NSGA-II,NSGA-II,20260320,1.7343529567626004,52.11056625215792,9.980227204130408,0.5549282486439522,1.4594285188238616,0.6910369445283469,0.2054630183154666,0.40908879283577515,0.6426455527847261,0.1203688477276284,-5.997882308481891,6.132549624078966,66.0945053100586,2.8499996662139893,7.8499860763549805,
NSGA-II,NSGA-II,20260320,1.7343529660176242,52.11056625215792,9.980227204130408,0.5549282486439522,1.4594285188238616,0.6910369445283469,0.2054630183154666,0.40908879283577515,0.6426455527847261,0.1203688477276284,-5.997882308481891,6.132549624078966,66.0945053100586,2.8499996662139893,7.8499860763549805,
NSGA-II,NSGA-II,20260320,1.7343527236582064,52.112474506111326,9.980227204130408,0.5549269731593041,1.4593474734168468,0.6910369550408637,0.2054630183154666,0.4090930821371198,0.6426546018325893,0.1203688477276284,-5.997882308481891,6.132547015863727,66.0944595336914,2.849997043609619,7.849998474121094,
NSGA-II,NSGA-II,20260320,1.8361834579793237,46.30503108420496,10.126920960983771,0.5549984574789262,1.4584786614563976,0.6908422753790062,0.20511234615536966,0.4092659102964028,0.6422578253263276,0.11949639219646932,-9.750879353989589,6.132327437859948,66.00067138671875,2.8187732696533203,7.849999904632568,
NSGA-II,NSGA-II,20260320,1.7383145515594653,46.42513248010317,9.980228392713496,0.5570755375017861,1.459428892947264,0.6908787520816588,0.20528336814968495,0.40908866389198156,0.6426353855194177,0.12039787660565107,-6.241213484222143,6.132546990379934,66.00010681152344,2.8499999046325684,7.844975471496582,
NSGA-II,NSGA-II,20260320,1.734346847845055,51.01396368191765,9.988024969492987,0.5569635197293739,1.458809023457253,0.6911318998934037,0.20538701695607597,0.4086217117797389,0.6447444125815255,0.11951254301263392,-4.474025883858509,6.132424525689741,66.07079315185547,2.8499999046325684,7.8495988845825195,
NSGA-II,NSGA-II,20260320,1.8334081275671588,46.200559767915585,10.124759428697725,0.5570739581118774,1.4594722828261493,0.6910360769014157,0.20508473428449892,0.4092501733701467,0.6430947683047934,0.12041351054240618,-4.559558116796239,6.131813625057973,66.00315856933594,2.821025848388672,7.849998950958252,
NSGA-II,NSGA-II,20260320,1.7343538366031968,52.09403736486019,9.980228096776967,0.5549732498728986,1.4588235259986382,0.691032618434021,0.20546945366071623,0.40908879283577515,0.6426541465999318,0.12036727799592219,-5.997882308481891,6.132543943630094,66.093994140625,2.8499999046325684,7.849981307983398,
NSGA-II,NSGA-II,20260320,1.7343619248078157,52.11021889275094,9.980227204130408,0.5549269731593041,1.4594285188238616,0.6910371903511878,0.2054630183154666,0.40908879283577515,0.6426547250277185,0.1203688477276284,-5.997882308481891,6.132546952037924,66.094482421875,2.8499975204467773,7.8499956130981445,
NSGA-II,NSGA-II,20260320,1.735559183173433,47.409773150935195,9.962508598285307,0.5555643176993283,1.460492486965582,0.6910408957317444,0.2052742892288897,0.4090880964347762,0.6426754267134307,0.11690413344459308,-5.9742790949689635,6.132353187169901,66.00489807128906,2.8499996662139893,7.848276138305664,
NSGA-II,NSGA-II,20260320,1.8361624550187345,46.273339677449556,10.132810951994063,0.5549988028521347,1.459383342815185,0.6908424820154073,0.20511460716111854,0.4092850286037577,0.6422529694482474,0.11704706910001875,-9.690158349323909,6.132325147847473,66.0,2.817565441131592,7.849672794342041,
NSGA-II,NSGA-II,20260320,1.734369363861464,51.0248559190183,9.988702842904354,0.5569656824027865,1.458807190783967,0.6911441821021866,0.20538702364542755,0.4086180591351155,0.6448106497889241,0.11952497075601054,-4.459460549948901,6.132527681832276,66.07073974609375,2.8499951362609863,7.849671840667725,
NSGA-II,NSGA-II,20260320,1.734349824925849,52.112474506111326,9.980227204130408,0.5549269731593041,1.4594285188238616,0.6910369526312417,0.2054630183154666,0.40908879283577515,0.6426545609298191,0.1203688477276284,-5.997882308481891,6.132557058443753,66.09452056884766,2.8499999046325684,7.849996089935303,
NSGA-II,NSGA-II,20260320,1.7343472107741857,51.0248559190183,9.988702842904354,0.5569657463836521,1.4588091884167338,0.6911441574991306,0.20538702364542755,0.4086180591351155,0.644818882125819,0.11952497075601054,-4.473909855639576,6.132424444026494,66.07073211669922,2.8499932289123535,7.849667549133301,
NSGA-II,NSGA-II,20260320,1.7383145515594653,46.42513248010317,9.980288860705517,0.5570755375017861,1.459428892947264,0.6908787520816588,0.2052820495371111,0.40908866389198156,0.6426439480990639,0.12039149322845594,-6.241213484222143,6.132546990379934,66.0,2.8499982357025146,7.844986915588379,
NSGA-II,NSGA-II,20260320,1.7343694430448953,51.097591528629074,9.987651388791605,0.5569286491931931,1.4588092404122954,0.6911329549212528,0.20538701695607597,0.40861768840788937,0.6447987604437718,0.11951846077246131,-4.476207214077512,6.132425024054247,66.07198333740234,2.8499984741210938,7.849748611450195,
NSGA-II,NSGA-II,20260320,1.7383144627882368,46.42513248010317,9.980228392713496,0.5570755375017861,1.459428892947264,0.6908787520816588,0.20528336814968495,0.40908866351147977,0.6426353832152474,0.12039787660565107,-6.241213484222143,6.132546990379934,66.00010681152344,2.8499999046325684,7.844975471496582,
NSGA-II,NSGA-II,20260320,1.7382609565019442,47.46163550994768,9.985682481245886,0.5548385612908269,1.4594229068076685,0.6911639829290968,0.20528401603048138,0.4092480287294217,0.6423148633214402,0.11697392424375826,-2.354883939903452,6.134165213795438,66.0,2.84977650642395,7.84967041015625,
NSGA-II,NSGA-II,20260320,1.7356139141537317,47.88462202169395,9.980151327187997,0.5548341028554662,1.459413734774961,0.6911630981737561,0.20528511098245242,0.4090891226748934,0.6431466756561902,0.11686285541119404,-5.4414628521018855,6.132296511369411,66.00617218017578,2.849763870239258,7.849970817565918,
NSGA-II,NSGA-II,20260320,1.8312942292683736,46.30495268160879,10.125283934323718,0.5570384633189258,1.4594534869157416,0.6910306778747967,0.20508359219872124,0.4092499334809858,0.6430911968541115,0.12037765617945916,-4.465595259983665,6.131810364180023,66.0040283203125,2.8216421604156494,7.849998474121094,
NSGA-II,NSGA-II,20260320,1.7340558143586764,47.47890593496424,9.980651264854686,0.5548358212075862,1.4594456603630481,0.691174276501143,0.20528205532942534,0.40927357882818793,0.643124285868236,0.11685861865739736,-5.964284790320605,6.134251725878537,66.00000762939453,2.849999189376831,7.849447727203369,
NSGA-II,NSGA-II,20260320,1.8361834579793237,46.30503108420496,10.126920960983771,0.5549984574789262,1.4584797520066606,0.6908422753790062,0.20511234615536966,0.4092659102964028,0.6422578253263276,0.11949639219646932,-9.750879353989589,6.132327437859948,66.00067138671875,2.8187732696533203,7.849999904632568,
NSGA-II,NSGA-II,20260320,1.7343465622280418,51.00466558525253,9.988024969492987,0.556963036941174,1.4588090395033224,0.6911319681686567,0.20538701695607597,0.408621795028433,0.6447444125815255,0.11951230276966797,-4.474146194136203,6.132358248226632,66.07064819335938,2.849998950958252,7.849587440490723,
NSGA-II,NSGA-II,20260320,1.7382966722981847,47.46489421723875,9.963348649996014,0.5548379176090131,1.4594565798095418,0.6911757115785854,0.2052817779389978,0.4092750710863555,0.6430951413657731,0.11699147464329873,-6.00622136567079,6.134282093111296,66.0016860961914,2.8495659828186035,7.849996089935303,
NSGA-II,NSGA-II,20260320,1.7356306538824584,47.88914501855523,9.96260822290828,0.5548337586792298,1.4587512784417602,0.6911630597595948,0.20529008770256757,0.4092774984941858,0.6431432914424847,0.11690330113986175,-5.987686277286286,6.1317256646939216,66.00818634033203,2.849984645843506,7.849925518035889,
NSGA-II,NSGA-II,20260320,1.8361834579793237,46.271115032275844,10.130281015837706,0.5549984574789262,1.4584700291768737,0.6908422753790062,0.20511234615536966,0.4092659102964028,0.6422578253263276,0.12096801730781137,-9.690727853248205,6.132327437859948,66.00057220458984,2.819079875946045,7.849996089935303,
NSGA-II,NSGA-II,20260320,1.8329933736952293,46.30503108420496,10.126559964232666,0.5549905753104146,1.4594924248315322,0.690837234403353,0.20511577380297735,0.40907772510620044,0.6422577454429692,0.11948257043493139,-9.747076556328388,6.132362890240781,66.00000762939453,2.819812774658203,7.8498382568359375,
NSGA-II,NSGA-II,20260320,1.7343694430448953,51.097591528629074,9.987650683416884,0.5569286491931931,1.4588092404122954,0.6911329549212528,0.20538701695607597,0.40861768840788937,0.6447987604437718,0.11951840599253946,-4.476207214077512,6.132425037999002,66.07198333740234,2.8499984741210938,7.849748611450195,
NSGA-II,NSGA-II,20260320,1.8361834579793237,46.30503108420496,10.126920960983771,0.5549984574789262,1.4584786614563976,0.6908422753790062,0.20511234615536966,0.4092659102964028,0.6422578253263276,0.11951836184775902,-9.750879353989589,6.132327437859948,66.00067901611328,2.8187789916992188,7.849999904632568,
NSGA-II,NSGA-II,20260320,1.7378746710210151,47.47986750892459,9.96332383650624,0.5548258765634206,1.4587085617027291,0.691168290385499,0.20527542888240355,0.409252220101476,0.6430702510274607,0.11699292428963727,-6.006003957520825,6.13185016153854,66.00020599365234,2.849696159362793,7.849992275238037,
NSGA-II,NSGA-II,20260320,1.7376216502108623,47.464913895899485,9.96332383650624,0.5548303633836471,1.458752475373356,0.6911773824379337,0.20528178288824755,0.40925133408206626,0.6430963170270596,0.11699131398676477,-5.940365117772387,6.131898860234209,66.00021362304688,2.849761962890625,7.849978446960449,
NSGA-II,NSGA-II,20260320,1.7345538775967468,51.866115655454024,9.98100180731031,0.5549274517157667,1.4595230191138777,0.691037185085891,0.2054630183154666,0.4090908210949191,0.6426547316543801,0.12036884671207834,-5.941576556338795,6.131764095163662,66.09028625488281,2.8499860763549805,7.849818706512451,
NSGA-II,NSGA-II,20260320,1.7343468231998849,51.85908932103961,9.981649281653818,0.5549269731593041,1.4594287229318699,0.6910371844994772,0.2054630183154666,0.40909071960942567,0.6426545698550126,0.12036886162888093,-6.059802329618584,6.1317805005659825,66.09002685546875,2.849996566772461,7.849785804748535,
NSGA-II,NSGA-II,20260320,1.735691357324249,47.90782529260461,9.96260822290828,0.5548337586792298,1.4587512784417602,0.6911630597595948,0.20529008770256757,0.40927639910632074,0.6431645058866532,0.11690330113986175,-5.987536974964499,6.1317256646939216,66.00826263427734,2.8499836921691895,7.8499908447265625,
NSGA-II,NSGA-II,20260320,1.7343422503470283,47.47919231141951,9.98549575750285,0.5548659748642304,1.4594136504877266,0.6911675867367439,0.205282096802077,0.4092527504859865,0.6430716162837306,0.11699113233398795,-5.993799696954483,6.132361652688688,66.0,2.8498048782348633,7.849186897277832,
NSGA-II,NSGA-II,20260320,1.7343538109319627,52.112474506111326,9.980227204130408,0.5549269731593041,1.4594285188238616,0.6910371262029327,0.2054630183154666,0.40908879283577515,0.6426541220392926,0.1203688477276284,-5.997882308481891,6.132557734106965,66.09452056884766,2.849999189376831,7.849996566772461,
NSGA-II,NSGA-II,20260320,1.7356306538824584,47.47947748712894,9.96260822290828,0.5549229603378019,1.4587416428953186,0.6911630597595948,0.20527681342780896,0.4092783388735539,0.6431426910498226,0.11690392476450902,-6.630379870710897,6.131784218272066,66.00066375732422,2.849998712539673,7.849581718444824,
NSGA-II,NSGA-II,20260320,1.7343497604193547,51.86284027891715,9.98165414047688,0.5549269731593041,1.459522369023833,0.6910369485361826,0.2054630183154666,0.4090908156006877,0.6426540498432067,0.12036886162888093,-5.9982955331025,6.131769941953519,66.09024810791016,2.8499977588653564,7.849775314331055,
NSGA-II,NSGA-II,20260320,1.7382973401959165,47.47888826850176,9.980003460909423,0.5547984623018227,1.459413683614517,0.6911686623114079,0.2052840982389629,0.4092512909735112,0.6423148633214402,0.1169738931948738,-2.354883939903452,6.1341411250340325,66.00029754638672,2.8499603271484375,7.849839210510254,
NSGA-II,NSGA-II,20260320,1.7355675594313575,51.771077770511795,9.983676856044337,0.5549274533843165,1.4595230191138777,0.6910371927501613,0.2054630183154666,0.40909079392913306,0.6426547355573116,0.12036885940640665,-5.941576556338795,6.135245024660761,66.08863830566406,2.8497915267944336,7.849999904632568,
NSGA-II,NSGA-II,20260320,1.73786115118465,47.46963100448421,9.96332383650624,0.5548258513271358,1.458740602018834,0.691169925676419,0.20527543881298374,0.4092513682408597,0.643067350264213,0.11690670109304482,-5.989235395572422,6.1318505423511205,66.00003051757812,2.849656581878662,7.849986553192139,
NSGA-II,NSGA-II,20260320,1.7382973401959165,47.48064415427102,9.980003460909423,0.5547984623018227,1.459413683614517,0.6911685499626046,0.2052840982389629,0.4092512909735112,0.6423148633214402,0.1169738931948738,-2.354883939903452,6.1341411250340325,66.00032806396484,2.8499598503112793,7.849839687347412,
NSGA-II,NSGA-II,20260320,1.7376216502108623,47.464913895899485,9.963526647447605,0.5550072771075343,1.4587120893092351,0.6911808015035186,0.2052703950388053,0.40925133408206626,0.6430954067195879,0.11699131398676477,-5.940365117772387,6.135048787229471,66.00032806396484,2.8498241901397705,7.849954605102539,
NSGA-II,NSGA-II,20260320,1.7343458748799199,52.112474506111326,9.980227204130408,0.5549278517378625,1.459347396491669,0.6910396903613016,0.2054630183154666,0.4090930821371198,0.6426545984028131,0.12037416321052216,-5.997848604576774,6.132369107727744,66.09444427490234,2.849999189376831,7.849989414215088,
NSGA-II,NSGA-II,20260320,1.7343460959462762,52.112474506111326,9.980227204130408,0.5549278707912698,1.4593482715427715,0.6910396375903012,0.2054630183154666,0.4090930821371198,0.6426547340195271,0.1203684018584601,-5.991603031115588,6.132369107727744,66.09442138671875,2.8499984741210938,7.84999418258667,
NSGA-II,NSGA-II,20260320,1.7343452556169254,47.479189995305276,9.980651264854686,0.5548358212075862,1.4594134307318123,0.6911743269555408,0.20528205532942534,0.40927357882818793,0.6431239019801498,0.11685861865739736,-5.964284790320605,6.134251725878537,66.00001525878906,2.849931478500366,7.8494720458984375,
NSGA-II,NSGA-II,20260320,1.7385770511217082,47.90958867608278,9.980233593735434,0.5548660497983466,1.4587535346018141,0.6910375180713065,0.20528379613938147,0.40908686861290755,0.6431114993275506,0.11678657016451222,-5.928598728299157,6.131776720139745,66.00711059570312,2.848804473876953,7.849998474121094,
NSGA-II,NSGA-II,20260320,1.8361834579793237,46.30503108420496,10.130554436068358,0.5549906357324856,1.45855939075666,0.6908422753790062,0.20511234615536966,0.4092659102964028,0.6423553678937572,0.1196052933693692,-9.750879353989589,6.132424088108176,66.00051879882812,2.8186779022216797,7.849998474121094,
NSGA-II,NSGA-II,20260320,1.7343469832608667,51.867165007070994,9.981638758551092,0.5549267029807587,1.4595242244192381,0.691032685298644,0.20546468113877014,0.40908866961122364,0.6426545415925564,0.12036885934585329,-6.061072148117219,6.132551032810946,66.09049224853516,2.849996566772461,7.849801063537598,
NSGA-II,NSGA-II,20260320,1.7343687092860582,51.01396368191765,9.988024969492987,0.5569291010490962,1.458809023457253,0.6911318401544384,0.20538701695607597,0.4086177611365229,0.6447985449244613,0.11951254301263392,-4.474025883858509,6.132424503316588,66.0707015991211,2.8499906063079834,7.849668025970459,
NSGA-II,NSGA-II,20260320,1.7383145515594653,46.42513248010317,9.980228392713496,0.5570755375017861,1.459428892947264,0.6908787520816588,0.20528336814968495,0.4090886638917046,0.6426353855194177,0.12039787660565107,-6.241213484222143,6.132546990379934,66.00010681152344,2.8499999046325684,7.844975471496582,
NSGA-II,NSGA-II,20260320,1.7383144627882368,46.42513248010317,9.980228392713496,0.5570755375017861,1.459428892947264,0.6908787520816588,0.20528336814968495,0.40908866351175666,0.6426353832152474,0.12039787660565107,-6.241213484222143,6.132546990379934,66.00010681152344,2.8499999046325684,7.844975471496582,
NSGA-II,NSGA-II,20260320,1.7383144627882368,46.42513248010317,9.980228392713496,0.5570755375017861,1.459428892947264,0.6908787520816588,0.20528336814968495,0.4090886635117026,0.6426353853387682,0.12039787660565107,-6.241213484222143,6.132546990379934,66.00010681152344,2.8499999046325684,7.844975471496582,
NSGA-II,NSGA-II,20260320,1.734368675941763,51.00349295712506,9.988007695899844,0.5569646984058984,1.4588090395033224,0.6911318801537427,0.20538701695607597,0.4086217117797389,0.6447984218415607,0.11951827311645175,-4.474020863099277,6.132358248226632,66.07052612304688,2.8499956130981445,7.849630832672119,
NSGA-II,NSGA-II,20260320,1.7343468231998849,51.85908932103961,9.981649281653818,0.5549269731593041,1.4594287229318699,0.69103714843237,0.2054630183154666,0.40909071960942567,0.6426545694382133,0.12036884773120467,-6.059802329618584,6.1317805005659825,66.09002685546875,2.849996566772461,7.849785804748535,
NSGA-II,NSGA-II,20260320,1.7383015920664375,47.49736336064997,9.980003460909423,0.5547984623018227,1.4594207912160315,0.6911720986641297,0.20528409911050435,0.4092513694259049,0.6423148633214402,0.11697389393097518,-2.354883939903452,6.135064949842067,66.0005874633789,2.8499858379364014,7.849905967712402,
NSGA-II,NSGA-II,20260320,1.7356256042562705,47.90255596578997,9.96332383650624,0.5549653497290172,1.4587582036613398,0.6911680077840907,0.20528926744065865,0.4092513682408597,0.6431465906548366,0.11694945101271254,-5.989235395572422,6.131850350447071,66.00867462158203,2.849989652633667,7.849794387817383,
NSGA-II,NSGA-II,20260320,1.7382567046314232,47.455502117375026,9.980003460909423,0.5547999560868102,1.4594595361395544,0.6911631658872222,0.20528401312031774,0.40925517981244286,0.6423071090094836,0.11697392350765687,-2.354883939903452,6.134132235205279,66.00004577636719,2.8499622344970703,7.849796772003174,
NSGA-II,NSGA-II,20260320,1.7343540247369011,51.97330346279981,9.981618908350793,0.5548558171747275,1.459522369023833,0.6910371479073558,0.2054630183154666,0.40908878750439526,0.6426547009638712,0.12036886117647615,-6.059802329618584,6.132350650806566,66.09180450439453,2.8499996662139893,7.84997034072876,
NSGA-II,NSGA-II,20260320,1.7343690373973983,51.01396368191765,9.988024934586694,0.5569635803819807,1.458809039247405,0.6911318510150315,0.20538701695607597,0.4086217117797389,0.6447444125815255,0.1195184415412724,-4.473986514262052,6.132424709111107,66.07079315185547,2.8499979972839355,7.849599361419678,
NSGA-II,NSGA-II,20260320,1.7385770511217082,47.90958867608278,9.980399231972807,0.5548660497983466,1.4587514391876653,0.6910375180713065,0.20528379613938147,0.40908686827890317,0.6431114993275506,0.11678657016451222,-5.928598728299157,6.131776720139745,66.00708770751953,2.8488011360168457,7.849998950958252,
NSGA-II,NSGA-II,20260320,1.7385770511217082,47.90958867608278,9.980235920986026,0.5548660497983466,1.458753514713956,0.6910375180713065,0.20528379613938147,0.4090868879375564,0.6431114993275506,0.11678657016451222,-5.928598728299157,6.131776720139745,66.00711059570312,2.848804473876953,7.849998474121094,
NSGA-II,NSGA-II,20260320,1.7376030655212886,47.4651107255805,9.962592195070467,0.5550072771075343,1.4587120893092351,0.6911804229626215,0.2052703950388053,0.40925124246416106,0.6430954067195879,0.11699131398676477,-5.940365117772387,6.135048787229471,66.0003662109375,2.849858283996582,7.849969387054443,
NSGA-II,NSGA-II,20260320,1.7356492385720321,47.458093924871896,9.963542675285417,0.5549229603378019,1.4587416428953186,0.6911634383004919,0.20527682335838918,0.4092775786308428,0.6431432914424847,0.11690330113986175,-6.638809891553294,6.131784218272066,66.00022888183594,2.849970817565918,7.849562168121338,
NSGA-II,NSGA-II,20260320,1.735638754353699,47.8831495631727,9.96260822290828,0.5548320384303262,1.4587283170078713,0.6911631001696172,0.20529012725559354,0.40925277678092764,0.6430870537715527,0.11676930220947791,-5.982483709007049,6.131725962423659,66.007568359375,2.849973440170288,7.84999942779541,
NSGA-II,NSGA-II,20260320,1.7356492385720321,47.458093924871896,9.962685232600986,0.5549252616390903,1.4587282968739927,0.6911634383004919,0.20527682335838918,0.4092775786308428,0.6431424412610564,0.11690579513158689,-6.638809891553294,6.131784218272066,66.00025939941406,2.84999942779541,7.849575042724609,
NSGA-II,NSGA-II,20260320,1.7343658753206472,51.85908932103961,9.981649281653818,0.5549269731593041,1.4594287206938885,0.691037127195216,0.2054630183154666,0.40908875883022966,0.6426545735211568,0.12036886162888093,-6.060184151674598,6.1317805005659825,66.09001922607422,2.849994421005249,7.849790096282959,
NSGA-II,NSGA-II,20260320,1.735638754353699,47.8831495631727,9.963465665592715,0.5548297371290378,1.4587416630291974,0.6911631001696172,0.20529012725559354,0.40925277678092764,0.6430879039529812,0.11676680821775277,-5.982483709007049,6.131725962423659,66.00753784179688,2.849944829940796,7.849987983703613,
NSGA-II,NSGA-II,20260320,1.7383144627882368,46.42513248010317,9.980228392713496,0.5570755375017861,1.459428892947264,0.6908787520816588,0.20528336814968495,0.4090886635058105,0.6426353853387682,0.12039787660565107,-6.241213484222143,6.132546990379934,66.00010681152344,2.8499999046325684,7.844975471496582,
NSGA-II,NSGA-II,20260320,1.7356306538824584,47.8831495631727,9.98023181385241,0.5548337366322779,1.4587649475370927,0.6911615092425036,0.20528375693334133,0.40908632967288105,0.6431439104277836,0.11690343843973286,-5.929083218784143,6.131725669780082,66.0051040649414,2.8497257232666016,7.849992752075195,
NSGA-II,NSGA-II,20260320,1.735638754353699,47.883004103153496,9.96260822290828,0.5548320623602814,1.4587283170078713,0.6911631001696172,0.20529012816915343,0.40925277678092764,0.6430870537715527,0.11676930220947791,-5.987581698027853,6.131725962423659,66.00756072998047,2.849972724914551,7.84999942779541,
NSGA-II,NSGA-II,20260320,1.7385770511217082,47.90958867608278,9.98023750579016,0.5548660497983466,1.4587535966201157,0.6910375180713065,0.20528379613938147,0.40908688873557764,0.6431114993275506,0.11678657016451222,-5.928598728299157,6.131776720139745,66.00711059570312,2.848804473876953,7.849998474121094,
NSGA-II,NSGA-II,20260320,1.7385770511217082,47.90958867608278,9.980233550798367,0.5548660497983466,1.458753532417753,0.6910375180713065,0.20528379613938147,0.40908688873557764,0.6431114993275506,0.11678657016451222,-5.928598728299157,6.131776720139745,66.00711059570312,2.848804473876953,7.849998474121094,
NSGA-II,NSGA-II,20260320,1.7343610447222177,52.09315827726991,9.980228087251422,0.5549731533309372,1.4587767713005544,0.6910326404426067,0.2054694535832482,0.40908879283577515,0.6426522154096628,0.12032256251622866,-5.97239871551286,6.132534889349579,66.0938949584961,2.849980592727661,7.849998950958252,
NSGA-II,NSGA-II,20260320,1.7385770511217082,47.90958867608278,9.980237548727228,0.5548660497983466,1.458753598804177,0.6910375180713065,0.20528379613938147,0.40908686861290755,0.6431114993275506,0.11678657016451222,-5.928598728299157,6.131776720139745,66.00711059570312,2.848804473876953,7.849998474121094,
NSGA-II,NSGA-II,20260320,1.734368675941763,51.00184873214992,9.988007695899844,0.5569657475294747,1.4588090395033224,0.6911318801537427,0.2053870170934695,0.4086217117797389,0.6447984218415607,0.11951827118913669,-4.474008738065635,6.132358248226632,66.07050323486328,2.8499956130981445,7.849628448486328,
NSGA-II,NSGA-II,20260320,1.7343529660176242,52.11056625215792,9.980227204130408,0.5549282486439522,1.4594285188238616,0.6910371527466368,0.2054630183154666,0.40908879283577515,0.6426550003962168,0.1203688477276284,-5.996796797339243,6.132549624078966,66.09449005126953,2.84999942779541,7.84999418258667,
NSGA-II,NSGA-II,20260320,1.7382567046314232,47.455502117375026,9.98001250857594,0.5549216677924917,1.4594595361395544,0.6911631658872222,0.20528401312031774,0.4092571556039635,0.6426520581000121,0.11695364746971956,-2.354883939903452,6.134085848052606,66.00016021728516,2.8498706817626953,7.849884510040283,
NSGA-II,NSGA-II,20260320,1.734556103868019,51.866115655454024,9.980999750166161,0.5549278773201725,1.4595165717378857,0.691037185085891,0.2054630183154666,0.4090908498196983,0.6426547339602409,0.12036884671207834,-5.9404561236361815,6.1323735961222,66.09037780761719,2.8499951362609863,7.849839210510254,
NSGA-II,NSGA-II,20260320,1.7343468231998849,51.972820485911356,9.981638756854142,0.5548558493546697,1.459522369023833,0.6910371479073558,0.20546167733129433,0.40908878734154375,0.642654708258154,0.12036886164716556,-6.059802329618584,6.13177569589651,66.09170532226562,2.8499884605407715,7.849941253662109,
NSGA-II,NSGA-II,20260320,1.7343658876003403,47.479189892385186,9.98546815875649,0.5548659748642304,1.4594136504877266,0.6911686839017834,0.205282096802077,0.4092527914797406,0.6430715603579972,0.11697292524287911,-5.994240402655606,6.132361652688688,66.0,2.849790096282959,7.849193096160889,
NSGA-II,NSGA-II,20260320,1.7382973401959165,47.47889971447658,9.980003460909423,0.5547984623018227,1.459413683614517,0.6911738216102223,0.20528198429181815,0.40927373664203115,0.6423148633214402,0.1168712670832467,-2.354883939903452,6.1342498024959085,66.00022888183594,2.849893808364868,7.849835395812988,
NSGA-II,NSGA-II,20260320,1.73777065458792,47.469647640755845,9.96332383650624,0.5548258765634206,1.4587408018343058,0.691168290385499,0.20527542888240355,0.4092522396015871,0.6430702510274607,0.11699184098277739,-6.006003957520825,6.13185016153854,66.00004577636719,2.849722146987915,7.849975109100342,
NSGA-II,NSGA-II,20260320,1.73777065458792,47.479869632182705,9.963324341442652,0.5548258765634206,1.4587085617027291,0.691168290385499,0.20527542888240355,0.409252220101476,0.6430702510274607,0.11699184098277739,-6.006003957520825,6.13185016153854,66.00017547607422,2.849721908569336,7.849984645843506,
NSGA-II,NSGA-II,20260320,1.734366052637406,52.09313472324577,9.980228181778472,0.5549753264549204,1.458828489048137,0.6910326092314588,0.2054693329690309,0.4090887858851945,0.6426545197869186,0.12035577753968608,-5.956351649275753,6.132542198635392,66.09396362304688,2.84999942779541,7.849987983703613,
NSGA-II,NSGA-II,20260320,1.73786115118465,47.47985087265295,9.96332383650624,0.5548258513271358,1.4587083618872576,0.691169925676419,0.20527543881298374,0.40925134874074864,0.643067350264213,0.11690670109304482,-5.989235395572422,6.1318505423511205,66.00016784667969,2.8496556282043457,7.849994659423828,
NSGA-II,NSGA-II,20260320,1.734346104666822,52.110622982666996,9.980227204130408,0.5549278509538207,1.4593482715427715,0.6910369507422947,0.2054630183154666,0.40909304626726634,0.6426547340195271,0.12036841515091562,-5.991287299181963,6.132369107727744,66.09441375732422,2.849996566772461,7.849989414215088,
NSGA-II,NSGA-II,20260320,1.7378746710210151,47.480028741296564,9.96332383650624,0.5548185234537499,1.4587119936958688,0.691168290385499,0.20527542888240355,0.40925223961981805,0.6430702510274607,0.11699292428963727,-5.941303751963034,6.13185016153854,66.00032806396484,2.8496968746185303,7.849985599517822,
NSGA-II,NSGA-II,20260320,1.7356492385720321,47.458093924871896,9.96250061564727,0.5549259154017584,1.458729743235275,0.6911634383004919,0.20527670684413568,0.40927958188434893,0.6431792585395409,0.11690579513158689,-6.629368547658046,6.131784218272066,66.0002670288086,2.8499979972839355,7.849597930908203,
NSGA-II,NSGA-II,20260320,1.7357010279109553,47.76081438328382,9.980151327187997,0.5548341028554662,1.4594160653898185,0.6911630610765147,0.20528524830031497,0.4090891226748934,0.6431466756561902,0.11686285541119404,-4.8148996634756145,6.1317378706224845,66.00390625,2.849891424179077,7.849950790405273,
NSGA-II,NSGA-II,20260320,1.7356492385720321,47.458093924871896,9.962702708135755,0.5549229603378019,1.458741733785566,0.6911634383004919,0.20527682335838918,0.4092775786308428,0.6431424370144136,0.11690580338108217,-6.638809891553294,6.131784218272066,66.0002670288086,2.849998950958252,7.849575996398926,
NSGA-II,NSGA-II,20260320,1.7343694430448953,51.092361401873134,9.987650683416884,0.5569286491931931,1.45880923371295,0.6911329549212528,0.2053870236295011,0.40861768840788937,0.6447987604437718,0.11951840599253946,-4.473946153955659,6.132425037999002,66.0718994140625,2.849999189376831,7.849743843078613,
NSGA-II,NSGA-II,20260320,1.7356492385720321,47.458093924871896,9.963525199750649,0.5549252616390903,1.4587282059837454,0.6911634383004919,0.20527682335838918,0.4092775786308428,0.6431432956891275,0.11690329289036647,-6.638809891553294,6.131784218272066,66.0002212524414,2.849971294403076,7.8495612144470215,
NSGA-II,NSGA-II,20260320,1.7345445680856633,52.112474506111326,9.980227204130408,0.5549278707912698,1.4593544559680562,0.6910396375903012,0.2054630183154666,0.4090908070207657,0.6426547340195271,0.12036884448670304,-5.991603031115588,6.132369107727744,66.0945816040039,2.8499417304992676,7.849989891052246,
NSGA-II,NSGA-II,20260320,1.8361834579793237,46.30503108420496,10.126919018802983,0.5549984019801397,1.4584797520066606,0.6908372303289998,0.20511234615536966,0.4092659102964028,0.6422578253263276,0.11949628439476556,-9.750879353989589,6.13236249179309,66.0007095336914,2.8187692165374756,7.849995136260986,
NSGA-II,NSGA-II,20260320,1.8361624550187345,46.273339677449556,10.132932965995153,0.5549988028521347,1.459383342815185,0.6908424820154073,0.20511576562595,0.4092850286037577,0.6422575999121745,0.11704706910001875,-9.690158349323909,6.13232617868237,66.00006103515625,2.817556858062744,7.849668502807617,
NSGA-II,NSGA-II,20260320,1.7343538366031968,52.095774584072714,9.980228096776967,0.5549732498728986,1.4588235259986382,0.6910326409809444,0.20546945366071623,0.40908879283577515,0.6426547154952437,0.12036727799592219,-5.998065598630376,6.13253472370008,66.09402465820312,2.849999189376831,7.849981784820557,
NSGA-II,NSGA-II,20260320,1.7343658876003403,47.47919231141951,9.98549575750285,0.5548659748642304,1.4594136504877266,0.6911686966988901,0.205282096802077,0.4092527844037889,0.6430716162837306,0.11697292524287911,-5.993799696954483,6.132361652688688,66.0,2.8497893810272217,7.849193096160889,
NSGA-II,NSGA-II,20260321,1.6077929879555488,36.671240230900224,10.554353039982402,0.7039285705450534,1.5937670166163649,0.6748905979090842,0.18570858892603453,0.44006360900751273,0.6234110486146505,0.1255625928728974,19.761570509057577,7.64778819106889,66.00520324707031,2.8498666286468506,7.667297840118408,
NSGA-II,NSGA-II,20260321,1.5755658714456255,37.1838434495434,5.955828648111695,0.5125419691704891,1.574570377733822,0.67414892737432,0.21293286526090388,0.5078575735026747,0.7419841469443218,0.12857966665559228,15.38369635246464,6.658305068999702,67.2629623413086,2.840458393096924,7.84999942779541,
NSGA-II,NSGA-II,20260321,1.6153146771991782,39.1337026145728,10.565659582578457,0.703529091703839,1.5885737878487796,0.6729104451214982,0.18512659344419127,0.4391572716358859,0.6213817446140985,0.12329052614888306,12.827431600883507,7.608562663663684,66.00015258789062,2.8488075733184814,7.672240734100342,
NSGA-II,NSGA-II,20260321,1.6106700445373592,63.47080092957557,7.174439528234419,0.5119587936102524,2.486012967131485,0.672800241525533,0.22245546673441186,0.43942383554834336,0.7347291788199389,0.12846580937243438,12.698881652507708,7.932813285499584,69.10659790039062,2.84999680519104,7.848794937133789,
NSGA-II,NSGA-II,20260321,1.6106690499502507,63.47080092957557,7.174439528234419,0.5119621801038297,2.485076405740209,0.6727909874141564,0.22246428632359486,0.4394246804744781,0.7348270107495685,0.12846580937243438,12.698881652507708,7.932813285499584,69.10572052001953,2.849994659423828,7.848949432373047,
NSGA-II,NSGA-II,20260321,1.5755620111991457,37.1838434495434,5.955828648111695,0.5125419691704891,1.574570377733822,0.6741490716823351,0.21293286508914339,0.5078575735026747,0.7419841469443218,0.12858752972266718,15.38369635246464,6.658305068999702,67.26298522949219,2.8404622077941895,7.84999942779541,
NSGA-II,NSGA-II,20260321,1.6137080392733592,36.70596095857573,10.479147132422856,0.6971204635984898,1.5941779491541592,0.6652871481022268,0.18634836065119836,0.4376224738275808,0.6317600233864192,0.12444677083831597,19.910923685897146,7.855431442313747,66.03651428222656,2.8499574661254883,7.686552047729492,
NSGA-II,NSGA-II,20260321,1.6196336167104666,36.74191045337271,10.588254777463206,0.5292805660304283,1.5950866261018566,0.667015500350028,0.201288239207547,0.43885391755825454,0.6307611838247268,0.12310436624346623,13.081527014191444,7.5623984536613476,66.00968933105469,2.8497321605682373,7.849995136260986,
NSGA-II,NSGA-II,20260321,1.6083395367593214,39.72121656315943,7.113600494098599,0.5174449646817765,2.4888739295241873,0.672899862649958,0.22273125640764407,0.43938672140256324,0.7431766011307803,0.12570695061479903,12.829375475717619,7.93324152220123,68.60585021972656,2.84999418258667,7.837850570678711,
NSGA-II,NSGA-II,20260321,1.6204328660544431,39.708257889582626,10.815882628033101,0.676293944228137,1.5936594539684092,0.6730583917942072,0.18709722642982268,0.44347583609171093,0.6255011599174696,0.12435484386378298,13.133971208621439,7.695149474211371,66.00003051757812,2.839850902557373,7.6985883712768555,
NSGA-II,NSGA-II,20260321,1.5755659149331696,37.1838434495434,5.955828648111695,0.5125419691704891,1.574570377733822,0.6741490703588215,0.21293286507502493,0.5078575735026747,0.7419841469443218,0.12857974444415332,15.38369635246464,6.658305068999702,67.2629623413086,2.840458393096924,7.84999942779541,
NSGA-II,NSGA-II,20260321,1.5969754928634332,32.36365386880499,6.634094188782525,0.5097802363950318,1.5387166734751045,0.6751233638299884,0.2002622781370568,0.5183170340210783,0.6795226013276723,0.12266328013406225,-14.123531544271703,6.766581606815744,66.5091323852539,2.8498921394348145,7.837738037109375,
NSGA-II,NSGA-II,20260321,1.6357130071941615,37.598970772521994,10.850778471378192,0.5308660944439407,1.5936504329607315,0.673702762526698,0.20137214995840982,0.440770863446122,0.6307942895453844,0.12444193543177677,13.086192215257626,7.555128699701325,66.00274658203125,2.8422470092773438,7.848923206329346,
NSGA-II,NSGA-II,20260321,1.6106700445373592,63.47080092957557,7.174439528234419,0.5119590096965114,2.486012967131485,0.672800241525533,0.22245546673441186,0.43942383554834336,0.7347291788199389,0.12846580937243438,12.698881652507708,7.932813285499584,69.10659790039062,2.84999680519104,7.848794937133789,
NSGA-II,NSGA-II,20260321,1.610670359482631,63.13507794176501,7.174439528234419,0.5122718729333184,2.485011634334237,0.6727919262705687,0.2224555974812838,0.43942467667133367,0.7368142004975056,0.12846580937243438,12.822286055745046,7.932813285499584,69.09635162353516,2.849776029586792,7.849997043609619,
NSGA-II,NSGA-II,20260321,1.575565914687827,37.1838434495434,5.955828648111695,0.5125419691704891,1.574570377733822,0.6741489273925441,0.21293286526123145,0.5078575735026747,0.7419841469443218,0.128580075115121,15.38369635246464,6.658305068999702,67.2629623413086,2.840458393096924,7.84999942779541,
NSGA-II,NSGA-II,20260321,1.6106849799271643,37.129460764063204,7.255261238273203,0.5119667195593114,2.504030784550868,0.672800241525533,0.22215305055803686,0.43942383554834336,0.7347291788199389,0.12846580937243438,12.826391529859848,7.932813285499584,68.52399444580078,2.8499972820281982,7.834714412689209,
NSGA-II,NSGA-II,20260321,1.9596034127350397,35.66615560025792,11.079008708419359,0.5398140482759259,1.5940935928354911,0.6660628175140919,0.20002560920654142,0.43948000906095125,0.6314969534953733,0.12444158168876057,13.324238896824816,7.562061639146439,66.00006103515625,2.759387254714966,7.849862575531006,
NSGA-II,NSGA-II,20260321,1.6198681816195337,39.824334724002206,10.565652599399552,0.6727680324552578,1.5939008891766162,0.673381673465876,0.18729852770074623,0.44281226700520004,0.6257788571220371,0.12444225234850399,13.340829567866216,7.590279781489717,66.00007629394531,2.846980333328247,7.702840328216553,
NSGA-II,NSGA-II,20260321,1.5966523787530005,32.36365386880499,6.634094188782525,0.5097802363950318,1.5387166734751045,0.6751233638299884,0.2002622781370568,0.5183170340210783,0.6795226013276723,0.12266328013406225,-14.123531544271703,6.766658089743216,66.5092544555664,2.849943161010742,7.837723255157471,
NSGA-II,NSGA-II,20260321,1.6195990843282402,39.824334724002206,10.516478673049702,0.6727680324552578,1.6146133056045233,0.6731313770280829,0.18729303189562274,0.44281226700520004,0.6257788571220371,0.12436724300779009,13.340829567866216,7.688248804612142,66.03266143798828,2.849909543991089,7.705531597137451,
NSGA-II,NSGA-II,20260321,1.6167615202693701,36.74191045337271,10.588254777463206,0.5292805660304283,1.5941107840112623,0.667015500350028,0.20135444806307196,0.43885391755825454,0.6307952307326979,0.12310436624346623,13.081527014191444,7.563008380897385,66.01612091064453,2.849806070327759,7.849107265472412,
NSGA-II,NSGA-II,20260321,1.9361863241814694,36.68429973264307,11.045115700879705,0.5312195687390447,1.6199233594532816,0.6659093896059272,0.201574270136871,0.44019561928994644,0.6228508274949958,0.12321958112137993,12.076400807238237,7.645276722596106,66.12076568603516,2.7648916244506836,7.849996089935303,
NSGA-II,NSGA-II,20260321,1.5755619677116015,37.1838434495434,5.955828648111695,0.5125419691704891,1.574570377733822,0.6741490700737258,0.2129328652750223,0.5078575735026747,0.7419841469443218,0.12858745193410615,15.38369635246464,6.658305068999702,67.26298522949219,2.8404622077941895,7.84999942779541,
NSGA-II,NSGA-II,20260321,1.6166320820948732,37.711028007364305,10.850778471378192,0.5308174203043486,1.5940884127306707,0.6734667299700909,0.2013837259886296,0.440770863446122,0.6308203800053446,0.12281486468998767,13.085066708474187,7.592871576687134,66.00455474853516,2.8462445735931396,7.8499579429626465,
NSGA-II,NSGA-II,20260321,1.6137550996521393,36.758818327180734,10.480024460370762,0.6971322964528469,1.5938040333063122,0.6652882210474302,0.18634836065119836,0.4376224738275808,0.6254406066755966,0.12408225543225519,19.910923685897146,7.855401887097198,66.04999542236328,2.8499956130981445,7.6810383796691895,
NSGA-II,NSGA-II,20260321,1.6203230678288765,39.824334724002206,10.565652599399552,0.6727680324552578,1.5939008891766162,0.673381673465876,0.18729334806101877,0.44281226700520004,0.6257788571220371,0.12444225234850399,13.340829567866216,7.590279781489717,66.0000991821289,2.846877336502075,7.702869415283203,
NSGA-II,NSGA-II,20260321,1.61986837853456,39.824334724002206,10.565652599399552,0.6727680324552578,1.5939008891766162,0.6731313770280829,0.1872982115353502,0.44281226700520004,0.6257788571220371,0.12441651526323666,13.340829567866216,7.688248804612142,66.00020599365234,2.849764108657837,7.70817756652832,
NSGA-II,NSGA-II,20260321,1.6167615202693701,37.18200298699527,10.585173743085608,0.5305566007082589,1.5940323979648627,0.667015500350028,0.20135444806307196,0.43885391755825454,0.6307952307326979,0.12310436624346623,13.081527014191444,7.563008380897385,66.02629852294922,2.8498547077178955,7.848106384277344,
NSGA-II,NSGA-II,20260321,1.6077929879555488,36.60527420515609,10.554353039982402,0.7039304214958743,1.5937670166163649,0.6748905979090842,0.18570858892603453,0.44006360900751273,0.62339517461878,0.1255625928728974,19.761570509057577,7.64778819106889,66.00409698486328,2.8498682975769043,7.667283058166504,
NSGA-II,NSGA-II,20260321,1.9364255477837327,37.63941943068369,11.22719036333461,0.5375632663031203,1.5938711987122691,0.6658629428000419,0.19991985343105284,0.4389614729130531,0.6312966334227799,0.12281482289312448,14.199533733414377,7.559825895611606,66.00009155273438,2.7618417739868164,7.8479838371276855,
NSGA-II,NSGA-II,20260321,1.596992793686061,32.36365386880499,6.634094188782525,0.5097802363950318,1.5387166734751045,0.6750860273805144,0.20026317868402654,0.5183170340210783,0.6795226013276723,0.12318797559267036,-14.123531544271703,6.761297105187485,66.51154327392578,2.8499934673309326,7.837323188781738,
NSGA-II,NSGA-II,20260321,1.6166320820948732,37.714843919244004,10.850778471378192,0.5308174203043486,1.5940883737822027,0.6734667299700909,0.20138444255076016,0.440770863446122,0.6308193299604675,0.12281486468998767,13.090767685006739,7.583128642199199,66.00431060791016,2.8459880352020264,7.849419593811035,
NSGA-II,NSGA-II,20260321,1.575562012747456,37.1838434495434,5.955828648111695,0.5125419691704891,1.574570377733822,0.6741490716823351,0.21293286508914339,0.5078575735026747,0.7419841469443218,0.1285875313346995,15.38369635246464,6.658305068999702,67.26298522949219,2.8404622077941895,7.84999942779541,
NSGA-II,NSGA-II,20260321,1.6168134741181028,37.71083078602562,11.109670612132325,0.531267647868455,1.5941058854290762,0.6734786297983852,0.20135030159145478,0.440770863446122,0.6314924028885944,0.12322071750458041,13.084974791226529,7.363088282164913,66.00000762939453,2.8306331634521484,7.830004692077637,
NSGA-II,NSGA-II,20260321,1.5755619661632911,37.1838434495434,5.955828648111695,0.5125419691704891,1.574570377733822,0.6741490700737258,0.2129328652750223,0.5078575735026747,0.7419841469443218,0.12858745032207383,15.38369635246464,6.658305068999702,67.26298522949219,2.8404622077941895,7.84999942779541,
NSGA-II,NSGA-II,20260321,1.5578366530424255,37.10392797216968,6.080405738432925,0.5124004029708289,1.5745423693553966,0.6736880589068754,0.21298135184913303,0.49445121358598576,0.7369586723117098,0.12257568306417009,13.245193099137452,6.445584907366328,67.144775390625,2.849942445755005,7.849579811096191,
NSGA-II,NSGA-II,20260321,1.6203162706987189,39.824334724002206,10.565652599399552,0.6728374179710823,1.5936026782350905,0.6731320456782087,0.18729303189562274,0.4428213523258198,0.6257788571220371,0.12441651526323666,13.333736852777221,7.702008204700015,66.00357055664062,2.8497586250305176,7.70840311050415,
NSGA-II,NSGA-II,20260321,1.6358732650451266,37.71464669790532,11.109106314557366,0.5310948741893408,1.5941065209850844,0.6735187755822711,0.20135101815358533,0.440770863446122,0.6307942895453844,0.12322037854184123,13.08628062263606,7.557916963393029,66.00004577636719,2.832763910293579,7.843119144439697,
NSGA-II,NSGA-II,20260321,1.620259125552956,39.82462146558143,10.56386097926676,0.6754813350372993,1.574504218347391,0.6741494113849082,0.18710403667047903,0.44350159594589056,0.6255011599174696,0.12557010210869302,13.350360510178355,6.694035283091359,66.0,2.820082187652588,7.650514602661133,
NSGA-II,NSGA-II,20260321,1.5578366530424255,32.37021387052579,6.080405738432925,0.5096645721545533,1.5745423693553966,0.6736891940079199,0.21340215859657596,0.49445121358598576,0.7369586723117098,0.12257568306417009,13.245193099137452,6.445584907366328,67.06111907958984,2.8499913215637207,7.849535942077637,
NSGA-II,NSGA-II,20260321,1.596975229868038,32.36365386880499,6.634094188782525,0.5097802363950318,1.5387166734751045,0.6751233638299884,0.20026227808609764,0.5183170340210783,0.6795226013276723,0.12266328013406225,-14.123531544271703,6.766581606815744,66.5091323852539,2.8498921394348145,7.837738037109375,
NSGA-II,NSGA-II,20260321,1.6168100124578637,37.707960458345376,11.103038866449428,0.5310948741893408,1.594108392457483,0.6730496887974267,0.2013729916394928,0.440770863446122,0.6314914538005101,0.123221450947823,13.087597416740557,7.5590614935430045,66.00022888183594,2.8364310264587402,7.841920852661133,
NSGA-II,NSGA-II,20260321,1.6139124212656921,36.757123764255205,10.479146857277062,0.6970968833902487,1.5941768494509496,0.6652882210474302,0.1863433669163279,0.4376224738275808,0.6254406066755966,0.12408225543225519,19.910923685897146,7.855433723182953,66.05009460449219,2.8499984741210938,7.681084156036377,
NSGA-II,NSGA-II,20260321,1.936148124728143,39.92840182079971,7.164572108789973,0.6797757674132925,1.5960339252445777,0.6725436497397831,0.18619604275689017,0.44332899607000076,0.6374815616901037,0.12320947027039747,13.337363656657203,6.682392148012685,66.24716186523438,2.849975824356079,7.738358020782471,
NSGA-II,NSGA-II,20260321,1.9292854574091007,37.569038022991236,7.164572108789973,0.6797099253106078,1.5958212204783164,0.6725436497397831,0.18614500338224627,0.4400489350076522,0.6375455979846236,0.12320945745333219,13.371778349395015,6.475627837171023,66.1787109375,2.8499643802642822,7.730249404907227,
NSGA-II,NSGA-II,20260321,1.6167627688390944,37.71457907260735,10.83889801960684,0.5310948741893408,1.5938620027930734,0.673508539041923,0.20137214995840982,0.44017933938481363,0.6307942895453844,0.12321084824063788,13.087597416740557,7.561431772681775,66.0003662109375,2.8466920852661133,7.848902702331543,
NSGA-II,NSGA-II,20260321,1.619943937090936,36.340799909201095,6.763298579873308,0.5157470605694277,2.299788819975784,0.6728254914217804,0.22241265424092388,0.43942747044759145,0.7551983639026632,0.12280744053737078,15.29619313613096,7.350370258557634,68.20708465576172,2.849799156188965,7.8499321937561035,
NSGA-II,NSGA-II,20260321,1.596992798826778,32.36365386880499,6.634094188782525,0.5097802363950318,1.5387166734751045,0.6750860273805144,0.20026317868402654,0.5183170340210783,0.6795226013276723,0.12318797559267036,-14.123531544271703,6.761297105187485,66.51154327392578,2.8499934673309326,7.837323188781738,
NSGA-II,NSGA-II,20260321,1.6106690477549312,63.47080092957557,7.174439528234419,0.5119621801038297,2.485076405740209,0.6727909874141564,0.22246428632359486,0.43942466010374637,0.7348270107495685,0.12846580937243438,12.698881652507708,7.932813285499584,69.10572052001953,2.849994659423828,7.848949432373047,
NSGA-II,NSGA-II,20260321,1.6138528384525606,36.7510599680734,10.499324397005527,0.6956692622062517,1.5938121649688317,0.6653599764387373,0.1863478585809453,0.4376224738275808,0.6318745230790322,0.12431705892473247,19.910923685897146,7.8602203648583355,66.02692413330078,2.8499486446380615,7.688652515411377,
NSGA-II,NSGA-II,20260321,1.6083395367593214,39.85322391129051,7.113605093183472,0.5174449646817765,2.488867751430183,0.6728984648256182,0.2227313104563478,0.43938672140256324,0.7431891367694409,0.12570695061479903,12.826103875968037,7.933245081940427,68.6083984375,2.849998950958252,7.837927341461182,
NSGA-II,NSGA-II,20260321,1.619943937090936,36.325662896603944,6.763298579873308,0.5157470605694277,2.3097409471326973,0.6728292194208221,0.22241265424092388,0.43942747044759145,0.7551983639026632,0.12439147602879003,15.246423925974142,7.350370258557634,68.22444152832031,2.8499915599823,7.8482584953308105,
NSGA-II,NSGA-II,20260321,1.6203096446171448,39.824334724002206,10.565652599399552,0.6727680324552578,1.5939019338770504,0.6731463230643512,0.18729833462079928,0.44281226700520004,0.6257788571220371,0.12441651526323666,13.340829567866216,7.688248804612142,66.00019073486328,2.849682092666626,7.708235263824463,
NSGA-II,NSGA-II,20260321,1.6083395367593214,39.72121656315943,7.113600494098599,0.5174449646817765,2.4888739295241873,0.6728998617058888,0.22273125632484864,0.43938672140256324,0.7431898467613933,0.12570695061479903,12.829368509720105,7.93324152220123,68.60581970214844,2.849991798400879,7.83786153793335,
NSGA-II,NSGA-II,20260321,1.619943937090936,36.438172963915896,6.763298579873308,0.5157470605694277,2.3091400509228848,0.6730492825141168,0.22241265424092388,0.43942747044759145,0.7551983639026632,0.12280744053737078,15.289369820457352,7.368650948618663,68.222900390625,2.8499577045440674,7.849808692932129,
NSGA-II,NSGA-II,20260321,1.5755619659225428,37.1838434495434,5.955828648111695,0.5125419691704891,1.574570377733822,0.6741490700737258,0.21293286507590645,0.5078575735026747,0.7419841469443218,0.1285874543300739,15.38369635246464,6.658305068999702,67.26298522949219,2.8404622077941895,7.84999942779541,
NSGA-II,NSGA-II,20260321,1.575562011439894,37.1838434495434,5.955828648111695,0.5125419691704891,1.574570377733822,0.6741490716823351,0.21293286528825922,0.5078575735026747,0.7419841469443218,0.1285875257146671,15.38369635246464,6.658305068999702,67.26298522949219,2.8404622077941895,7.84999942779541,
NSGA-II,NSGA-II,20260321,1.6344738479690104,36.733619366612004,11.1091324951828,0.5380499282113098,1.5941081359733467,0.6735722482960467,0.2013503474240701,0.43889736695247744,0.6307942895453844,0.12321077102145164,13.086216737879582,7.557836997440269,66.00018310546875,2.833059072494507,7.836331367492676,
NSGA-II,NSGA-II,20260321,1.5755657034713937,37.1838434495434,5.955828648111695,0.5125419691704891,1.574570377733822,0.6741489273784875,0.21293286508914339,0.5078575735026747,0.7419841469443218,0.12857962523771932,15.38369635246464,6.658305068999702,67.2629623413086,2.840458393096924,7.84999942779541,
NSGA-II,NSGA-II,20260321,1.6287956934453511,39.824334724002206,10.563793935390297,0.6727680324552578,1.5938752871508444,0.6731159819834418,0.18728612948345422,0.44281226700520004,0.6257788571220371,0.12441651526323666,13.340854276966333,7.688248804612142,66.00172424316406,2.8478684425354004,7.709010601043701,
NSGA-II,NSGA-II,20260321,1.575562011439894,37.1838434495434,5.955828648111695,0.5125419691704891,1.574570377733822,0.6741490721916639,0.21293286528825922,0.5078575735026747,0.7419841469443218,0.1285875257146671,15.38369635246464,6.658305068999702,67.26298522949219,2.8404622077941895,7.84999942779541,
NSGA-II,NSGA-II,20260321,1.9601139513904955,37.00132089099716,10.013850621843467,0.5631004460191975,1.9793886809945231,0.6656252582513382,0.18669362310614426,0.44052082618587973,0.6342979647252707,0.1247192335475797,12.21098638244959,7.75571528263047,66.0000991821289,2.801992177963257,7.849730491638184,
NSGA-II,NSGA-II,20260321,1.5755620111991457,37.1838434495434,5.955828648111695,0.5125419691704891,1.574570377733822,0.6741490862895212,0.21293286508914339,0.5078575735026747,0.7419841469443218,0.12858752972266718,15.38369635246464,6.658305068999702,67.26298522949219,2.8404622077941895,7.84999942779541,
NSGA-II,NSGA-II,20260321,1.6083395367593214,39.85322391129051,7.113605093183472,0.5174449646817765,2.488867751430183,0.6728984648256182,0.2227313104563478,0.43938672140256324,0.7431889992410144,0.12570695061479903,12.826103875968037,7.933245081940427,68.6083984375,2.849998950958252,7.837926864624023,
NSGA-II,NSGA-II,20260321,1.620430833275245,39.82462146558143,10.565652599399552,0.6754813350372993,1.574504218347391,0.6741494113849082,0.18710403667047903,0.44350159594589056,0.6255011599174696,0.12557010210869302,13.339639014798514,6.694035283091359,66.0,2.8199872970581055,7.650501728057861,
NSGA-II,NSGA-II,20260321,1.98159020916443,37.51693164156446,11.177363770774493,0.7008333748067718,1.5736202780960769,0.665899982799616,0.1845113156791457,0.44004429090436004,0.6310457492306144,0.12324975212244353,13.337630525553998,7.609966724953576,66.00000762939453,2.7349629402160645,7.693175792694092,
NSGA-II,NSGA-II,20260321,1.5755621791733776,37.1838434495434,5.955828648111695,0.5125419691704891,1.574570377733822,0.6741489303022754,0.21293286526090388,0.5078575735026747,0.7419841469443218,0.12858757114054015,15.38369635246464,6.658305068999702,67.26298522949219,2.8404619693756104,7.84999942779541,
NSGA-II,NSGA-II,20260321,1.6106700467326784,63.47080092957557,7.174439528234419,0.5119590096965114,2.486012967131485,0.672800241525533,0.22245546673441186,0.43942385591907507,0.7347291788199389,0.12846580937243438,12.698881652507708,7.932813285499584,69.10659790039062,2.849996566772461,7.848794937133789,
NSGA-II,NSGA-II,20260321,1.620259125552956,39.82462146558143,10.565558043301117,0.6754813350372993,1.574504218347391,0.6741494113849082,0.18710403667047903,0.44350159594589056,0.6255011599174696,0.12557010210869302,13.35005106133871,6.694035283091359,66.00006103515625,2.8200180530548096,7.650471210479736,
NSGA-II,NSGA-II,20260321,1.936148124728143,39.92840182566003,7.164572108789973,0.6797757674132925,1.5960339252445777,0.6725436497397831,0.1861960358461807,0.44332899607000076,0.6374815616901037,0.12320947027039747,13.337363656852965,6.682392148012685,66.2471694946289,2.8499755859375,7.738357067108154,
NSGA-II,NSGA-II,20260321,1.5969754928634332,32.36365386880499,6.634094188782525,0.5097802363950318,1.5387166734751045,0.675151551003218,0.2002631713977554,0.5184827845281392,0.6795226013276723,0.12266328013406225,-14.121146542403665,6.760319187157911,66.51081848144531,2.8494479656219482,7.837141036987305,
NSGA-II,NSGA-II,20260321,1.619943937090936,36.340799909201095,6.763298579873308,0.5157470605694277,2.294451751583564,0.6736634051954193,0.2224091627510738,0.44034440188734214,0.7551983639026632,0.12280744053737078,15.29619313613096,7.343319238583324,68.19889068603516,2.8493127822875977,7.849935531616211,
NSGA-II,NSGA-II,20260321,1.9361863241814694,36.68429973264307,11.045115700879705,0.5312195687390447,1.6199233594532816,0.6658854368344862,0.201574270136871,0.44019561928994644,0.6228508274949958,0.12568072195167374,12.076400807238237,7.649661294008596,66.125,2.766188383102417,7.849845886230469,
NSGA-II,NSGA-II,20260321,1.9600985579920562,37.08729048117593,10.335724016970087,0.5648540410109392,2.048933050553372,0.6655280353559008,0.18509936216320094,0.44052082618587973,0.6342979647252707,0.1249684512370496,12.832607051271616,7.805128885588826,66.00004577636719,2.792026996612549,7.837796211242676,
NSGA-II,NSGA-II,20260321,1.575562011439894,37.1838434495434,5.955828648111695,0.5125419691704891,1.574570377733822,0.6741489156992566,0.21293286528825922,0.5078575735026747,0.7419841469443218,0.1285875257146671,15.38369635246464,6.658305068999702,67.26298522949219,2.8404622077941895,7.849998950958252,
NSGA-II,NSGA-II,20260321,1.5554520977714343,32.37021387052579,6.0906801794878405,0.5096470239899373,1.5745423693553966,0.6736891940079199,0.21340215859657596,0.4942869608778307,0.7369586723117098,0.12258009999377434,13.35285744822157,6.4236538145509305,67.05972290039062,2.849717617034912,7.848129749298096,
NSGA-II,NSGA-II,20260321,1.620430833275245,39.82462146558143,10.563781549786999,0.6754813350372993,1.574504218347391,0.6741494113849082,0.18710403667047903,0.44350159594589056,0.6255011599174696,0.12557010210869302,13.339988134783859,6.694035283091359,66.00006866455078,2.8200461864471436,7.650529861450195,
NSGA-II,NSGA-II,20260321,1.9812113538820117,37.51693164156446,11.177363770774493,0.7008333748067718,1.5736202780960769,0.665899982799616,0.1845113156791457,0.44004429090436004,0.6310457492306144,0.12324951934538658,13.337630525553998,7.609761423365902,66.0000228881836,2.7350430488586426,7.693132400512695,
NSGA-II,NSGA-II,20260321,1.5969754928634332,32.36365386880499,6.634094188782525,0.5097802363950318,1.5387166734751045,0.6751557078372101,0.2002631713977554,0.5184815411865247,0.6795226013276723,0.12266328013406225,-14.121146542403665,6.7828686625833,66.51422882080078,2.8498289585113525,7.83792781829834,
NSGA-II,NSGA-II,20260321,1.6287956934453511,39.824334724002206,10.563793935390297,0.6727680324552578,1.5938749561155758,0.6731299522733063,0.18729318290921051,0.44281226700520004,0.6257788571220371,0.12441651526323666,13.340828478200237,7.688248804612142,66.00202178955078,2.8478593826293945,7.708996772766113,
NSGA-II,NSGA-II,20260321,1.6137553199316612,36.757123764255205,10.479147132422856,0.6971322964528469,1.5941768494509496,0.6652882210474302,0.18634836065119836,0.4376224738275808,0.6254406066755966,0.12408225543225519,19.910923685897146,7.855433744461896,66.05060577392578,2.849996328353882,7.680990219116211,
NSGA-II,NSGA-II,20260321,1.9601139513904955,37.07899898936651,10.013850621843467,0.5631004460191975,1.9793886809945231,0.6655145984334929,0.18670435243382802,0.44052082618587973,0.6342979647252707,0.1247192335475797,12.21098638244959,7.75571528263047,66.00279235839844,2.801818609237671,7.849562644958496,
NSGA-II,NSGA-II,20260321,1.6106703433236529,63.13507794176501,7.174439528234419,0.5122718729333184,2.485011634334237,0.6727919262705687,0.22245559544085827,0.43942467667133367,0.7367121121902729,0.12846580937243438,12.822286055745046,7.932813285499584,69.09645080566406,2.8497960567474365,7.849921226501465,
NSGA-II,NSGA-II,20260321,1.620430833275245,39.82462146558143,10.565652599399552,0.6754813350372993,1.574504218347391,0.6741494113849082,0.18710403667047903,0.44350159594589056,0.6255011599174696,0.12557010210869302,13.339753815736408,6.694035283091359,66.0,2.8199872970581055,7.650501728057861,
NSGA-II,NSGA-II,20260321,1.6077929879555488,36.60527420515609,10.554353039982402,0.7039304214958743,1.5937669783016002,0.6748905979090842,0.18570858892603453,0.44006360900751273,0.62339517461878,0.1255625928728974,19.761570509057577,7.64778364040764,66.00409698486328,2.849868059158325,7.667283058166504,
NSGA-II,NSGA-II,20260321,1.9816120474327243,37.51559107665815,11.176349074444127,0.5363723454395701,1.5942291314845525,0.665329459596479,0.1998131382989769,0.43896070614933286,0.6308112175373012,0.12309302325235277,14.184070442915136,7.500836057748886,66.00012969970703,2.75015926361084,7.848757266998291,
NSGA-II,NSGA-II,20260321,1.6362316996272452,37.714579478793596,11.1091324951828,0.5310948741893408,1.5941079489493846,0.6734821235056527,0.2013503474240701,0.440770863446122,0.6307942895453844,0.12321077102145164,13.086216737879582,7.557836997440269,66.00023651123047,2.8326480388641357,7.84310245513916,
NSGA-II,NSGA-II,20260321,1.619943937090936,36.340799909201095,6.763298579873308,0.5157470605694277,2.3101097851248085,0.6736690765126427,0.2224091627510738,0.43943567671136463,0.7551983639026632,0.12279391383651062,15.29619313613096,7.350507085416372,68.21624755859375,2.8499763011932373,7.849287986755371,
NSGA-II,NSGA-II,20260321,1.6083395367593214,39.62341637998432,7.113605093183472,0.5174449646817765,2.488867751430183,0.6728984648256182,0.2227313104563478,0.43938672140256324,0.7431888700416653,0.12570695061479903,12.826103875968037,7.933245081940427,68.60395050048828,2.8499815464019775,7.837810039520264,
NSGA-II,NSGA-II,20260321,1.9596034127350397,35.59125565607469,11.080339515806854,0.5398140482759259,1.5940935928354911,0.6660628175140919,0.20002801377437504,0.43948221333672277,0.6314969534953733,0.12444455992285416,13.324238896824816,7.562061639146439,66.00130462646484,2.759082317352295,7.849425315856934,
NSGA-II,NSGA-II,20260321,1.9819937224857471,37.51701532007299,11.109584554719941,0.5363723454395701,1.5943685732268806,0.665319675304441,0.1998131382989769,0.43896070614933286,0.6308112175373012,0.12309969892597321,14.184070442915136,7.498777848164922,66.00790405273438,2.7516589164733887,7.849872589111328,
NSGA-II,NSGA-II,20260321,1.9601139513904955,37.07899898936651,10.033027345967083,0.5631004460191975,1.978855643934573,0.6655145984334929,0.18670435243382802,0.4405208447466285,0.6342979647252707,0.1247192335475797,12.21098638244959,7.75571528263047,66.00096130371094,2.801213264465332,7.84925651550293,
NSGA-II,NSGA-II,20260321,1.935842838828298,36.6543802579519,11.234404425226577,0.5375632663031203,1.594318610575614,0.664928698356785,0.1998131382989769,0.4389614729130531,0.622147728393677,0.12282360367362619,13.741052441399972,7.649735528632342,66.00022888183594,2.7626049518585205,7.844221591949463,
NSGA-II,NSGA-II,20260321,1.6143745336943223,36.48056699920311,6.233797527731623,0.5122766444783651,1.5752241029639982,0.6722437247298606,0.21298135184913303,0.49320878764671927,0.7368252027579658,0.12493261338327236,13.190444733362305,6.445584907366328,67.10787963867188,2.8374266624450684,7.849882125854492,
NSGA-II,NSGA-II,20260321,1.5756395706574216,37.1838434495434,5.955828648111695,0.5134295261088433,1.574570377733822,0.6741438328035716,0.21293286526090388,0.5072076452835858,0.7419841469443218,0.12857966665559228,15.461398187517354,6.658305068999702,67.26217651367188,2.841087818145752,7.849743843078613,
NSGA-II,NSGA-II,20260321,1.6204328660544431,39.7066268569226,10.554312416826804,0.676293944228137,1.5936594539684092,0.6741738699958004,0.18709717696813769,0.44347583609171093,0.6255011599174696,0.12439102844486834,13.34231967146443,7.695149474211371,66.00493621826172,2.849713087081909,7.70479154586792,
NSGA-II,NSGA-II,20260321,1.6103806815864556,35.48351502627973,5.955828648111695,0.5122755960287886,1.5489851160033359,0.6741979223439093,0.2129328652750223,0.5078575735026747,0.7421651380288165,0.12858745032207383,15.373382703684271,6.562768069782546,67.17694854736328,2.833589553833008,7.849934101104736,
NSGA-II,NSGA-II,20260321,1.6166320820948732,37.714843919244004,10.850778471378192,0.5308174203043486,1.594143363946451,0.6734667299700909,0.20138444255076016,0.440770863446122,0.6308193299604675,0.12280491506455354,13.090767685006739,7.583128642199199,66.00439453125,2.8459787368774414,7.8494133949279785,
NSGA-II,NSGA-II,20260321,1.6197909502733532,37.714579478793596,11.119150769732894,0.5310948741893408,1.5938851528304254,0.6734821235056527,0.2013503474240701,0.44079701922470427,0.6307942895453844,0.12322246856660421,13.084349196427723,7.557836997440269,66.00291442871094,2.8352677822113037,7.84088659286499,
NSGA-II,NSGA-II,20260322,1.919959199217743,58.18148233805053,7.626951552124942,0.6516428574641653,1.0897972090108932,0.6517368394754073,0.1983476976667035,0.40196287688567717,0.6981706255713714,0.12766734991308967,3.2859635667528906,6.066785838688843,66.0556411743164,2.8499534130096436,7.84999942779541,
NSGA-II,NSGA-II,20260322,1.9335694885190509,56.39072069177387,7.655658673536254,0.6478924515210434,1.091988169907893,0.6517769970567298,0.1983476057356059,0.4019345315679585,0.6994768092697254,0.12268514660948315,3.374812800614791,5.961552681935893,66.00008392333984,2.8417704105377197,7.849998950958252,
NSGA-II,NSGA-II,20260322,1.9117927558902634,57.81561954363105,7.656928812290413,0.6477424032928409,1.0907638681383767,0.6524167940780221,0.19834755067374807,0.4018030105385969,0.7000722776179582,0.12713114860348787,5.0161805919070375,5.9502105158529055,66.01464080810547,2.8496978282928467,7.849998950958252,
NSGA-II,NSGA-II,20260322,1.9250995044963795,57.76476071457365,7.640198049300098,0.6515274534991962,1.090722708930412,0.6517788740494104,0.19834757082783055,0.39763855324413555,0.6982326038834255,0.12706574830076928,3.3251210707163565,5.953824018661889,66.01188659667969,2.8499507904052734,7.849998474121094,
NSGA-II,NSGA-II,20260322,1.9199351674734622,58.17799154676658,7.6258542826880165,0.651643329082894,1.0907533380717895,0.6517379654511979,0.1983476219922273,0.40188410485403,0.6981675587532146,0.1275592843473624,3.280151746886773,6.066785838688843,66.05606079101562,2.849990129470825,7.849997043609619,
NSGA-II,NSGA-II,20260322,1.9115741287904504,58.35974953415029,8.038307109989578,0.651525673690989,1.09082011580973,0.6517859460978477,0.19834765080762368,0.3990573177109402,0.6975141777107338,0.12291204611557736,3.9415189724910036,6.124700581448649,66.0,2.8432867527008057,7.849973201751709,
NSGA-II,NSGA-II,20260322,1.920878747910666,57.780794556321155,7.627330748159617,0.6517075747750374,1.0907533380717895,0.6517385932917441,0.1983475054836385,0.4018866568381848,0.6982371218555703,0.1271286826543829,3.61814074059572,6.067313371458187,66.04887390136719,2.849716901779175,7.849999904632568,
NSGA-II,NSGA-II,20260322,1.9199598491101084,58.17760332245474,7.626951552124942,0.6516428604093857,1.0898129853457101,0.6517385107808841,0.19834772359634753,0.40196287688567717,0.6981706255713714,0.12766079068712113,3.2751053695969716,6.066785838688843,66.05558013916016,2.84995174407959,7.8499979972839355,
NSGA-II,NSGA-II,20260322,1.9335694885190509,56.39072069177387,7.655658673536254,0.6478924515210434,1.091988170482215,0.6517769970567298,0.1983476057356059,0.4019345315679585,0.6994768092697254,0.12268514660948315,3.374812800614791,5.961552681935893,66.00008392333984,2.8417704105377197,7.849998950958252,
NSGA-II,NSGA-II,20260322,1.9126502843364772,56.618271817554486,7.653624056608013,0.647830210564944,1.089065264596687,0.6518121448108709,0.19833468163206577,0.4020828959611106,0.7009968673905429,0.12759610177088765,3.2738896541508993,5.96094238235961,66.0,2.84944748878479,7.8499274253845215,
NSGA-II,NSGA-II,20260322,1.920400897725123,56.39074616562756,7.632762360449321,0.6519163701048081,1.0920286575110931,0.6517769961807545,0.19834548845947578,0.4018567756127116,0.6994778975277443,0.1271889734038268,3.3105231301663167,6.065989094513448,66.02587127685547,2.8499999046325684,7.84996223449707,
NSGA-II,NSGA-II,20260322,1.9125243596962052,56.618271817554486,7.629057556928302,0.6477818647306725,1.0907725008076081,0.6517774905713972,0.19835277244599378,0.40182858816471223,0.7007780274795188,0.12697815865580436,3.591124893441595,5.954309041975422,66.00155639648438,2.8499956130981445,7.849989891052246,
NSGA-II,NSGA-II,20260322,1.9252518531438343,57.78957194163656,7.658303532675231,0.6514513348594643,1.089056271424514,0.6518109710809381,0.1983454641164678,0.3978427178329781,0.6984530790475282,0.12695096972652625,3.5955780325520763,5.95427643625314,66.0091552734375,2.8492255210876465,7.849999904632568,
NSGA-II,NSGA-II,20260322,1.919959244300287,58.17798124873782,7.626951601553333,0.6516428580765632,1.0897809884142156,0.6517385932917441,0.1983476979152718,0.4019624996938663,0.6981675371265634,0.1276704137470297,3.2857637308772922,6.066785838688843,66.05558776855469,2.8499574661254883,7.849997520446777,
NSGA-II,NSGA-II,20260322,1.912069597877754,56.52640015538361,7.656420762195323,0.6478920237546928,1.089920278042266,0.6517717703640247,0.198334906710833,0.40185218662487043,0.6995312284726566,0.1272582568984234,3.3335601081405173,5.961301846314316,66.0,2.8497235774993896,7.848817348480225,
NSGA-II,NSGA-II,20260322,1.9249805160718283,56.5435674013048,7.6275421883466645,0.6477254998819649,1.0919894668345753,0.6517774544493018,0.19834760653390504,0.4018566617630304,0.6995264858768996,0.1228989951121341,3.5911404257089004,5.954359567425622,66.00006866455078,2.845050096511841,7.849997520446777,
NSGA-II,NSGA-II,20260322,1.9250748712949841,57.733566987930864,7.655415002310087,0.6515042927384925,1.089056271424514,0.6517772224303242,0.19834754465459536,0.39768439161664626,0.6984413508431139,0.1271380587403379,3.5958245988509887,5.952112553398015,66.00801086425781,2.8495359420776367,7.849997520446777,
NSGA-II,NSGA-II,20260322,1.9248586857598524,56.5435674013048,7.6275421883466645,0.6477302690756466,1.0919894668345753,0.6517774544493018,0.19834770575178462,0.40185480792970696,0.699527592580058,0.12290300801254256,3.5911404257089004,5.954359567425622,66.00001525878906,2.845088481903076,7.849990367889404,
NSGA-II,NSGA-II,20260322,1.9199351674734622,58.17799154676658,7.626910801498855,0.6516428890102401,1.0907566990289768,0.6517385932917441,0.19834781773302484,0.4018866568381848,0.6981675587532146,0.1276704137470297,3.2857637308772922,6.066785838688843,66.0562515258789,2.8499999046325684,7.849966526031494,
NSGA-II,NSGA-II,20260322,1.9204005241291568,56.390747572225514,7.632762360449321,0.6519163605787808,1.0920286575110931,0.6517769961807545,0.19834548843546207,0.4018567756127116,0.6994778975277443,0.1271889734038268,3.3105231301663167,6.065989094513448,66.02587127685547,2.8499999046325684,7.84996223449707,
NSGA-II,NSGA-II,20260322,1.9204005241291568,56.390738687308954,7.632762360449321,0.6519163700731858,1.0920286575110931,0.6517769961807545,0.19834548843546207,0.4018567756127116,0.6994778975277443,0.1271889734038268,3.3105231301663167,6.065989094513448,66.02587127685547,2.8499999046325684,7.84996223449707,
NSGA-II,NSGA-II,20260322,1.9204005241291568,56.391048076636864,7.633005459457454,0.6519163608872562,1.0920554444800044,0.6517781589217138,0.19834548843493444,0.4018522210795666,0.6994778975277443,0.1271892071146002,3.300748063244292,6.065989094513448,66.02586364746094,2.8499958515167236,7.8499603271484375,
NSGA-II,NSGA-II,20260322,1.9249805160718283,56.5435674013048,7.6275421883466645,0.6477254998819649,1.0919894668345753,0.6517774827130165,0.19834760653390504,0.4018567653295761,0.6995264858768996,0.1228989951121341,3.5911404257089004,5.954359567425622,66.00006866455078,2.845050096511841,7.849997520446777,
NSGA-II,NSGA-II,20260322,1.9199351674734622,58.17799154676658,7.625839935720255,0.651643329082894,1.0907533380717895,0.6517379654511979,0.1983476219922273,0.40188410485403,0.6981675587532146,0.1275559382667592,3.280151746886773,6.066785838688843,66.0560531616211,2.849989175796509,7.849997520446777,
NSGA-II,NSGA-II,20260322,1.9128281827363258,56.54352935832151,7.632479952418447,0.6478381174635444,1.090663832182829,0.6518092633904768,0.19834554172454733,0.40185679560767135,0.7009123514951975,0.12698320058742468,3.2940045327836387,5.954288847135907,66.00003814697266,2.8497824668884277,7.84993839263916,
NSGA-II,NSGA-II,20260322,1.9125258730696186,56.559120974125165,7.629038681054736,0.6478389982944863,1.090773832665087,0.6517776534594235,0.19835210660230562,0.40182858816471223,0.7007798942177341,0.1269782467103767,3.5853400113151537,5.954377053031002,66.00089263916016,2.8499984741210938,7.849895477294922,
NSGA-II,NSGA-II,20260322,1.9199351674734622,58.17799154676658,7.62803900728401,0.6516428887757246,1.0907542013493758,0.6517385932917441,0.19833428028325895,0.4018867941843341,0.6981675587532146,0.12765941801762876,3.274908739928705,6.066785838688843,66.055419921875,2.8499982357025146,7.849993705749512,
NSGA-II,NSGA-II,20260322,1.9249805160718283,56.5435674013048,7.6275421883466645,0.6477300433293981,1.0919894668345753,0.6517774548394744,0.19834770353076517,0.40185670595647804,0.6995275775567978,0.12290300431823072,3.5911404257089004,5.954359567425622,66.00006866455078,2.845052480697632,7.8499956130981445,
NSGA-II,NSGA-II,20260322,1.9125243596962052,56.618556581697916,7.629057556928302,0.6477818647306725,1.0907723916541983,0.6517774905713972,0.1983526574814206,0.4018326281162511,0.7007837054391162,0.12692310429304815,3.630607262173285,5.954309041975422,66.0014419555664,2.84997296333313,7.849996566772461,
NSGA-II,NSGA-II,20260322,1.9252519222660531,57.78957194163656,7.658303491813818,0.6514513348594643,1.089056271424514,0.6518109308624708,0.1983454641164678,0.3978427178190137,0.6984530790475282,0.12695096972652625,3.5955780325520763,5.95427643625314,66.0091552734375,2.8492255210876465,7.849999904632568,
NSGA-II,NSGA-II,20260322,1.9197192482814318,56.31676727265016,7.627341545851021,0.6479987627380717,1.0910303569442343,0.6518127948410584,0.19834549127699574,0.4015901840484875,0.6995304554111178,0.12693645907720225,3.590726529114505,5.959866579068441,66.0000228881836,2.848827362060547,7.849937438964844,
NSGA-II,NSGA-II,20260322,1.9120455160957466,56.52155853319953,7.656465844130947,0.6516223719004622,1.1056130835413085,0.6518114817082918,0.19834787291942796,0.39802366069271544,0.6994657708463651,0.1229147605780329,3.597000727800868,5.954520966480574,66.00001525878906,2.849999189376831,7.846668720245361,
NSGA-II,NSGA-II,20260322,1.9117894071296109,56.560313481395546,7.632743252856924,0.6478381174635444,1.090656945373836,0.6517847602592566,0.19835217426877605,0.40185725741779105,0.7010548222897928,0.12698320058742468,3.2888973826690773,5.95437782359885,66.00017547607422,2.849989414215088,7.849930763244629,
NSGA-II,NSGA-II,20260322,1.933466010272247,56.39072069177387,7.655658673536254,0.6478924499969123,1.0919881698166685,0.65177468192507,0.1983476057356059,0.40195004473533713,0.6994768485495337,0.12268514660948315,3.601525675375072,5.961539120894234,66.0000228881836,2.8418147563934326,7.849996566772461,
NSGA-II,NSGA-II,20260322,1.9335694885190509,56.39072069177387,7.655658673536254,0.6478924515210434,1.091988169907893,0.6517769970567298,0.1983476057356059,0.4019363470066936,0.6994768710232766,0.12266363879961016,3.3771791459925495,5.961552681935893,66.00003814697266,2.8417599201202393,7.84999942779541,
NSGA-II,NSGA-II,20260322,1.9117893882238766,56.619387886552914,7.6322762608255275,0.6477809838997306,1.0906643640246947,0.6517848192200664,0.198352738596874,0.40185722177107364,0.700947905789262,0.12697811476041607,3.2467387472857183,5.954308610629791,66.00112915039062,2.8499982357025146,7.849942684173584,
NSGA-II,NSGA-II,20260322,1.9125031302619877,56.54329195103308,7.632278429058618,0.6478381174206993,1.090663832182829,0.6517847829588578,0.19834533559896778,0.40185679560767135,0.7009121104803537,0.12717869172292431,3.246473302083878,5.956010622589288,66.00043487548828,2.849987506866455,7.8499884605407715,
NSGA-II,NSGA-II,20260322,1.9128281827363258,56.559788845878664,7.632479952418447,0.6478361940936709,1.090663832182829,0.6518105382121919,0.19834546741062725,0.40185679560767135,0.7009130606173082,0.12698320058742468,3.2940045327836387,5.9548646893819575,66.00019836425781,2.8498034477233887,7.84999418258667,
NSGA-II,NSGA-II,20260322,1.919792807626082,56.318627382342065,7.627913442354676,0.6479989564276649,1.0909868741576647,0.6518126519053941,0.1983454912247636,0.40158977694957143,0.6995598874304275,0.12697365478754635,3.5998387931009432,5.959895235640577,66.00000762939453,2.848806142807007,7.849959850311279,
NSGA-II,NSGA-II,20260322,1.9201989275477593,56.31784205632956,7.627321596381583,0.6479984924737334,1.0910336380178958,0.651814167332519,0.19834549048659497,0.401589783851125,0.6995605794094568,0.12692332942337736,3.5915341263570824,5.959895235640577,66.0000991821289,2.8486969470977783,7.849999904632568,
NSGA-II,NSGA-II,20260322,1.9249805160718283,56.5435674013048,7.6275421883466645,0.6477254998819649,1.0919894668345753,0.6517774827130165,0.19834760653390504,0.4018567653295761,0.6995264858768996,0.1228989951121341,3.5911404257089004,5.954362853440967,66.00006866455078,2.845050096511841,7.849997520446777,
NSGA-II,NSGA-II,20260322,1.919792807626082,56.318627382342065,7.627913442354676,0.6479989564276649,1.0909868741576647,0.6518126519053941,0.19834543562151194,0.40158977694957143,0.6995598874304275,0.12697365478754635,3.5998387931009432,5.959895235640577,66.00000762939453,2.848806142807007,7.849959850311279,
NSGA-II,NSGA-II,20260322,1.9118263501711346,56.54490621065285,7.632743252856924,0.6478381174635444,1.090656945373836,0.6517847602592566,0.19835217426877605,0.4018521547003624,0.7009713655538953,0.12698320058742468,3.2888973826690773,5.9543778241116,66.00004577636719,2.8499996662139893,7.849874019622803,
NSGA-II,NSGA-II,20260322,1.9126502843364772,56.618271817554486,7.653624056608013,0.6478275154008016,1.089066392205057,0.6518121448108709,0.1983352964802328,0.4020828959611106,0.7009968673905429,0.12759610177088765,3.2738896541508993,5.96094238235961,66.0000228881836,2.8494465351104736,7.849928379058838,
NSGA-II,NSGA-II,20260322,1.9199351674734622,58.18203719465164,7.625839935720255,0.6516429206256367,1.090723061684871,0.6517379654511979,0.19834736048463442,0.4018867528883835,0.6981675587532146,0.1275576755057378,3.279985117171613,6.066785838688843,66.05610656738281,2.8499867916107178,7.849998950958252,
NSGA-II,NSGA-II,20260322,1.9125385541620958,56.53077466722683,7.629057556928302,0.6477818647306725,1.0907723916541983,0.6517774905713972,0.1983526574814206,0.40183375966419776,0.7007638462576938,0.12692310429304815,3.630607262173285,5.954309041975422,66.00019073486328,2.8499937057495117,7.849939346313477,
NSGA-II,NSGA-II,20260322,1.919935138528516,58.17799154676658,7.626950567268389,0.6516428894292277,1.0907534347638246,0.6517385932917441,0.19834782119604513,0.4018866568381848,0.6981706111650807,0.12767008818774983,3.2857637308772922,6.066785838688843,66.05623626708984,2.8499984741210938,7.849968910217285,
NSGA-II,NSGA-II,20260322,1.9127747408651439,56.54182298493134,7.6326603529704355,0.6478376688528223,1.0906603887922395,0.6517818467208143,0.19835207275318584,0.4018568060497024,0.7010548222897928,0.12697499870727302,3.2916163932142197,5.95437782359885,66.00019073486328,2.8497371673583984,7.849996089935303,
NSGA-II,NSGA-II,20260322,1.919959199217743,58.18148233805053,7.62690999574049,0.6516428893236901,1.0897972090108932,0.6517385528772006,0.19834782063488193,0.4019634801084724,0.6981706255713714,0.12767044684945253,3.2859635667528906,6.066785838688843,66.0556640625,2.8499553203582764,7.849998474121094,
NSGA-II,NSGA-II,20260322,1.919935138528516,58.17799154676658,7.626950567268389,0.6516435086112633,1.0907534347638246,0.6517385932917441,0.19834782119604513,0.4018866568381848,0.6981706111650807,0.12767008818774983,3.2987434922791934,6.066785838688843,66.05624389648438,2.8499996662139893,7.849968433380127,
NSGA-II,NSGA-II,20260322,1.9201710122343154,56.31784205632956,7.627321596381583,0.6479984924737334,1.09105024076737,0.6518129710620421,0.19834549048659497,0.401589783851125,0.6995605794094568,0.12692332942337736,3.5915341263570824,5.959895235640577,66.0001220703125,2.8487019538879395,7.849993705749512,
NSGA-II,NSGA-II,20260322,1.9248854490640068,56.5435674013048,7.627532674830219,0.6477303171391424,1.091971531002678,0.6517782089238088,0.1983476063468808,0.40185480792970696,0.6995282553245923,0.12291772170982866,3.5876654127971292,5.954313428956299,66.0000228881836,2.845088243484497,7.849992752075195,
NSGA-II,NSGA-II,20260322,1.9117894071296109,56.559174403908706,7.6322725888164324,0.6478381174635444,1.090656945373836,0.6517847602592566,0.19835217426877605,0.4018572511290107,0.7010579472646163,0.12698320058742468,3.2888973826690773,5.95437782359885,66.00028228759766,2.8499951362609863,7.849926471710205,
NSGA-II,NSGA-II,20260322,1.9249805160718283,56.5435674013048,7.6275421883466645,0.6477300433293981,1.0919881567559258,0.6517774548394744,0.19834770353076517,0.4018548635832012,0.6995275775567978,0.12291747414483616,3.5874364318496745,5.9543134934495505,66.00008392333984,2.845059394836426,7.849994659423828,
NSGA-II,NSGA-II,20260322,1.9118234211134482,56.54490621065285,7.632798942917939,0.647838996586545,1.090656945373836,0.6517848788270983,0.1983521028940686,0.4018521547003624,0.7009713655538953,0.12698320058742468,3.2888973826690773,5.95437783316439,66.00003814697266,2.8499984741210938,7.849871635437012,
NSGA-II,NSGA-II,20260322,1.9250748712949841,57.72970456578968,7.655415002310087,0.6515042927384925,1.0892169545054873,0.6517772224303242,0.1983476071931084,0.39768439161664626,0.6984486417463829,0.1271380587403379,3.5958245988509887,5.95248772419379,66.00816345214844,2.8495378494262695,7.84999942779541,
NSGA-II,NSGA-II,20260322,1.9128446553015759,56.543788062188234,7.632278612369171,0.6478367346168972,1.090663832182829,0.6518107882962483,0.1983475929248742,0.401856872426111,0.7009711780106854,0.1269836896423436,3.293374717069888,5.9543783688408745,66.00003814697266,2.8497793674468994,7.849992275238037,
NSGA-II,NSGA-II,20260322,1.9117894071296109,56.55557756142605,7.632300244971435,0.6478366414729932,1.090663832182829,0.6518092552397438,0.1983478055014128,0.4018522114866625,0.7009037809461349,0.12698249363385244,3.2392816899157353,5.952573668803541,66.00000762939453,2.8499951362609863,7.849761486053467,
NSGA-II,NSGA-II,20260322,1.9252519643725192,57.78957194163656,7.658303532675231,0.6514513348594643,1.089056271424514,0.651810971080608,0.1983454641164678,0.3978427178329781,0.698453076341091,0.12695096972652625,3.5955780325520763,5.95427643625314,66.0091552734375,2.8492255210876465,7.849999904632568,
NSGA-II,NSGA-II,20260322,1.919792085568761,56.318627382342065,7.627362252633462,0.6479989564276649,1.0909868741576647,0.6518126519053941,0.19834543006819733,0.40158977694957143,0.6995598874304275,0.12697365478754635,3.6002892945362746,5.959895235640577,66.00001525878906,2.848825693130493,7.849973678588867,
NSGA-II,NSGA-II,20260322,1.9125243767474058,56.559120974125165,7.629038681054736,0.6478374962190525,1.090773832665087,0.6517776505848708,0.19835260498476623,0.40182858816471223,0.7007798942177341,0.1269782467103767,3.5853400113151537,5.954377404429028,66.00090026855469,2.849998950958252,7.8498969078063965,
NSGA-II,NSGA-II,20260322,1.9204005241291568,56.391048076636864,7.632762360449321,0.6519163608872562,1.0920286575110931,0.6517769961807545,0.19834548843493444,0.4018567756127116,0.6994778975277443,0.1271889734038268,3.3105231301663167,6.065989094513448,66.02587890625,2.8499996662139893,7.84996223449707,
NSGA-II,NSGA-II,20260322,1.9120455160957466,56.52155853319953,7.656465844130947,0.6516223719004622,1.1056383007583155,0.6518114817082918,0.19834786113038302,0.39802366069271544,0.6994657708463651,0.1229147605780329,3.597000727800868,5.954520966480574,66.00003051757812,2.849998950958252,7.846667289733887,
NSGA-II,NSGA-II,20260322,1.9334413270581794,56.38729023966456,7.655658673536254,0.647892679283631,1.0919881656898012,0.6517746898712211,0.1983476057356059,0.4019350212173636,0.6994768337467514,0.12268514660948315,3.374812800614791,5.960739940946958,66.0,2.8417775630950928,7.849937438964844,
NSGA-II,NSGA-II,20260322,1.925255000629033,57.78957194163656,7.6583046250683475,0.6514513348594643,1.089056271424514,0.6518109710809381,0.1983454641164678,0.3978427178329781,0.6984530790475282,0.12695096972652625,3.5955780325520763,5.95427643625314,66.0091552734375,2.84922456741333,7.849999904632568,
NSGA-II,NSGA-II,20260322,1.9199351674734622,58.17799154676658,7.626910801498855,0.6516428890102401,1.090753452749294,0.6517385932917441,0.19834781773302484,0.4018866568381848,0.6981675587532146,0.1276704137470297,3.2857637308772922,6.066785838688843,66.05625915527344,2.8499996662139893,7.849966049194336,
NSGA-II,NSGA-II,20260322,1.9335694885190509,56.39072069177387,7.655658673536254,0.6478924515210434,1.091988169907893,0.6517769970567298,0.1983476057356059,0.4019363470066936,0.6994768710232766,0.12266300462536688,3.3771791459925495,5.961552681935893,66.00003814697266,2.84175968170166,7.84999942779541,
NSGA-II,NSGA-II,20260322,1.91266847779325,56.62208772955571,7.62799452488607,0.6477254998819649,1.0918657096320787,0.6518120228001254,0.198347543995392,0.4020791587265912,0.6995028582627885,0.12770014943458322,3.5911404257089004,5.952090127281562,66.00851440429688,2.8499977588653564,7.848446846008301,
NSGA-II,NSGA-II,20260322,1.920878747910666,57.731728878288614,7.627330748159617,0.6517075747750374,1.0907533380717895,0.6517385932917441,0.19834545896717737,0.40188906776886923,0.6982442934293676,0.1271286826543829,3.617125125111855,6.067313342171621,66.04795837402344,2.8497400283813477,7.849998474121094,
NSGA-II,NSGA-II,20260322,1.9123611288429891,57.740079543615344,7.629352276796494,0.6479940603988668,1.0909868970563168,0.6517692452874785,0.19834548848607564,0.4015899239795515,0.6994774084352111,0.12723670398356815,3.592847633183922,5.954285183357096,66.0218505859375,2.849998950958252,7.84926700592041,
NSGA-II,NSGA-II,20260322,1.9249805160718283,56.5435674013048,7.627534228951779,0.6477254998819649,1.0919894668345753,0.6517774827130165,0.19834760653390504,0.4018567639462909,0.6995264858768996,0.12289857452999717,3.5911404257089004,5.95399960760759,66.00003814697266,2.845041036605835,7.849979877471924,
NSGA-II,NSGA-II,20260322,1.9334656733146371,56.39072069177387,7.655658673536254,0.6478924515210434,1.091988169907893,0.6517771716386143,0.1983476057356059,0.4019497948343238,0.6994662891302678,0.12268514660948315,3.601525675375072,5.961533952331416,66.0000228881836,2.841818332672119,7.849991798400879,
NSGA-II,NSGA-II,20260322,1.9241470787336072,56.326830023306215,7.656826309991142,0.6478916362183796,1.090087868667678,0.6517701956158619,0.19834799977577688,0.40185636772435873,0.7000714362926264,0.12713540501809178,3.597484107141433,5.9615572423326,66.00022888183594,2.8465285301208496,7.849995136260986,
NSGA-II,NSGA-II,20260322,1.9122340082669618,56.55550317687831,7.656826309991142,0.6478935595882531,1.090087868667678,0.6517701956158619,0.19834794691127347,0.4018236801436912,0.7000573491982044,0.12717508942523498,3.597484107141433,5.954137332746763,66.0,2.84936261177063,7.848790168762207,
NSGA-II,NSGA-II,20260322,1.9183501872463675,56.618271817554486,7.653969520972794,0.6479989681220109,1.090760001581669,0.6517765155914212,0.1983450849711431,0.40159285079313956,0.7008908401771667,0.12697389276595666,3.2625430761282033,5.953769758722991,66.00071716308594,2.847843885421753,7.84999942779541,
NSGA-II,NSGA-II,20260322,1.9250995044963795,57.76476071457365,7.640198049300098,0.6515274534991962,1.090722708930412,0.6517847093613744,0.19834757082783055,0.39763855324413555,0.6982326038834255,0.12706574830076928,3.2420448963951642,5.953824018661889,66.01188659667969,2.849944829940796,7.8499979972839355,
NSGA-II,NSGA-II,20260322,1.9117894071296109,56.55554651691813,7.632278429058618,0.6478366381585678,1.090663832182829,0.6518107801455152,0.1983475864025152,0.40185679560767135,0.7009037809461349,0.1269825204084797,3.2386518742019845,5.952573668803541,66.00000762939453,2.8499934673309326,7.849760055541992,
NSGA-II,NSGA-II,20260322,1.9248586857598524,56.5435674013048,7.627532674830219,0.6477302690756466,1.0919894668345753,0.6517774544493018,0.19834770182858918,0.40185480792970696,0.699527592580058,0.12292726864434395,3.5911404257089004,5.954359567425622,66.00006866455078,2.845099687576294,7.849989414215088,
NSGA-II,NSGA-II,20260322,1.9125243596962052,56.618556581697916,7.628030262114309,0.6477818647306725,1.0907723916541983,0.6517785722435561,0.19835260548160205,0.4018326281162511,0.7007837054391162,0.12692310429304815,3.6306730229872173,5.9543092064447025,66.00189971923828,2.8499703407287598,7.849956512451172,
NSGA-II,NSGA-II,20260322,1.9208044910379825,56.31676727265016,7.627341545851021,0.6479370757943945,1.0907691834335362,0.6517391348994969,0.19834753452414983,0.4015901840484875,0.6995110665593238,0.1269364492308217,3.5907290848889133,5.959451613897862,66.0003890991211,2.848491668701172,7.849998950958252,
NSGA-II,NSGA-II,20260322,1.91266847779325,56.618225307414534,7.62799452488607,0.6477254998819649,1.0920263927130518,0.6518120228001254,0.19834760653390504,0.4020791587265912,0.6995101491660574,0.12770014943458322,3.5911404257089004,5.952465298077336,66.0086669921875,2.8499996662139893,7.848448276519775,
NSGA-II,NSGA-II,20260322,1.912528802127305,56.559120974125165,7.628982990993722,0.6478381191714856,1.090773832665087,0.6517775348915817,0.1983521779770131,0.40182858816471223,0.7007798942177341,0.1269782467103767,3.5853400113151537,5.954377043978212,66.00092315673828,2.8499972820281982,7.849893569946289,
NSGA-II,NSGA-II,20260322,1.9252483358129904,57.82409598582795,7.6583046250683475,0.6514513348594643,1.089056271424514,0.6518116318962104,0.1983454686772596,0.39782745456661284,0.6984653041122855,0.12719407027978508,3.369726511173525,5.954271238933973,66.01020812988281,2.8493072986602783,7.84999942779541,
NSGA-II,NSGA-II,20260322,1.9197925716836182,56.31676727265016,7.627341545851021,0.6479989553058405,1.090987663521876,0.6518126531785208,0.19834548793004533,0.40158978336539164,0.6995325218606073,0.1269719893224801,3.590726529114505,5.959866137888986,66.00005340576172,2.8488259315490723,7.849948883056641,
NSGA-II,NSGA-II,20260322,1.925255000629033,57.78957194163656,7.6583046250683475,0.6514513348594643,1.089056271424514,0.6518109710856749,0.1983454641164678,0.3978427178329781,0.6984529877574897,0.1269442913144899,3.5955780325520763,5.95427643625314,66.00914764404297,2.8492209911346436,7.84999942779541,
NSGA-II,NSGA-II,20260322,1.9199193723330596,56.32828298126031,7.627915603081453,0.6479985703814832,1.0909833303300422,0.6518116067943518,0.19834541688495597,0.4015846632198386,0.6995605712079661,0.12692338623862084,3.599873860307838,5.9597165667019025,66.00004577636719,2.8487496376037598,7.849973678588867,
NSGA-II,NSGA-II,20260322,1.9250995044963795,57.73384163682786,7.640198049300098,0.6515274534991962,1.0907023403542802,0.6517847093613744,0.19834757161658434,0.39763855324413555,0.6982326038834255,0.12706870183189714,3.2435054537093393,5.953824018661889,66.0113525390625,2.8499584197998047,7.849993705749512,
NSGA-II,NSGA-II,20260322,1.9252506327671852,57.78957194163656,7.658247558779695,0.6514513348594643,1.089056271424514,0.6518109353948582,0.19834547843871278,0.3978427221579208,0.6984530790475282,0.12695096972652625,3.591451417293378,5.95427643625314,66.00916290283203,2.849226474761963,7.84999942779541,
NSGA-II,NSGA-II,20260322,1.9128281827363258,56.562420931385255,7.63273514066032,0.6478361940936709,1.0910418174167789,0.6518127969390648,0.19834546741062725,0.40185679560767135,0.7009130606173082,0.12698320058742468,3.2940045327836387,5.954962931895306,66.00074005126953,2.849774122238159,7.849939346313477,
NSGA-II,NSGA-II,20260322,1.9117894071296109,56.559405225326,7.6322725888164324,0.6478375420296218,1.090656945373836,0.6517847341742404,0.19835217426877605,0.4018521013694385,0.7010579472646163,0.12698320058742468,3.2888973826690773,5.954327815515388,66.00035858154297,2.849989891052246,7.84991455078125,
NSGA-II,NSGA-II,20260322,1.925254889400348,57.78957194163656,7.6583046250683475,0.6514513348594643,1.089056271424514,0.6518109710860049,0.1983454641164678,0.3978427178329781,0.698452990463927,0.1269442913144899,3.5955780325520763,5.95427643625314,66.00914764404297,2.8492209911346436,7.84999942779541,
NSGA-II,NSGA-II,20260322,1.924857533750563,56.5435674013048,7.627532674830219,0.6477303171391424,1.0919881337521522,0.6517770126533319,0.1983476063468808,0.40185480792970696,0.6995282553245923,0.12291772170982866,3.5876654127971292,5.954313428956299,66.00004577636719,2.8450934886932373,7.849986553192139,
NSGA-II,NSGA-II,20260322,1.9197199703387529,56.31676727265016,7.6278927355722335,0.6479987627380717,1.0910303569442343,0.6518127948410584,0.19834549683031036,0.4015901840484875,0.6995304554111178,0.12693645907720225,3.5902760276791597,5.959866579068441,66.00000762939453,2.8488080501556396,7.849924087524414,
NSGA-II,NSGA-II,20260322,1.9128446553015759,56.54381910669615,7.6323004282819875,0.6478367379313226,1.090663832182829,0.6518092633904768,0.1983478120237718,0.4018522883051021,0.7009711780106854,0.12698366286771634,3.2940045327836387,5.9543783688408745,66.00011444091797,2.849773406982422,7.84998083114624,
NSGA-II,NSGA-II,20260322,1.9198435186614478,56.32802085130187,7.628016455689166,0.6479985703814832,1.0910396797000153,0.6518116067943518,0.19834541604945274,0.4015846632198386,0.6995598686438689,0.12692360153285703,3.5996777663914514,5.959995155887878,66.00008392333984,2.848771810531616,7.849974155426025,
NSGA-II,NSGA-II,20260322,1.9202346654333893,56.31784205632956,7.627321596381583,0.6480188468413632,1.090766967171697,0.651814167332519,0.19834549048659497,0.4015904511764824,0.6995605794094568,0.12713892600910368,3.6188837079069174,5.959895235640577,66.00032806396484,2.8487844467163086,7.849995136260986,
NSGA-II,NSGA-II,20260322,1.9197922812689174,56.31676727265016,7.627341545851021,0.6479987627380717,1.0910303569442343,0.6518127948410584,0.1983454636277207,0.4015901840484875,0.6995304554111178,0.1269364492308217,3.5907290848889133,5.959866579068441,66.00004577636719,2.8488082885742188,7.849942684173584,
NSGA-II,NSGA-II,20260322,1.9198548751030364,56.32802085130187,7.627913442354676,0.6479987187028675,1.0909534563344931,0.6518126519053941,0.19834751660495156,0.40158977694957143,0.6995596228277596,0.12692338640902592,3.5996751072843196,5.960267073865858,66.00012969970703,2.8487744331359863,7.849991321563721,
NSGA-II,NSGA-II,20260322,1.9197348462906711,56.32802085130187,7.627913442354676,0.6479985703814832,1.0909868741576647,0.6518126519053941,0.1983454912247636,0.40158977694957143,0.6995598874304275,0.12692338640902592,3.5998387931009432,5.959895235640577,66.0000228881836,2.8487980365753174,7.849963665008545,
NSGA-II,NSGA-II,20260322,1.9197194842238958,56.318627382342065,7.627913442354676,0.6479987638598962,1.091029567580023,0.6518127935679316,0.19834543896846238,0.4015901776326673,0.6995578209809381,0.1269381245422685,3.5998387931009432,5.9598956768200315,66.00003814697266,2.848802328109741,7.849939346313477,
NSGA-II,NSGA-II,20260323,1.7114849494998687,36.789608819188516,9.908709277526818,0.570593615076845,1.485718670945652,0.65041453858977,0.20293807042339698,0.41328142219623765,0.6629618326603399,0.13440129532011455,10.970872510768537,7.270073832126817,66.08372497558594,2.8499999046325684,7.84789514541626,
NSGA-II,NSGA-II,20260323,1.7114892475229366,35.66810514102146,9.909504607825717,0.570600158916329,1.4857186688597368,0.65041453858977,0.20293905851630628,0.41328142219623765,0.6629559221413182,0.1344012946918336,10.856631592197786,7.275401933347195,66.06626892089844,2.8499996662139893,7.847723484039307,
NSGA-II,NSGA-II,20260323,1.7114850719607675,36.83150572505721,9.908718017149242,0.5705935549090795,1.4857718541978326,0.6504146131489169,0.20293847450793784,0.41328142219623765,0.6629618727630098,0.134401292077195,10.970872510768537,7.270073832126817,66.08448028564453,2.8499999046325684,7.847902297973633,
NSGA-II,NSGA-II,20260323,1.7134973162152405,35.62077275699684,9.909674721925827,0.5712040099810132,1.4477042583496744,0.6504673345591664,0.20293788013359615,0.412362482733587,0.6694975103438195,0.13424537873653425,10.81939882869797,7.114913872415823,66.00038146972656,2.8476107120513916,7.849999904632568,
NSGA-II,NSGA-II,20260323,1.7078337925212859,35.588210044407035,9.90974894274559,0.5708212779524987,1.447778130318336,0.6506005842651479,0.20291122724891344,0.41234763212658265,0.6628494029158051,0.1348392260224357,15.920647727126479,7.1239319749379435,66.00011444091797,2.84999680519104,7.845791816711426,
NSGA-II,NSGA-II,20260323,1.7113719632585327,35.89748703970595,9.955266503878184,0.5706331549203092,1.446809510654507,0.6503356371469604,0.20293858047651867,0.4124690621998146,0.6694066206745541,0.13439856071168768,10.783956964048585,7.121717886591105,66.00008392333984,2.846869468688965,7.849998474121094,
NSGA-II,NSGA-II,20260323,1.7113719632585327,35.892441562843985,9.955266503878184,0.5706334049913356,1.446809510654507,0.6503356371469604,0.20293858047651867,0.4124690621998146,0.6694066206745541,0.13440122789073525,10.783956964048585,7.121717886591105,66.00000762939453,2.846870183944702,7.849996089935303,
NSGA-II,NSGA-II,20260323,1.7113719632585327,35.89748703970595,9.954957061869402,0.5706331549203092,1.4468085556286594,0.6503372508052631,0.20293858047651867,0.4124690621998146,0.6693831026908834,0.13439856071168768,10.787961446850233,7.121861853938996,66.00009155273438,2.846888780593872,7.84999942779541,
NSGA-II,NSGA-II,20260323,1.7113638983078938,35.78963462490247,9.946928754182913,0.5703953006386262,1.4470197156122717,0.6504685108691923,0.20293789053800923,0.4117632998143466,0.6617545508164846,0.13375181546373072,11.248602966479318,7.170855955812107,66.00007629394531,2.8499531745910645,7.848629474639893,
NSGA-II,NSGA-II,20260323,1.7114849494998687,36.789608819188516,9.908709277526818,0.570593615076845,1.4857186709164685,0.65041453858977,0.20293807042339698,0.41328142219623765,0.6629618326647094,0.13440129532011455,10.970872510768537,7.270073832126817,66.08372497558594,2.8499999046325684,7.84789514541626,
NSGA-II,NSGA-II,20260323,1.7113719632585327,35.897544004564594,9.955266503878184,0.5706331549203092,1.446809510654507,0.6503356371469604,0.20293858047651867,0.4124690621998146,0.6694066206745541,0.13439856071168768,10.783956964048585,7.121717886591105,66.00008392333984,2.846869468688965,7.849998474121094,
NSGA-II,NSGA-II,20260323,1.7113719632585327,35.89757366936507,9.955266503878184,0.5706331549203092,1.446809510654507,0.6503356371469604,0.20293858047651867,0.4124690621998146,0.6694066206745541,0.13439856071168768,10.783956964048585,7.121717886591105,66.00008392333984,2.846869468688965,7.849998474121094,
NSGA-II,NSGA-II,20260323,1.7113024494555173,35.50108210736113,9.918099298291517,0.5708633899680552,1.4470013949260465,0.6506051842090456,0.20293794095746326,0.4126997276625285,0.6626814597619444,0.13486824506883024,11.250789935326928,7.167826711606026,66.00538635253906,2.8499996662139893,7.847498893737793,
NSGA-II,NSGA-II,20260323,1.7114849494998687,36.789608819188516,9.908709277526818,0.5705936150734898,1.4857186709091583,0.65041453858977,0.20293807042339698,0.41328142219623765,0.6629618326603399,0.13440129525540895,10.970872510768537,7.270073832126817,66.08372497558594,2.8499999046325684,7.84789514541626,
NSGA-II,NSGA-II,20260323,1.7115047244048553,35.417947923722,9.885525526163962,0.5708015452142782,1.4470085940155435,0.6506420711417924,0.20292680525382062,0.4124555938297979,0.6627265543831098,0.13485081692799533,15.814413586474494,7.12715542251787,66.00006866455078,2.8499908447265625,7.8465352058410645,
NSGA-II,NSGA-II,20260323,1.708268674472446,35.89130420579622,9.909756446782971,0.570659325835376,1.4467874645216583,0.6504686483786466,0.20293742112331478,0.4127134280875082,0.6694069638047758,0.13428000695177106,11.230743040997446,7.11503836778633,66.00184631347656,2.84859299659729,7.849999904632568,
NSGA-II,NSGA-II,20260323,1.708136891822008,35.49112553742579,9.990382509683716,0.5708641646207733,1.4469941618119537,0.650617778773542,0.20293822385084095,0.41269368101438647,0.6629942226828518,0.134245494672814,10.476381674336096,7.231125490206172,66.00020599365234,2.849998712539673,7.84998893737793,
NSGA-II,NSGA-II,20260323,1.7104299105766556,35.689724999886565,9.985516578961455,0.5708676064709897,1.446492586702448,0.6506423371358059,0.20292593959357727,0.41269994889327566,0.6626827248327753,0.1348453486033398,10.455252430685114,7.228141879036084,66.0032730102539,2.84999942779541,7.849998474121094,
NSGA-II,NSGA-II,20260323,1.7114850703700581,36.788953503950665,9.908709277526818,0.5705935548452328,1.4857186709091583,0.65041453858977,0.20293808059813678,0.41328142219623765,0.6629618332464357,0.13440129525540895,10.970872510768537,7.270073832126817,66.0837173461914,2.8499996662139893,7.84789514541626,
NSGA-II,NSGA-II,20260323,1.710500597821159,35.500270425680384,9.988946705393527,0.5708013712850817,1.4470089862868587,0.6506427808146336,0.20292592107272475,0.4127006773326587,0.6627267382095401,0.13467306328286138,11.190370184809801,7.228147017946695,66.0000228881836,2.849721670150757,7.849984169006348,
NSGA-II,NSGA-II,20260323,1.7104891349142752,35.49470321154658,9.988677463608852,0.5708676064709897,1.4464927214636165,0.6506424721303156,0.20292592107272475,0.4127004955097673,0.6628151708316412,0.13485020661522945,10.455504346382483,7.228132277379802,66.00006103515625,2.8498406410217285,7.849952697753906,
NSGA-II,NSGA-II,20260323,1.7104332757074996,35.50105955995156,9.989971161320732,0.5708676064709897,1.4464992740798555,0.6506424885048938,0.20292592107272475,0.4127000510993537,0.6628267067966862,0.13485012404333302,10.455252430685114,7.228302941182541,66.00004577636719,2.849817991256714,7.849948883056641,
NSGA-II,NSGA-II,20260323,1.711549838101879,35.49378713143683,9.990455456322913,0.5708709729620358,1.4470068094036608,0.650642381392482,0.2029149711973753,0.4126930969479512,0.6626808861386064,0.13480568015738548,11.017520383759141,7.228897809576472,66.0,2.849560022354126,7.849977016448975,
NSGA-II,NSGA-II,20260323,1.7104075913509655,35.49672998175517,9.988582530785585,0.5704970327459655,1.4469519004789946,0.6506443414924095,0.20293921805746748,0.4126929529368,0.662150997261963,0.13482467607189574,10.824243909816886,7.229475076993927,66.0001449584961,2.84999418258667,7.849950790405273,
NSGA-II,NSGA-II,20260323,1.7078337925212859,35.58821744860296,9.90974894274559,0.5708212779524987,1.447778130318336,0.6506005842651479,0.20291122724891344,0.41234763212658265,0.6628494029158051,0.1348392260224357,15.920647727126479,7.1239319749379435,66.00011444091797,2.84999680519104,7.845791816711426,
NSGA-II,NSGA-II,20260323,1.7113719632585327,35.89098422753078,9.955266503878184,0.5706331549203092,1.4468262937119154,0.650334103343132,0.20293858047651867,0.4124690621998146,0.6694066206745541,0.13439897022657857,10.783956964048585,7.121717886591105,66.0,2.846867799758911,7.84999418258667,
NSGA-II,NSGA-II,20260323,1.7113638983078938,35.802657526311464,9.950503695642773,0.5703939548604475,1.4470023674585644,0.6504997750976492,0.20293936310648455,0.4117644248579091,0.6616682629650954,0.13377606605952846,11.248602966479318,7.1721864860539455,66.00006103515625,2.849925994873047,7.8486175537109375,
NSGA-II,NSGA-II,20260323,1.7104128553190818,35.68077469851559,9.990835055129562,0.5704842396703249,1.4470193038387342,0.6506448014904354,0.20293842863199626,0.41269345273886693,0.6621517717636108,0.13481292571695036,11.150889478621544,7.2288764463233575,66.00261688232422,2.849916696548462,7.849998950958252,
NSGA-II,NSGA-II,20260323,1.711556403347508,35.48533244108531,9.988756358378396,0.5708690572911618,1.4470068094036608,0.650626252307052,0.20291559507214865,0.4126930995461825,0.662681096656105,0.13477040501936952,11.016892995799132,7.22886324549757,66.00006866455078,2.849576711654663,7.849987506866455,
NSGA-II,NSGA-II,20260323,1.711339875913134,35.49454233520886,9.988657190588142,0.5708182514215997,1.4465187164117115,0.6506423319613662,0.20293868120991387,0.41270050144063186,0.6626827420209489,0.1348528941733712,10.499071572473547,7.22884447906342,66.00086212158203,2.849668025970459,7.8499979972839355,
NSGA-II,NSGA-II,20260323,1.7114849494998687,36.789608819188516,9.908709277526818,0.570593615076845,1.4857186709161554,0.65041453858977,0.20293807042339698,0.41328142219623765,0.6629618326603399,0.13440129532011455,10.970872510768537,7.270073832126817,66.08372497558594,2.8499999046325684,7.84789514541626,
NSGA-II,NSGA-II,20260323,1.7112941325420081,35.50027485039335,9.991627362301983,0.5708548695987068,1.446492586702448,0.6506428338367762,0.20292581934246814,0.4126927882332051,0.662812584334689,0.1348525854528309,10.255704493586563,7.228130008455724,66.00011444091797,2.8496015071868896,7.84999942779541,
NSGA-II,NSGA-II,20260323,1.7114849494998687,36.789608819188516,9.908709277526818,0.570593615076845,1.4857186709459649,0.65041453858977,0.20293807042339698,0.41328142219623765,0.6629618326647094,0.13440129532011455,10.970872510768537,7.270073832126817,66.08372497558594,2.8499999046325684,7.84789514541626,
NSGA-II,NSGA-II,20260323,1.7104001869418755,35.69752814062866,9.995530522608412,0.5705899537410029,1.4535987462909998,0.6506632767046723,0.202927271895732,0.41234434442340634,0.6629560643305237,0.13468512504818175,11.15474039222918,7.228161847139357,66.00755310058594,2.849702835083008,7.849999904632568,
NSGA-II,NSGA-II,20260323,1.7112940374782257,35.49454033661105,9.988709793372156,0.5708195890364539,1.446520817459469,0.6506428312869326,0.2029386704562411,0.4126931217815221,0.6626822520509689,0.13485061964215728,10.494081241619853,7.228843939804499,66.0008316040039,2.849682092666626,7.849997043609619,
NSGA-II,NSGA-II,20260323,1.7114850655588794,36.82969808649019,9.908718017149242,0.5705936151369837,1.4857718541978326,0.6504146131489169,0.202938464333198,0.41328142219623765,0.662961872170019,0.13440129549012794,10.970872510768537,7.270073832126817,66.0844497680664,2.8499996662139893,7.847901344299316,
NSGA-II,NSGA-II,20260323,1.711372335439043,35.49454233520886,9.988657190588142,0.5708182514215997,1.4465187328882907,0.6506423391776835,0.20293868120991387,0.41270050144063186,0.6626827420209489,0.13486058850950378,10.499071572473547,7.228836212033087,66.0008773803711,2.8496644496917725,7.84999942779541,
NSGA-II,NSGA-II,20260323,1.7078337925212859,35.58815946536464,9.90974894274559,0.5708213405807916,1.447778130318336,0.6506005842651479,0.2029112269358301,0.41234763212658265,0.6628476123781646,0.13484361986773188,15.920787775940738,7.1239319749379435,66.00011444091797,2.849999189376831,7.845789432525635,
NSGA-II,NSGA-II,20260323,1.7113638983078938,35.80281579481076,9.947065431347573,0.5703953006386262,1.4470197156122717,0.650487086017765,0.20293789053800923,0.4117632998143466,0.6617545508164846,0.13375181546373072,11.248602966479318,7.16982766411799,66.00000762939453,2.8499515056610107,7.848617076873779,
NSGA-II,NSGA-II,20260323,1.710517331611567,35.50027044366521,9.990337852905398,0.5708532048367025,1.446492586702448,0.6506428338367762,0.20292581934246814,0.4127006723884359,0.662812584334689,0.1348505875388863,10.255704493586563,7.228130161063947,66.0,2.849804401397705,7.849949359893799,
NSGA-II,NSGA-II,20260323,1.711556403347508,35.48533244108531,9.988756358378396,0.5708690572911618,1.4470068094036608,0.6506269565417788,0.20291559507214865,0.4126930995461825,0.6626775898484283,0.13477040501936952,11.016892995799132,7.22886324549757,66.00006866455078,2.8495776653289795,7.849985599517822,
NSGA-II,NSGA-II,20260323,1.7104128553190818,35.63501388576694,9.990835055129562,0.5704826028887078,1.4470193038387342,0.6506552268919215,0.20293846393223622,0.4126933387627302,0.6621628939821488,0.13481292571695036,11.152160520223148,7.228876654731144,66.00188446044922,2.84991455078125,7.849992275238037,
NSGA-II,NSGA-II,20260323,1.7078374405509913,35.58016750756592,9.90974894274559,0.5708213405807916,1.447778130318336,0.6506005842651479,0.2029112269358301,0.41234762922425316,0.6628476123781646,0.13484319265360717,15.920787775940738,7.1239319749379435,66.00000762939453,2.8499956130981445,7.8457841873168945,
NSGA-II,NSGA-II,20260323,1.7114850703700581,36.789608819188516,9.908709277526818,0.5705936150734898,1.4857179231359912,0.65041453858977,0.20293808059813678,0.41328142219623765,0.6629618326603399,0.13440129525540895,10.970872510768537,7.270073832126817,66.08372497558594,2.8499999046325684,7.84789514541626,
NSGA-II,NSGA-II,20260323,1.7114849510905783,36.83150572505721,9.908718017149242,0.5705935549090795,1.485772601971,0.6504146131489169,0.202938464333198,0.41328142219623765,0.6629618727630098,0.134401292077195,10.970872510768537,7.270073832126817,66.08448028564453,2.8499999046325684,7.847902297973633,
NSGA-II,NSGA-II,20260323,1.7114847605500685,36.83845079051419,9.90878334708658,0.5705936151373364,1.4857178353798135,0.6504146131489169,0.202938464333198,0.41328142219623765,0.662961872176914,0.13440129213274,10.970872510768537,7.269990808181747,66.08451080322266,2.8499996662139893,7.847907543182373,
NSGA-II,NSGA-II,20260323,1.7113638983078938,35.78963462490247,9.947180962854674,0.5704837526690261,1.447007628447225,0.6504685108691923,0.2029378673930768,0.41172239962766816,0.6617545508164846,0.13375181546373072,11.248602966479318,7.170855955812107,66.00001525878906,2.8499808311462402,7.848585605621338,
NSGA-II,NSGA-II,20260323,1.7114894380634464,35.66181539080233,9.909439277888382,0.570600158916329,1.4857726876777562,0.65041453858977,0.20293905851630628,0.41328142219623765,0.6629559221413182,0.13440129463628858,10.856631592197786,7.2754849572922655,66.0662612915039,2.8499996662139893,7.847717761993408,
NSGA-II,NSGA-II,20260323,1.7104128553190818,35.666565203122246,9.990835055129562,0.5704821862965216,1.4470193038387342,0.6506415401037825,0.20293846393223622,0.4126933387627302,0.6621628939821488,0.13481292571695036,11.14748439951245,7.228876654731144,66.0024185180664,2.849909543991089,7.849997043609619,
NSGA-II,NSGA-II,20260323,1.7113395070270578,35.69689408257959,9.995411251382523,0.5708548695987068,1.446492586702448,0.6506434818300444,0.20292581934246814,0.4127006773326587,0.6628132113525627,0.13485382914153005,10.255704493586563,7.228129625553554,66.00311279296875,2.849480390548706,7.849999904632568,
NSGA-II,NSGA-II,20260323,1.7104125702934503,35.49672998175517,9.99047221999651,0.5704970327459655,1.4469522963400423,0.650642463125919,0.20293920942565713,0.412687464467276,0.6621517717636108,0.1348498698205427,10.816861591926745,7.229475076993927,66.00007629394531,2.8499460220336914,7.849915027618408,
NSGA-II,NSGA-II,20260323,1.7113690442899334,35.49454230540819,9.988657190588142,0.5708182514215997,1.4465187328882907,0.6506423327451343,0.20293868121868375,0.41270050144063186,0.6626822417512352,0.1348528941733712,10.499071572473547,7.228836212033087,66.00086975097656,2.849661350250244,7.84999942779541,
NSGA-II,NSGA-II,20260323,1.712106897222575,35.88809349424534,9.952593737318562,0.5706340448098769,1.446760427305601,0.6503244788225515,0.2029385790339117,0.4124818785489548,0.6694066206745541,0.1348337497120585,10.789357086122152,7.121208133096987,66.00053405761719,2.8469717502593994,7.849999904632568,
NSGA-II,NSGA-II,20260323,1.7178421461874054,43.980685511945765,6.333296419039531,0.6673337938976975,0.7849449697168946,0.650521989728007,0.20408031042438,0.41176467596453314,0.708149029163888,0.14536274475537667,15.778006195349903,3.530759363929617,66.0152587890625,2.8499996662139893,7.690739631652832,
NSGA-II,NSGA-II,20260323,1.711556994672448,35.487540336306665,9.990391441921354,0.5708685639487361,1.4470068094036608,0.6506255826454895,0.20291661773678024,0.4127000531028747,0.6627048020634076,0.13440130021670324,11.016892995799132,7.228123007412288,66.0,2.849299669265747,7.849958896636963,
NSGA-II,NSGA-II,20260323,1.7114850655588794,36.83216897960837,9.908718017149242,0.5705936151373364,1.4857718541978326,0.6504146131489169,0.202938464333198,0.41328142219623765,0.662961872170019,0.134401292077195,10.970872510768537,7.270073832126817,66.0844955444336,2.8499996662139893,7.847901821136475,
NSGA-II,NSGA-II,20260323,1.7113719632585327,35.89098422753078,9.955266503878184,0.5706331549203092,1.4468263015847265,0.650334103343132,0.20293858047651867,0.4124690621998146,0.6694066206745541,0.13439897022657857,10.783956964048585,7.121717886591105,66.0,2.846867799758911,7.849993705749512,
NSGA-II,NSGA-II,20260323,1.707828259551721,35.5798078367728,9.90974894274559,0.5708213404196297,1.447774054074027,0.6505926492589951,0.20291126519565245,0.41234765721359135,0.662690441717692,0.13484359660902817,15.923302567593687,7.1239319749379435,66.00025939941406,2.849998950958252,7.845648288726807,
NSGA-II,NSGA-II,20260323,1.7114850703700581,36.789608819188516,9.908709277526818,0.5705936150734898,1.4857186709091583,0.65041453858977,0.20293808059813678,0.41328142219623765,0.6629618326603399,0.13440129525540895,10.970872510768537,7.270073832126817,66.08372497558594,2.8499996662139893,7.84789514541626,
NSGA-II,NSGA-II,20260323,1.708268674472446,35.89130420579622,9.909756214160563,0.570659325835376,1.4467874379137866,0.6504686483786466,0.2029374541200928,0.4127134280875082,0.6694069638047758,0.13428000695177106,11.230743040997446,7.11503836778633,66.0018539428711,2.84859299659729,7.849999904632568,
NSGA-II,NSGA-II,20260323,1.7133892419803367,35.62298451604253,9.909734391102267,0.5712099341612601,1.4477042583496744,0.6504673345591664,0.20293788013359615,0.412362482733587,0.6694956827762932,0.13428361160515376,11.162482106424761,7.114915337355435,66.00023651123047,2.8476364612579346,7.849998950958252,
NSGA-II,NSGA-II,20260323,1.713498042791997,35.62077260893524,9.909734779052743,0.5712040145954342,1.4477042412260612,0.6504676377468269,0.2029379444159798,0.412362482733587,0.6694975103438195,0.13424529572739366,10.822916412784572,7.114913872362217,66.00038146972656,2.8476083278656006,7.84999942779541,
NSGA-II,NSGA-II,20260323,1.711584927689557,35.48525925142448,9.988756358378396,0.5706459056171485,1.4467708220187339,0.65032919775685,0.20291559507214865,0.4126930995461825,0.6626796708236629,0.13440318954260608,11.016892995799132,7.2289030184262755,66.00057220458984,2.8491640090942383,7.849998474121094,
NSGA-II,NSGA-II,20260323,1.7104001869418755,35.69752814062866,9.991629349528498,0.570485618177439,1.4535987462909998,0.6506424887890777,0.202927271895732,0.41234434442340634,0.6627085475511536,0.13468512504818175,11.15474039222918,7.228137320592093,66.00763702392578,2.8498642444610596,7.849998474121094,
NSGA-II,NSGA-II,20260323,1.7115481227954843,35.49133037510801,9.988766705294951,0.5708690572911618,1.4470090022105013,0.650626252307052,0.20291559507214865,0.4126930995461825,0.6626811238158614,0.13467192464400568,11.016892995799132,7.228899322791166,66.00016021728516,2.849527597427368,7.849997043609619,
NSGA-II,NSGA-II,20260323,1.7115498513253222,35.48777261871528,9.990391441921354,0.5708685639487361,1.4470068094036608,0.6506255826454895,0.20291665896326777,0.41270028445037027,0.6627048020634076,0.13440130021670324,11.017522066272264,7.228123007412288,66.0,2.8493008613586426,7.8499579429626465,
NSGA-II,NSGA-II,20260323,1.7104827313822193,35.84285818384524,9.990754984092266,0.5708636098166635,1.446492586702448,0.6506697425390846,0.20292592289044845,0.41271333311537706,0.6627014078150681,0.13485029234968277,10.457462500990061,7.228130161063947,66.00535583496094,2.8498454093933105,7.849998950958252,
NSGA-II,NSGA-II,20260323,1.711556403347508,35.491444491234155,9.988756358378396,0.5706459052330057,1.4467709232188137,0.6503292149145308,0.20291559507214865,0.4126930995461825,0.6626791925342853,0.13440521028847013,11.016892995799132,7.2288989701358135,66.00065612792969,2.8491733074188232,7.84999942779541,
NSGA-II,NSGA-II,20260323,1.7104001869418755,35.69752814062866,9.99555512053674,0.5705899537410029,1.4535987462909998,0.6506632767046723,0.202927271895732,0.41234434442340634,0.6629560643305237,0.13468512504818175,11.15474039222918,7.228161847139357,66.00755310058594,2.8497018814086914,7.84999942779541,
NSGA-II,NSGA-II,20260323,1.7113688812751908,35.89748703970595,9.954535918388434,0.5706331549203092,1.4469923126676463,0.6506285159715199,0.20293858047651867,0.41269333730318125,0.6693413907994635,0.13439856071168768,11.01835744365107,7.121861853938996,66.00012969970703,2.846895933151245,7.8499860763549805,
NSGA-II,NSGA-II,20260323,1.7104299105766556,35.689724999886565,9.985516578961455,0.5708676064709897,1.446492586702448,0.6506423371358059,0.20292637253700627,0.41269994889327566,0.6626827248327753,0.1348453486033398,10.455252430685114,7.228141879036084,66.0032958984375,2.849998950958252,7.8499979972839355,
NSGA-II,NSGA-II,20260323,1.7113728106730093,35.49454233520886,9.988657190588142,0.5708182514215997,1.4465187328882907,0.6506423317940295,0.20293868120991387,0.41270050144063186,0.6626827420209489,0.1348528941733712,10.499071572473547,7.228836212033087,66.00088500976562,2.8496599197387695,7.84999942779541,
NSGA-II,NSGA-II,20260323,1.710488620488642,35.501038700748424,9.99038319056221,0.5708676064863637,1.4464993202388179,0.6506426949042333,0.20292592107895752,0.41270004633518836,0.6628234586828948,0.13485164947420253,10.392688750460259,7.228130960574018,66.0,2.8497984409332275,7.849942684173584,
NSGA-II,NSGA-II,20260323,1.7104128553190818,35.66738301517551,9.990835055129562,0.570482225102398,1.4470193038387342,0.6506418966163786,0.20293843930115332,0.4126933387627302,0.6621628939821488,0.13481292571695036,11.147407171091729,7.228876654731144,66.00243377685547,2.8499093055725098,7.849996566772461,
NSGA-II,NSGA-II,20260323,1.710500597821159,35.500270425680384,9.988946705393527,0.5708013712850817,1.4470089862868587,0.6506427808146336,0.20292592127705214,0.4127006722028575,0.6627264794411766,0.13467306328286138,11.190370184809801,7.228147017946695,66.0000228881836,2.849721670150757,7.8499836921691895,
NSGA-II,NSGA-II,20260323,1.7112941325420081,35.50027672626711,9.99039369467219,0.5708548695987068,1.4464925871216332,0.6506428448474194,0.20292581934246814,0.41270057868990295,0.662812584334689,0.13485059121312937,10.245075335872997,7.228130161063947,66.00038146972656,2.849618434906006,7.8499884605407715,
NSGA-II,NSGA-II,20260323,1.7112978038613014,35.49454036641173,9.988709793372156,0.5708195890364539,1.446520817459469,0.6506428303358278,0.20293867044747121,0.4126931217815221,0.6626827523206825,0.13485061964215728,10.494081241619853,7.228843939804499,66.00084686279297,2.849679946899414,7.849996089935303,
NSGA-II,NSGA-II,20260323,1.7104128553190818,35.68289254459981,9.990835004568195,0.5704842396703249,1.4470190590649918,0.6506418966163786,0.20293843753901886,0.4126934520351304,0.6621517717636108,0.13481292571695036,11.147404281177273,7.228876653914464,66.00265502929688,2.849915027618408,7.849997520446777,
NSGA-II,NSGA-II,20260323,1.7115569814490048,35.493554849028214,9.988571361629376,0.5708709729620358,1.447006850925944,0.6506423364440302,0.20291492997088778,0.4126928656004557,0.6626791777080698,0.13481008854462817,11.01034090017226,7.228897809576472,66.00023651123047,2.8496105670928955,7.849987983703613,
NSGA-II,NSGA-II,20260323,1.711343048079839,35.48535497887845,9.988637897097291,0.5708143933213949,1.4470030621573207,0.6506423392440847,0.2029272484946555,0.4127136065086191,0.6626791532469617,0.13467926479628564,11.01038920644612,7.22887394147276,66.00049591064453,2.8495492935180664,7.849996566772461,
NSGA-II,NSGA-II,20260323,1.7113638983078938,35.802657526311464,9.950503695642773,0.5703939548604475,1.4470023674585644,0.6504985280925888,0.20294079414192395,0.41174990672235096,0.6616426496249543,0.13377606605952846,11.248602966479318,7.1721864860539455,66.00005340576172,2.849942445755005,7.848614692687988,
NSGA-II,NSGA-II,20260323,1.7079589344947108,35.58018724459414,9.90974894274559,0.5708213404196297,1.447774065305875,0.6505913808658138,0.2029121132175514,0.4123476916501137,0.6629599903938905,0.13485527220980348,15.861305107569713,7.1239319749379435,66.0000228881836,2.8499596118927,7.845867156982422,
NSGA-II,NSGA-II,20260323,1.711556403347508,35.49133037510801,9.988756358378396,0.5708690572911618,1.4470068094036608,0.650626252307052,0.20291559507214865,0.4126930995461825,0.6626811238158614,0.13477165987116013,11.016892995799132,7.228899322791166,66.00016021728516,2.849579334259033,7.849992275238037,
NSGA-II,NSGA-II,20260323,1.711549838101879,35.49454515609894,9.990425300969795,0.5708709729620358,1.4470056362962844,0.650642383142286,0.2029149711973753,0.41269309674251353,0.6626782714770503,0.13480568015738548,11.017520383759141,7.228818595204102,66.00001525878906,2.8495588302612305,7.849970817565918,
NSGA-II,NSGA-II,20260323,1.7104771704361077,35.49470321154658,9.988677463608852,0.5708648120165516,1.4464987075389568,0.6506420588748889,0.20292592107272475,0.4127004955097673,0.6628151708316412,0.13485020661522945,10.455504346382483,7.227582998135726,66.00006103515625,2.8498263359069824,7.849920749664307,
NSGA-II,NSGA-II,20260323,1.7080730893004048,35.44688638055203,9.985478128743312,0.5708211239761186,1.4477573914860877,0.6506081162913548,0.20292615503955372,0.41270697522761257,0.6626784073746297,0.13440127029658053,11.197730424112287,7.22376687368542,66.00016784667969,2.8499879837036133,7.8493475914001465,
NSGA-II,NSGA-II,20260323,1.7114849510905783,36.83150572505721,9.908718017149242,0.5705935549090795,1.4857718541978326,0.6504146131489169,0.202938464333198,0.41328142219623765,0.6629618727630098,0.134401292077195,10.970872510768537,7.270073832126817,66.08448791503906,2.8499996662139893,7.847901344299316,
NSGA-II,NSGA-II,20260323,1.7113304559613305,35.49101366885047,9.885525526163962,0.5706069842315946,1.4465547051210867,0.6506093024037861,0.2029373589983304,0.4124463211648419,0.6629187826711178,0.13486503579477385,15.814413586474494,7.122052927108325,66.0000228881836,2.8499252796173096,7.846689224243164,
NSGA-II,NSGA-II,20260323,1.7113304559613305,35.49101366885047,9.885525526163962,0.5706069842315946,1.4465605689770498,0.6506087269951105,0.2029383674227008,0.4124463211648419,0.6629187826711178,0.13486503579477385,15.814413586474494,7.12211431013829,66.00004577636719,2.8499269485473633,7.846693992614746,
NSGA-II,NSGA-II,20260323,1.7104128553190818,35.635831697820194,9.990835055129562,0.5704826416945844,1.4470193038387342,0.6506555834045175,0.20293843930115332,0.4126933387627302,0.6621628939821488,0.13481292571695036,11.152083291802434,7.228876654731144,66.00190734863281,2.849914073944092,7.849991321563721,
NSGA-II,NSGA-II,20260323,1.7080474764210827,35.49112553742579,9.990382509683716,0.5708641646207733,1.4470130104358687,0.6506265920744736,0.20293822385084095,0.41269368101438647,0.6626811634055926,0.134245494672814,11.140642046669193,7.231125490206172,66.0006332397461,2.8499791622161865,7.8497138023376465,
NSGA-II,NSGA-II,20260323,1.7081388171944367,35.491132740309055,9.990758439588284,0.5708632581356925,1.4464925754104785,0.6504673012433535,0.20292569331436644,0.4127002324673914,0.6629934656347712,0.13484743155968484,10.455252430685114,7.223874554663817,66.00021362304688,2.849961996078491,7.849389553070068,
NSGA-II,NSGA-II,20260323,1.7080474764210827,35.49112553742579,9.990382509683716,0.5708641646207733,1.4470130104358687,0.6506265060683124,0.20293822151630198,0.41269368101438647,0.6626811634055926,0.134245494672814,11.140642046669193,7.228869126271779,66.00020599365234,2.8499491214752197,7.84964656829834,
NSGA-II,NSGA-II,20260323,1.7104332757074996,35.500295709596486,9.989941694919768,0.5708676057223686,1.4464926047837507,0.6506424885048938,0.20292592833547918,0.4127005780891188,0.6628267179864992,0.13485014288122743,10.454259558589236,7.228302941182541,66.00005340576172,2.8498172760009766,7.849947452545166,
NSGA-II,NSGA-II,20260323,1.711556403347508,35.49133037510801,9.988756358378396,0.5708690572911618,1.4470068094036608,0.650626252307052,0.20291559507214865,0.41269314326842654,0.6626827309303789,0.13477165987116013,11.016892995799132,7.228899322791166,66.00016021728516,2.849579095840454,7.8499932289123535,
NSGA-II,NSGA-II,20260323,1.7104332757074996,35.50027485039335,9.99039369467219,0.5708676064709897,1.446492586702448,0.6506424885048938,0.20292592107272475,0.4127000510993537,0.6628050524427765,0.13485012404333302,10.455252430685114,7.228302941182541,66.00004577636719,2.8498055934906006,7.849924087524414,
NSGA-II,NSGA-II,20260323,1.710500597821159,35.500270425680384,9.988946705393527,0.5708013712850817,1.4470089862868587,0.6506427808146336,0.20292592127705214,0.4127006720522508,0.6627264794411766,0.13467306328286138,11.190370184809801,7.228147017946695,66.0000228881836,2.849721670150757,7.8499836921691895,
NSGA-II,NSGA-II,20260323,1.7104891349142752,35.49470321154658,9.985413208223186,0.5708676064709897,1.4464947824234808,0.6506081537474073,0.20292592400565657,0.4127004955097673,0.6626787065551538,0.13485020661522945,10.455504346382483,7.228132277379802,66.00050354003906,2.84993052482605,7.849876403808594,
NSGA-II,NSGA-II,20260323,1.7113638983078938,35.78963462490247,9.946928754182913,0.5704175448835416,1.4470197156122717,0.6504685108691923,0.20293789053800923,0.4117632998143466,0.6617037830364891,0.13375181546373072,11.246511390566333,7.170855955812107,66.0001220703125,2.849961042404175,7.848577976226807,
NSGA-II,NSGA-II,20260323,1.7104169521354475,35.49454233520886,9.985393345608088,0.5708182514215997,1.446519198836564,0.6506423317940295,0.20293868120991387,0.41270050144063186,0.6626827420209489,0.134852912502249,10.455396070706321,7.228836212033087,66.00076293945312,2.8499813079833984,7.849979400634766,
NSGA-II,NSGA-II,20260324,1.5068465649560472,41.54798961897115,8.445551533485819,0.5674043553625945,0.7922060045057678,0.6407290189497602,0.21116691651362404,0.4515709042480157,0.7121592413302722,0.11955733997052737,4.043730230626402,6.301573496769823,66.0090103149414,2.8499999046325684,7.845178127288818,
NSGA-II,NSGA-II,20260324,1.5452929605824588,41.563551588018456,8.402822054379076,0.5675957020881359,0.7924324510506089,0.6407204944213094,0.21116483231133082,0.45157435768685317,0.7100964206392137,0.11888620090585111,5.351652002364823,6.35370220997171,66.01677703857422,2.8450276851654053,7.849999904632568,
NSGA-II,NSGA-II,20260324,1.5042855041804308,41.21428303510658,8.414665353194307,0.5674071742598201,0.784748127974716,0.6401214792937615,0.20996325022946105,0.4517565806842474,0.6883730370474941,0.11956184756328186,-14.349179613997272,6.28062198815909,66.0,2.8497159481048584,7.813426971435547,
NSGA-II,NSGA-II,20260324,1.5090035539641629,57.4050670135087,8.403070935736162,0.5648360828571626,0.8365607938896428,0.6402928961127252,0.210965572680468,0.4515691657244305,0.7102109076200592,0.12081448879630183,4.608000879319356,6.280938197713867,66.3394775390625,2.8499996662139893,7.849546432495117,
NSGA-II,NSGA-II,20260324,1.5093445680570712,57.61497334780358,8.398287256154022,0.5674076813139821,0.786044010650971,0.6401219379199955,0.21683175615211642,0.44085874198935915,0.7103087859641325,0.12077227699013926,4.866949118744799,6.279653414023776,66.56401824951172,2.849998712539673,7.849882125854492,
NSGA-II,NSGA-II,20260324,1.5091621750206685,41.549291021072065,8.516456551604788,0.5676067178472833,0.7845411637984429,0.6405149462300814,0.21115933672050413,0.4515733463759275,0.7138692849801411,0.120807081890625,-2.1225444272756135,6.358719134821348,66.0,2.8487439155578613,7.848693370819092,
NSGA-II,NSGA-II,20260324,1.5468503400537434,41.4383456218997,8.398920203028847,0.5674053579748533,0.784493676853713,0.640572507447628,0.2111631876086373,0.45156197412133425,0.7125933193328666,0.12087598680668127,5.351804072279911,6.301082631798191,66.00032043457031,2.8445632457733154,7.84999942779541,
NSGA-II,NSGA-II,20260324,1.5092123284895118,41.56807917940481,8.446373016031961,0.567601594289229,0.7844128820862953,0.6405656297112508,0.21116964375955224,0.45134104695586774,0.7124123361504766,0.11888544363983186,-3.042065059689257,6.355998062649584,66.00402069091797,2.849985122680664,7.849181652069092,
NSGA-II,NSGA-II,20260324,1.5092524022196143,41.56807917940481,8.446373016031961,0.5673999087068187,0.7844962710713526,0.640572403981747,0.21116964375955224,0.45134062709074696,0.7125977445370278,0.11882925354292913,-3.042065059689257,6.355998062649584,66.0030288696289,2.849982261657715,7.8495683670043945,
NSGA-II,NSGA-II,20260324,1.5094560272850297,41.62523973661246,8.513579616991967,0.567404446835865,0.792045045969976,0.6405467826016388,0.21116903973510587,0.45157281124187343,0.7155060821400334,0.12080473591601545,4.890537485236102,6.359978007736495,66.00160217285156,2.849637985229492,7.849998950958252,
NSGA-II,NSGA-II,20260324,1.5056957725950153,41.62523973661246,8.527009288235678,0.5676102330288919,0.7920673878687761,0.6405467826016388,0.2111674963661449,0.45157280327987726,0.7153396315437469,0.12080745934350691,5.339621071192177,6.359978007736495,66.00220489501953,2.8499748706817627,7.849038600921631,
NSGA-II,NSGA-II,20260324,1.5092031650445887,41.54963138173326,8.518049500632788,0.5676091308404965,0.7847662716274347,0.6405215192562506,0.21115307417613097,0.45156474719765755,0.710288246669482,0.12085378848645467,4.608385765173644,6.350431974939277,66.00021362304688,2.8499867916107178,7.84612512588501,
NSGA-II,NSGA-II,20260324,1.5067428706346495,41.62523973661246,8.520414060365074,0.5676102330288919,0.7920673878687761,0.6405467826016388,0.2111674963661449,0.45156919883681634,0.7153396315437469,0.12081431715542977,4.905550652810504,6.361665589480995,66.00238037109375,2.8499813079833984,7.849371433258057,
NSGA-II,NSGA-II,20260324,1.5041381067958859,41.60822425320956,8.518821558314615,0.5678564918992348,0.7922580385574473,0.6407268578531815,0.21114214445551732,0.45156857779344084,0.7150988263413335,0.11885967257244012,4.829204815392096,6.355696627260084,66.00000762939453,2.8495712280273438,7.848792552947998,
NSGA-II,NSGA-II,20260324,1.5092188944003233,41.567886115186745,8.512928262212316,0.5674012388233798,0.792045045969976,0.6405662363792658,0.21116903973510587,0.45157281124187343,0.7155060821400334,0.12080473591601545,5.0682346458725505,6.359978007736495,66.0004653930664,2.849735736846924,7.849987983703613,
NSGA-II,NSGA-II,20260324,1.5090035539641629,57.791088051782395,8.403070935736162,0.5648360828571626,0.8365607938896428,0.6402928845721548,0.210965572680468,0.4515691657244305,0.7101436685811343,0.12084810848988582,4.729167431382869,6.2809371751554774,66.34696960449219,2.84999942779541,7.849740505218506,
NSGA-II,NSGA-II,20260324,1.5099326739147574,56.75233353122816,8.400655705864475,0.5648360828571626,0.8365607938896428,0.6402928946586351,0.210965572680468,0.4515691657244305,0.7102109076200592,0.12081605279329748,4.608000879319356,6.28195295719309,66.32684326171875,2.849999189376831,7.849310398101807,
NSGA-II,NSGA-II,20260324,1.5089787772071053,41.768862821750915,8.516956843392322,0.5676095550134024,0.7846608142410745,0.6405214329552186,0.21116428866899442,0.4515812557407355,0.7125934108890253,0.120807081890625,4.312269283268385,6.357197870702962,66.00082397460938,2.849982261657715,7.848282337188721,
NSGA-II,NSGA-II,20260324,1.5099310763374532,56.75233353122816,8.400655705864475,0.5648429898253504,0.8365607938896428,0.6402994720842676,0.210965572680468,0.4515648096188837,0.7102887436076378,0.12080690305864758,4.60803090979676,6.28195295719309,66.32667541503906,2.8499984741210938,7.849377632141113,
NSGA-II,NSGA-II,20260324,1.5094560272850297,41.60278170288518,8.510307332746688,0.5674040597307626,0.792045045969976,0.6405467826016388,0.21116575496826895,0.4515729747450009,0.7154310065667691,0.12082677828215094,4.890537485236102,6.359978007736495,66.00131225585938,2.849754571914673,7.849997520446777,
NSGA-II,NSGA-II,20260324,1.5090035539641629,57.79094779055393,8.403070935736162,0.5648360828571626,0.8365607938896428,0.6402928946586351,0.210965572680468,0.4515691657244305,0.7102109076200592,0.12084729241376607,4.72857634221279,6.280954260375195,66.34686279296875,2.8499948978424072,7.849794864654541,
NSGA-II,NSGA-II,20260324,1.5090035539641629,57.79094779055393,8.403070935736162,0.5648360828571626,0.8365607938896428,0.6402928946586351,0.210965572680468,0.4515691657244305,0.7102142847591784,0.12084728164729665,4.72857634221279,6.280953384956588,66.34685516357422,2.849994659423828,7.84979772567749,
NSGA-II,NSGA-II,20260324,1.509393003097435,57.60253710532135,8.398287256154022,0.5674076813139821,0.786044010650971,0.6401221796562149,0.2168316536041676,0.44085874198935915,0.7103062710025436,0.1207938856999382,4.8556878678586415,6.279630474278306,66.56380462646484,2.849998712539673,7.849867820739746,
NSGA-II,NSGA-II,20260324,1.506834730913223,41.62523973661246,8.518651897165878,0.5674040600846622,0.792045045969976,0.6405467826016388,0.21116898946021356,0.4515728292018373,0.7155060821400334,0.11885967257244012,4.890537485236102,6.360050905519312,66.00000762939453,2.8490405082702637,7.849936008453369,
NSGA-II,NSGA-II,20260324,1.5094639992871595,41.54991377399389,8.520724103441633,0.5674068847745808,0.792045045969976,0.6405467826016388,0.2111690541305748,0.45157280525605825,0.715646055459607,0.12091980667863611,4.570860185207152,6.359978007736495,66.0001220703125,2.8494088649749756,7.849894046783447,
NSGA-II,NSGA-II,20260324,1.5068723785613936,57.38803430461889,8.401641599893479,0.5675691431101523,0.8440905257019669,0.6401341593325943,0.21114634279327008,0.45136990379768877,0.7124609561101991,0.12008180897048178,4.56043696534519,6.354739783636184,66.37276458740234,2.8499391078948975,7.849994659423828,
NSGA-II,NSGA-II,20260324,1.508459516710578,41.62248697985655,8.518856932229863,0.5674040600846622,0.7920334340970857,0.6405467826016388,0.21117112730150328,0.45157269842794123,0.7155441443744591,0.120828822025544,5.5405490625552005,6.360426543958617,66.00066375732422,2.8498246669769287,7.849954128265381,
NSGA-II,NSGA-II,20260324,1.5099326739147574,57.79046059073437,8.400655705864475,0.5648360828571626,0.8365607938896428,0.6402928946958198,0.210965572680468,0.4515691657244305,0.7102109076200592,0.12084849183266624,4.602007750573335,6.281951696290391,66.34676361083984,2.8499324321746826,7.849944591522217,
NSGA-II,NSGA-II,20260324,1.5068227665880716,57.38803430461889,8.401641599893479,0.5675691431101523,0.8438034211500496,0.6401213129446304,0.21114386935886123,0.45136444381154295,0.7124382628966118,0.12007705619651826,4.608823184490028,6.353924187399008,66.37220764160156,2.8499507904052734,7.849986553192139,
NSGA-II,NSGA-II,20260324,1.5066357346333574,41.54991377399389,8.520724103441633,0.5674079055745136,0.792045045969976,0.6405467826016388,0.2111690541305748,0.45157280525605825,0.715633160726173,0.12091980667863611,4.570860185207152,6.359978007736495,66.00001525878906,2.8499667644500732,7.8496832847595215,
NSGA-II,NSGA-II,20260324,1.5099816668582384,56.75233353122816,8.400655705864475,0.5648361238244195,0.8368384820521191,0.6402994720842676,0.21096552014358058,0.4515648096188837,0.7102887436076378,0.1208116558326111,4.458462803965325,6.282768553430265,66.3270492553711,2.8499953746795654,7.84937858581543,
NSGA-II,NSGA-II,20260324,1.5090035539641629,57.79098187844345,8.403070935736162,0.5648360828571626,0.8365607938896428,0.6402928844192988,0.210965572680468,0.4515691657244305,0.7102075101721749,0.12084810848988582,4.729167431382869,6.2809371751554774,66.34687042236328,2.8499953746795654,7.849791049957275,
NSGA-II,NSGA-II,20260324,1.5059425242180264,41.62523973661246,8.517921808461342,0.5674041563303203,0.7920674030069661,0.6405467826016388,0.21116891651112907,0.4515728301598043,0.7155060821400334,0.11885844140322527,4.890537485236102,6.360428385146039,66.00001525878906,2.8492472171783447,7.8499064445495605,
NSGA-II,NSGA-II,20260324,1.5060442213964764,41.195040890571974,8.406367380975414,0.5673907569132581,0.784748127974716,0.6405852533355708,0.20996325022946105,0.4515342225400131,0.6859087419371049,0.11895691542628241,-14.756448528747754,6.280766769514268,66.00009155273438,2.8499982357025146,7.811636447906494,
NSGA-II,NSGA-II,20260324,1.5094560272850297,41.62523973661246,8.513579616991967,0.56740444701663,0.792045045969976,0.6405467826016388,0.21116903973510587,0.45157281124187343,0.7155060821400334,0.12080473591601545,4.890537485236102,6.359978007736495,66.00160217285156,2.849637985229492,7.849998950958252,
NSGA-II,NSGA-II,20260324,1.5093997992698263,57.607422024265176,8.39844714636126,0.5674076813139821,0.7860381277482225,0.6401221796562149,0.2168316536041676,0.44085874198935915,0.7103062710025436,0.1207267821186265,4.866935305663084,6.280455364736509,66.56378936767578,2.849984884262085,7.849931240081787,
NSGA-II,NSGA-II,20260324,1.5091601132626866,41.49588305599361,8.520446281185086,0.5676067178472833,0.7865274629181911,0.640515767304665,0.2111567177764802,0.45156438767064344,0.7103354369929014,0.120807081890625,4.608137323571022,6.358138912656972,66.00178527832031,2.8499884605407715,7.846261978149414,
NSGA-II,NSGA-II,20260324,1.5084683594713144,41.62523973661246,8.522741242171747,0.5675605488803142,0.7920334340970857,0.6405467826016388,0.211171466511433,0.4513735169382457,0.7155060821400334,0.12011472320680566,4.555170662581318,6.360426543958617,66.00013732910156,2.8494176864624023,7.849920272827148,
NSGA-II,NSGA-II,20260324,1.5075698180790789,41.54991377399389,8.518967258477993,0.5674068847745808,0.7920453553756328,0.6405781877179199,0.2111691701530451,0.45157240299953016,0.7155070863009229,0.12091980667863611,4.570860185207152,6.3599761361918175,66.0001220703125,2.8498785495758057,7.849728584289551,
NSGA-II,NSGA-II,20260324,1.5068723785613936,57.38803430461889,8.401641599893479,0.5675691431101523,0.8440905257019669,0.6401341593325943,0.21114634279327008,0.45136990379768877,0.7124609561101991,0.12008180897048178,4.56043696534519,6.354741395758141,66.37276458740234,2.8499391078948975,7.849994659423828,
NSGA-II,NSGA-II,20260324,1.5092123284895118,41.60647182238564,8.446373016031961,0.5676060517357898,0.7844128820862953,0.6405662222867983,0.21116940237219659,0.4513408264033721,0.7124123361504766,0.11888544363983186,-3.042065059689257,6.355995385916822,66.0046615600586,2.8499927520751953,7.849197864532471,
NSGA-II,NSGA-II,20260324,1.5073000392843068,41.62523973661246,8.514726771067357,0.5674040621597825,0.7920674030069661,0.6405467599366771,0.211168814875767,0.45157285748012943,0.7155060821400334,0.11900853742090635,4.890537485236102,6.3591868033352315,66.00033569335938,2.8491082191467285,7.849966526031494,
NSGA-II,NSGA-II,20260324,1.546845660931277,41.43411017249157,8.400959402574884,0.567401671694543,0.7845014408710871,0.640572488066473,0.2111631876086373,0.45156135136979025,0.7126323714733399,0.12085436815789424,5.371325188735987,6.301094895592055,66.00006866455078,2.8444950580596924,7.849997043609619,
NSGA-II,NSGA-II,20260324,1.5077615712262065,42.03623881376145,8.519021893184622,0.5674077648029999,0.7920334340970857,0.6405467826016388,0.2111710256661412,0.45157285652087065,0.7153257404167364,0.12075956174166266,4.891594165705527,6.359976166549072,66.008544921875,2.849883556365967,7.849874019622803,
NSGA-II,NSGA-II,20260324,1.5056300075961255,41.63039028509275,8.527009288235678,0.5676103287528296,0.7920673878687761,0.6405145244132058,0.2111674963661449,0.45157280327987726,0.7151679859773236,0.12080745934350691,5.339621071192177,6.359970995258,66.00259399414062,2.8499865531921387,7.848902225494385,
NSGA-II,NSGA-II,20260324,1.5092031650445887,41.549531495849415,8.518049500632788,0.5676116265736949,0.7847662716274347,0.6405215192562506,0.21115307417613097,0.45156474719765755,0.710288246669482,0.12085378848645467,4.608385765173644,6.351038945463162,66.00029754638672,2.849996328353882,7.8461456298828125,
NSGA-II,NSGA-II,20260324,1.5473493179314937,41.05330065246758,8.400666379264251,0.5676164500431782,0.7845155973487111,0.6405689086383786,0.21116233706089574,0.4513436785811267,0.7084074549268747,0.12081876093595581,4.817008661827373,6.358580312660529,66.00083923339844,2.8464064598083496,7.84999942779541,
NSGA-II,NSGA-II,20260324,1.5042022572358107,41.62523973661246,8.517921808461342,0.5674068941591333,0.7920674030069661,0.6405467826016388,0.2111691725386474,0.4515728574788377,0.7154850699861587,0.11885840505600966,4.888850567272158,6.359978007736495,66.00001525878906,2.8495750427246094,7.849733829498291,
NSGA-II,NSGA-II,20260324,1.5094693584803656,41.54980722806263,8.518967258477993,0.5674068847745808,0.7920971376816227,0.6405855781680314,0.2111691701530451,0.4515722417641692,0.7155063958839532,0.12092008896051527,4.68231890765599,6.359976168220933,66.0001449584961,2.8495287895202637,7.84987211227417,
NSGA-II,NSGA-II,20260324,1.5468503400537434,41.4343723338984,8.39852049995635,0.5674050463290454,0.784493676853713,0.6405725075182698,0.2111631876086373,0.4515613570337372,0.7125920713007563,0.12094727609909553,5.351804072279911,6.301094770381032,66.00030517578125,2.844611406326294,7.849998950958252,
NSGA-II,NSGA-II,20260324,1.5093445735233724,57.61497334780358,8.398287256154022,0.5674076731977489,0.786044010650971,0.6401219379199955,0.21683175615211642,0.44085874198935915,0.7103087859641325,0.12077227699013926,4.866949118744799,6.279653414023776,66.56401824951172,2.849998712539673,7.849882125854492,
NSGA-II,NSGA-II,20260324,1.509462417490516,41.54991377399389,8.520724103441633,0.5674068847745808,0.792045045969976,0.640567710850841,0.21116915472225675,0.45157266523188866,0.7156119717195363,0.12091980667863611,4.566494263894668,6.358670490193125,66.00004577636719,2.849396228790283,7.849816799163818,
NSGA-II,NSGA-II,20260324,1.5090024080810664,41.54026527710975,8.405873063687395,0.5648262557207113,0.779334000328983,0.6405537511330646,0.21632828347511723,0.4406610922999855,0.7104714321105077,0.11880272964820064,4.03302187417458,6.278779966062224,66.21393585205078,2.849996328353882,7.8480095863342285,
NSGA-II,NSGA-II,20260324,1.5475311845440072,41.43685086359935,8.402735024806049,0.5674078053333332,0.7845014408710871,0.6405971077997645,0.2111631876086373,0.45157298051597916,0.7126330028238791,0.12085226678782066,5.3617534652902705,6.300654331680045,66.0,2.8443050384521484,7.8499979972839355,
NSGA-II,NSGA-II,20260324,1.508459516710578,41.6249670196862,8.522741242171747,0.5674040600846622,0.7920334340970857,0.6405467826016388,0.21117112730150328,0.451572744094325,0.7155060821400334,0.11885967257244012,4.890537485236102,6.360426543958617,66.00003051757812,2.8486075401306152,7.8499932289123535,
NSGA-II,NSGA-II,20260324,1.5093445503250467,57.57108927314676,8.398287256154022,0.5674076731977489,0.7860438074230288,0.640125428975281,0.21683175615211642,0.44085874198935915,0.7103033563894722,0.12077227827298802,4.866949118744799,6.279653414023776,66.5631332397461,2.849999189376831,7.849853515625,
NSGA-II,NSGA-II,20260324,1.5077281271330154,41.62523973661246,8.518217387506766,0.5674041508824428,0.7920674030069661,0.6405467826016388,0.211168814875767,0.4515708562453788,0.7155060821400334,0.11888290657750483,4.890537485236102,6.359978007736495,66.0000991821289,2.8488876819610596,7.849998474121094,
NSGA-II,NSGA-II,20260324,1.508459516710578,41.62497009325808,8.522741242171747,0.5674040600846622,0.7920334340970857,0.6405467826016388,0.21117112730150328,0.451572744094325,0.7155060821400334,0.11885967257244012,4.890537485236102,6.360426543958617,66.00003051757812,2.8486075401306152,7.8499932289123535,
NSGA-II,NSGA-II,20260324,1.5468503400537434,41.4369489022736,8.402689344697823,0.5674017406698639,0.7845015211310704,0.6405726568161998,0.2111631876086373,0.4515612205016304,0.7126333895792726,0.12085075013897102,5.351961491704344,6.301099467373642,66.00000762939453,2.8444442749023438,7.849974155426025,
NSGA-II,NSGA-II,20260324,1.5091605847457723,41.54926495803271,8.520446281185086,0.5676067178472833,0.7865274629181911,0.640515767304665,0.2111567177764802,0.45156438767064344,0.7103354369929014,0.12080664522921741,4.608137323571022,6.3581650578182405,66.00267791748047,2.84999942779541,7.8462934494018555,
NSGA-II,NSGA-II,20260324,1.5094624054117691,41.54991377399389,8.520751488446363,0.5674068847745808,0.792045045969976,0.640567710850841,0.21116915472225675,0.4515728116158627,0.7156119717195363,0.12080249812416971,4.566494263894668,6.358670490193125,66.0000228881836,2.849332094192505,7.849821090698242,
NSGA-II,NSGA-II,20260324,1.5068227665880716,57.38803430461889,8.401641599893479,0.5675691431101523,0.8438034211500496,0.6401249562676967,0.21114386935886123,0.4513713040910661,0.7124382628966118,0.12007705619651826,4.669954819532926,6.354027427601408,66.37223052978516,2.8499503135681152,7.84999418258667,
NSGA-II,NSGA-II,20260324,1.506834730913223,41.62523973661246,8.518649786739836,0.5674040538128313,0.7920453354353084,0.6405467826016388,0.21116898946021356,0.45157282819121897,0.7155060821400334,0.11885956244203058,4.890537485236102,6.360050905519312,66.00000762939453,2.8490405082702637,7.849936008453369,
NSGA-II,NSGA-II,20260324,1.5084101233142437,41.62558356697323,8.522741242171747,0.5674040434357278,0.7920334340970857,0.6405467826016388,0.21117116372973427,0.4515728292018373,0.7155060821400334,0.11882956129348363,4.894915388745531,6.360426543958617,66.00001525878906,2.848602771759033,7.849993705749512,
NSGA-II,NSGA-II,20260324,1.506834730913223,41.62810347648149,8.518651897165878,0.567406791393225,0.792045045969976,0.6405480132523473,0.21116898946021356,0.4515728292018373,0.7155076483701406,0.11885967257244012,4.890537485236102,6.360050905519312,66.00006103515625,2.84904146194458,7.849936485290527,
NSGA-II,NSGA-II,20260324,1.5468997334500778,41.43799871796705,8.398920203028847,0.5674053746237876,0.784493676853713,0.640572507447628,0.21116315118040635,0.45156197412133425,0.7125933193328666,0.12090609808563776,5.34742616877049,6.301082631798191,66.00033569335938,2.8445677757263184,7.84999942779541,
NSGA-II,NSGA-II,20260324,1.5090024080810664,41.49576628950518,8.405873063687395,0.5648262557207113,0.7839321092584668,0.6405537511330646,0.21624978817140333,0.44066708853019687,0.7135725912340295,0.11880272964820064,4.705711769366481,6.278779966062224,66.20854949951172,2.8498830795288086,7.849994659423828,
NSGA-II,NSGA-II,20260324,1.5094693584803656,41.551964209952935,8.518694557033491,0.5674068847745808,0.7920981336530885,0.6405855781680314,0.21117110297727987,0.4515722417641692,0.7155063958839532,0.12091265427804537,4.68231890765599,6.360411449266539,66.00030517578125,2.849538803100586,7.849897861480713,
NSGA-II,NSGA-II,20260324,1.5099310763374532,56.76836162040505,8.400655705864475,0.5648429898253504,0.8365607938896428,0.6402994720842676,0.21096028539534145,0.451565072612849,0.7102887436076378,0.12081773224173077,4.608436466628419,6.280883245745885,66.32665252685547,2.8499884605407715,7.849339962005615,
NSGA-II,NSGA-II,20260324,1.5073000392843068,41.62523973661246,8.514726771067357,0.5674040621597825,0.7920674030069661,0.6405467599366771,0.211168814875767,0.45157285748012943,0.7155060821400334,0.11900853742090635,4.890537485236102,6.359932924422635,66.00048065185547,2.849116563796997,7.8499884605407715,
NSGA-II,NSGA-II,20260324,1.5099310763374532,56.76836162040505,8.400655705864475,0.5648660619750228,0.8365607938896428,0.6402994522834432,0.21094789020291158,0.4515646971765287,0.7102887436076378,0.12079638308371046,4.608436466628419,6.280883245745885,66.32612609863281,2.849993944168091,7.849335193634033,
NSGA-II,NSGA-II,20260324,1.5091601132626866,41.49588305599361,8.520446281185086,0.5676067178472833,0.7865274629181911,0.640515767304665,0.2111567177764802,0.4515733791028905,0.7103630754153427,0.12085240998777474,4.608137323571022,6.358138912656972,66.00184631347656,2.8499956130981445,7.846263885498047,
NSGA-II,NSGA-II,20260324,1.5082688754906703,41.62558356697323,8.522741242171747,0.567404042385109,0.7920333499991363,0.6405467826016388,0.21117116372973427,0.4515728295905268,0.7155050890359483,0.11882956129348363,4.890480885777222,6.360426543958617,66.00001525878906,2.848629951477051,7.849982738494873,
NSGA-II,NSGA-II,20260324,1.5084153060597771,41.5515904869013,8.518102369455743,0.5674068706853683,0.792032520675649,0.6405484112002648,0.2111691674377132,0.4515728124954965,0.715507037608218,0.12091980667863611,4.895731901835397,6.3599779968881895,66.00013732910156,2.8497626781463623,7.849798679351807,
NSGA-II,NSGA-II,20260324,1.5083050841915155,41.54032443100479,8.511433087705747,0.5648261595794792,0.7793159183399326,0.6405595369966539,0.21641976464666451,0.44085886477994685,0.7104916089010315,0.120963951528447,4.80645514903707,6.355135622781397,66.21646881103516,2.849984645843506,7.849920272827148,
NSGA-II,NSGA-II,20260324,1.5092962869638376,41.54991377399389,8.518967258477993,0.5674068847745808,0.7920450460459272,0.6405781877179199,0.21116915437391753,0.45157240567851364,0.7155070863009229,0.12091922439602147,4.570860185207152,6.3599761361918175,66.0002212524414,2.849536418914795,7.849847793579102,
NSGA-II,NSGA-II,20260324,1.5059758195151698,41.19588575616679,8.406367380975414,0.5674076802410934,0.784748127974716,0.6405768295767947,0.20996325022946105,0.4515341082903179,0.6860349118870737,0.1189564927076104,-14.741553126667423,6.280766769514268,66.00003814697266,2.8499927520751953,7.811729907989502,
NSGA-II,NSGA-II,20260324,1.5068465649560472,41.54798961897115,8.507692445091116,0.5674930570793159,0.7922060045057678,0.640735656681776,0.21114892084124307,0.4515709042480157,0.7121592413302722,0.11955733997052737,4.830835415444689,6.355235710781711,66.00409698486328,2.8499903678894043,7.8473219871521,
NSGA-II,NSGA-II,20260324,1.5083050841915155,41.54032443100479,8.449292176100446,0.5647374578627579,0.7793159183399326,0.640552899264638,0.2164377603190455,0.44085886477994685,0.7104916089010315,0.120963951528447,4.019349964218783,6.301473408769509,66.2212905883789,2.849996566772461,7.847771167755127,
NSGA-II,NSGA-II,20260324,1.5094624054117691,41.54991377399389,8.520751488446363,0.5674068847745808,0.792045045969976,0.6405680735080462,0.21116915472225675,0.4515728116158627,0.7156119717195363,0.12080134721601271,4.566494263894668,6.358670490193125,66.0000228881836,2.849331855773926,7.8498215675354,
NSGA-II,NSGA-II,20260324,1.5066512892820463,41.62523973661246,8.520843549092774,0.5674077910436877,0.7920459364540395,0.6405467819861883,0.211168814875767,0.45157285748012943,0.7155060821400334,0.12089048371992535,4.890537485236102,6.3599323394330725,66.00182342529297,2.8499693870544434,7.84956169128418,
NSGA-II,NSGA-II,20260324,1.5068739417369028,57.372006215442006,8.401641599893479,0.5675691431101523,0.8440886989743398,0.6401332523185723,0.2111491566439878,0.45137104109710074,0.7124382628966118,0.12006622701343507,4.669549262701267,6.355098802876968,66.37265014648438,2.84993839263916,7.849996566772461,
NSGA-II,NSGA-II,20260324,1.547519824867261,41.44164944494824,8.402791793928124,0.5674079258185569,0.7844961207390984,0.6405933097457623,0.21116318753570668,0.4515596758787802,0.7125889736017542,0.12085486205473107,5.3617534652902705,6.300931396767913,66.00005340576172,2.8443353176116943,7.849998474121094,
NSGA-II,NSGA-II,20260324,1.509462405862661,41.54980597908408,8.518967258477993,0.5674068847745808,0.7920971376816227,0.6405855781680314,0.21116917016240133,0.4515722417641692,0.7155063958839532,0.1208079073469805,4.685339529775909,6.359966866359469,66.00006866455078,2.8494739532470703,7.849883079528809,
NSGA-II,NSGA-II,20260324,1.5475184341544321,41.44164944494824,8.402764791985607,0.5674079258185569,0.7844961207390984,0.6405933097457623,0.2111631875361037,0.45155968101427496,0.7125889736017542,0.12085486205473107,5.36217617244489,6.300931396767913,66.00006103515625,2.8443362712860107,7.849998950958252,
NSGA-II,NSGA-II,20260324,1.509445752420155,41.54991377399389,8.522816557540219,0.5674068706853683,0.792032520675649,0.6405484932803709,0.2111690540363421,0.4515728116508298,0.7155070863009229,0.12091980667863611,4.893515347754679,6.3599780200265705,66.00005340576172,2.8494155406951904,7.849771022796631,
NSGA-II,NSGA-II,20260324,1.509469358029474,41.549915022972456,8.520751488446363,0.5674068847745808,0.792045045969976,0.640567710850841,0.21116915471290054,0.4515728116158627,0.7156119717195363,0.12091467973770449,4.563473641774749,6.35867979205459,66.00005340576172,2.849390745162964,7.849817276000977,
NSGA-II,NSGA-II,20260324,1.5042022572358107,41.625219995560485,8.517920110525246,0.5674068941591333,0.7920674030069661,0.6405467826016388,0.21116915299042205,0.4515728574788377,0.7154854684866241,0.11885840505600966,4.888850567272158,6.360422327258086,66.0000228881836,2.8495867252349854,7.849758625030518,
NSGA-II,NSGA-II,20260324,1.5468503400537434,41.42969249651417,8.398920203028847,0.5674053579748533,0.784493676853713,0.640591387086552,0.2111631876086373,0.4515730821420446,0.7125933193328666,0.12087598680668127,5.332677344073666,6.301082631798191,66.00015258789062,2.844562292098999,7.84999942779541,
NSGA-II,NSGA-II,20260324,1.546847051644106,41.43411017249157,8.400986404517402,0.567401671694543,0.7845014408710871,0.640572488066473,0.21116318760824032,0.45156134623429556,0.7126323714733399,0.12085436815789424,5.370902481581368,6.301094895592055,66.00006103515625,2.844494581222534,7.849997520446777,
NSGA-II,NSGA-II,20260324,1.5084335529267818,41.54991377399389,8.520724103441633,0.5674068847745808,0.792045045969976,0.6405467624181077,0.2111691702472778,0.45157280525605825,0.715646055459607,0.12091980667863611,4.5730767392878775,6.359976123901742,66.00006103515625,2.8496129512786865,7.849822521209717,
NSGA-II,NSGA-II,20260324,1.5094560272850297,41.55081244643836,8.513579616991967,0.5674071072260953,0.792045045969976,0.6405467826016388,0.21116903973510587,0.45157281124187343,0.7155027029399541,0.12080473591601545,4.8761995074704885,6.359978007736495,66.00038146972656,2.849621057510376,7.849951267242432,
NSGA-II,NSGA-II,20260324,1.5461271409794353,41.55114636581853,8.398920203028847,0.5674079258185569,0.7844961207390984,0.6405722542398338,0.21116297169052,0.45156197412133425,0.7125889736017542,0.1208549100698452,5.3617534652902705,6.300931396767913,66.00215911865234,2.844715118408203,7.84999942779541,
NSGA-II,NSGA-II,20260324,1.5091818087402924,58.607221918223175,8.403669515328748,0.5674445142290567,0.7860772579223698,0.6405763424196959,0.2170920872321428,0.44083141634272616,0.7101110036609232,0.12078748696320851,5.374585623212816,6.280504912520163,66.59765625,2.8497347831726074,7.849997520446777,
NSGA-II,NSGA-II,20260324,1.5060442213964764,41.195040890571974,8.406367380975414,0.5673907569132581,0.784748127974716,0.6405850498247058,0.20996325022946105,0.4515342225400131,0.6859087419371049,0.11895691542628241,-14.756448528747754,6.280766769514268,66.0000991821289,2.8499979972839355,7.811635971069336,
NSGA-II,NSGA-II,20260324,1.5485168209325026,41.54757470038232,8.43860146427011,0.5674373355590314,0.7843477335478696,0.6405774920993653,0.21116293346490092,0.45157239715273106,0.7126914490537224,0.12085341112698776,5.551244233706086,6.302421606460052,66.0,2.8431789875030518,7.849629878997803,
NSGA-II,NSGA-II,20260324,1.5485168209325026,41.54757470038232,8.43860146427011,0.5674373355590314,0.7843477335478696,0.6405774920993653,0.21116293346490092,0.45157239736905164,0.7126914490537224,0.12085341112698776,5.551244233706086,6.302421606460052,66.0,2.8431789875030518,7.849629878997803,
NSGA-II,NSGA-II,20260324,1.5068465649560472,41.54798961897115,8.445551533485819,0.567404050858088,0.7922060045057678,0.6407290189497602,0.21116686416019104,0.4515709042480157,0.7121592413302722,0.11955733997052737,4.043730230626402,6.301573496769823,66.0090103149414,2.8499996662139893,7.845178127288818,
NSGA-II,NSGA-II,20260324,1.5041403991920914,41.53575041558216,8.407015654604498,0.567390884175923,0.784748127974716,0.6401372259675884,0.21002702012424246,0.45153577177920823,0.6883729495991944,0.11968139933401305,-14.756448528747754,6.280670512630454,66.0085678100586,2.849999189376831,7.813144683837891,
NSGA-II,NSGA-II,20260324,1.5473493179314937,41.05330065246758,8.403888993581898,0.567572208034284,0.7844668114085886,0.6405698164935656,0.21116338936247925,0.4513436785811267,0.7084091045918651,0.12081876093595581,4.817008661827373,6.358339826152921,66.0004653930664,2.8463239669799805,7.8499979972839355,
NSGA-II,NSGA-II,20260325,2.0965052066671395,50.12006818445237,10.456961553002369,0.7161022121219313,1.951802163691334,0.7039226239007161,0.19116590095109753,0.32927122710785195,0.6456969309271882,0.1316587539629545,20.269278483931842,7.94682760444523,66.0,2.835434913635254,7.8488874435424805,
NSGA-II,NSGA-II,20260325,2.208963210300391,53.36488022141599,9.886902699811426,0.7190750652657127,1.9546506333404676,0.7040447841404538,0.1887371869649378,0.3292121803106342,0.6454166162740615,0.13236851839967143,19.689838202803585,7.629285576266528,66.00006866455078,2.8123254776000977,7.849991321563721,
NSGA-II,NSGA-II,20260325,2.206249409219133,50.03263671862933,8.853200506430927,0.7159852302494293,2.0333076525396496,0.7053582263935678,0.18903952513291616,0.3291175966865696,0.6321163836426594,0.13243712940105234,20.151726423914894,7.638570849833515,66.185302734375,2.8447556495666504,7.849999904632568,
NSGA-II,NSGA-II,20260325,2.1879019400951645,53.366149119240404,9.896559179809131,0.7190129192064196,1.9507480789480296,0.7040412005430339,0.18879403659121557,0.32920825007130766,0.6448985686681744,0.13237392105788348,14.360166033214455,7.628602041626728,66.0,2.819035530090332,7.849054336547852,
NSGA-II,NSGA-II,20260325,2.206249409219133,50.03263671862933,8.853200506430927,0.7159852302494293,2.0333076525396496,0.7053582263935678,0.18903955268768322,0.3291175966865696,0.6321163836426594,0.13243712940105234,20.151726423914894,7.638570849833515,66.185302734375,2.8447556495666504,7.849999904632568,
NSGA-II,NSGA-II,20260325,1.9903755687235363,50.21926966400852,10.475241353019483,0.7152406519225083,1.967397874011645,0.7032515810355642,0.191104412752825,0.3372328375359983,0.6241274700413219,0.12915769134022237,18.646409896996232,7.636046845453914,66.09825134277344,2.84999942779541,7.791934013366699,
NSGA-II,NSGA-II,20260325,2.0940591665090835,53.20642895784744,10.438829413060798,0.7189195212973362,1.951802163691334,0.7053855429067168,0.19048630214384465,0.32772828224646605,0.6434317079130583,0.13243095373368724,20.292348831182267,7.926559315128761,66.0093002319336,2.8399951457977295,7.84999942779541,
NSGA-II,NSGA-II,20260325,1.8450860425901727,53.30135311653225,12.367718793154463,0.7159979502910134,2.1213280640916716,0.7061293984132007,0.1886946859694023,0.3294007757791866,0.6418379912577403,0.13243006026967805,18.5263431278361,7.931652221095058,66.0,2.8497796058654785,7.784144878387451,
NSGA-II,NSGA-II,20260325,2.1027037052478557,50.20437230160049,9.792982405172332,0.7160440296131061,2.1208167819961465,0.7053813681580944,0.1887392670726646,0.3274854409988745,0.6453351166207106,0.13235024014859692,18.818513398943182,7.691927885603642,66.13338470458984,2.8499996662139893,7.833780765533447,
NSGA-II,NSGA-II,20260325,2.103811864719282,50.082807810418494,9.904384669678823,0.718987068095947,1.955277580224895,0.705384212328702,0.19049460439967056,0.32807587093806595,0.6433682403878389,0.13233401058452018,18.70380744754548,7.6947759932416915,66.0000228881836,2.8490307331085205,7.843870162963867,
NSGA-II,NSGA-II,20260325,2.2065037237789764,49.998392840939665,8.853200506430927,0.7159852302494293,2.0333076525396496,0.7053582263935678,0.18903818377452664,0.32911713504421053,0.6321163836426594,0.13243712940105234,20.151726423914894,7.638570849833515,66.18450927734375,2.844667673110962,7.849999904632568,
NSGA-II,NSGA-II,20260325,1.9961721295471822,48.28557484385803,10.655784750712069,0.7152593788115625,1.9467154710600583,0.7031932308546147,0.19109689747140265,0.3372051378716411,0.6482101383355289,0.13168955365226837,18.56446960627413,7.636046845453914,66.00001525878906,2.84456205368042,7.8122029304504395,
NSGA-II,NSGA-II,20260325,2.0946108255981866,50.04640947415609,10.306421786774607,0.7190059368256864,1.950984583218595,0.7054082247064715,0.19100831056489984,0.3291667134454786,0.6453289993500178,0.13237438751557878,20.29277365722679,7.945386072789502,66.00082397460938,2.8430583477020264,7.849996089935303,
NSGA-II,NSGA-II,20260325,2.1027037052478557,50.20437100729987,9.792982405172332,0.7160440296131061,2.1208167819961465,0.7053813681580944,0.18873926277907419,0.3274854248274368,0.6453351166207106,0.13235048769935162,18.818513398943182,7.691927885603642,66.13338470458984,2.8499996662139893,7.833780765533447,
NSGA-II,NSGA-II,20260325,2.104137763116624,52.83737929036798,9.895453843121022,0.7153708030001436,1.948139348041575,0.7054229308957566,0.19048243967184197,0.32833270020495525,0.6454512557686226,0.1324054254628904,18.596570370903684,7.635539805224029,66.02421569824219,2.848970890045166,7.8499979972839355,
NSGA-II,NSGA-II,20260325,2.202063454526097,48.15854691643201,8.79399133100007,0.7190159383958723,1.9504800513938865,0.7032862883130719,0.18876717148997713,0.32935743636624987,0.6246042901418942,0.13176296787072733,19.54720702382913,7.626349024333335,66.05533599853516,2.8499953746795654,7.849038124084473,
NSGA-II,NSGA-II,20260325,2.1129882467342522,50.11968502340509,9.895453843121022,0.7152921523043307,1.9673412888007218,0.7054198798001297,0.19046958624422405,0.32873570858848855,0.6453185128981298,0.13165914777124052,18.651030314040007,7.702793865194769,66.0000228881836,2.846442461013794,7.849941253662109,
NSGA-II,NSGA-II,20260325,2.102742817653528,53.28757740265853,9.89653333805158,0.7160034743278538,1.966257682185609,0.705384212328702,0.19045628420715502,0.3280940154585259,0.6448879662665751,0.13164617683168614,14.396338442142586,7.692343172436404,66.06746673583984,2.8497776985168457,7.849934101104736,
NSGA-II,NSGA-II,20260325,2.093106110015569,49.98322030642793,10.308964486757766,0.719018418694655,1.9509866620036624,0.7054084000850626,0.19100831056489984,0.32906804105881665,0.6453255748003183,0.13237355770761125,18.797123475616537,7.945386072789502,66.00001525878906,2.843562126159668,7.849944591522217,
NSGA-II,NSGA-II,20260325,2.202063454526097,49.98144671038453,8.847486045819771,0.7190159646915922,1.954703716841132,0.7053205019471418,0.18876718963311784,0.32935743636624987,0.6238412978135999,0.13237993884321617,19.297352671087623,7.625920694938693,66.08370208740234,2.84987211227417,7.84999942779541,
NSGA-II,NSGA-II,20260325,2.102742817653528,50.105528271429655,9.895533666302903,0.7160034743278538,1.966473231097781,0.705384212328702,0.19049469346360307,0.3281007449586763,0.643237804104988,0.13235045896658112,18.69572209917323,7.693336263247761,66.00225067138672,2.849989652633667,7.84641695022583,
NSGA-II,NSGA-II,20260325,2.202063454526097,49.98144671038453,8.847486045819771,0.7190159646915922,1.9504800513938865,0.7053205019471418,0.18877591250325942,0.32935743636624987,0.6229308586956145,0.13237169223711076,19.288614284071087,7.625927647115595,66.08047485351562,2.8499863147735596,7.84975528717041,
NSGA-II,NSGA-II,20260325,2.1027425625641296,50.20466676342562,9.895453843121022,0.7160428879485614,1.9679552378314604,0.7052950193288183,0.1904892484219758,0.32827813957197044,0.6452190513456237,0.13225177816271388,18.702914495643448,7.69476170021607,66.0044937133789,2.849987268447876,7.847862243652344,
NSGA-II,NSGA-II,20260325,2.2029725402210096,48.230648151445806,8.787772365282116,0.7191224468099069,1.9551491798529104,0.7033097780078905,0.18876718963311784,0.32956601873533287,0.6246245448350102,0.12916129563470213,19.548671666915226,7.642685833432922,66.05731964111328,2.849672555923462,7.84998083114624,
NSGA-II,NSGA-II,20260325,1.816298183768824,53.265922124512386,12.54601012240925,0.7160466910818615,2.1086857699305934,0.7038800649605059,0.18870272255025772,0.32896548840084183,0.6259040728110015,0.13242412766363215,14.593030799404012,7.936533446592117,66.00054168701172,2.84999680519104,7.765480041503906,
NSGA-II,NSGA-II,20260325,2.11307209282481,50.12366425129674,9.885467790942684,0.7152547156617558,1.9682732142732018,0.7054295641434486,0.19046960096079635,0.32872934167976287,0.6453801559312623,0.13165914777124052,18.658785203572954,7.70056561888678,66.00203704833984,2.846693992614746,7.849995136260986,
NSGA-II,NSGA-II,20260325,2.102742817653528,50.78554464604324,9.895533991929675,0.715247624597739,1.9454668884006083,0.705383962028582,0.1911631085453668,0.3281005601411993,0.643872697864449,0.13164979955841943,19.571814665576937,7.700577808354114,66.01779174804688,2.849937915802002,7.849929332733154,
NSGA-II,NSGA-II,20260325,2.112163009876921,50.11960430294331,9.885766297012063,0.7152913120409666,1.967539125453676,0.7054295641434486,0.19046958662217908,0.3287294429154346,0.6453801559312623,0.13165921921099083,18.658785203572954,7.70056561888678,66.00101470947266,2.8470563888549805,7.849982261657715,
NSGA-II,NSGA-II,20260325,2.102577984928597,50.787915146379376,9.895453843121022,0.7160309007756988,1.9454668884006083,0.7054177874889029,0.19100697502166888,0.3282208563837032,0.6439318350605011,0.13235726951604038,20.60552423926579,7.692649296588555,66.01338958740234,2.8499958515167236,7.84858512878418,
NSGA-II,NSGA-II,20260325,2.102577984928597,50.78554464604324,9.895453843121022,0.7152569032561528,1.9454668884006083,0.7054228653546439,0.19102108336024717,0.3281673246071788,0.6439318350605011,0.13236725989497158,18.633672861443685,7.689418476730631,66.01249694824219,2.849994659423828,7.849477767944336,
NSGA-II,NSGA-II,20260325,2.103821910996497,50.21999607821891,9.884993344818188,0.7160791267894502,1.945195277553181,0.7053823702530715,0.19113029811987597,0.3280943241487762,0.64535192397939,0.13164979955841943,19.566712439437723,7.691355119771085,66.00684356689453,2.8496620655059814,7.849637508392334,
NSGA-II,NSGA-II,20260325,2.103837417691515,50.1204970012323,9.895459992197882,0.7152893779918583,1.9675476207761706,0.7054193488954482,0.19046960096079635,0.3287358410172909,0.6453358765233942,0.13234152573055513,18.87590037320082,7.69182468731817,66.00003051757812,2.8495829105377197,7.848598480224609,
NSGA-II,NSGA-II,20260325,2.104137763116624,52.83737929036798,9.895453843121022,0.7153708030001436,1.9482852754118194,0.7054194073746125,0.19048243967184197,0.32833270020495525,0.6454512557686226,0.13240489406790412,19.57276140806188,7.635539805224029,66.02305603027344,2.8490347862243652,7.849989414215088,
NSGA-II,NSGA-II,20260325,2.103821910996497,50.21999607821891,9.884993344818188,0.7160787415421661,1.945195277553181,0.7054177874889029,0.19124949135076486,0.3280943241487762,0.64535192397939,0.13164979955841943,19.566712439437723,7.700509453492961,66.01410675048828,2.8496670722961426,7.8498029708862305,
NSGA-II,NSGA-II,20260325,2.202063454526097,50.057604772874825,8.847606788196106,0.7190159633842763,1.9507233506191586,0.7053205019471418,0.18877591250325942,0.32935743636624987,0.6229308586956145,0.1323508112225194,19.288614284071087,7.625920846992094,66.08203125,2.8499741554260254,7.8498005867004395,
NSGA-II,NSGA-II,20260325,2.202063454526097,49.98144671038453,8.847486045819771,0.7190160173453152,1.954703716841132,0.7053205019471418,0.18876619159257582,0.32935743636624987,0.6238412978135999,0.13237995778938566,19.297352671087623,7.625920694938693,66.08369445800781,2.849870204925537,7.849995136260986,
NSGA-II,NSGA-II,20260325,2.2065037237789764,49.998392840939665,8.853200506430927,0.7159852302494293,2.0333076525396496,0.7053582263935678,0.18903815621975958,0.32911713504421053,0.6321163836426594,0.13243712940105234,20.151726423914894,7.638570849833515,66.18450927734375,2.844667673110962,7.849999904632568,
NSGA-II,NSGA-II,20260325,2.2147540265389942,50.00152051926782,8.690365545533785,0.7160036897284257,2.1181692975364546,0.7043372212745951,0.18902125776421844,0.32931737024205743,0.6234265422707201,0.13241708378422834,20.136322191720865,7.955679268149424,66.36963653564453,2.849947929382324,7.849965572357178,
NSGA-II,NSGA-II,20260325,2.202063454526097,49.895933647225235,8.847486045819771,0.7190159646915922,1.954703716841132,0.7053205019471418,0.18876718963311784,0.32935743636624987,0.6238412978135999,0.13235020241873122,19.281863123019633,7.625920694938693,66.0818099975586,2.8498854637145996,7.849969387054443,
NSGA-II,NSGA-II,20260325,2.202063454526097,49.98138906773042,8.847486045819771,0.7190159646915922,1.9507233506191586,0.7053205019471418,0.188775924913667,0.32935743636624987,0.6229308586956145,0.1323716191575222,19.296979824427908,7.625920843767482,66.08052062988281,2.8499979972839355,7.849761962890625,
NSGA-II,NSGA-II,20260325,2.1028808625009536,50.20674596970569,9.896527612410942,0.7152921523043307,1.967659301606002,0.7054198798001297,0.19046958624422405,0.32873570858848855,0.6453185128981298,0.1323672752497006,18.651762671048388,7.694394967844633,66.00181579589844,2.8499808311462402,7.848711013793945,
NSGA-II,NSGA-II,20260325,2.1027037052478557,50.2433981520455,9.792982405172332,0.7160440296131061,2.1208167819961465,0.7053813681580944,0.18873875306953322,0.3274854409988745,0.6453351166207106,0.13235022987147463,18.8205465393685,7.691927885603642,66.13417053222656,2.8499996662139893,7.833804130554199,
NSGA-II,NSGA-II,20260325,1.8450860425901727,53.30135311653225,12.367712164660196,0.7159979502910134,2.1213280640916716,0.7061293984132007,0.18869726298035266,0.3294007758978841,0.6418379912577403,0.13242758048332404,18.5263431278361,7.936508356243964,66.00003814697266,2.849929094314575,7.784431457519531,
NSGA-II,NSGA-II,20260325,1.816298183768824,53.249069799108206,12.54601012240925,0.7160462519006803,2.1086857699305934,0.7038800649605059,0.1887021374364732,0.32896548839518275,0.6259042790707224,0.13237295659946535,14.54769688627642,7.936533446592117,66.00039672851562,2.8499956130981445,7.7654595375061035,
NSGA-II,NSGA-II,20260325,2.202063454526097,49.89674933880704,8.847486045819771,0.7190159646915922,1.954703716841132,0.7053205019471418,0.1887672532857675,0.32935743636624987,0.6238412978135999,0.13237903548254373,19.297352671087623,7.625920694938693,66.08191680908203,2.8498902320861816,7.849961757659912,
NSGA-II,NSGA-II,20260325,2.202063454526097,49.98144671038453,8.847486045819771,0.7190159646915922,1.9504800513938865,0.7053205019471418,0.18877575439030136,0.32935743636624987,0.6229100914811673,0.13237169223711076,19.29709147741535,7.625927647115595,66.08049011230469,2.849987030029297,7.849740028381348,
NSGA-II,NSGA-II,20260325,1.816298183768824,53.26458250648579,12.54601012240925,0.7160462519006803,2.1086857699305934,0.7038800649605059,0.1887021374364732,0.32896548840084183,0.6259042790707224,0.13237295659946535,14.54769688627642,7.936533446592117,66.00062561035156,2.8499975204467773,7.765467166900635,
NSGA-II,NSGA-II,20260325,2.1028808625009536,50.20674596970569,9.896527612410942,0.7152921523043307,1.967659301606002,0.7054198059009102,0.19046958624422405,0.32873570858848855,0.6453199880335033,0.13164521107729504,18.651762671048388,7.694394967844633,66.00055694580078,2.8499467372894287,7.848973274230957,
NSGA-II,NSGA-II,20260325,2.202063454526097,49.98144671038453,8.847486045819771,0.7190159646915922,1.954703716841132,0.7053205019471418,0.1887672532857675,0.32935743636624987,0.6238412978135999,0.1323794523389267,19.297352671087623,7.625920694938693,66.08370208740234,2.84987211227417,7.84999942779541,
NSGA-II,NSGA-II,20260325,2.1027037052478557,50.20437100729987,9.792982405172332,0.7160440296131061,2.1208167819961465,0.7053813681580944,0.1887392627974822,0.3274854409988745,0.6453351166207106,0.13235048769935162,18.818513398943182,7.691927885603642,66.13338470458984,2.8499996662139893,7.833780765533447,
NSGA-II,NSGA-II,20260325,2.1027037052478557,50.20437100729987,9.792982405172332,0.7160440296131061,2.1208167819961465,0.7053813681580944,0.18873926277949493,0.3274854409988745,0.6453351166207106,0.13235048218702783,18.818513398943182,7.691927885603642,66.13338470458984,2.8499996662139893,7.833780765533447,
NSGA-II,NSGA-II,20260325,2.1027037052478557,50.20437017252306,9.792982405172332,0.7160440296131061,2.1208167819961465,0.7053813681580944,0.18873926767024468,0.3274854409988745,0.6453351166207106,0.1323502502950023,18.818513398943182,7.691927885603642,66.13338470458984,2.8499996662139893,7.833780765533447,
NSGA-II,NSGA-II,20260325,2.1027037052478557,50.20437100729987,9.792982405172332,0.7160440296131061,2.1208167819961465,0.7053813681580944,0.18873926277907419,0.3274854409988745,0.6453351166207106,0.13235048769935162,18.818513398943182,7.691927885603642,66.13338470458984,2.8499996662139893,7.833780765533447,
NSGA-II,NSGA-II,20260325,2.103859572436071,50.17982186905719,9.896548631070544,0.7152920774567461,1.9676593878305226,0.7054209862081557,0.190445387253785,0.3287358113786095,0.6453188879395714,0.13236725613066624,18.874206001992107,7.702793865194769,66.00030517578125,2.849943161010742,7.84928560256958,
NSGA-II,NSGA-II,20260325,2.106342910507643,50.17982186905719,9.89656208622075,0.7152921472561681,1.9676680757909009,0.7054209084344065,0.19044607769706773,0.3287339369380151,0.6453346568703344,0.13236725613066624,18.651030314040007,7.702793865194769,66.00025939941406,2.849041223526001,7.849493503570557,
NSGA-II,NSGA-II,20260325,2.1027037052478557,50.25503856181211,9.792982405172332,0.7159699554562048,2.1208167819961465,0.7053813681580944,0.18874278664369332,0.3274981970378429,0.6453351166207106,0.13235022646469685,18.818513398943182,7.691927885603642,66.13436126708984,2.8499999046325684,7.833887100219727,
NSGA-II,NSGA-II,20260325,2.102742817653528,50.115496451666765,9.895533986345114,0.7152471349336951,1.9454668884006083,0.7053842108749511,0.1911631085453668,0.32810073971989523,0.643872697864449,0.13165276060848735,19.571814665576937,7.700760436012032,66.00364685058594,2.8499770164489746,7.849584102630615,
NSGA-II,NSGA-II,20260325,2.1027037052478557,50.204851746796834,9.792982405172332,0.7160433362927237,2.1208167819961465,0.7053813681580944,0.1887392670726646,0.3274854409988745,0.6453351166207106,0.13235024014859692,18.818513398943182,7.691927885603642,66.13339233398438,2.8499999046325684,7.833782196044922,
NSGA-II,NSGA-II,20260325,2.104137763116624,52.79589098811444,9.895453843121022,0.7153708030001436,1.9478183814888803,0.7054194073746125,0.19048243967184197,0.32838829709466455,0.6454512557686226,0.13240679252672927,19.63876100460115,7.635539805224029,66.02163696289062,2.8490335941314697,7.8499908447265625,
NSGA-II,NSGA-II,20260325,1.8450860425901727,53.30135311653225,12.367358903064323,0.7159979502910134,2.1213280640916716,0.7061293984132007,0.18869726298035266,0.3294007310546192,0.6418379912577403,0.1324300473585996,18.5263431278361,7.936525752064954,66.00004577636719,2.849942445755005,7.784437656402588,
NSGA-II,NSGA-II,20260325,2.104406136587528,50.134792571085946,9.8951614861285,0.7152527816126476,1.968251580107517,0.7054187756917364,0.1904696014366428,0.32873947977822005,0.6453185079131235,0.131617463009231,18.86894795171002,7.694784417718946,66.00006866455078,2.8494014739990234,7.8489990234375,
NSGA-II,NSGA-II,20260325,2.21475403062938,50.000591517567315,8.68560175850287,0.716003778227752,2.118100235287864,0.70431265111495,0.18900677278992087,0.32909363579754813,0.6232489181408831,0.1324160212741677,18.729361642488215,7.952055373403713,66.36957550048828,2.849997043609619,7.849939823150635,
NSGA-II,NSGA-II,20260325,2.102742489802316,53.28757740265853,9.89653333805158,0.7160034743278538,1.966257682185609,0.7053813569799453,0.19045628420715502,0.3280940154585259,0.6448879662665751,0.1316030221805835,14.396338442142586,7.692360810011534,66.06735229492188,2.849773406982422,7.849947929382324,
NSGA-II,NSGA-II,20260325,2.102742817653528,50.105528271429655,9.89553389580854,0.7159940889817875,1.9664761877933077,0.705384212328702,0.19049501411112482,0.3281007449586763,0.6432374438964021,0.13161980998850326,18.85947544377087,7.693336263247761,66.0001220703125,2.849977970123291,7.846686363220215,
NSGA-II,NSGA-II,20260325,2.103821910996497,50.21999607821891,9.884993344818188,0.7160455552853036,1.9454596695521027,0.7053823403463781,0.19113029811987597,0.3280943241487762,0.64535192397939,0.13164979955841943,19.566712439437723,7.691355119771085,66.0070571899414,2.849656581878662,7.849646091461182,
NSGA-II,NSGA-II,20260325,1.8450860425901727,53.30135311653225,12.367358903064323,0.7159979502910134,2.1213280640916716,0.7061293984132007,0.1886946859694023,0.3294007310546192,0.6418379912577403,0.13242759339198784,18.5263431278361,7.931981565815456,66.00001525878906,2.849803924560547,7.784168720245361,
NSGA-II,NSGA-II,20260325,2.102742817653528,50.78554464604324,9.896200103435682,0.715247624597739,1.9454668884006083,0.705383962028582,0.1911631085453668,0.32809836482387944,0.6438744581598237,0.1316481820141495,19.571814665576937,7.700577864009508,66.01768493652344,2.849914073944092,7.849921226501465,
NSGA-II,NSGA-II,20260325,2.1027037052478557,50.204371048392765,9.792982405172332,0.7160440296131061,2.1208167819961465,0.7053813681580944,0.18873926277907419,0.3274854409988745,0.6453351166207106,0.13235023407590324,18.818513398943182,7.691927885603642,66.13338470458984,2.8499996662139893,7.833780765533447,
NSGA-II,NSGA-II,20260325,2.111386345569441,50.17747658395352,9.879781618314961,0.7149852387849566,1.9673417412554364,0.7053855597302854,0.1904543457308483,0.3283362321608916,0.6433235971312764,0.13240386224773681,19.098268087451174,7.716825840028707,66.00171661376953,2.8483073711395264,7.849888801574707,
NSGA-II,NSGA-II,20260325,2.1027037052478557,50.20437226050759,9.792982405172332,0.7160440296131061,2.1208167819961465,0.7053813681580944,0.1887392670726646,0.3274854409988745,0.6453351166207106,0.1323504937720453,18.818513398943182,7.691927885603642,66.13338470458984,2.8499996662139893,7.833780765533447,
NSGA-II,NSGA-II,20260325,2.202063454526097,49.98066753167829,8.847486045819771,0.7190159646915922,1.9504800513938865,0.7053205019471418,0.18877575439030136,0.32935743636624987,0.6229100914811673,0.1323716776495989,19.29709147741535,7.625920698473821,66.08047485351562,2.849987030029297,7.849739074707031,
NSGA-II,NSGA-II,20260325,2.202063454526097,49.89752851751328,8.847486045819771,0.7190159646915922,1.954703716841132,0.7053205019471418,0.1887672532857675,0.32935743636624987,0.6238412978135999,0.1323790500700556,19.297352671087623,7.625927643580467,66.0819320678711,2.8498904705047607,7.84996223449707,
NSGA-II,NSGA-II,20260325,2.104406136587528,50.132985164315556,9.89520617306027,0.7152527816126476,1.968251580107517,0.7054209068510848,0.1904687126719149,0.32873414612265706,0.6453181828028839,0.131617463009231,18.86894795171002,7.703092636423162,66.0002670288086,2.8496716022491455,7.849484443664551,
NSGA-II,NSGA-II,20260325,2.102742817653528,50.21999607821891,9.88599365083282,0.7160787415421661,1.9454668884006083,0.7054177874889029,0.1912494049836045,0.32816857605692207,0.6453903860515666,0.13164979955841943,19.566712439437723,7.700509453492961,66.01490783691406,2.849950075149536,7.849628448486328,
NSGA-II,NSGA-II,20260325,2.111386345569441,50.24846149622316,9.879781618314961,0.7149852387849566,1.9662578228280798,0.7053841853739531,0.1904543597716204,0.3283362321608916,0.6433235971312764,0.13239970177673366,14.524455973799924,7.716825840028707,66.0087890625,2.847949504852295,7.849909782409668,
NSGA-II,NSGA-II,20260325,2.1027037052478557,50.20437230160049,9.792982405172332,0.7160440296131061,2.1208167819961465,0.7053813681580944,0.1887392670726646,0.3274854409988745,0.6453351166207106,0.1323502455375369,18.818513398943182,7.691927885603642,66.13338470458984,2.8499996662139893,7.833780765533447,
NSGA-II,NSGA-II,20260325,2.1027037052478557,50.20437226050759,9.792982405172332,0.7160440296131061,2.1208167819961465,0.7053813681580944,0.1887392670726646,0.3274854409988745,0.6453351166207106,0.1323504883831053,18.818513398943182,7.691927885603642,66.13338470458984,2.8499996662139893,7.833780765533447,
NSGA-II,NSGA-II,20260325,2.21475403062938,50.00248011676337,8.68560175850287,0.7159830814192716,2.118100235287864,0.7043372212745951,0.18902445725857012,0.3290912099839759,0.6232488923024726,0.1323343761647223,18.731180872528235,7.95235111294208,66.37018585205078,2.8499903678894043,7.84999418258667,
NSGA-II,NSGA-II,20260325,2.102742817653528,50.105528271429655,9.895088679424578,0.7160034743278538,1.9666118688842391,0.705384212328702,0.19049469346360307,0.3281007449586763,0.643237804104988,0.13235045896658112,18.7034475522294,7.693336263247761,66.00250244140625,2.8499982357025146,7.846404075622559,
NSGA-II,NSGA-II,20260325,2.1041246078835476,52.83737929036798,9.89545376555856,0.7152622716957199,1.9467466133696245,0.7054193501997943,0.19048242579800087,0.32831576670367313,0.6449689525347513,0.13236231072805205,19.53438569300117,7.635539805224029,66.0207748413086,2.849123954772949,7.849982738494873,
NSGA-II,NSGA-II,20260325,2.102742817653528,50.17875099553651,9.89553350977885,0.7160034743278538,1.966473231097781,0.7053842184707493,0.19049469346360307,0.3281007449586763,0.643237804104988,0.13235045896658112,18.526481576918847,7.693972450434991,66.00406646728516,2.8499932289123535,7.846489906311035,
NSGA-II,NSGA-II,20260325,2.103824557003203,50.1204970012323,9.895453679516775,0.7152893779918583,1.9675476207761706,0.7054193491602453,0.19046905163481254,0.3287358410172909,0.6453358765233942,0.13236171105532413,18.87590037320082,7.69182468731817,66.00003051757812,2.84959077835083,7.848593235015869,
NSGA-II,NSGA-II,20260325,2.1027037052478557,50.20437230074819,9.792982405172332,0.7160440296131061,2.1208167819961465,0.7053813681580944,0.1887392670726646,0.3274854409988745,0.6453351166207106,0.1323504883831053,18.818513398943182,7.691927885603642,66.13338470458984,2.8499996662139893,7.833780765533447,
NSGA-II,NSGA-II,20260325,2.111394426396358,50.104253859846665,9.88719658161093,0.7148613952269963,1.9675504814873417,0.7053838693240044,0.1904543457308483,0.32838886255736066,0.6433411183520105,0.13240663151070547,18.65774789787615,7.716189652841477,66.00006866455078,2.8479361534118652,7.849739074707031,
NSGA-II,NSGA-II,20260325,2.104406136587528,50.134792571085946,9.895249017537093,0.7152527816126476,1.968251580107517,0.7054187756917364,0.1906350134838458,0.3275428044338107,0.6453185079131235,0.13235278705890266,18.86894795171002,7.694784417718946,66.00283813476562,2.849942207336426,7.849485397338867,
NSGA-II,NSGA-II,20260325,2.1027037052478557,50.204372261359886,9.792982405172332,0.7160440296131061,2.1208167819961465,0.7053813681580944,0.1887392670726646,0.3274854409988745,0.6453351166207106,0.13235024014859692,18.818513398943182,7.691927885603642,66.13338470458984,2.8499996662139893,7.833780765533447,
NSGA-II,NSGA-II,20260325,2.1041244522684615,52.849712020886386,9.885939246388205,0.7153708030001436,1.948139348041575,0.7054229197718825,0.19046980026519092,0.32873807147515915,0.6454517483798226,0.13165431190371238,18.697079389553167,7.635539805224029,66.0253677368164,2.848980665206909,7.849996566772461,
NSGA-II,NSGA-II,20260325,1.821090005529448,53.35843881855931,12.546011050974952,0.716309720561218,2.1153283994327867,0.7056246384039917,0.18873235668804017,0.3289647112451962,0.6258991644540643,0.13242912681141739,14.592079515580373,7.94685229733012,66.0031967163086,2.84999942779541,7.767094135284424,
NSGA-II,NSGA-II,20260325,2.1027271159391137,53.28757740265853,9.895442945025485,0.7160034743278538,1.966226226101681,0.705384212328702,0.19045628420715502,0.3280940154585259,0.6448879662665751,0.13164617683168614,14.396338442142586,7.692343172436404,66.06754302978516,2.8498289585113525,7.849960803985596,
NSGA-II,NSGA-II,20260325,2.106342910507643,50.1778187324775,9.896519890254687,0.7152895379745373,1.9676630758857259,0.7054209084344065,0.19044607769706773,0.3287339069902751,0.6453187933680151,0.13237239819686453,18.91363375204147,7.702793865194769,66.00003814697266,2.8490471839904785,7.849471569061279,
NSGA-II,NSGA-II,20260325,2.1027637875519813,50.115496451666765,9.895533986345114,0.7152471349336951,1.9451941826143335,0.7054174609670925,0.19116048347585546,0.3280943948011581,0.6438651215761847,0.13165276060848735,19.566832671056588,7.700508157666728,66.0036392211914,2.849963426589966,7.849546909332275,
NSGA-II,NSGA-II,20260325,2.112154929050004,50.11960430294331,9.885766297012063,0.715286693170969,1.9670647606802403,0.7054297028105586,0.19046958662217908,0.3287294429154346,0.6453626347105282,0.13165921921099083,18.695683998144155,7.70056561888678,66.0011215209961,2.8470160961151123,7.849915504455566,
NSGA-II,NSGA-II,20260325,2.21475403062938,50.00248011676337,8.68560175850287,0.7159830814192716,2.118100235287864,0.7043372212745951,0.18902445725857012,0.3290912099839759,0.6232489181408831,0.13233441808992516,18.729361642488215,7.95235111294208,66.37018585205078,2.849990129470825,7.84999418258667,
NSGA-II,NSGA-II,20260325,2.111386345569441,50.17748484829313,9.895453843121022,0.7148567763569988,1.9670761167139057,0.7053840141331618,0.1904543457308483,0.32837916226951297,0.6433688160314829,0.13242056883480127,18.645485464180865,7.700684295729834,66.00005340576172,2.847104787826538,7.848720550537109,
NSGA-II,NSGA-II,20260325,1.821090005529448,53.35843881855931,12.546011050974952,0.716309720561218,2.1153283994327867,0.7056246384039917,0.1887324124083522,0.3289647112451962,0.6258991644540643,0.13242912681141739,14.592079515580373,7.94685229733012,66.00320434570312,2.849999189376831,7.767094135284424,
NSGA-II,NSGA-II,20260325,2.1027037052478557,50.25503856181211,9.792982405172332,0.7159692621358223,2.1208167819961465,0.7053813681580944,0.18874278664369332,0.3274981970378429,0.6453351166207106,0.13235022646469685,18.818513398943182,7.691927885603642,66.13436126708984,2.8499996662139893,7.833887100219727,
NSGA-II,NSGA-II,20260325,1.9911449636478316,48.34369596862914,10.555029566121327,0.7152593788115625,1.9467154710600583,0.7031932308546147,0.1910864853914267,0.3372179391170578,0.6449549913185086,0.13236962179288833,18.701202592106583,7.636046845453914,66.00757598876953,2.8499975204467773,7.810535430908203,
NSGA-II,NSGA-II,20260325,1.821090005529448,53.35841925441348,12.546011050974952,0.7162891472642458,2.1153635243883295,0.7056246384039917,0.18873478089266027,0.3289647112451962,0.6258991644540643,0.13242738084563938,14.592079515580373,7.947148041438607,66.00340270996094,2.849994421005249,7.767107963562012,
NSGA-II,NSGA-II,20260325,2.111386345569441,50.16485202284925,9.895453843121022,0.7154014732914152,1.9670761167139057,0.7053822466123203,0.1904543457308483,0.3283273376532059,0.6433235971312764,0.13240489982661094,19.584610068805617,7.724306507609116,66.00077056884766,2.8478798866271973,7.849499702453613,
NSGA-II,NSGA-II,20260325,2.104137763116624,52.83737929036798,9.895453843121022,0.7153708030001436,1.948139348041575,0.7054229197718825,0.19048243967184197,0.3283326911516574,0.6454512557686226,0.1324054254628904,19.627774973407,7.635539805224029,66.02313232421875,2.8490188121795654,7.849958896636963,
NSGA-II,NSGA-II,20260326,1.8774214230952195,33.18195779474264,9.004306931175872,0.5001777960796052,1.7827739741076907,0.669804061249575,0.20167512208386698,0.42525378978944806,0.6076109514392456,0.11622102754094948,1.4582634444924665,6.399259867033228,66.1250228881836,2.826002836227417,7.849998950958252,
NSGA-II,NSGA-II,20260326,1.4160096901437527,32.716882279606025,6.277478529421955,0.5122553340802953,2.446405554489181,0.6330872497187222,0.20764155754941097,0.4667334632292859,0.6683034382687061,0.11539279977973183,1.1716257143532687,7.249359408381024,68.4569320678711,2.8499999046325684,7.7117180824279785,
NSGA-II,NSGA-II,20260326,1.4160096901437527,32.716957154280166,6.277478774314448,0.5122553340133562,2.446405554489181,0.6330872493025496,0.20764155754941097,0.4667334632292859,0.6683034382687061,0.11539279977977641,1.1716257143532687,7.249359408467196,68.4569320678711,2.8499999046325684,7.7117180824279785,
NSGA-II,NSGA-II,20260326,1.4160096901437527,33.614034404711205,6.277478774314448,0.5122553340133342,2.446405554489181,0.6330872479703313,0.20764155754941097,0.4667334632292859,0.6688549928666715,0.11539279979652291,1.1716257143532687,7.255515454915288,68.47695922851562,2.8499999046325684,7.713243007659912,
NSGA-II,NSGA-II,20260326,1.903733091382877,33.65909021164744,9.007568858242054,0.5004385370451656,1.7831149896576681,0.6699019461557953,0.20161843922939568,0.4195531510817889,0.6708637755721134,0.11631355453159052,5.793318374532454,5.300675342674484,66.0,2.786423683166504,7.8448662757873535,
NSGA-II,NSGA-II,20260326,1.6764231287493225,33.998671358418854,9.00375866433441,0.5116401178313759,1.7808811602573429,0.6699020557771714,0.19952698203269353,0.4195865118480807,0.5920427485967127,0.11611306683456907,5.737101694667388,5.33200804334812,66.00559997558594,2.849998712539673,7.75926399230957,
NSGA-II,NSGA-II,20260326,1.8561618907721271,55.10153452474931,8.621262576454285,0.501094516953835,2.0390369003550166,0.7176584814283362,0.20762594153047897,0.4195765290974509,0.5951246922734895,0.13547043479730425,0.4461367689608977,6.375611590490697,66.90132904052734,2.8499865531921387,7.8489251136779785,
NSGA-II,NSGA-II,20260326,1.86669878352998,57.21539270930597,9.00350534186458,0.582951584621141,1.7362649903708478,0.7138585623747091,0.2141311422659673,0.419508019882602,0.6055065146013511,0.13606973639995076,0.7457479954831783,7.95772161867777,67.3162841796875,2.8499937057495117,7.845219135284424,
NSGA-II,NSGA-II,20260326,1.4160096901437527,32.715432171223476,6.277478518290806,0.5122553305489079,2.446405554489181,0.6330872157787779,0.20764155754941097,0.4667334632292859,0.6683191857050685,0.11539279977973178,1.1716257143532687,7.249359408382638,68.45686340332031,2.84999942779541,7.711728096008301,
NSGA-II,NSGA-II,20260326,1.8774662415004253,33.19375670122339,8.98833720239147,0.5001720979970219,1.7827732331188448,0.6697976155166088,0.20167512863412063,0.42525190462006474,0.6072337500916866,0.11631907335117887,1.4582634444924665,6.399259867033228,66.12635803222656,2.826592206954956,7.849996566772461,
NSGA-II,NSGA-II,20260326,1.6376608554050258,33.2515004273986,8.98711291726065,0.5121045266024988,1.7929613699768596,0.6709522275371402,0.20158976653337435,0.419593476443144,0.6607563125717554,0.11616067270290568,7.4908541076871415,5.398250240425438,66.0080795288086,2.8499972820281982,7.805181503295898,
NSGA-II,NSGA-II,20260326,1.869857912871922,32.713802061986286,8.709537212336121,0.5004327867444398,1.7828743222175791,0.6704633977564504,0.20159635271789583,0.42112256102775525,0.6667627017245223,0.11619722653156667,0.7153726988143632,5.442592087865718,66.00203704833984,2.8067548274993896,7.849998950958252,
NSGA-II,NSGA-II,20260326,1.8667927304048815,32.71812330728125,8.708822376127582,0.5010832933645025,1.7829329537746503,0.6704633637681108,0.2015950435053827,0.42112242966719493,0.6684129947038534,0.11619317818011196,5.70085330417227,5.42617853705312,66.00004577636719,2.807124137878418,7.849861145019531,
NSGA-II,NSGA-II,20260326,1.8699749098611615,57.21539270930597,9.00350534186458,0.582951584621141,1.7362649903708478,0.7146855869136299,0.2141311422659673,0.4195012916676688,0.6093270955540651,0.13607679108617987,0.7510962633996598,7.95772161867777,67.30744934082031,2.8499395847320557,7.849811553955078,
NSGA-II,NSGA-II,20260326,1.6947077845789695,33.33954475175949,8.712426240651986,0.5006739200665247,1.7831148213185255,0.6641212721943629,0.20159623314788028,0.4196439064629639,0.66686312521594,0.1161989095547814,5.432162024032607,5.4428387793808675,66.00008392333984,2.8437910079956055,7.830811023712158,
NSGA-II,NSGA-II,20260326,1.8464840367783446,34.336204713931764,8.938831601414314,0.5012522712506666,1.7810846792356398,0.670507810400558,0.19944792764975325,0.42098368588417656,0.5923920431665257,0.13420424959093685,4.9595513225694745,6.304709621682147,66.00406646728516,2.849985122680664,7.842989921569824,
NSGA-II,NSGA-II,20260326,1.8612854043004532,33.181512981561156,8.98601477406056,0.5001802174170569,1.7827686929431055,0.6705267763499999,0.20167512863412063,0.4251193066167541,0.6072337500916866,0.11640030184512118,1.4582634444924665,6.399259867033228,66.11590576171875,2.8318426609039307,7.849994659423828,
NSGA-II,NSGA-II,20260326,1.6776926579503544,33.195984243858206,8.985930221330701,0.5119229069567859,1.7827773489495489,0.6700202199309704,0.20159636681522244,0.419593476443144,0.6663436755776859,0.11616072812254175,7.290457082647492,5.405789347439015,66.0,2.8403687477111816,7.813778400421143,
NSGA-II,NSGA-II,20260326,1.6769564672399477,33.341517243854206,8.723401518067782,0.5006869175646349,1.782905583154723,0.663696681294538,0.2015962235815223,0.4196449141101305,0.6665527678861753,0.11568138096223544,1.1592194058393872,5.444458710645142,66.00001525878906,2.8463895320892334,7.827911376953125,
NSGA-II,NSGA-II,20260326,1.6376608554050258,33.251001037730106,8.985930221330701,0.5124899153628599,1.7827828544861002,0.670500050015342,0.20167511376556438,0.41960160183746165,0.6607563125717554,0.11611264032545926,7.588968789374981,5.405789347439015,66.0038833618164,2.849987745285034,7.805736541748047,
NSGA-II,NSGA-II,20260326,1.85717099546868,33.598078161644665,9.003693489259042,0.501125126104037,1.7827723430860474,0.6718773123377917,0.2002281167676957,0.41886902896506073,0.5880982976770366,0.11540337040226284,0.7958953402749174,6.332272838628927,66.00020599365234,2.842729091644287,7.845515727996826,
NSGA-II,NSGA-II,20260326,1.6776926579503544,33.195984243858206,8.97449088099603,0.5119229069567859,1.7827773489495489,0.6700202199309704,0.20159636681522244,0.419593476443144,0.6663436755776859,0.1157217165987812,7.290457082647492,5.405789347439015,66.00000762939453,2.8404784202575684,7.814019680023193,
NSGA-II,NSGA-II,20260326,1.8699124426751499,33.59755467483279,8.925286973315025,0.5010839198599785,1.7828916284438059,0.6713793861373563,0.19972783141327727,0.42097432634100596,0.5904668956723377,0.11771967264962824,0.9637578961096267,6.3295739408819385,66.0000228881836,2.84152889251709,7.8478474617004395,
NSGA-II,NSGA-II,20260326,1.8699094121874467,33.59907729219097,8.924407598495003,0.5012565608018635,1.782856545135249,0.6715969637892562,0.1997278756601132,0.4210222490136921,0.5905970111663191,0.11640659442179688,0.9637578961096267,6.262701937389718,66.00000762939453,2.839006185531616,7.844064712524414,
NSGA-II,NSGA-II,20260326,1.6763788264071844,48.75782818322386,9.040592828890102,0.4994211072812966,1.658891317712221,0.670067528362077,0.20158996669342483,0.4209494973535062,0.6600317670300586,0.11689442842748121,5.337324545282442,5.2991421120111415,66.03639221191406,2.8499813079833984,7.84525728225708,
NSGA-II,NSGA-II,20260326,1.6738334307552383,32.69826874943493,8.709595131619388,0.5117970198531281,1.7831148464102435,0.6700158344522954,0.20159675876133043,0.4195432597252931,0.6667086693270752,0.11618029099495286,7.240669408309962,5.4232474004629925,66.00028991699219,2.8499813079833984,7.819395065307617,
NSGA-II,NSGA-II,20260326,1.8612854043004532,33.18147234288264,8.98601477406056,0.5001802174170569,1.7827686929431055,0.6705267763499999,0.20167512863412063,0.4251193066167541,0.6072337500916866,0.11640030184512118,1.4582634444924665,6.399259867033228,66.11590576171875,2.8318426609039307,7.849994659423828,
NSGA-II,NSGA-II,20260326,1.9013366924194357,32.399268738723194,8.61565174534331,0.5001249122708034,1.7849102482558585,0.67006258655734,0.19947666531165775,0.4209590518540026,0.5877117568524655,0.13803423883731158,0.8140447176492387,6.371601161218399,66.01649475097656,2.8460404872894287,7.849992275238037,
NSGA-II,NSGA-II,20260326,1.6755472151889719,32.862934406435,8.712407420049335,0.5006367520638177,1.7831133095817988,0.6636966812752048,0.201596223517245,0.4196446024413817,0.6603516926009672,0.11567973457480583,5.366554181768187,5.445117823286814,66.0000228881836,2.848071813583374,7.823586463928223,
NSGA-II,NSGA-II,20260326,1.8905849012935372,33.60887159256278,8.923119327185008,0.5012648689375216,1.7828529188589852,0.6705077799476578,0.19955103560700813,0.4210292754483915,0.5902675118740969,0.11629649098314934,5.347634523370807,6.332168698408271,66.00001525878906,2.83471941947937,7.849056243896484,
NSGA-II,NSGA-II,20260326,1.6768129567039396,32.96639136445688,8.7124178284939,0.5119335293210465,1.783813968501362,0.6700179309225538,0.20159624578605445,0.4196103234922365,0.6664832553847423,0.11572386694944335,7.5355752579863875,5.460402192534222,66.00691986083984,2.849996566772461,7.8214430809021,
NSGA-II,NSGA-II,20260326,1.8982873295944853,33.640326592684595,8.905330461902334,0.5010832085184045,1.7828529188589852,0.6704664004858092,0.19955103560700813,0.4210658343751255,0.592256444256738,0.11629649098314934,5.721669609562952,6.302864107645739,66.00066375732422,2.8322508335113525,7.849971771240234,
NSGA-II,NSGA-II,20260326,1.6916493137946147,33.35020535524636,8.71242522232798,0.5006822633587815,1.7830956012983115,0.6641212721943629,0.2015967652222841,0.4196680500031565,0.6667093771144368,0.11619078595778365,5.432162024032607,5.444585921055204,66.00004577636719,2.844496011734009,7.830487251281738,
NSGA-II,NSGA-II,20260326,1.896690155616647,32.85449224483204,8.61565174534331,0.5001281722668431,1.7849102482558585,0.67006258655734,0.1994926500816082,0.4209590518540026,0.5877117568524655,0.13797330150756673,0.8726856901027134,6.371601161218399,66.02342987060547,2.8474841117858887,7.849968433380127,
NSGA-II,NSGA-II,20260326,1.8774784967432936,33.59907729219097,9.00370607169604,0.5011265573265444,1.7828532393619978,0.6698420807963571,0.19960706194663486,0.42103604092309166,0.5906002210590247,0.11640239527551535,0.9619427700066439,6.404025113173336,66.00016021728516,2.8372576236724854,7.849911689758301,
NSGA-II,NSGA-II,20260326,1.6916493137946147,33.35020535524636,8.71242522232798,0.5006819625793764,1.7831149910377933,0.6641212721943629,0.2015962226566139,0.4196680500031565,0.6667093771144368,0.11619200479460576,5.432162024032607,5.442407729537322,66.00003051757812,2.844435214996338,7.830361843109131,
NSGA-II,NSGA-II,20260326,1.6755472151889719,32.862934406435,8.71242522232798,0.500636688936855,1.7848524996432111,0.6641532446620196,0.20159622187398646,0.4196384044498466,0.6601411065919545,0.11617486398469573,5.366554181768187,5.445117823286814,66.00003814697266,2.8487331867218018,7.823714733123779,
NSGA-II,NSGA-II,20260326,1.875342795417229,33.181673785436416,9.003774646439965,0.5120542389873018,1.7827928968948406,0.6698130966750453,0.19959808101099694,0.4194394458378766,0.6076109514392456,0.11616051625253337,1.6013211281890989,6.3992574017674455,66.01090240478516,2.8360016345977783,7.849982261657715,
NSGA-II,NSGA-II,20260326,1.8968652505957069,33.609019754018135,8.905083885009887,0.5010832085184045,1.7828529188589852,0.67045795928719,0.19955103560700813,0.4210703210429646,0.5902624271593566,0.11629649098314934,5.721669609562952,6.332168698408271,66.00226593017578,2.8334567546844482,7.849964618682861,
NSGA-II,NSGA-II,20260326,1.8750960931795968,33.59907729219097,9.00370607169604,0.501254409141952,1.7828573625858524,0.6698196987407427,0.19960706194663486,0.4210222481138528,0.5906002210590247,0.11639847642202324,0.9637578961096267,6.4039764527195056,66.0001449584961,2.8378753662109375,7.849552154541016,
NSGA-II,NSGA-II,20260326,1.4160096901437527,32.72213784247399,6.277478775407234,0.5122553340133342,2.446405554489181,0.6330872497685536,0.20764155754941097,0.4667334632292859,0.668323638153782,0.11539279979646543,1.1716257143532687,7.249355077614281,68.45700073242188,2.849998950958252,7.711737632751465,
NSGA-II,NSGA-II,20260326,1.8966795466862618,33.651364029812214,8.905083885009887,0.5010831845852282,1.7828493253406519,0.6705079255836289,0.19955103560700813,0.4209826956666245,0.5900679619554992,0.11629649098314934,4.952006342459185,6.332168698408271,66.0025863647461,2.8336572647094727,7.8499531745910645,
NSGA-II,NSGA-II,20260326,1.6738334307552383,32.74308719823774,8.709595131619388,0.5117119533622373,1.7831128538543548,0.6700745605170997,0.2015962240892224,0.4196111949369442,0.6667086693270752,0.11568858808757586,7.638708623052523,5.4232474004629925,66.00001525878906,2.8497674465179443,7.819623947143555,
NSGA-II,NSGA-II,20260326,1.6947077845789695,33.33954475175949,8.712520137499633,0.5006739200665247,1.7831148213185255,0.6641212721943629,0.20159623314788028,0.4196439064629639,0.6665807865453031,0.11569311511435997,5.432162024032607,5.442837211226891,66.0000228881836,2.8435521125793457,7.830644130706787,
NSGA-II,NSGA-II,20260326,1.8703053842462265,33.619893770125955,8.924407598495003,0.5010897108297818,1.7827411166673754,0.6713825549257291,0.19972783141327727,0.4210829257326645,0.5905263846637696,0.1163382564751512,0.8203876858966979,6.332161193347152,66.00012969970703,2.8409042358398438,7.8481035232543945,
NSGA-II,NSGA-II,20260326,1.8703053842462265,33.59755467483279,8.924407598495003,0.5010737797945548,1.7828565338487214,0.6713862059663396,0.19972783141327727,0.4210829257326645,0.5904668956723377,0.11688272127295846,0.9637578961096267,6.3321607903738295,66.0001220703125,2.8411147594451904,7.848028659820557,
NSGA-II,NSGA-II,20260326,1.875342795417229,33.18228859584846,9.003774646439965,0.5120542389873018,1.7827928968948406,0.6698130966750453,0.19959808101099694,0.4194394458378766,0.6076109514392456,0.11611242845545088,1.6013211281890989,6.3992574017674455,66.0108871459961,2.835969924926758,7.8499860763549805,
NSGA-II,NSGA-II,20260326,1.8905849012935372,33.60887159256278,8.905083885009887,0.5010834531198295,1.7828529188589852,0.6704578465234078,0.19955103560700813,0.4210292754483915,0.5902621324272808,0.11629649098314934,5.721669609562952,6.332168698408271,66.00004577636719,2.8353490829467773,7.849640369415283,
NSGA-II,NSGA-II,20260326,1.8905849012935372,33.60887159256278,8.905083885009887,0.5010740113504661,1.7828529188589852,0.6704578465234078,0.19955103560700813,0.4210292754483915,0.5902675118740969,0.11629649098314934,5.721669609562952,6.332168698408271,66.0000991821289,2.835343360900879,7.849642753601074,
NSGA-II,NSGA-II,20260326,1.877401240608461,33.19375670122339,8.98833720239147,0.5001774613408403,1.7827680481256982,0.669804061249575,0.20167512863412063,0.42525378978944806,0.6072337500916866,0.11619457731621004,1.4582634444924665,6.399259867033228,66.12625885009766,2.8265233039855957,7.849996089935303,
NSGA-II,NSGA-II,20260326,1.6763788264071844,48.495971288271946,9.021358306579543,0.499511790376698,1.657910474800898,0.6697689457676699,0.20158828068473778,0.4209106777689138,0.6666289043603113,0.11688209659965468,5.409103083380991,5.296947252995896,66.02349090576172,2.8494789600372314,7.849913597106934,
NSGA-II,NSGA-II,20260326,1.8750960931795968,33.59907729219097,9.00370607169604,0.5010814447939433,1.7828573512993249,0.6696879102251778,0.19960706194663486,0.42106222597488774,0.5904702882597267,0.11578660563951877,0.9637578961096267,6.4039764527195056,66.00012969970703,2.837491989135742,7.8495378494262695,
NSGA-II,NSGA-II,20260326,1.6754241257570532,32.86292771945841,8.681994079602037,0.500636688936855,1.7831133087337867,0.6637110209033042,0.20159622528595134,0.4196446634340487,0.6609725540044971,0.11568225596817233,5.366554181768187,5.445117823286814,66.00005340576172,2.8489596843719482,7.8246002197265625,
NSGA-II,NSGA-II,20260326,1.6933243856948466,33.35019277644484,8.71242522232798,0.500740287686645,1.7831144432981514,0.6641890059231073,0.20159599612085016,0.4196689057721109,0.6668443041598512,0.1161754087821524,5.367770386926907,5.442254083295078,66.00001525878906,2.844078540802002,7.830599784851074,
NSGA-II,NSGA-II,20260326,1.6738515154771372,32.87714133293438,8.671493402510661,0.5006396794595076,1.7831133087337867,0.6637110209033042,0.20159013033633277,0.4195731129825504,0.6609725540044971,0.1162966147650801,5.366554181768187,5.445117823286814,66.00175476074219,2.8499131202697754,7.824455261230469,
NSGA-II,NSGA-II,20260326,1.85119740377821,33.71904218341142,8.92527025002169,0.501093495944519,1.7806252954089508,0.6705074849251162,0.19947610393119508,0.4209348762205375,0.5916372305962029,0.13701558885359122,1.4589886855604348,6.337114604538516,66.00011444091797,2.8496086597442627,7.84340238571167,
NSGA-II,NSGA-II,20260326,1.8572005684262824,32.688848028547696,8.78602651381478,0.5013792815033693,1.782856974968302,0.6718724937195475,0.20023381127786788,0.41886902896506073,0.5883424463965556,0.11542249225151903,0.7958953402749174,6.332272838628927,66.00257873535156,2.849360466003418,7.848540306091309,
NSGA-II,NSGA-II,20260326,1.8753059035931035,33.59907729219097,9.00370607169604,0.5011229542631792,1.7828573625858524,0.6698196987407427,0.19960706194663486,0.42106225165995326,0.5906002210590247,0.11639847642202324,0.9637578961096267,6.4039764527195056,66.00013732910156,2.837796926498413,7.84965705871582,
NSGA-II,NSGA-II,20260326,1.6933243856948466,33.353249913572824,8.712425373832364,0.500741329981357,1.783229128283867,0.6641890059231073,0.20159599612085016,0.4196445532753127,0.6668443041598512,0.11623323911183889,5.367770386926907,5.444582390353045,66.00006103515625,2.8442060947418213,7.830754280090332,
NSGA-II,NSGA-II,20260326,1.850208439169549,34.32481417720429,8.93772368217194,0.5012457689703746,1.7810846792356398,0.6705074849251162,0.19941527837159184,0.4210034668892024,0.592433226849359,0.13545940029669892,4.9595513225694745,6.332272838628927,66.00321960449219,2.849757194519043,7.844507694244385,
NSGA-II,NSGA-II,20260326,1.8682507618008686,32.722262876944086,8.708822376127582,0.5010832933645025,1.7828634468821973,0.6704633637681108,0.2015950435053827,0.42112255234036644,0.6684129947038534,0.1161888449881821,5.642139536055566,5.42617853705312,66.00041198730469,2.8067736625671387,7.849980354309082,
NSGA-II,NSGA-II,20260326,1.8510396361737433,33.729163472966405,8.92439087520167,0.5010896972158113,1.780590200813866,0.6705143047540996,0.19947610393119508,0.42108533582938534,0.5918541313016519,0.13605387682069447,1.1811733960404283,6.337114604538516,66.00102996826172,2.849794387817383,7.843863487243652,
NSGA-II,NSGA-II,20260326,1.8700779546938244,57.21539270930597,9.00350534186458,0.582951584621141,1.7362649903708478,0.7146855869136299,0.2141311422659673,0.4195012916676688,0.6093289596898025,0.13607677782244196,0.7509130077563242,7.95772161867777,67.30748748779297,2.849909543991089,7.849819183349609,
NSGA-II,NSGA-II,20260326,1.8572005684262824,32.688848028547696,8.78602651381478,0.5013792815033693,1.7827723430860474,0.6718773123377917,0.20023381127786788,0.41886902896506073,0.5881937875054329,0.11540337040226284,0.7958953402749174,6.332272838628927,66.00251770019531,2.849362373352051,7.848455905914307,
NSGA-II,NSGA-II,20260326,1.8699094121874467,33.1945226074845,8.69403265795949,0.5014751658323059,1.7829674326895195,0.6719222840275445,0.19970816751084253,0.42106222687472705,0.5904260982251552,0.11637418644677887,1.186222097133232,6.286192939783267,66.00232696533203,2.847740411758423,7.8498992919921875,
NSGA-II,NSGA-II,20260326,1.8698988376248495,33.253399702366195,8.69402372662238,0.5015163962612186,1.7829699432894406,0.6720055826907512,0.19967876064517473,0.42106222687472705,0.5904260982251552,0.11637418644677887,1.186222097133232,6.286192939783267,66.00251007080078,2.8478164672851562,7.849900245666504,
NSGA-II,NSGA-II,20260326,1.6947077845789695,33.33954475175949,8.712407472605996,0.5006737360737951,1.7831148213185255,0.6641212721943629,0.20159622350789252,0.4196439064629639,0.6665807865453031,0.11570477266099684,5.432162024032607,5.442837211226891,66.00003814697266,2.8435616493225098,7.8306450843811035,
NSGA-II,NSGA-II,20260326,1.8634057418269465,34.273267621326916,8.938831601414314,0.5012522712506666,1.7810846792356398,0.6697270116064397,0.19941527837159184,0.4196169792343837,0.5919158350314705,0.13545940029669892,1.2682038638977318,6.3994664327328055,66.0005111694336,2.849127769470215,7.8497514724731445,
NSGA-II,NSGA-II,20260326,1.8572005684262824,33.2005407109901,8.78602651381478,0.5013792815033693,1.7827723448163262,0.6718492971559169,0.20018569377831033,0.41886902896506073,0.5881937875054329,0.11540337040226284,0.7708760981702198,6.332272838628927,66.00355529785156,2.8499715328216553,7.849488258361816,
NSGA-II,NSGA-II,20260326,1.86672017306595,57.21539270930597,9.00350534186458,0.582951584621141,1.7362649903708478,0.7138585623747091,0.2141311422659673,0.419508019882602,0.6055137509311544,0.13606974760802798,0.7457479954831783,7.95772161867777,67.3162841796875,2.849987745285034,7.845226287841797,
NSGA-II,NSGA-II,20260326,1.8487473756990307,34.35355257769422,8.93772368217194,0.5012457689703746,1.7827553251564672,0.6705096933781571,0.19941527837159184,0.4210285026400097,0.592433226849359,0.13545940029669892,4.9595513225694745,6.3321687414686565,66.00595092773438,2.849991798400879,7.844098091125488,
NSGA-II,NSGA-II,20260326,1.6376608554050258,33.19065266598081,8.985930221330701,0.5124899153628599,1.7829270576598053,0.6705078386057093,0.20167691294159223,0.4195850366613521,0.6607563125717554,0.11616072812254175,7.290457082647492,5.405789347439015,66.00320434570312,2.8499910831451416,7.805663585662842,
NSGA-II,NSGA-II,20260326,1.8510396361737433,33.7187232487232,8.92527025002169,0.5010898538204498,1.7806252954089508,0.6705074849251162,0.19947610393119508,0.4209767364377268,0.5918547167284308,0.13689082819706824,1.5010089300078135,6.337114604538516,66.00012969970703,2.8496580123901367,7.843606472015381,
NSGA-II,NSGA-II,20260326,1.875342795417229,33.18195779474264,9.003774646439965,0.5120542389873018,1.7827928968948406,0.6698130966750453,0.19959808101099694,0.4194394458378766,0.6076109514392456,0.11611242845545088,1.5636809783413383,6.399259867033228,66.01090240478516,2.8359737396240234,7.849984645843506,
NSGA-II,NSGA-II,20260326,1.8966795466862618,33.59946813839476,8.905083885009887,0.5010831498568904,1.7828482853018386,0.6704664004858092,0.19955422897625424,0.42105257854179895,0.5902624271593566,0.11639105807557447,5.721669609562952,6.332168698408271,66.0020980834961,2.8335607051849365,7.84995698928833,
NSGA-II,NSGA-II,20260326,1.8510396361737433,33.729163472966405,8.92527025002169,0.5010898538204498,1.7806252954089508,0.6705074849251162,0.19947610393119508,0.4209767364377268,0.5918541313016519,0.13689082819706824,1.1811733960404283,6.337114604538516,66.00050354003906,2.8496668338775635,7.843596458435059,
NSGA-II,NSGA-II,20260326,1.8699094121874467,32.84008867987782,8.603674695289387,0.5010835964538549,1.7828565338487214,0.6714651752736913,0.1997278756601132,0.4210600473763744,0.5904670783670212,0.11571216038046153,0.9922200512943817,6.262701937389718,66.0040512084961,2.8490543365478516,7.849928379058838,
NSGA-II,NSGA-II,20260326,1.6916493137946147,33.35020535524636,8.71242522232798,0.5006819638329003,1.7831148213185255,0.6641212721943629,0.2015962226566139,0.4196680500031565,0.6667093771144368,0.11619201108103766,5.432162024032607,5.442407729537322,66.00003051757812,2.844435214996338,7.830361843109131,
NSGA-II,NSGA-II,20260326,1.6916493137946147,33.35020535524636,8.71242522232798,0.5006822646123054,1.7830954315790437,0.6641212721943629,0.2015967652222841,0.4196680500031565,0.6667093771144368,0.11619079224421555,5.432162024032607,5.444585921055204,66.00004577636719,2.844496011734009,7.830487251281738,
NSGA-II,NSGA-II,20260326,1.8966795466862618,33.651364029812214,8.905083885009887,0.5010832085184045,1.7828529188589852,0.6704664004858092,0.19955103560700813,0.4210692831029663,0.5902624271593566,0.11629649098314934,5.721669609562952,6.332168698408271,66.00282287597656,2.8335230350494385,7.849984169006348,
NSGA-II,NSGA-II,20260326,1.6738334307552383,32.74343747618076,8.709595131619388,0.5117160828085879,1.7831128404958774,0.6700724640468414,0.2015962240892224,0.41961000763896183,0.6667086693270752,0.11617972716906605,7.638708623052523,5.4232474004629925,66.00109100341797,2.849975109100342,7.819479942321777,
NSGA-II,NSGA-II,20260326,1.8905683924287278,32.399268738723194,8.61565174534331,0.500146997302647,1.7849102482558585,0.6705230320754181,0.19947798385506765,0.4209614522460056,0.5877068961301488,0.13800895880300845,0.8140447176492387,6.371601161218399,66.00921630859375,2.849776268005371,7.849863052368164,
NSGA-II,NSGA-II,20260326,1.8699094121874467,33.1945226074845,8.69403265795949,0.5014751658323059,1.782968016017708,0.6719222840275445,0.19970816751084253,0.4210220481914846,0.5904260982251552,0.11637418644677887,0.9664848190995272,6.2881576125237135,66.00292205810547,2.8477869033813477,7.849934101104736,
NSGA-II,NSGA-II,20260326,1.8636155522404534,34.273267621326916,8.938831601414314,0.5011208163718939,1.7810846792356398,0.6697270116064397,0.19941527837159184,0.41965698278048413,0.5919158350314705,0.13545940029669892,1.2682038638977318,6.3994664327328055,66.00022888183594,2.849076747894287,7.849898338317871,
NSGA-II,NSGA-II,20260326,1.6738334307552383,32.74308719823774,8.709595131619388,0.5117119533622373,1.7831148354899284,0.6700138676057381,0.20159623335707016,0.4195476725737832,0.6667086693270752,0.11568858808757586,7.638708623052523,5.4232474004629925,66.00009155273438,2.8497791290283203,7.819620609283447,
NSGA-II,NSGA-II,20260326,1.8634057418269465,34.27359842243274,8.938831601414314,0.5012522712506666,1.7810846792356398,0.6697270116064397,0.19941527837159184,0.4196169792343837,0.5919158350314705,0.13545940029669892,1.305844013745471,6.399463967467022,66.00048828125,2.8491272926330566,7.849752902984619,
NSGA-II,NSGA-II,20260326,1.6738334307552383,32.6979184714919,8.709595131619388,0.5117160828085879,1.7831148213185255,0.6700179309225538,0.20159675876133043,0.4196103234922365,0.6667086693270752,0.11619321966048969,7.5355752579863875,5.4232474004629925,66.00028228759766,2.84995436668396,7.8194475173950195,
NSGA-II,NSGA-II,20260326,1.6376608554050258,33.25103205877491,8.985930221330701,0.5124899153628599,1.7831825975942528,0.6705076098391873,0.20167525813055406,0.419593476443144,0.6607563125717554,0.11616072812254175,7.487103672341782,5.405789347439015,66.00444030761719,2.84999680519104,7.805677890777588,
NSGA-II,NSGA-II,20260326,1.8700779546938244,57.21539270930597,9.00350534186458,0.582951584621141,1.7362649903708478,0.7146855869136299,0.2141311422659673,0.4195012916676688,0.6093288888202156,0.13607678330754225,0.7511026784265695,7.95772161867777,67.30748748779297,2.849909543991089,7.849819183349609,
NSGA-II,NSGA-II,20260326,1.6376608554050258,33.195984243858206,8.985930221330701,0.5124899153628599,1.7827773489495489,0.6705076098391873,0.20167702362228085,0.419593476443144,0.6607563125717554,0.11616072812254175,7.290457082647492,5.405789347439015,66.0031509399414,2.8499889373779297,7.805675029754639,
NSGA-II,NSGA-II,20260326,1.4160096901437527,32.715432171223476,6.277478518290806,0.5122553305489079,2.446405554489181,0.6330872161949506,0.20764155754941097,0.4667334632292859,0.6683191857050685,0.11539279977973178,1.1716257143532687,7.249359408382638,68.45686340332031,2.84999942779541,7.711728096008301,
NSGA-II,NSGA-II,20260326,1.4160096901437527,32.716957154280166,6.277478774314448,0.5122553340133342,2.446405554489181,0.6330872497187222,0.20764155754941097,0.4667334632292859,0.6683201759940042,0.11539279977949589,1.1716257143532687,7.249359408474784,68.45690155029297,2.8499996662139893,7.711730480194092,
NSGA-II,NSGA-II,20260326,1.4160096901437527,32.716957154280166,6.277478774314448,0.5122553306201363,2.446405554489181,0.6330872151043695,0.20764155754941097,0.4667334632292859,0.6683201767040978,0.11539279977949589,1.1716257143532687,7.249359408379843,68.45690155029297,2.8499996662139893,7.711730480194092,
NSGA-II,NSGA-II,20260326,1.4160096901437527,32.716882279606025,6.277478529421955,0.5122553340793776,2.446405554489181,0.6330872497187222,0.20764155754941097,0.4667334632292859,0.6683034382687061,0.11539279979550184,1.1716257143532687,7.249359408381024,68.4569320678711,2.8499999046325684,7.7117180824279785,
NSGA-II,NSGA-II,20260326,1.4160096901437527,32.71695733647219,6.277478774314448,0.5122553340003806,2.446405554489181,0.6330872497187222,0.20764155754941097,0.4667334632292859,0.6683031939440421,0.11539279977950244,1.1716257143532687,7.249359406728235,68.4569320678711,2.8499999046325684,7.7117180824279785,
NSGA-II,NSGA-II,20260326,1.4160096901437527,32.716957154280166,6.277478774314448,0.5122553340133342,2.446405554489181,0.6330872497187222,0.20764155754941097,0.4667334632292859,0.6683201759940042,0.11539279977977641,1.1716257143532687,7.249359408474784,68.45690155029297,2.8499996662139893,7.711730480194092,
NSGA-II,NSGA-II,20260326,1.4160096901437527,32.716882279606025,6.27747852948851,0.5122553340753038,2.446405554489181,0.6330872497187222,0.20764155754941097,0.4667334632292859,0.6683034382687061,0.11539279977973183,1.1716257143532687,7.249359408381024,68.4569320678711,2.8499999046325684,7.7117180824279785,
NSGA-II,NSGA-II,20260326,1.4160096901437527,32.71697404161989,6.277478787569346,0.5122553314789342,2.446405554489181,0.6330872497187222,0.20764155754941097,0.4667334632292859,0.668303359816035,0.11539279980890015,1.1716257143532687,7.249359406733778,68.4569320678711,2.8499999046325684,7.7117180824279785,
NSGA-II,NSGA-II,20260326,1.4160096901437527,32.716957154280166,6.277478774314448,0.5122553340133562,2.446405554489181,0.6330872497187222,0.20764155754941097,0.4667334632292859,0.6683034382687061,0.11539279977977641,1.1716257143532687,7.249359408467196,68.4569320678711,2.8499999046325684,7.7117180824279785,
NSGA-II,NSGA-II,20260326,1.6755203977707176,32.87714133293438,8.671212271414463,0.5006366225015237,1.7831133087337867,0.6637110209033042,0.20159005230213,0.4195738300153333,0.6609725540044971,0.11629174130254413,5.366554181768187,5.445117823286814,66.0003433227539,2.8497066497802734,7.824873447418213,
NSGA-II,NSGA-II,20260327,1.7808089070745345,44.692641641245146,10.453945730280061,0.745926896695425,1.9779767068434644,0.6923803536192801,0.1732283320675324,0.43298329758301646,0.5964385471442749,0.13762037813168107,3.938342179790567,7.488340235375845,66.00008392333984,2.8498611450195312,7.633687496185303,
NSGA-II,NSGA-II,20260327,1.8657641712698139,45.8448219692241,8.339177486741189,0.5990989708280801,1.2844195563688756,0.6934255391987114,0.2014937885024909,0.4450276850288717,0.747798347905068,0.13741277719510328,3.0205210059564465,5.389647260381718,66.0000228881836,2.8068082332611084,7.846206188201904,
NSGA-II,NSGA-II,20260327,1.7331984773233584,43.9327619324701,10.659212744921588,0.6007492685934479,1.913881066534394,0.6944734700601299,0.19015419178875542,0.4368149629998822,0.716009273639409,0.13746535299060797,1.2736544885975931,7.21931007673824,66.00000762939453,2.8337442874908447,7.8378682136535645,
NSGA-II,NSGA-II,20260327,1.4931101850039354,44.66954391861272,8.141618112965094,0.3958818600421935,2.169353854555818,0.6941730342791466,0.22513105766665797,0.4299176609081505,0.7025714656363263,0.1375744063317741,2.2893263852852996,4.888947254949958,67.49488067626953,2.8483645915985107,7.849989414215088,
NSGA-II,NSGA-II,20260327,1.7283787312493242,43.99496905567212,10.43524191728612,0.600536672848772,1.9114031165149712,0.6944965958175499,0.1902115692128471,0.43670192869320423,0.7159838389570619,0.13736762281113063,1.2727059740176543,7.337531100723343,66.0103530883789,2.8458869457244873,7.849997520446777,
NSGA-II,NSGA-II,20260327,1.7745439958418368,44.545125165025745,10.038294560311435,0.6013870176922127,1.9164175452854795,0.6749596603837206,0.20189481549681956,0.3838559547033796,0.7030319552704106,0.13763639708566094,2.866190580909411,7.095802747671376,66.480224609375,2.84999942779541,7.846776485443115,
NSGA-II,NSGA-II,20260327,1.7827328212460638,44.692641641245146,10.436387010273554,0.7436832282082434,1.9874395282448838,0.6923818401117287,0.17322833809065336,0.4328297122114871,0.5997475183938143,0.13736491234911197,2.586449015094985,7.486535361267785,66.00370025634766,2.849909543991089,7.637572288513184,
NSGA-II,NSGA-II,20260327,1.4839314451288836,44.64549941507372,8.337210403454808,0.5989550836200634,1.3248442415596677,0.6736199823467741,0.19918302737988083,0.4453792004317645,0.7500697605225244,0.13705552945962507,-0.09659044079954526,4.683503974749757,66.00601196289062,2.8499951362609863,7.749149799346924,
NSGA-II,NSGA-II,20260327,1.8659426132223726,45.8413947763882,8.33925609852976,0.5990989747630169,1.2844407723868727,0.6934195124099899,0.2014937885024909,0.445381232750344,0.7500759166932425,0.1374306481740509,3.0130041249745574,5.433272809353594,66.0008773803711,2.8071746826171875,7.849743366241455,
NSGA-II,NSGA-II,20260327,1.7796058256695606,43.886883461379796,10.630543718000105,0.6005775989156898,1.9131631513492298,0.6945645978988831,0.19007603127891687,0.43692587264723237,0.7158304398047572,0.13746718783246528,3.9347993477980125,7.338499447346051,66.00178527832031,2.8284413814544678,7.849953651428223,
NSGA-II,NSGA-II,20260327,1.8661219317858702,44.924513554807746,10.55243658970167,0.5994038352680415,1.9814851670059994,0.6886659552416459,0.1927313671374746,0.3799261333210636,0.5937212058088999,0.13770805324981777,3.90301061282522,7.30817017060842,66.00013732910156,2.8490450382232666,7.811322212219238,
NSGA-II,NSGA-II,20260327,1.4839314451288836,44.73283701243338,8.337210450981647,0.5989550943353315,1.3248402879328318,0.6736199823467741,0.19918302737988083,0.4453792004317645,0.7512342421650948,0.13705552945962507,2.994099536801457,4.68800287605072,66.00695037841797,2.8499197959899902,7.750770568847656,
NSGA-II,NSGA-II,20260327,1.7331984773233584,43.9327619324701,10.659679452268524,0.6006343715621344,1.9139869790503015,0.6945143069685277,0.19015419178875542,0.4367793928976006,0.7157754346765465,0.13746535299060797,1.2738771087772776,7.326935988397624,66.00001525878906,2.8372883796691895,7.844664096832275,
NSGA-II,NSGA-II,20260327,1.8645054732033763,45.90452946304135,6.871258517282083,0.598564004735676,1.2968069530363642,0.6747683546016788,0.19802592307002803,0.44521519033688195,0.7078494473076707,0.13746470626542287,2.2079084564683313,5.436712195597414,66.11599731445312,2.8499598503112793,7.836197376251221,
NSGA-II,NSGA-II,20260327,1.7590697183742317,44.082374027960256,10.43486864835732,0.5988507996382282,1.9140556701310592,0.6745732688820378,0.1989638113103383,0.38737841026868036,0.7073756807443236,0.13731470807992052,2.499186808912299,7.079983514107364,66.27911376953125,2.8468291759490967,7.849944591522217,
NSGA-II,NSGA-II,20260327,1.7745439958418368,43.94688698509201,10.038294560311435,0.6013870176922127,1.9139471368173941,0.6745734039444304,0.20189326128043594,0.38385238274879807,0.7030319552704106,0.13763639708566094,2.8614013783137864,7.095764402951215,66.46942901611328,2.849940776824951,7.846225261688232,
NSGA-II,NSGA-II,20260327,1.7321721903210447,44.69260915305536,10.635720332795605,0.6006343715621344,1.9139866157034748,0.6922731033339068,0.19015511737355834,0.43325243000297675,0.7162471152816199,0.13761558026392265,1.2629711555856886,7.335554681388323,66.00008392333984,2.8413052558898926,7.849215507507324,
NSGA-II,NSGA-II,20260327,1.900599777752003,44.966694920196346,6.7242773835353535,0.59902176605483,1.2843060247114026,0.6737822889286624,0.1982579441685191,0.4307985627345951,0.7066282533751405,0.13753405309498432,4.060052210390239,4.902634601991629,66.00006103515625,2.8477554321289062,7.829803943634033,
NSGA-II,NSGA-II,20260327,1.7556375126481851,44.04480160088722,10.480375628189144,0.5987285709420435,1.9139419140530805,0.6940393421324487,0.19008148740571232,0.43629616069683097,0.7068026920825924,0.13735989914116867,4.051616526597677,7.392746724241876,66.00641632080078,2.8420987129211426,7.849923610687256,
NSGA-II,NSGA-II,20260327,1.7326245130574822,44.645119785285964,10.434858508437504,0.5988191675525362,1.9140040761578816,0.6921697755024114,0.19018488879036852,0.4329790945963228,0.7130705073767729,0.13736574945071878,3.991323947278296,7.209570804373181,66.00003814697266,2.8449230194091797,7.845815658569336,
NSGA-II,NSGA-II,20260327,1.7329871638459011,44.9372244528972,10.440817114727597,0.5990547678978053,1.9284895085284577,0.6941745833475665,0.19099208261416478,0.4323080272387695,0.7066224192761447,0.13753710113067738,1.2604506285220864,7.384062074268007,66.06539154052734,2.8499393463134766,7.849144458770752,
NSGA-II,NSGA-II,20260327,1.7588090282894155,44.15113766158186,10.434864909778847,0.5988507996382282,1.9141046214507873,0.6745433515307361,0.1989638113103383,0.38737857353464517,0.7068499750529883,0.13993765081909013,4.053268071299598,7.080200884459886,66.28399658203125,2.8482277393341064,7.849592685699463,
NSGA-II,NSGA-II,20260327,1.7760848043025639,43.90178622886925,10.446853146036842,0.598808186138438,1.911544908023867,0.695567048934088,0.1901846865471128,0.4368147741713323,0.7160134300751195,0.1373848373875885,1.273638504442701,7.218384904748726,66.00051879882812,2.8327791690826416,7.849735260009766,
NSGA-II,NSGA-II,20260327,1.7841813575215253,43.93417015260361,10.478829074355044,0.5987914367920546,1.9131890895414883,0.6956187294172907,0.1901846865471128,0.4368152589673199,0.7160125852426757,0.13736574945071878,3.899101228720511,7.209570804373181,66.00016784667969,2.8297903537750244,7.849365234375,
NSGA-II,NSGA-II,20260327,1.7841779480248205,44.640721023555244,10.478829074355044,0.5987914367920546,1.9132085750922858,0.6956187294172907,0.1901411136744911,0.43678259973951594,0.7158479818996577,0.13736636607699082,3.88454490067609,7.211805902373602,66.00990295410156,2.830064058303833,7.8499956130981445,
NSGA-II,NSGA-II,20260327,1.7795067498979664,43.925604002076504,10.630543718000105,0.6005512623259767,1.9131631513492298,0.6945064450560492,0.19007603127891687,0.43692587264723237,0.7158304398047572,0.13746718783246528,3.9360819273454695,7.338499447346051,66.00240325927734,2.8284430503845215,7.849978923797607,
NSGA-II,NSGA-II,20260327,1.9005302194638687,45.80777990999472,6.7242773835353535,0.599023696782557,1.2730413152726137,0.6737822889286624,0.19822714225161167,0.43082474585624586,0.7068767492352405,0.14018245967571089,4.043841990148998,4.902634601991629,66.00665283203125,2.849607467651367,7.832391738891602,
NSGA-II,NSGA-II,20260327,1.9005302194638687,45.80777990999472,6.822170400242767,0.599023696782557,1.284523576636675,0.6737822889286624,0.19822714225161167,0.43082474585624586,0.7068767492352405,0.13996810203153454,4.043841990148998,5.022724791972635,66.01361083984375,2.8495473861694336,7.835927963256836,
NSGA-II,NSGA-II,20260327,1.4873667983053278,43.9014770278632,8.141455042505783,0.39588060197800495,2.1614744742031164,0.6940571337395076,0.2251310832020883,0.4300784586968048,0.702642829453883,0.13756888133329168,3.7281412745454645,4.887460883759361,67.4706802368164,2.8496999740600586,7.8499436378479,
NSGA-II,NSGA-II,20260327,1.7588090282894155,44.08923457096008,10.434864909778847,0.5988507996382282,1.9141046214507873,0.6745732688820378,0.1989638113103383,0.38737857353464517,0.7073756807443236,0.13731432910962474,2.4610098677548393,7.080200884459886,66.27912902832031,2.8469088077545166,7.849956512451172,
NSGA-II,NSGA-II,20260327,1.7321721903210447,44.6795812189045,10.63694533413474,0.6006365578318762,1.9162294490577723,0.6922731033339068,0.19015511737355834,0.43292204653521693,0.7158336580402331,0.13761558026392265,1.2629711555856886,7.33207080423704,66.0006332397461,2.841529130935669,7.848832130432129,
NSGA-II,NSGA-II,20260327,1.7283592916269435,43.995751300333964,10.455832325420563,0.6006782678432026,1.911434278623301,0.6945142929032555,0.19008197522163037,0.4367030521969546,0.7159838389570619,0.13731677293270306,1.2726879518269456,7.337531100723343,66.00189208984375,2.8456082344055176,7.849910736083984,
NSGA-II,NSGA-II,20260327,1.7332317242410766,44.645904848149826,10.492777836867091,0.6019733610597133,1.9167847970423983,0.6945144341094398,0.19015370843927162,0.4330215925730175,0.713330255706416,0.13761412327363706,1.450402024645328,7.327668090817659,66.00533294677734,2.8474600315093994,7.849798202514648,
NSGA-II,NSGA-II,20260327,1.7855134636618142,44.02945446933946,10.420431841871345,0.5988191675525362,1.9139567388351015,0.692265392805101,0.19020638823134797,0.4329790945963228,0.7130705073767729,0.13741359242439238,4.0518063490814455,7.209485561081333,66.00127410888672,2.8333656787872314,7.849856853485107,
NSGA-II,NSGA-II,20260327,1.7760848043025639,43.901617711637535,10.446853146036842,0.598808186138438,1.911544908023867,0.6955525167777703,0.1901847158392554,0.4367683351676724,0.7158488267321016,0.13738420452405672,1.2590821763982802,7.218384904748726,66.00062561035156,2.8328258991241455,7.849624156951904,
NSGA-II,NSGA-II,20260327,1.7329933409269105,44.670049215175716,10.43661588607519,0.5990302640676259,1.9284895085284577,0.6941788000394582,0.19065354204503457,0.4332172808695167,0.7068704794058724,0.13753430993054755,1.4713113251591636,7.384062074268007,66.04729461669922,2.8499228954315186,7.8491926193237305,
NSGA-II,NSGA-II,20260327,1.7329956468441912,44.9372244528972,10.491546313291861,0.6020009924371874,1.9284895085284577,0.6941745833475665,0.19020815800816668,0.4323080272387695,0.7066602350859429,0.13753710113067738,1.2435955935340246,7.384062074268007,66.03048706054688,2.8498520851135254,7.846967697143555,
NSGA-II,NSGA-II,20260327,1.7311638273927286,44.67953384252911,10.432637690562599,0.5988218390716163,1.913957394848512,0.6923140054518734,0.19018598192323516,0.43297135139342113,0.715833515752405,0.13761558026392265,1.2139587091111537,7.209369042160997,66.00025939941406,2.8451569080352783,7.847962379455566,
NSGA-II,NSGA-II,20260327,1.7283702136004835,43.995508800913385,10.43765493157941,0.6006744366617939,1.911227325782429,0.6944897876146496,0.19008197522163037,0.43670192869320423,0.7155398220815904,0.13737022901121,1.244381414831345,7.337531100723343,66.00313568115234,2.846252202987671,7.849903583526611,
NSGA-II,NSGA-II,20260327,1.7329871638459011,44.932261141241916,10.385460345970234,0.5990547678978053,1.899198103133957,0.6941785636356825,0.19015711064860147,0.4368338826293873,0.7066166161023676,0.13755151657034878,1.2604506285220864,7.384062074268007,66.01889038085938,2.8493924140930176,7.849530220031738,
NSGA-II,NSGA-II,20260327,1.7273683504836443,43.92689529968606,10.43765493157941,0.6006744366617939,1.911227325782429,0.6945069447846439,0.19008197522163037,0.43670542874315343,0.7158458519357797,0.1374675138271495,1.2310236081214114,7.338472124668422,66.00328826904297,2.8463973999023438,7.849874019622803,
NSGA-II,NSGA-II,20260327,1.8930251542235603,44.924513554807746,10.481681369120853,0.5990467201161214,1.9775403123702828,0.6885390671842839,0.1933446606411751,0.37618506280582165,0.5992104305344439,0.13760978775988295,2.4444301284914474,7.435601127508895,66.00017547607422,2.8497331142425537,7.83070707321167,
NSGA-II,NSGA-II,20260327,1.7325279996733447,44.932261141241916,10.385460345970234,0.5990547678978053,1.899198103133957,0.6941785636356825,0.19015711064860147,0.4368338826293873,0.7066166161023676,0.13755151657034878,1.0917377356924831,7.384062074268007,66.0191650390625,2.8494646549224854,7.849442005157471,
NSGA-II,NSGA-II,20260327,1.7353315473462119,43.924949138627355,10.435882756933992,0.5990865985300449,1.9126913422164151,0.6945205352905268,0.1900760433919992,0.43668527278150837,0.7065523487328909,0.1374644067769051,3.9569564017650833,7.384062074268007,66.00225830078125,2.847874164581299,7.848292350769043,
NSGA-II,NSGA-II,20260327,1.7745439958418368,44.94686376662182,10.07860371964425,0.5990283499484564,1.923100969168677,0.6749596603837206,0.20186120193357257,0.38383060835863225,0.7069227350977,0.14005986185127056,2.904131075833547,7.0647874532664865,66.48197174072266,2.8487236499786377,7.8499250411987305,
NSGA-II,NSGA-II,20260327,1.735958779989637,44.645904848149826,10.492777836867091,0.6019733610597133,1.9167791567535326,0.6943444282730646,0.19020417108294005,0.4330215925730175,0.713330255706416,0.13761412327363706,1.450402024645328,7.327668090817659,66.00743865966797,2.8467345237731934,7.849981307983398,
NSGA-II,NSGA-II,20260327,1.7838986319183692,44.692641641245146,10.453491392777185,0.745926896695425,1.9779831823395777,0.6923794266368755,0.1732283320675324,0.4328277267209592,0.5964385471442749,0.13752295668353479,2.572044096447428,7.488339793061088,66.00003051757812,2.8491053581237793,7.633793830871582,
NSGA-II,NSGA-II,20260327,1.7745450408561594,44.530521415573624,10.038294560311435,0.6013894973504245,1.9164175452854795,0.6749596603837206,0.20189481549681956,0.3838559547033796,0.7030319552704106,0.13763639708566094,2.866190580909411,7.095802747671376,66.48009490966797,2.849994659423828,7.846749782562256,
NSGA-II,NSGA-II,20260327,1.7332447324450493,43.95311579343707,10.394475359702394,0.5990547678978053,1.8983944598794351,0.6941785636356825,0.19015711064860147,0.4368338826293873,0.7066166161023676,0.137549304086044,1.0917377356924831,7.386977968235849,66.0074462890625,2.8485348224639893,7.848093032836914,
NSGA-II,NSGA-II,20260327,1.7825975865805739,44.692641641245146,10.437522624530068,0.745926896695425,1.9779763686878689,0.6923803536192801,0.1732283320675324,0.43282532309125665,0.5964385471442749,0.13762037813168107,3.93005441027951,7.486588806224527,66.0001449584961,2.8499975204467773,7.634209632873535,
NSGA-II,NSGA-II,20260327,1.7849391115920612,44.02945446933946,10.421517061320312,0.5988191675525362,1.913957380457036,0.6922613103687298,0.19020684493916815,0.4329790945963228,0.7130705073767729,0.13741297278517928,3.991323947278296,7.20936626392977,66.00118255615234,2.8334543704986572,7.8497724533081055,
NSGA-II,NSGA-II,20260327,1.7830189624128172,44.692641641245146,10.437800106103687,0.7436832282082434,1.9876593080623934,0.6923818795888343,0.17322833809065336,0.4328241955247483,0.5966475806540918,0.13762239218560882,2.5723825023345412,7.486535361267785,66.00292205810547,2.849982500076294,7.635492324829102,
NSGA-II,NSGA-II,20260327,1.7335856769300308,44.647332201084616,10.43661588607519,0.599035000981321,1.9284895085284577,0.6941745833475665,0.19064097225962737,0.4332172808695167,0.7066309447474829,0.13753710113067738,1.4691565369724273,7.384062074268007,66.04646301269531,2.8498528003692627,7.849061965942383,
NSGA-II,NSGA-II,20260327,1.4839314451288836,44.6459585800669,8.33721045385657,0.5988847327364111,1.324651062126968,0.6736199823467741,0.19918302737988083,0.4453792004317645,0.7512352846929922,0.13705552945962507,-0.09659044079954526,4.683503974749757,66.00357818603516,2.8498504161834717,7.750227928161621,
NSGA-II,NSGA-II,20260327,1.4839314451288836,46.09914561868669,8.337210403454808,0.5989552122342017,1.3243775166733522,0.6736199823467741,0.19918302737988083,0.4453792004317645,0.7500697605225244,0.13705552945962507,3.0182900450776344,4.688044334064402,66.03730773925781,2.8499629497528076,7.750713348388672,
NSGA-II,NSGA-II,20260327,1.7291311832395146,43.9958432682047,10.386197132209697,0.6006367740886981,1.8995348480947563,0.6944897876146496,0.19015650671055767,0.43670192869320423,0.7078381839075749,0.1373112737276369,1.2435645218805647,7.319106139294783,66.0000991821289,2.848371744155884,7.844977378845215,
NSGA-II,NSGA-II,20260327,1.7280081115738972,43.93974219859038,10.435882756933992,0.5989564280674342,1.9126899293346633,0.6945211781805898,0.1900745561466799,0.4366793372747344,0.7067835472952642,0.1374644067769051,1.4691565369724273,7.384062074268007,66.00159454345703,2.849428176879883,7.847897052764893,
NSGA-II,NSGA-II,20260327,1.4839314451288836,45.834737621800386,8.337210403454808,0.5989552122342017,1.3243775166733522,0.6735653764664088,0.19918302737988083,0.44537918102806834,0.7500697605225244,0.13705552945962507,3.0130903545704157,4.688044334064402,66.03129577636719,2.8499960899353027,7.7505879402160645,
NSGA-II,NSGA-II,20260327,1.7827010071748883,44.692641641245146,10.437235663528831,0.7437357922265281,1.9874162685913102,0.6923818401117287,0.17322833809065336,0.4328297122114871,0.5997475183938143,0.1376200875116591,2.5723825023345412,7.486535361267785,66.00373840332031,2.849998712539673,7.637448310852051,
NSGA-II,NSGA-II,20260327,1.7322097734568616,44.6795812189045,10.63694533413474,0.6006359146612206,1.9162294490577723,0.6922731033339068,0.1901542096667028,0.4329245042176133,0.7158336580402331,0.1374606097294823,1.273140061798209,7.332097133306441,66.00029754638672,2.8414289951324463,7.848832607269287,
NSGA-II,NSGA-II,20260327,1.8652951105254758,45.84798255421804,8.339178585138843,0.5990989795664234,1.2844200316217014,0.6934256930751335,0.2014937885024909,0.4450277015179875,0.747798347905068,0.13743114848113336,3.0205210059564465,5.389705512155688,66.00003814697266,2.806926965713501,7.846176624298096,
NSGA-II,NSGA-II,20260327,1.8930251542235603,44.924513554807746,10.454012189805091,0.5988141885940536,1.9832177899315666,0.6885390671842839,0.1933446606411751,0.37614986488638735,0.5998229506772061,0.13760978775988295,1.1882440984242137,7.428428286067712,66.01078033447266,2.84987735748291,7.830358982086182,
NSGA-II,NSGA-II,20260327,1.7329332148205558,44.702447035047705,10.432637690562599,0.5988218390716163,1.9139947398512975,0.692306585877137,0.19018552521541499,0.43320572063629664,0.7158020457766064,0.13761558026392265,3.025688037308541,7.226543794049463,66.0013198852539,2.845095157623291,7.8489861488342285,
NSGA-II,NSGA-II,20260327,1.4839314451288836,44.64373537212355,8.337210406329728,0.5988847327364111,1.324651062126968,0.6736199823467741,0.19918302737988083,0.4453792004317645,0.7500708030504217,0.13705552945962507,-0.07265881405371744,4.683503974749757,66.00614929199219,2.8499579429626465,7.7491607666015625,
NSGA-II,NSGA-II,20260327,1.7353315473462119,43.99762234053535,10.435882756933992,0.5990865985300449,1.9126899293346633,0.6945205352905268,0.1900745561466799,0.4366793372747344,0.7067218842965709,0.1374644067769051,2.9665825717738556,7.384062074268007,66.00386047363281,2.8478193283081055,7.848390102386475,
NSGA-II,NSGA-II,20260327,1.7841813575215253,43.93417015260361,10.478829074355044,0.5987914367920546,1.9131890895414883,0.6956187294172907,0.1901846865471128,0.43676881996365996,0.7158479818996577,0.13736574945071878,3.88454490067609,7.209570804373181,66.0003433227539,2.829843282699585,7.84925651550293,
NSGA-II,NSGA-II,20260327,1.7321717018905947,44.67953384252911,10.432637690562599,0.5988218390716163,1.9139567532265775,0.6923140054518734,0.19018552521541499,0.43297135139342113,0.715833515752405,0.13761558026392265,1.2139587091111537,7.2094883393125615,66.00010681152344,2.844964027404785,7.848093509674072,
NSGA-II,NSGA-II,20260327,1.733593362841553,43.98950469541705,10.434888629264051,0.6019335305213713,1.9165328903731609,0.6944027954206375,0.19020440560050123,0.4332191827023636,0.7131417755477961,0.13754069253171639,1.2425338024898238,7.327668090817659,66.00440979003906,2.848421573638916,7.84948205947876,
NSGA-II,NSGA-II,20260327,1.4839314451288836,46.066954370588554,8.337210403454808,0.5989552015189337,1.3243775166733522,0.6736199823467741,0.19918302737988083,0.4453792004317645,0.7500697605225244,0.13705552945962507,3.066385700956964,4.688044334064402,66.03669738769531,2.8499608039855957,7.75068998336792,
NSGA-II,NSGA-II,20260327,1.732144942308856,44.645904848149826,10.492777836867091,0.6019733610597133,1.914059060167638,0.6943444282730646,0.19020417108294005,0.43292123530446935,0.713330255706416,0.13761416173340213,1.2432161467339995,7.327668090817659,66.00519561767578,2.8476109504699707,7.84975528717041,
NSGA-II,NSGA-II,20260327,1.8652951105254758,45.84499262150256,8.339178585138843,0.5990989747630169,1.2844200316217014,0.6934256930751335,0.2014937885024909,0.4450277015179875,0.747798347905068,0.1374306481740509,3.0205210059564465,5.389209714668533,66.00000762939453,2.8069097995758057,7.846142768859863,
NSGA-II,NSGA-II,20260327,1.732144942308856,44.645904848149826,10.491324869493852,0.6019733610597133,1.9139903402782061,0.6943444282730646,0.19020417108294005,0.43292123530446935,0.7133094230186082,0.13761416173340213,1.273889146243647,7.327668090817659,66.0054931640625,2.847637176513672,7.849730968475342,
NSGA-II,NSGA-II,20260327,1.7805227659077811,44.692641641245146,10.452926950202327,0.745926896695425,1.9777239567594058,0.6923803141421743,0.1732283320675324,0.4329888142697552,0.5995384848839974,0.13736751016403348,3.955688344046969,7.488339793061088,66.00067901611328,2.8498194217681885,7.63580846786499,
NSGA-II,NSGA-II,20260327,1.8914591868445008,44.924513554807746,10.481681369120853,0.5990467201161214,1.9775403123702828,0.6881745893264266,0.1933442418344144,0.37618506280582165,0.5992104305344439,0.13760978775988295,2.4523326041261626,7.435601127508895,66.00235748291016,2.8498425483703613,7.8301544189453125,
NSGA-II,NSGA-II,20260327,1.8657344143748422,45.8448219692241,8.339178585138843,0.599098972260298,1.2844192774196899,0.6934256930751335,0.2014937885024909,0.44502768520656766,0.747798347905068,0.13741287582531114,3.0205210059564465,5.3896497153890435,66.00001525878906,2.8068151473999023,7.846203804016113,
NSGA-II,NSGA-II,20260327,1.7849391115920612,44.02945446933946,10.421517061320312,0.5988191675525362,1.913957380457036,0.6922613103687298,0.19020684493916815,0.4329790945963228,0.7130705073767729,0.13736569072594373,3.991323947278296,7.20936626392977,66.0010757446289,2.833425521850586,7.8497700691223145,
NSGA-II,NSGA-II,20260327,1.7745701474397741,44.54520889446023,10.038294560311435,0.6013135730551495,1.9164175452854795,0.6749596603837206,0.20189481549681956,0.3838559547033796,0.7030482319089849,0.13763639708566094,2.866190580909411,7.095802747671376,66.48027038574219,2.849980115890503,7.846832275390625,
NSGA-II,NSGA-II,20260327,1.7353315473462119,43.93974219859038,10.435882756933992,0.599035000981321,1.9126899293346633,0.6945211781805898,0.1900745561466799,0.4366793372747344,0.7067218842965709,0.1374644067769051,1.4691565369724273,7.384062074268007,66.00357818603516,2.8477587699890137,7.848297595977783,
NSGA-II,NSGA-II,20260327,1.7827010071748883,44.692641641245146,10.437293277355032,0.7458743326771403,1.9779831823395777,0.6923818401117287,0.17322833809065336,0.4328297122114871,0.5997475183938143,0.13752243883841275,2.4551795620827903,7.486535361267785,66.00086975097656,2.849838972091675,7.636143684387207,
NSGA-II,NSGA-II,20260327,1.7808344844846846,44.69264633541521,10.45332277403806,0.745926896695425,1.9779812433698964,0.6923803692655826,0.17322833809065336,0.4328228036316858,0.5997492583699712,0.13752006767981995,2.5789733032348394,7.488344935513005,66.00049591064453,2.849832057952881,7.635674476623535,
NSGA-II,NSGA-II,20260327,1.7841813575215253,43.93417015260361,10.478829074355044,0.5987914367920546,1.9131890895414883,0.6956187294172907,0.1901846865471128,0.43681517672578507,0.7158502827393912,0.13736574945071878,3.885086621214313,7.209570804373181,66.00004577636719,2.829836368560791,7.8492841720581055,
NSGA-II,NSGA-II,20260327,1.7808407211457098,44.692641641245146,10.453491392777185,0.745926896695425,1.9779831823395777,0.6923803536192801,0.1732283320675324,0.43298329758301646,0.5964385471442749,0.1373675741277267,3.955688344046969,7.488339793061088,66.00013732910156,2.849782705307007,7.633784770965576,
NSGA-II,NSGA-II,20260327,1.7808407211457098,44.692641641245146,10.453491392777185,0.745926896695425,1.97798292073914,0.6923803536192801,0.1732283320675324,0.43298329758301646,0.5964385471442749,0.13736533341747023,3.955688344046969,7.488339793061088,66.00013732910156,2.8497817516326904,7.633785247802734,
NSGA-II,NSGA-II,20260327,1.733184747938771,44.670049215175716,10.43661588607519,0.5990302640676259,1.9284895085284577,0.6941745833475665,0.19064097225962737,0.4332172808695167,0.7068704794058724,0.1375341114039268,1.4713113251591636,7.384062074268007,66.04658508300781,2.8499186038970947,7.8492512702941895,
NSGA-II,NSGA-II,20260327,1.7827010071748883,44.692641641245146,10.437238595212042,0.7436832282082434,1.9874162685913102,0.6923818401117287,0.17322833809065336,0.4328297122114871,0.5997475183938143,0.13761771635306633,2.5691028508385756,7.486535361267785,66.00385284423828,2.8499836921691895,7.637459754943848,
NSGA-II,NSGA-II,20260327,1.4839314451288836,46.09914561868669,8.337210403454808,0.5989550836200634,1.3243775166733522,0.6736199823467741,0.19918302737988083,0.4453792004317645,0.7500697605225244,0.13705552945962507,2.971949846352082,4.688044334064402,66.03730010986328,2.8499622344970703,7.750705718994141,
NSGA-II,NSGA-II,20260327,1.8652951105254758,45.844843361257716,8.339178585138843,0.5990989795664234,1.2844200316217014,0.6934256930751335,0.2014937885024909,0.4450277015179875,0.747798347905068,0.13743114848113336,3.0205210059564465,5.389705512155688,66.00001525878906,2.8069236278533936,7.846169471740723,
NSGA-II,NSGA-II,20260327,1.7322522370535207,44.645904848149826,10.492777836867091,0.6019733610597133,1.916988600801961,0.6944058468899601,0.1902044057955387,0.43291526681012293,0.713330255706416,0.13761416173340213,1.2522984326412399,7.327668090817659,66.00590515136719,2.84775710105896,7.849908351898193,
NSGA-II,NSGA-II,20260327,1.7745711924540968,44.53039749353058,10.038294560311435,0.6013160527133614,1.9164175452854795,0.6749596603837206,0.20189481549681956,0.3838559547033796,0.7030482319089849,0.13763639708566094,2.866190580909411,7.095802747671376,66.48013305664062,2.8499743938446045,7.846804141998291,
NSGA-II,NSGA-II,20260327,1.784181444196598,43.93417015260361,10.478829074355044,0.5987914367920546,1.9131890895414883,0.6956187294172907,0.1901846865471128,0.4368151606369644,0.7158319052399612,0.13736575106558563,3.899101228720511,7.209570804373181,66.00006103515625,2.829838991165161,7.849270820617676,
NSGA-II,NSGA-II,20260327,1.7745711924540968,44.53050131926934,10.038294560311435,0.6013160527133614,1.9164175452854795,0.6749596603837206,0.20189481549681956,0.3838559547033796,0.7030482319089849,0.13763639708566094,2.866190580909411,7.095802747671376,66.48013305664062,2.8499743938446045,7.846804141998291,
NSGA-II,NSGA-II,20260327,1.8657647639097854,45.8448219692241,8.339178585138843,0.5990989708280801,1.2844192819017382,0.6934256930751335,0.2014937885024909,0.44502768520656766,0.747798347905068,0.13741287592420745,3.0205210059564465,5.389647260381718,66.0000228881836,2.8068082332611084,7.846206188201904,
NSGA-II,NSGA-II,20260327,1.8657419341479669,45.8448219692241,8.339202740620898,0.5990989708280801,1.2844192819017382,0.6934257001013364,0.2014937885024909,0.4450276674499345,0.747798347905068,0.1374128754686942,3.0205210059564465,5.389647260381718,66.00001525878906,2.8068127632141113,7.8462042808532715,
NSGA-II,NSGA-II,20260327,1.8652951105254758,45.84798255421804,8.339178585138843,0.5990989747933853,1.2844200316217014,0.6934256930751335,0.2014937885024909,0.4450277015179875,0.747798347905068,0.13743114848113336,3.0205210059564465,5.389705512155688,66.00003814697266,2.806926965713501,7.846176624298096,
NSGA-II,NSGA-II,20260327,1.7745439958418368,44.545125165025745,10.038294560311435,0.6013870176922127,1.9164175452854795,0.6749863546113375,0.20189481549681956,0.3839434595329409,0.7065967451903559,0.13763639708566094,4.092704657978842,7.095802747671376,66.47713470458984,2.8499643802642822,7.849888324737549,
NSGA-II,NSGA-II,20260327,1.7808409098807172,44.692641641245146,10.45393710608712,0.745926896695425,1.9779769031821728,0.6923803536192801,0.1732283320675324,0.43298329758301646,0.5964385471442749,0.13761219759984786,3.954473838615762,7.488340235375845,66.00006103515625,2.849853038787842,7.633701324462891,
NSGA-II,NSGA-II,20260327,1.7827010071748883,44.692641641245146,10.437293277355032,0.7458743326771403,1.9779831823395777,0.6923818401117287,0.17322833809065336,0.4328297122114871,0.5997475183938143,0.13752243883841275,2.5804453680249395,7.486535361267785,66.00090026855469,2.8498477935791016,7.636174201965332,
NSGA-II,NSGA-II,20260327,1.7568166302514172,44.81910417003684,10.369439855455136,0.5987225802452787,1.9139168108744444,0.67496784026971,0.19895980775715488,0.388844733007355,0.7068201424754958,0.14011241562043922,2.91466177876417,7.085231679595137,66.3089599609375,2.8495495319366455,7.8496809005737305,
NSGA-II,NSGA-II,20260327,1.7808087183395271,44.692641641245146,10.453500016970127,0.745926896695425,1.9779827244004315,0.6923803536192801,0.1732283320675324,0.43298329758301646,0.5964385471442749,0.13737351394930342,3.939556685221767,7.488339793061088,66.00011444091797,2.8497939109802246,7.6337785720825195,
NSGA-II,NSGA-II,20260327,1.7841813575215253,43.93418187649474,10.43208640884788,0.5988923728268347,1.9140565064456163,0.6954600019048954,0.19018471497353936,0.4366681193715386,0.715832971405695,0.13736574945071878,3.8433727772320765,7.209570804373181,66.00464630126953,2.83129620552063,7.849974632263184,
NSGA-II,NSGA-II,20260328,1.7600237823033968,34.0485396117839,7.974128761603319,0.507645491189312,2.52242005412095,0.6071559969066984,0.1956113022869859,0.37627115532430677,0.7162291189208334,0.12955964601562958,4.412350717181269,6.512331652716699,66.8125228881836,2.8499956130981445,7.847696781158447,
NSGA-II,NSGA-II,20260328,1.7571689260220973,34.16351963700889,8.038625103933159,0.5043467951676207,2.5756827430844265,0.6072245166682775,0.1956231188752226,0.37628946645266276,0.716185825542177,0.1298843812852465,5.0404509062231,6.622024796090692,66.88172149658203,2.849985122680664,7.849978446960449,
NSGA-II,NSGA-II,20260328,1.7571671848154227,34.131781884298064,8.038238548256352,0.5043467951676207,2.5756827430844265,0.6072245166682775,0.19562314753411048,0.37628946645266276,0.716185825542177,0.1298843812852465,5.007419257167967,6.622024796090692,66.88125610351562,2.8499860763549805,7.849948883056641,
NSGA-II,NSGA-II,20260328,1.5253707200775288,56.87524021613807,8.007084601823943,0.5038841750946736,1.6421971988438386,0.6071572525755177,0.1956263976721738,0.3739270786562399,0.7070253683045511,0.1452415533278255,-2.1517789015601707,1.3684934499065569,66.00000762939453,2.811849594116211,7.660287857055664,
NSGA-II,NSGA-II,20260328,1.5514880932100334,56.87545624961848,8.007134385856595,0.4319160444840473,1.6880120290485336,0.607178663646307,0.19562666108170845,0.41172295170945516,0.7065951256606693,0.14469724533746683,-2.256553925221233,1.3232364145625661,66.0000228881836,2.7758312225341797,7.7022624015808105,
NSGA-II,NSGA-II,20260328,1.757886743537867,34.61201645996377,8.051243891462134,0.5099403058055381,2.5224503154181157,0.6072128706916566,0.19560884807510875,0.3762711001808646,0.716182738592555,0.12804704806222192,5.063965834172542,6.6253667719267,66.82853698730469,2.8496134281158447,7.84998083114624,
NSGA-II,NSGA-II,20260328,1.5253707336811484,56.8752714116742,8.003804419222892,0.5038846504616802,1.6421971738722738,0.6072211088833863,0.19562918193322065,0.3739147401927761,0.7070253683045511,0.14523199692773114,-2.1526196668895494,1.3648181055524378,66.00000762939453,2.811898946762085,7.660207271575928,
NSGA-II,NSGA-II,20260328,1.7290344934814268,56.717387236266326,8.016068770672614,0.5020359697190699,1.7113847999438236,0.607560920508858,0.19571356689502473,0.37688308664648806,0.7006230245923566,0.13427679644161122,-2.745222560666498,4.426518723460681,66.00428009033203,2.8498029708862305,7.844422817230225,
NSGA-II,NSGA-II,20260328,1.7573044022020294,34.16351963700889,8.038625103933159,0.5043467951676207,2.5756827430844265,0.6072245166682775,0.1956231188752226,0.37628946645266276,0.716185825542177,0.1298843812852465,5.0404509062231,6.622024796090692,66.88175201416016,2.849945306777954,7.849983215332031,
NSGA-II,NSGA-II,20260328,1.7207199923305652,55.90593779218827,8.068473396193648,0.502233169151483,1.7187983493828147,0.6075617094222098,0.19602549828444216,0.3763407089169254,0.7009364083708747,0.134029587470949,-1.8099775418987676,4.4287106985255615,66.00423431396484,2.849984645843506,7.841484546661377,
NSGA-II,NSGA-II,20260328,1.7600237823033968,34.0485396117839,7.974128761603319,0.507645491189312,2.5225304777636453,0.6071564242138024,0.1956113022869859,0.37627115532430677,0.7162291189208334,0.12955964601562958,4.412350717181269,6.512331652716699,66.8125991821289,2.8499972820281982,7.8476948738098145,
NSGA-II,NSGA-II,20260328,1.6761020213353783,56.67426995092178,7.73702175264694,0.5084718740953549,1.3024975054394683,0.6075470663602415,0.20030935740252837,0.410698076076186,0.7148206382173974,0.13454619599869266,-1.9491148091422232,4.582521856141955,66.00270080566406,2.8423879146575928,7.849273681640625,
NSGA-II,NSGA-II,20260328,1.525370719970796,56.875238353499114,8.007146832782773,0.5038841750946736,1.6421971986176969,0.6071572525755177,0.1956294757010854,0.3739148570203473,0.7070880563392756,0.1452415533278255,-2.1515368292665897,1.3684934499065569,66.00003051757812,2.8118526935577393,7.6603593826293945,
NSGA-II,NSGA-II,20260328,1.5539322831258668,56.71071245370126,7.971919654648524,0.4319742250723798,1.6915588418727385,0.6075470165495704,0.19562372952701693,0.412585868124718,0.7209100114450665,0.14470852437130405,-2.183217114333587,1.4327628752094066,66.00005340576172,2.777163505554199,7.720356464385986,
NSGA-II,NSGA-II,20260328,1.5253707200775288,56.87524021613807,8.007084601823943,0.5038841750946736,1.6421971999008629,0.6071572525755177,0.19562642546617204,0.37392696032457245,0.7070253683045511,0.14524194468739587,-2.1517789015601707,1.3684934499065569,66.00000762939453,2.811849594116211,7.660287857055664,
NSGA-II,NSGA-II,20260328,1.7297249183418806,56.354092819980785,7.995054833661813,0.5043432315821195,1.6256093226740393,0.6071666914403586,0.20131838044758005,0.3765154462541894,0.708400227069931,0.1345427398082264,4.151543321825336,4.577619333691384,66.22108459472656,2.844475507736206,7.849997043609619,
NSGA-II,NSGA-II,20260328,1.6769769221017177,56.74538482973213,7.732767436266554,0.5088162066814188,1.3066621301612615,0.607543524574368,0.2004191918024905,0.40898421607375224,0.7146072198552389,0.13453452950834205,-2.5587430209099224,4.577238542982155,66.00415802001953,2.8436641693115234,7.8499979972839355,
NSGA-II,NSGA-II,20260328,1.7290344934814268,56.717387236266326,8.01664822752455,0.5020359697190699,1.714502290434663,0.607560920508858,0.19571356689502473,0.37688308664648806,0.7006860914162588,0.13427679644161122,-2.4354576910928216,4.426518723460681,66.00628662109375,2.8498198986053467,7.844183921813965,
NSGA-II,NSGA-II,20260328,1.715048410796011,54.43211330226761,8.001401974030887,0.5038885765177172,1.6404685055772212,0.6074994510250257,0.20134658453356147,0.37391525898342504,0.7079573467789924,0.13453925254855495,2.683721760009824,4.54958750285022,66.17881774902344,2.8499655723571777,7.848873615264893,
NSGA-II,NSGA-II,20260328,1.757886743537867,34.613639010510724,8.050891847058383,0.5099403058055381,2.5224503154181157,0.6072128706916566,0.19560884807510875,0.3762711001808646,0.716182738592555,0.12804704806222192,5.063965834172542,6.6253667719267,66.82859802246094,2.8496265411376953,7.849989891052246,
NSGA-II,NSGA-II,20260328,1.7290344934814268,56.717387236266326,8.01664822752455,0.5020359697190699,1.714502290434663,0.607560920508858,0.19571356689502473,0.37688308664648806,0.7006860914162588,0.134659080531518,-2.4354576910928216,4.426518723460681,66.00990295410156,2.849835157394409,7.844057083129883,
NSGA-II,NSGA-II,20260328,1.6755882978837993,56.74538482973213,7.73306527502621,0.5087504959246092,1.3066621301612615,0.607543524574368,0.20041983114154213,0.40898421607375224,0.7145855148914084,0.13454355577822916,-1.9308526305921845,4.577238542982155,66.00430297851562,2.844000816345215,7.849949836730957,
NSGA-II,NSGA-II,20260328,1.7290344934814268,56.717387236266326,8.01664822752455,0.5020359697190699,1.714502290434663,0.607560920508858,0.19571356689502473,0.37688308664648806,0.7006860914162588,0.134659080531518,-1.767918250159319,4.426518723460681,66.01008605957031,2.849912166595459,7.843968391418457,
NSGA-II,NSGA-II,20260328,1.7600149789906003,32.943976735695685,8.11702567131703,0.5070689016818182,2.5251277390920954,0.6072096313739187,0.19344218939224284,0.37626895752769335,0.7160992405537189,0.12987570749163926,5.226803018368976,6.470196064775874,66.63821411132812,2.849952459335327,7.849841117858887,
NSGA-II,NSGA-II,20260328,1.7282897819981493,55.926972250903994,8.01332322024783,0.5022112636078955,1.710985851184061,0.6075616584643573,0.1960347862946088,0.37688901377469963,0.7008387275234684,0.1340222143991682,-1.8147481309631388,4.428695629999013,66.00382232666016,2.849534273147583,7.843289375305176,
NSGA-II,NSGA-II,20260328,1.7396741635069446,56.81080924806337,8.008112049384653,0.5020284088065569,1.710964857872635,0.6075616814160809,0.19572500367499748,0.3764259292275775,0.7008322972760599,0.13402585102522763,-1.9846436831438936,4.462900222366341,66.0122299194336,2.848116397857666,7.847944259643555,
NSGA-II,NSGA-II,20260328,1.735937119458605,56.71741311036096,8.042963697069078,0.5020395127335056,1.7139800757454384,0.6075620730626725,0.19571355898321754,0.3763258952537244,0.7006201824074199,0.1346414147310991,-1.7587396837203926,4.429259621892031,66.00029754638672,2.8483283519744873,7.845300197601318,
NSGA-II,NSGA-II,20260328,1.7185764342217136,54.43211330226761,8.04251780789381,0.5043317711960902,1.6332340240531695,0.6075561086960134,0.20130993737483044,0.37388644106615404,0.7084696034910021,0.13402526302364243,4.356247418352986,4.549975536069046,66.16222381591797,2.8483333587646484,7.849975109100342,
NSGA-II,NSGA-II,20260328,1.7211848813239063,56.72686030218125,7.997898155446245,0.5022486906537109,1.6739507429851406,0.6075437136097785,0.20041781892899238,0.373693238049948,0.7006767343660795,0.1344811021147393,-2.4631131627528333,4.588864210049541,66.21805572509766,2.849998950958252,7.846708297729492,
NSGA-II,NSGA-II,20260328,1.5530298903076862,56.26337650967611,8.317061464390328,0.5085105695653152,1.3403203524031297,0.6075542759460097,0.21344007599120024,0.3832147320597226,0.7008384840800339,0.1344833038489256,-1.88030371266467,4.577351996337991,66.5824203491211,2.84999942779541,7.80738639831543,
NSGA-II,NSGA-II,20260328,1.7402672140613078,56.82503758448901,8.008112049384653,0.5020290545333687,1.7109408659986052,0.6075616814160809,0.19572500367499748,0.3763412163854148,0.7008418621889309,0.13454712659036766,-1.9820690601389757,4.46600919046977,66.0183334350586,2.848057270050049,7.848053455352783,
NSGA-II,NSGA-II,20260328,1.7154666939715448,54.43211330226761,8.041430223090765,0.5043229236329145,1.6271676148022154,0.607197994073758,0.20134554421709328,0.37391525898342504,0.7002299228869753,0.13453925254855495,3.0022067663407626,4.54958750285022,66.17332458496094,2.8499796390533447,7.843361854553223,
NSGA-II,NSGA-II,20260328,1.5632160223798934,57.11232092994795,8.00417874808949,0.5040800572875865,1.6416673572472238,0.6071800524608247,0.1956264046335486,0.3739624616044886,0.7077608651922305,0.1452297839066292,-2.127722328983488,1.365987678694351,66.0,2.8010106086730957,7.663753509521484,
NSGA-II,NSGA-II,20260328,1.715048410796011,54.43211330226761,8.001401974030887,0.5038885765177172,1.6404685055772212,0.6074994510250257,0.20131802005504876,0.37391525898342504,0.7079573467789924,0.13454260112245567,2.8003211073069707,4.54958750285022,66.17855072021484,2.8499319553375244,7.848768711090088,
NSGA-II,NSGA-II,20260328,1.7185764342217136,54.43211330226761,8.036831167074602,0.5043317711960902,1.6332340240531695,0.607554366381826,0.20130993737483044,0.3738875342520309,0.7084696034910021,0.1344834378029569,4.356247418352986,4.549975536069046,66.16364288330078,2.8487069606781006,7.849996566772461,
NSGA-II,NSGA-II,20260328,1.7196082945669933,54.43078826889061,8.043351056328275,0.504363110905978,1.6332340240531695,0.607562097282787,0.2008265462344503,0.3742539823778731,0.7083907001478004,0.13424438256961344,-2.365108429500708,4.549975536069046,66.13692474365234,2.847583770751953,7.849924564361572,
NSGA-II,NSGA-II,20260328,1.7180104603209965,54.43211330226761,8.037093288957715,0.5043298018365233,1.6332340240531695,0.607554366381826,0.20130821811147603,0.3738774304075418,0.7084696034910021,0.1344834378029569,4.356247418352986,4.550444907675308,66.16348266601562,2.8488686084747314,7.849991798400879,
NSGA-II,NSGA-II,20260328,1.729613072791485,56.74538482973213,7.985841763101458,0.5088162066814188,1.3066621301612615,0.607543524574368,0.2004191918024905,0.409172778795469,0.7146072198552389,0.13453452950834205,-2.5587430209099224,4.577240522526027,66.00105285644531,2.824007749557495,7.849603652954102,
NSGA-II,NSGA-II,20260328,1.7154666939715448,54.43211330226761,8.041430223090765,0.5043316702669318,1.6271676148022154,0.607197994073758,0.20134554421709328,0.37388905541833206,0.7087953411357297,0.13453661643773718,3.0022067663407626,4.549586014471315,66.15898132324219,2.8490231037139893,7.849971294403076,
NSGA-II,NSGA-II,20260328,1.7185764342217136,54.49801393577039,8.043279125517,0.5043444518101315,1.6345071036840308,0.6075543705641457,0.20082599269197718,0.37399901899669263,0.7084646581670231,0.13428179291918768,-1.9291335660723732,4.549975536069046,66.14080810546875,2.847943067550659,7.8497633934021,
NSGA-II,NSGA-II,20260328,1.7600700076777578,32.943976735695685,8.124224744654597,0.5070689974341152,2.5224042753070135,0.6071583109684942,0.19345104905829147,0.37627114806895023,0.7160978284851739,0.1296024122528275,4.40670280156737,6.470196064775874,66.63391876220703,2.849630117416382,7.849950790405273,
NSGA-II,NSGA-II,20260328,1.7149690114835268,54.867360527632535,8.003049026821932,0.5043889601864072,1.6344606277870093,0.6074843106590996,0.20134658453356147,0.37391525898342504,0.7083906936000645,0.1345369011656879,2.4932154445869017,4.54958750285022,66.18077850341797,2.8499839305877686,7.849462032318115,
NSGA-II,NSGA-II,20260328,1.735937119458605,56.75198320436879,8.042963697069078,0.5020395127335056,1.7139800757454384,0.6075651632619199,0.19571582712112776,0.3763258952537244,0.7008212932300354,0.13447347784193725,-1.7587396837203926,4.429259621892031,66.00010681152344,2.8482372760772705,7.845480918884277,
NSGA-II,NSGA-II,20260328,1.5530298903076862,56.26337650967611,8.317061464390328,0.5085105695653152,1.3403203524031297,0.6075542759460097,0.21344007599120024,0.3832147320597226,0.7008384840800339,0.1344833038489256,-1.88030371266467,4.577351993307245,66.5824203491211,2.84999942779541,7.80738639831543,
NSGA-II,NSGA-II,20260328,1.7185801720572496,54.43211330226761,8.043286963505427,0.5043432545553479,1.6332997444659574,0.6075543705641457,0.20082599269197718,0.3740021626451502,0.7083906693106689,0.13424435963999193,-2.365108429500708,4.549912836641144,66.13825988769531,2.847860097885132,7.849734306335449,
NSGA-II,NSGA-II,20260328,1.723956640183571,56.704798713850145,8.012750779372183,0.5030533852392168,1.7109927991105216,0.6075608209516519,0.19572504533540364,0.3768748783537342,0.7008321352001472,0.13413208728963705,-1.9567880624322171,4.392979420975703,66.00658416748047,2.849998712539673,7.841133117675781,
NSGA-II,NSGA-II,20260328,1.7186430298056163,54.51875202641776,8.004779454165675,0.5038835117566176,1.6425014122312067,0.6075136538914707,0.2007384286263023,0.3739668371055741,0.7074459236282695,0.13436445140387943,-2.4705730498448943,4.550311461287608,66.1470718383789,2.849363088607788,7.849740028381348,
NSGA-II,NSGA-II,20260328,1.553029891840707,56.26337650967611,8.317061464390328,0.5085105695653152,1.3403203524031297,0.6075542759460097,0.21344007599120024,0.3832147320597226,0.7008384840800339,0.1344833038489256,-1.88030371266467,4.577351996337991,66.5824203491211,2.84999942779541,7.80738639831543,
NSGA-II,NSGA-II,20260328,1.749905392988882,57.2114698084047,6.840720034872826,0.4281303633778444,1.6184274559292882,0.607185397304833,0.1957097465007799,0.4131693213507887,0.7147457116638005,0.14472273400634186,-3.241299865919707,1.3651806667992592,66.0,2.7671096324920654,7.761068344116211,
NSGA-II,NSGA-II,20260328,1.553029864777916,56.26337650967611,8.317061464390328,0.5085105695653152,1.3403203524031297,0.6075542759460097,0.2134400759570403,0.3832147320597226,0.7008384840800339,0.1344833038489256,-1.88030371266467,4.577351996337991,66.5824203491211,2.84999942779541,7.80738639831543,
NSGA-II,NSGA-II,20260328,1.7200559088578522,55.942307163816416,8.065853635950717,0.5041118330823681,1.7142564390289805,0.607166306891495,0.19571356689502473,0.3769335796148748,0.7007978762429338,0.13465518616619424,-1.7316039085798778,4.434971108775296,66.001953125,2.849933624267578,7.839179039001465,
NSGA-II,NSGA-II,20260328,1.7213648229734493,54.43211330226761,7.9988698441872605,0.504343669648216,1.641501841938602,0.6075543705641457,0.20082599269197718,0.3740034466070842,0.7083906693106689,0.13403266412998513,-2.374847571396927,4.549912836641144,66.15055084228516,2.848229169845581,7.849944591522217,
NSGA-II,NSGA-II,20260328,1.7149679357501821,54.43211330226761,8.001401974030887,0.5038940377814326,1.6404685055772212,0.6075135536421787,0.2013465320002632,0.37387608480578793,0.7084786325886923,0.13453925254855495,-2.2012058654620716,4.577215175588125,66.18028259277344,2.8496735095977783,7.849880218505859,
NSGA-II,NSGA-II,20260328,1.5527581779003923,56.870401141231014,7.9982117993504485,0.5036179447472993,1.6416602850609134,0.6075250948016122,0.19582850275384156,0.3737862330147007,0.7070253363551239,0.14523236949741467,-2.127609216115829,1.4778869425847208,66.00005340576172,2.8082268238067627,7.66912841796875,
NSGA-II,NSGA-II,20260328,1.5527581779003923,56.870401141231014,7.9982117993504485,0.5036179447472993,1.6416671981198787,0.6075250948016122,0.19582850275384156,0.3737862330147007,0.7070096753459683,0.14523236949741467,-2.1273358258166937,1.4775320409732116,66.0000228881836,2.8082189559936523,7.669100761413574,
NSGA-II,NSGA-II,20260328,1.757831276053313,34.415774119266764,7.974128761603319,0.5069245907678268,2.520745743977595,0.6072153655036068,0.1957505893922477,0.37692328002852427,0.7162294098982939,0.12955966754991685,5.339171426373348,6.514556502691772,66.8265380859375,2.8499999046325684,7.847850799560547,
NSGA-II,NSGA-II,20260328,1.7200535148623084,55.93910684164813,8.066065820903182,0.5041118330823681,1.7142564390289805,0.6071794547450852,0.19571356689502473,0.3768661495480916,0.700970855377627,0.13484555373227755,-1.7736396926007743,4.426518723460681,66.00012969970703,2.849931478500366,7.839107990264893,
NSGA-II,NSGA-II,20260328,1.7186432888007603,54.5119965887533,7.998787094868939,0.5039207164489063,1.641501188773891,0.607169373481087,0.20073847986793103,0.3738225938546301,0.7076174271415614,0.1345466225481748,-2.431296068191436,4.55148867376633,66.14784240722656,2.8495378494262695,7.849864482879639,
NSGA-II,NSGA-II,20260328,1.7189928156972332,54.51875202641776,8.00484372687814,0.5043367496622246,1.6425014122312067,0.6075136538914707,0.2007384286263023,0.3739668371055741,0.7074473992496707,0.13436445140387943,3.8068474369193055,4.54068186349427,66.15077209472656,2.849886417388916,7.849251747131348,
NSGA-II,NSGA-II,20260328,1.735937119458605,56.71740785821662,8.042517081903277,0.5020394899651351,1.714113829204978,0.6075620730626725,0.19571355898321754,0.37632297349819976,0.7006162986205138,0.1346414147310991,-1.7622117516087954,4.429091510004269,66.00051879882812,2.8483312129974365,7.845278263092041,
NSGA-II,NSGA-II,20260328,1.7185764342217136,54.49681494556624,8.043279125517,0.5021696094018049,1.6345071036840308,0.6075543705641457,0.20082599269197718,0.37399901899669263,0.7007986916861434,0.13428187115834664,-1.9291335660723732,4.549975536069046,66.13936614990234,2.849710702896118,7.847436904907227,
NSGA-II,NSGA-II,20260328,1.7189954686879212,54.49822604927338,7.994840989093862,0.5043786003169187,1.6425135471331613,0.6071653129752379,0.20083725747166514,0.37399895225532215,0.7074729986392556,0.13454337373938963,3.88816020259366,4.55030918592644,66.16107940673828,2.849891424179077,7.849031925201416,
NSGA-II,NSGA-II,20260328,1.7334588902316044,56.71139628138779,7.98608002470647,0.5088162066814188,1.3066621301612615,0.607543524574368,0.2004191918024905,0.409172778795469,0.7146072198552389,0.13452229504907653,-2.5309243015266674,4.577240522526027,66.0016860961914,2.8230655193328857,7.84989070892334,
NSGA-II,NSGA-II,20260328,1.7213648229734493,54.43211330226761,7.9988698441872605,0.5043433202492902,1.6414932606634254,0.6075560353555449,0.20082599269197718,0.3740034466070842,0.7083635942996828,0.13403201857344654,-2.374847571396927,4.549912836641144,66.15056610107422,2.848233461380005,7.84992790222168,
NSGA-II,NSGA-II,20260328,1.729613072791485,56.74538482973213,7.985841763101458,0.5088162066814188,1.3066621301612615,0.6075431452716699,0.2004191918024905,0.4091389476201783,0.7144796917131443,0.13453452950834205,-2.5587430209099224,4.577229932398201,66.0009994506836,2.8240668773651123,7.849560260772705,
NSGA-II,NSGA-II,20260328,1.757772383394339,34.33349202661654,7.974128761603319,0.5069245907678268,2.5206383619837283,0.6072153655036068,0.19575066393302215,0.376933992008914,0.7162284782192182,0.1295596674135469,5.264697814107976,6.5145559822046195,66.82487487792969,2.849998950958252,7.847789764404297,
NSGA-II,NSGA-II,20260328,1.5173164414502789,56.87857902130994,7.998109247421468,0.5035263137363,1.6414192307803304,0.607221017851306,0.1956335020002299,0.37395376975498246,0.7070253683045511,0.14511375951917854,-2.4203988123732287,1.3106086336608649,66.00003814697266,2.812514066696167,7.657073020935059,
NSGA-II,NSGA-II,20260328,1.7213648229734493,54.43211330226761,7.992092305874105,0.504343669648216,1.64147087710544,0.6075543705641457,0.20082599269197718,0.3740034466070842,0.7083906693106689,0.13465076384029423,-2.365108429500708,4.549912836641144,66.152587890625,2.8486905097961426,7.849905967712402,
NSGA-II,NSGA-II,20260328,1.5527581779003923,56.870401141231014,7.9982117993504485,0.5036179447472993,1.6416671981198787,0.6075250948016122,0.19582850275384156,0.3737862330147007,0.7070096753459683,0.14523236949741467,-2.127280871282366,1.4775323912685512,66.0000228881836,2.8082189559936523,7.669100761413574,
NSGA-II,NSGA-II,20260328,1.715300976901658,54.43211330226761,8.041430223090765,0.5043952171469481,1.6274341152402307,0.607197994073758,0.20090481939662058,0.37388905541833206,0.7087953411357297,0.13453661643773718,0.9633840391416228,4.54925488029841,66.146728515625,2.848602533340454,7.84885311126709,
NSGA-II,NSGA-II,20260328,1.7600149789906003,32.943976735695685,8.11702567131703,0.5070676782819186,2.5251277390920954,0.6072096313739187,0.19344218939224284,0.3762731138087637,0.7162300573507955,0.12987570749163926,5.3314786138581525,6.470196064775874,66.63814544677734,2.8499362468719482,7.849949359893799,
NSGA-II,NSGA-II,20260328,1.7600149789906003,32.943976735695685,8.11702567131703,0.5070689016818182,2.5251277390920954,0.6072096313739187,0.19344218939224284,0.37626895752769335,0.7160992405537189,0.12987570749163926,5.23271694038953,6.470196064775874,66.6382064819336,2.849952220916748,7.849841117858887,
NSGA-II,NSGA-II,20260328,1.6761020213353783,56.75168806380007,7.737102644599676,0.501950056055901,1.3050988162410975,0.6075534791202792,0.20039628354635203,0.410693831949768,0.7003740692158488,0.13427840550948952,-2.014844325768699,4.5830807705564744,66.00006866455078,2.8462767601013184,7.847413539886475,
NSGA-II,NSGA-II,20260328,1.7600149789906003,32.943976735695685,8.11702567131703,0.5070689016818182,2.5251277390920954,0.6072096313739187,0.19344218939224284,0.37626895752769335,0.7160992405537189,0.12987570749163926,4.889161245949396,6.470196064775874,66.63827514648438,2.8499770164489746,7.8498334884643555,
NSGA-II,NSGA-II,20260328,1.5530298911213163,56.26337650967611,8.317061464390328,0.5085105695653152,1.3403203524031297,0.6075542759460097,0.2134400759570403,0.3832147320597226,0.7008384840800339,0.1344833038489256,-1.88030371266467,4.577351996337991,66.5824203491211,2.84999942779541,7.80738639831543,
NSGA-II,NSGA-II,20260328,1.7402939082511928,56.81113399452944,8.008112049384653,0.5020290433090823,1.710964857872635,0.6075616814160809,0.19572500367499748,0.3764259292275775,0.7008322972760599,0.13401309808718326,-1.9846436831438936,4.4628921135040125,66.01235961914062,2.847933292388916,7.847979545593262,
NSGA-II,NSGA-II,20260328,1.7407402708476292,56.74625587758008,8.008112049384653,0.5019503432690746,1.7109408659986052,0.6075616814160809,0.19572500367499748,0.3762563755866395,0.700014419851619,0.13454712659036766,-1.9665693769176826,4.457836050062607,66.0102310180664,2.8484649658203125,7.847568511962891,
NSGA-II,NSGA-II,20260328,1.7396474693170594,56.82471283802293,8.008112049384653,0.5020284200308432,1.7109408659986052,0.6075616814160809,0.19572500367499748,0.3763412163854148,0.7008418621889309,0.13455987952841203,-1.9820690601389757,4.466017299332099,66.018310546875,2.8482329845428467,7.848013401031494,
NSGA-II,NSGA-II,20260328,1.675628964549057,56.75167804516532,7.711890578072173,0.5019309129812586,1.3050988162410975,0.6075534974115819,0.20039662935773128,0.4106937275570146,0.7003740692158488,0.13427840550948952,-3.569053489635948,4.591253910963637,66.00147247314453,2.847198009490967,7.848078727722168,
NSGA-II,NSGA-II,20260328,1.735937119458605,56.75198320436879,8.004039520904936,0.5020285032416691,1.7109150046220676,0.6075616224503659,0.19572530132875327,0.3763258952537244,0.7008212932300354,0.13447347784193725,-1.766741085259099,4.429259621892031,66.00080871582031,2.849522590637207,7.8465962409973145,
NSGA-II,NSGA-II,20260328,1.675628964549057,56.75167804516532,7.711890578072173,0.5019309129812586,1.3050988162410975,0.6071707369346058,0.20034858201016198,0.4106937275570146,0.7003691260228768,0.13427840550948952,-1.7168729244158811,4.591253910963637,66.00118255615234,2.8471291065216064,7.848052501678467,
NSGA-II,NSGA-II,20260328,1.7282897819981493,55.91463857998025,7.9941287756278285,0.5022112636078955,1.710985851184061,0.6075616584643573,0.1960347862946088,0.37688901377469963,0.7008031641767974,0.1340222143991682,-1.8147481309631388,4.428695629999013,66.00726318359375,2.8499059677124023,7.843253135681152,
NSGA-II,NSGA-II,20260328,1.757831276053313,34.415774119266764,7.974128761603319,0.5069245907678268,2.520745743977595,0.6072153655036068,0.1957505893922477,0.37692328002852427,0.7162294098982939,0.12955966754991685,5.339171426373348,6.514556526674741,66.8265380859375,2.8499999046325684,7.847850799560547,
NSGA-II,NSGA-II,20260328,1.7176500718663537,54.20062186369112,8.101226316621764,0.5043284041312324,1.6332342262290942,0.6071544268622004,0.2001285991900605,0.37425050929151343,0.700845685199991,0.13454091634341891,2.4075938626786737,4.549598947162969,66.10009765625,2.8499364852905273,7.845556259155273,
NSGA-II,NSGA-II,20260328,1.7571671848154227,34.131781884298064,8.038238548256352,0.5044728223773192,2.5750805853557193,0.6072245166682775,0.19562314753411048,0.37628946645266276,0.716186867544264,0.1298843812852465,5.004005647214008,6.622024796090692,66.8808364868164,2.8499929904937744,7.849878787994385,
NSGA-II,NSGA-II,20260328,1.7600152022746718,32.943976735695685,8.11702567131703,0.5070689983643167,2.522422179376919,0.6072096313739187,0.19344218939224284,0.37627108472993964,0.7160992405537189,0.12959720052554968,4.417598277688931,6.470196064775874,66.63664245605469,2.8497073650360107,7.849767208099365,
NSGA-II,NSGA-II,20260328,1.7203132487894903,54.498066607140196,7.748958649457051,0.5043983516632252,1.3017531306190455,0.607561307594435,0.20090704253213115,0.41136815654526904,0.7080048218502988,0.1342862632580229,0.9620612358664431,4.577390269548977,66.00128173828125,2.832127809524536,7.8490705490112305,
NSGA-II,NSGA-II,20260328,1.553029890570794,56.26337650967611,8.317061464390328,0.5085105695653152,1.3403203524031297,0.6075542759460097,0.21344007588166342,0.3832147320597226,0.7008384840800339,0.13448332501292953,-1.88030371266467,4.577351996337991,66.5824203491211,2.84999942779541,7.80738639831543,
NSGA-II,NSGA-II,20260328,1.7184342279976288,54.53463996316038,7.707379332418097,0.5022539156856136,1.3028307220318744,0.6075613046298183,0.20090553785930393,0.41079213207691156,0.7003349602053229,0.1342855363284542,0.9620612358664431,4.5779092020731005,66.00006866455078,2.836454153060913,7.848178863525391,
NSGA-II,NSGA-II,20260328,1.7402672140613078,56.74607022786178,8.008112049384653,0.5019312001944322,1.7109408659986052,0.6075616814160809,0.19572500367499748,0.3762563755866395,0.700014419851619,0.13454712659036766,-1.9562877764699635,4.46600919046977,66.0127182006836,2.8486359119415283,7.84789514541626,
NSGA-II,NSGA-II,20260328,1.7203463833023467,54.498066607140196,7.7504337987909935,0.5043983516632252,1.3017531306190455,0.607562061104428,0.20090704253213115,0.4113843645626286,0.7081284548282972,0.1343269264980838,0.9620612358664431,4.577390269548977,66.00137329101562,2.8320467472076416,7.849086284637451,
NSGA-II,NSGA-II,20260328,1.7185573339433429,54.39590294851981,8.041954365279333,0.5043414287591199,1.6332354737192722,0.6071544268622004,0.20083847729072632,0.3740226838335567,0.7083915804726034,0.1342438675839515,2.449019692782059,4.549598947162969,66.1434097290039,2.848289728164673,7.849470615386963,
NSGA-II,NSGA-II,20260328,1.7176500718663537,54.20062186369112,8.101226316621764,0.5043284041312324,1.6332342262290942,0.6071544268622004,0.2001285991900605,0.37425033250462175,0.7081204856440906,0.13454091634341891,-2.3371047491619095,4.549593270140465,66.09489440917969,2.8474886417388916,7.849438190460205,
NSGA-II,NSGA-II,20260328,1.7396696993524752,56.81113399452944,8.008112049384653,0.5020290433090823,1.7109944654894604,0.6075616814160809,0.19572500367499748,0.3764259292275775,0.7008322917399878,0.13401309808718326,-1.9846436831438936,4.4628921135040125,66.01222229003906,2.848109483718872,7.8479390144348145,
NSGA-II,NSGA-II,20260328,1.7203132487894903,54.498066607140196,7.748928890605124,0.5043983516632252,1.3017531306190455,0.6075620624531141,0.20090704253213115,0.41136890332865383,0.7081284548282972,0.13432781757382672,0.9620612358664431,4.577390269548977,66.00144958496094,2.8321077823638916,7.849112033843994,
NSGA-II,NSGA-II,20260328,1.715048410796011,54.43211330226761,8.001401974030887,0.5043306838975934,1.6405029011456178,0.6075526921039782,0.20131802005504876,0.37391525898342504,0.7083946066690707,0.13454190923981688,2.8003211073069707,4.549912650918421,66.17841339111328,2.849900007247925,7.848766326904297,
NSGA-II,NSGA-II,20260328,1.729613072791485,56.74538482973213,7.995070720110916,0.5088096075973598,1.3065893650514944,0.6075470647406701,0.2004191918024905,0.4091389476201783,0.7144796917131443,0.13453452950834205,-2.5587430209099224,4.577229932398201,66.0003890991211,2.823800802230835,7.849422931671143,
NSGA-II,NSGA-II,20260328,1.6761020213353783,56.67426995092178,7.727792795637482,0.5084784731794139,1.3025702705492357,0.6075431468912412,0.20030935740252837,0.410698076076186,0.7148206382173974,0.13454619599869266,-1.9491148091422232,4.582521856141955,66.00359344482422,2.842639207839966,7.849397659301758,
NSGA-II,NSGA-II,20260328,1.7203132487894903,54.498066607140196,7.748958649457051,0.5043983516632252,1.3017531306190455,0.6075611842476456,0.20089350943237524,0.41136815654526904,0.7072832112660314,0.13448122105957216,0.9620612358664431,4.577709820318852,66.00040435791016,2.832519292831421,7.848849773406982,
NSGA-II,NSGA-II,20260328,1.7621654484961777,54.44605852068374,7.998112719028996,0.5111137520465665,1.6414339364399602,0.6075116799255111,0.19582857338886278,0.37643491273306184,0.7064160856319432,0.14458928914629543,-3.937729327636461,1.4780567391151254,66.0,2.7398123741149902,7.667288303375244,
NSGA-II,NSGA-II,20260329,2.194600358237244,41.30125398510846,9.18661074962598,0.6245441017115699,1.9758528106375264,0.669154747177525,0.19155977862148355,0.35109932291817336,0.6263513856194497,0.12632944254831469,12.572059037802518,7.023409615613944,66.00189208984375,2.783454656600952,7.849999904632568,
NSGA-II,NSGA-II,20260329,2.2566731781315936,41.24717190062147,9.786619972195462,0.6247271790415021,1.9769123741090733,0.6714860826226345,0.1921788610817981,0.35095996182676303,0.6262988244966065,0.12624249955573277,12.552681895324653,7.165279995455256,66.00001525878906,2.7470037937164307,7.849547863006592,
NSGA-II,NSGA-II,20260329,1.7865859992673996,41.54757294119436,10.0055593242389,0.513268075726924,2.0512754250618594,0.6714770197993915,0.1921186354043607,0.42982437869331547,0.6267675414922325,0.12164599065399748,13.363650015680761,7.062307363531494,66.06124114990234,2.8417084217071533,7.849999904632568,
NSGA-II,NSGA-II,20260329,1.7624399770162815,37.623139664399346,10.020791096895767,0.6267846501822558,1.9758672159195327,0.6305550676607663,0.19217363925847264,0.338106684977265,0.6208906035453988,0.1258064280960406,12.494115715209048,6.6173720527319375,66.00018310546875,2.849921464920044,7.7455010414123535,
NSGA-II,NSGA-II,20260329,1.735389465189825,41.248151250752166,9.945158403123841,0.5076983136868372,1.9827073122375487,0.6524877125611774,0.19218390571755994,0.42290832206313944,0.6263439489417978,0.12633669644252538,12.74920714801052,7.019558547220891,66.00028228759766,2.8499996662139893,7.847843647003174,
NSGA-II,NSGA-II,20260329,1.765489605925177,37.62210406053741,10.012964578977032,0.6275246681624143,1.9782524803552684,0.6304862761553355,0.19217384903870766,0.33825965368344224,0.6262538627279507,0.126330660543591,12.804671134120476,6.642813925646754,66.00249481201172,2.8499999046325684,7.750307559967041,
NSGA-II,NSGA-II,20260329,1.765489605925177,37.62210406053741,10.012964578977032,0.6275246681624143,1.9782524803552684,0.6304862761553355,0.19217384903870766,0.33825965368344224,0.6262537976644029,0.12633060263486134,12.804671134120476,6.642813925646754,66.00249481201172,2.8499999046325684,7.750307559967041,
NSGA-II,NSGA-II,20260329,1.7732646681749196,41.08059107951584,9.947485958587247,0.5115844556163784,1.983111017999388,0.6670273328729014,0.19227934219957254,0.43059263376392987,0.6206138612772267,0.1301626668243877,12.585025253981613,7.057960634315236,66.0128173828125,2.8499486446380615,7.849859714508057,
NSGA-II,NSGA-II,20260329,1.765489605925177,37.62210406053741,10.012964578977032,0.6275246681624143,1.9782524803552684,0.6304862761553355,0.19217384903870766,0.33825965368344224,0.6262538627279507,0.12633066072450033,12.804671134120476,6.642813925646754,66.00249481201172,2.8499999046325684,7.750307559967041,
NSGA-II,NSGA-II,20260329,1.765489605925177,37.62210406053741,10.012964578977032,0.6275246681624143,1.9782524803552684,0.6304862761553355,0.19217384903870766,0.33825965368344224,0.6262537976644029,0.126330602453952,12.804671134120476,6.642813925646754,66.00249481201172,2.8499999046325684,7.750307559967041,
NSGA-II,NSGA-II,20260329,1.7732646681749196,41.08059107951584,9.947485958587247,0.5115844556163784,1.983111017999388,0.6670273328729014,0.19227934219957254,0.43059263376392987,0.6206138612772267,0.13020301486541216,12.585025253981613,7.057960634315236,66.01286315917969,2.849968433380127,7.849856376647949,
NSGA-II,NSGA-II,20260329,1.7378967716486038,41.24663656974052,9.92362972466597,0.5076983136868372,1.9824563421616257,0.652492236245237,0.19216173025580885,0.42332433192254604,0.6258220884506034,0.12633669644252538,12.75121916282854,7.030049631989778,66.00418090820312,2.8499817848205566,7.848103046417236,
NSGA-II,NSGA-II,20260329,1.752772233586186,41.33362806085785,9.923755278861144,0.5076983136868372,1.9760470327342514,0.6524877125611774,0.19215949724722775,0.42330203152555257,0.6258446891376969,0.12633669644252538,12.74920714801052,7.026071703564812,66.00030517578125,2.846759080886841,7.849965572357178,
NSGA-II,NSGA-II,20260329,1.7810421847175022,41.20764129008295,9.947842127185314,0.5115844556163784,1.9762767243170947,0.6667476132896972,0.19228699618453976,0.43099285517101404,0.6206138612772267,0.13020301486541216,12.585025253981613,7.051481022248718,66.01478576660156,2.8475592136383057,7.849991321563721,
NSGA-II,NSGA-II,20260329,1.7624399770162815,37.623139664399346,10.020791096895767,0.6267846501822558,1.9758672159195327,0.6305529543007514,0.19217371963955243,0.338106684977265,0.6208906035453988,0.1258064280960406,12.494115715209048,6.6173720527319375,66.00016784667969,2.849921226501465,7.74550199508667,
NSGA-II,NSGA-II,20260329,1.739557066409542,41.20498859590822,9.954766994984919,0.5076505697822411,1.983816053655084,0.6524650902271109,0.19216754772230246,0.42290393301425183,0.6261566498708836,0.12633891806062164,13.036484659778012,7.06138290004774,66.00117492675781,2.8498148918151855,7.849774360656738,
NSGA-II,NSGA-II,20260329,1.790604652632872,45.495951092657904,9.150396772595197,0.5076984756880649,1.9937995179135595,0.6524092513076334,0.19188163846245254,0.4274423184494651,0.6279513121464849,0.1263302923696757,12.585029380732372,6.802426286163734,66.16178131103516,2.8498172760009766,7.849968433380127,
NSGA-II,NSGA-II,20260329,1.752772233586186,41.33362806085785,9.923758859901245,0.5076983136868372,1.9760470327342514,0.6524877125611774,0.19215335611370335,0.42332460750403783,0.625845135290325,0.12633669644252538,12.75123211176345,7.026071703564812,66.0001449584961,2.8467459678649902,7.849946022033691,
NSGA-II,NSGA-II,20260329,1.773263164317794,41.08059107951584,9.947485958587247,0.5116142164340238,1.975965799880345,0.6670340432100762,0.19227934219957254,0.43012546051468126,0.6206053338710521,0.1301626668243877,12.585672237747353,7.017380728321246,66.00001525878906,2.849754571914673,7.849198341369629,
NSGA-II,NSGA-II,20260329,2.194600358237244,41.30126791282003,9.185324977996238,0.6245438507795221,1.9758806991627427,0.669154747177525,0.19151821139280373,0.35109922279666045,0.6258918965448612,0.12631382921150497,12.571727087843009,7.026918409874744,66.0003662109375,2.783663034439087,7.849985599517822,
NSGA-II,NSGA-II,20260329,1.7681687241397055,37.85442809571832,10.005811185570945,0.5115900457403804,1.9837719971800136,0.667028756285849,0.1922719639577466,0.42933005075539277,0.5913298839482146,0.13018966217445396,12.574406316320726,7.059100358421346,66.00003814697266,2.8499035835266113,7.823153018951416,
NSGA-II,NSGA-II,20260329,1.7381778400266321,41.24911430408707,9.917621184027318,0.5076983136868372,1.9824525511681685,0.6524104110158494,0.1921534518033861,0.423355023832403,0.6263849197216556,0.12633669986070578,12.751205754817818,7.030049631989778,66.00448608398438,2.849975824356079,7.8485798835754395,
NSGA-II,NSGA-II,20260329,2.100537067652951,41.10758003974834,9.135080929639063,0.624642722937192,1.982448402870653,0.6666736828733715,0.1919111505592458,0.3476900231402746,0.6218582991994634,0.1302243036521464,12.570536024001562,7.166958138184939,66.00202178955078,2.819584369659424,7.849994659423828,
NSGA-II,NSGA-II,20260329,1.7396477689194478,41.204559142677994,9.947475352054187,0.5076983136868372,1.9827274329885325,0.6522526501613727,0.19216706299235708,0.42315651722928066,0.6264643323084362,0.12633669644252538,12.74920714801052,7.060314355318859,66.00360870361328,2.84952712059021,7.849916458129883,
NSGA-II,NSGA-II,20260329,2.194600358237244,41.30126791282003,9.185422476611624,0.6245440992362112,1.975854754053986,0.669154747177525,0.19151821139280373,0.35109922279666045,0.6258918965448612,0.12631382921150497,12.571727087843009,7.026918409874744,66.00032043457031,2.783661365509033,7.849987506866455,
NSGA-II,NSGA-II,20260329,1.791059412215802,40.97162303891769,9.150396772595197,0.5076983108673709,1.993433920017215,0.6524322989333038,0.19191212677091316,0.4274423184494651,0.6279486612776854,0.12633029197981233,12.575611974708899,6.779142243803693,66.08795928955078,2.849994659423828,7.849250316619873,
NSGA-II,NSGA-II,20260329,1.7808415804502253,41.08565176882051,9.947490262725292,0.5115841822727534,1.975965799880345,0.6670340432100762,0.1922793527320683,0.43012546051468126,0.6206143195363091,0.1301626668243877,12.585662099398704,7.017380728321246,66.00238037109375,2.8480896949768066,7.849851608276367,
NSGA-II,NSGA-II,20260329,1.7396477689194478,41.242277380951755,9.942000689036465,0.5076983136868372,1.9827274329885325,0.6522526501613727,0.1921670255839004,0.42315651722928066,0.6262544479126375,0.12633669644252538,12.74920714801052,7.060314355318859,66.00376892089844,2.8497965335845947,7.849987983703613,
NSGA-II,NSGA-II,20260329,1.791059412215802,45.40975806854322,9.150396772595197,0.5076983108673709,1.993433920017215,0.6524326666380627,0.19191212677091316,0.4274423184494651,0.6279513767453639,0.12633029236425136,12.585066929705285,6.802615527419521,66.16153717041016,2.849695920944214,7.849996089935303,
NSGA-II,NSGA-II,20260329,1.7624399770162815,37.62313967244212,10.020795547286141,0.6267832796398372,1.9758672159195327,0.6305550676607663,0.19217363925847264,0.33810671371867707,0.6208906035453988,0.12579439551525057,12.49837715013345,6.618026630597942,66.00020599365234,2.8499412536621094,7.745543479919434,
NSGA-II,NSGA-II,20260329,2.100537067652951,41.10758003974834,9.135469743789033,0.624642722937192,1.982448402870653,0.666672999349428,0.1919111505592458,0.3476900231402746,0.6218606455596528,0.1302243036521464,12.570536024001562,7.166958138184939,66.00199127197266,2.819570779800415,7.8499884605407715,
NSGA-II,NSGA-II,20260329,1.7381778400266321,41.24911430408707,9.917621184027318,0.5067089558508722,1.9824367533007392,0.6520960678116395,0.1921534518033861,0.423355023832403,0.6262515386067454,0.1263364066297506,12.806371853799135,7.030049631989778,66.00138854980469,2.849958658218384,7.849356651306152,
NSGA-II,NSGA-II,20260329,2.194600358237244,41.30127501108087,9.18800764902234,0.6245438540163795,1.975855629077374,0.669154747177525,0.19155873289051178,0.35109931611406686,0.6263637059383712,0.12631382912474612,12.571719658904478,7.0234254663586855,66.0016860961914,2.7834157943725586,7.849997520446777,
NSGA-II,NSGA-II,20260329,1.7396477689194478,41.242277380951755,9.950217937865974,0.5076983136868372,1.9827274329885325,0.6522516870529143,0.19215382588955954,0.42315651722928066,0.6264740850283292,0.12633669644252538,12.74905047014294,7.060314355318859,66.00324249267578,2.849484443664551,7.849923610687256,
NSGA-II,NSGA-II,20260329,1.7735800645582322,41.08054436598388,9.947490262725292,0.5115841874684162,1.975965799880345,0.6670340432100762,0.1922793527320683,0.43012546051468126,0.6206143441931471,0.1301626668243877,12.58562223713735,7.014460885052627,66.0,2.8496034145355225,7.849093914031982,
NSGA-II,NSGA-II,20260329,1.790604652632872,45.647232114638456,9.150396772595197,0.5077306012376199,1.9937995179135595,0.6524098227601732,0.19186585849472781,0.4274423184494651,0.6279529999613394,0.12632427601838017,12.585038534235721,6.8027757382186635,66.16358947753906,2.849806785583496,7.849982261657715,
NSGA-II,NSGA-II,20260329,1.790604652632872,45.74234325577714,9.150396772595197,0.5076984785075312,1.993799524644142,0.6524092513076334,0.19188016953712758,0.4274423184494651,0.6279513900293403,0.1263302923825519,12.585029334715728,6.803477454391037,66.16584777832031,2.8497674465179443,7.849991798400879,
NSGA-II,NSGA-II,20260329,1.7905994702639452,45.33217047446076,9.150396772595197,0.5076983108673709,1.993794231642401,0.6524322989333038,0.19188234922493527,0.4274423184494651,0.6279513743520287,0.12633029197981233,12.585359333174637,6.803003513068227,66.15974426269531,2.849839925765991,7.849931716918945,
NSGA-II,NSGA-II,20260329,1.7732646681749196,40.91920366860696,9.947485958587247,0.5115844556163784,1.983111017999388,0.6670273328729014,0.19228167233039173,0.43059263376392987,0.6206138612772267,0.13020301486541216,12.585025253981613,7.057960634315236,66.01033020019531,2.8499581813812256,7.849857807159424,
NSGA-II,NSGA-II,20260329,1.7681687241397055,37.85442809571832,10.005811185570945,0.5115900457403804,1.9837719971800136,0.667028756285849,0.1922719639577466,0.42933005075539277,0.591371750854173,0.13018966217445396,12.562640924636213,7.059100358421346,66.00016021728516,2.8498902320861816,7.823178291320801,
NSGA-II,NSGA-II,20260329,1.752772190569685,41.33362806085785,9.923755278861144,0.5076983136868372,1.97637631868251,0.6524881659027341,0.19215358991136483,0.42330203152555257,0.6258446891376969,0.12633669839492526,12.750733980507377,7.0261860769892115,66.00041198730469,2.846759796142578,7.849942207336426,
NSGA-II,NSGA-II,20260329,1.7681682050132619,37.85420450894654,10.005811185570945,0.5115932242146681,1.9840552056927254,0.667028756285849,0.1922719639577466,0.42933005075539277,0.5913709724668854,0.1301909553077763,12.562649617578685,7.059100358421346,66.000244140625,2.849900245666504,7.82317590713501,
NSGA-II,NSGA-II,20260329,1.7732646681749196,41.08059107951584,9.947485958587247,0.5115844556163784,1.983111017999388,0.6670273328729014,0.19227934219957254,0.43059263376392987,0.6206138612772267,0.13016261355167763,12.585025253981613,7.057960634315236,66.0128173828125,2.8499486446380615,7.849859714508057,
NSGA-II,NSGA-II,20260329,1.752921448031209,41.33362806085785,9.923755212503599,0.5076983136868372,1.9760470327342514,0.6524881682644479,0.19215335611370335,0.4232987172633267,0.6258451355138488,0.12633669378695406,12.750876782719295,7.025873748319268,66.00005340576172,2.846730947494507,7.849974632263184,
NSGA-II,NSGA-II,20260329,1.7732646681749196,41.08059107951584,9.947485958587247,0.5115844556163784,1.983111017999388,0.6670273328729014,0.19227934219957254,0.43059263376392987,0.6206138612772267,0.13020306813812224,12.585025253981613,7.057960634315236,66.01286315917969,2.849968433380127,7.849856376647949,
NSGA-II,NSGA-II,20260329,1.7681687241397055,37.85442812996667,10.005811185570945,0.5115900458810465,1.9837719971800136,0.667028756285849,0.1922719639577466,0.42933005075539277,0.5913298839482146,0.13018966217445396,12.574406316320726,7.059100272619075,66.00003814697266,2.8499035835266113,7.823153018951416,
NSGA-II,NSGA-II,20260329,2.0340425225654295,45.27326690222694,9.807894198151946,0.6246432664391801,1.9773875746961698,0.6714910857745401,0.1921737363532647,0.3507954530758748,0.6238478832660957,0.12632655832526707,12.568657523876006,7.165187618811091,66.0,2.82204532623291,7.842473030090332,
NSGA-II,NSGA-II,20260329,2.194600358237244,41.30125398510846,9.18660900530836,0.6245440947509349,1.9758528106375264,0.669154747177525,0.19155977862148355,0.35109932291817336,0.6263517611792264,0.12632944254831469,12.572061640475951,7.023409615613944,66.00189971923828,2.783454418182373,7.84999942779541,
NSGA-II,NSGA-II,20260329,2.029362561211323,44.506262600977614,7.991525180201317,0.6876710922815654,1.9773626604648498,0.6704198404872368,0.19216195278875067,0.3466440608887979,0.5925511768273928,0.12623036223776624,11.672348532119535,6.804380563799521,66.554931640625,2.8499999046325684,7.734879493713379,
NSGA-II,NSGA-II,20260329,2.029362561211323,44.506262600977614,7.991525180201317,0.6876710922815654,1.9773626604648498,0.6704198404872368,0.19216195278875067,0.3466440608887979,0.5925511768273887,0.12623036223776624,11.672348532119535,6.804380563799521,66.554931640625,2.8499999046325684,7.734879493713379,
NSGA-II,NSGA-II,20260329,2.27974176719378,41.17345019577433,9.787616412066777,0.6247129596459977,1.976112628477364,0.671859903741658,0.1921586917632442,0.35095586835428183,0.6263269851502097,0.12630848081967677,12.571341541364838,7.151987787648402,66.0018310546875,2.739048719406128,7.8499956130981445,
NSGA-II,NSGA-II,20260329,1.790604652632872,45.7337548787919,9.150396772595197,0.5076984785075312,1.9937978608538804,0.6524092513076334,0.1918822628929445,0.4274423184494651,0.6279513900293403,0.1263302923825519,12.585029380732372,6.803477454391037,66.16581726074219,2.849764347076416,7.849985122680664,
NSGA-II,NSGA-II,20260329,1.7650262032306117,40.69491532846475,10.011266108582895,0.6275246681624143,1.9782524803552684,0.6304862761553355,0.19217384903870766,0.33825965368344224,0.6262538627279507,0.126330660543591,12.801896057755677,6.642813925646754,66.05347442626953,2.8499855995178223,7.751552581787109,
NSGA-II,NSGA-II,20260329,1.7682505291227428,37.93382850708515,10.005811185570945,0.5115900555088138,1.9838916919919085,0.667028756285849,0.1922719639577466,0.42933005075539277,0.5912730075623638,0.13013319810728402,12.576642230308835,7.059100273004014,66.00151824951172,2.8498518466949463,7.823092937469482,
NSGA-II,NSGA-II,20260329,2.194600358237244,41.30125398510846,9.188014787949104,0.6245441017115699,1.9758528339115,0.669154747177525,0.1915587681087563,0.35109932291817336,0.6263510406881116,0.12631418407924835,12.572064099382047,7.023409735389861,66.001708984375,2.783411979675293,7.849984169006348,
NSGA-II,NSGA-II,20260329,2.2566120728712216,41.24827619440574,9.784200478796919,0.6247158985968257,1.9769060526569087,0.6714906663978074,0.19217967148207674,0.3509971981895538,0.626252741709161,0.12624252740491942,13.062199930027873,7.165262393375138,66.000244140625,2.747068405151367,7.849483013153076,
NSGA-II,NSGA-II,20260329,2.193222130805761,41.30126798244053,9.185324977996238,0.6246413622129907,1.9773150184559263,0.6693101685954571,0.19149219803484407,0.3510988965261719,0.6258918965448612,0.12631354519252003,12.571385288053548,7.027771776531321,66.0002670288086,2.784262180328369,7.849874496459961,
NSGA-II,NSGA-II,20260329,2.100537067652951,41.1199446581154,9.149092813649904,0.624642722937192,1.9824507953129527,0.6666909349346131,0.1919111505592458,0.34752444946005967,0.6218605806852707,0.1302243036521464,12.570536024001562,7.1445904181173505,66.00003814697266,2.8184447288513184,7.84855842590332,
NSGA-II,NSGA-II,20260329,2.0340425225654295,45.27326690222694,9.807894198151946,0.6246432664391801,1.9773875746961698,0.6714910857745401,0.1921737363532647,0.3507954530758748,0.6238478832660957,0.12632655832526707,12.568687872688436,7.165187618811091,66.0,2.82204532623291,7.842473030090332,
NSGA-II,NSGA-II,20260329,1.7731227002344951,41.33689242747441,10.025663347259085,0.5077381365932608,1.9759096001013372,0.6518098770149394,0.1920448858639666,0.42330746988732837,0.6263104507306029,0.12632669577052108,12.579531529986312,7.017266721460174,66.00007629394531,2.8376893997192383,7.8485822677612305,
NSGA-II,NSGA-II,20260329,1.7681687241397055,37.933600311994226,10.005811185570945,0.5115932242146681,1.9840552056927254,0.667028756285849,0.1922719639577466,0.42933005075539277,0.5913709724668854,0.13018966217445396,12.562649617578685,7.059100358421346,66.0015640258789,2.8499062061309814,7.823172569274902,
NSGA-II,NSGA-II,20260329,2.0340425225654295,45.27326690222694,9.807894198151946,0.6246432664391801,1.9773798596601802,0.6714910857745401,0.1921737363532647,0.3507954530758748,0.6238478832660957,0.12624249955573277,12.571329621871328,7.165187618811091,66.00000762939453,2.8220531940460205,7.8425116539001465,
NSGA-II,NSGA-II,20260329,1.7962400960615956,40.98416946651967,9.169860843369008,0.5118064232163255,1.9927051276814334,0.6517567537942036,0.19218416223000256,0.4242116551538711,0.6238782005353943,0.12630498247515828,12.243514841512066,6.784022573872407,66.10647583007812,2.849998950958252,7.844301223754883,
NSGA-II,NSGA-II,20260329,1.7636713275164362,37.47991813730802,10.005085560142442,0.6266800068635416,1.9839380589467748,0.6298857919271286,0.19216253426327012,0.3382766211370041,0.6216039776319476,0.12567426651975713,12.607930628353635,6.654627752044218,66.0132064819336,2.84999942779541,7.746708869934082,
NSGA-II,NSGA-II,20260329,1.7896518095695155,45.64026831440639,9.150105009075475,0.5088611373282952,1.9774824029872193,0.6524083233232933,0.1919000728741992,0.4274455738093946,0.6279486574130461,0.12633677911976215,12.46186816189099,6.778893016823145,66.14906311035156,2.849947452545166,7.849528789520264,
NSGA-II,NSGA-II,20260329,1.7637723959176108,37.60568633165798,10.020195519670544,0.6267832796398372,1.9759643733880623,0.6304862761553355,0.19217711418142255,0.33814003246873114,0.6217184803732996,0.1303326961877495,12.586542610968714,6.614789837461591,66.00001525878906,2.849364757537842,7.743775844573975,
NSGA-II,NSGA-II,20260329,1.764329973334487,41.54757294119436,10.01299668332188,0.511286916309327,2.0512754250618594,0.6714770197993915,0.1921185272355526,0.42982437869331547,0.6262555033720162,0.12613568324115776,13.363650015680761,7.062307363531494,66.04696655273438,2.8495662212371826,7.849942207336426,
NSGA-II,NSGA-II,20260329,2.258051405563077,41.24717190062147,9.786619972195462,0.6245470680184152,1.9759518979887305,0.6714644415567264,0.19220586973531867,0.35096028809725166,0.6263628555093428,0.12624271367902934,12.57171835718772,7.164454136020584,66.00021362304688,2.7464993000030518,7.849814414978027,
NSGA-II,NSGA-II,20260329,1.7865859992673996,41.54757294119436,10.0055593242389,0.513268075726924,2.0512754250618594,0.6714770197993915,0.1921186346006602,0.42982437869331547,0.6267682716489082,0.12164599065399748,13.363650015680761,7.062307363531494,66.0612564086914,2.8417069911956787,7.849998950958252,
NSGA-II,NSGA-II,20260329,2.27974176719378,41.17345019577433,9.787616412066777,0.6247129596776286,1.976112628477364,0.6718598897151842,0.1921586917632442,0.35095586835428183,0.6263269851502097,0.12630848289509472,12.542865273374346,7.151987787648402,66.00184631347656,2.739048957824707,7.849997520446777,
NSGA-II,NSGA-II,20260329,1.7865859992673996,41.54757294119436,10.0055593242389,0.513268075726924,2.0512754250618594,0.6714770197993915,0.1921185264318521,0.42982437869331547,0.6267682716489082,0.12164599065399748,13.363650015680761,7.062307363531494,66.06124877929688,2.8417069911956787,7.849998474121094,
NSGA-II,NSGA-II,20260329,1.752921448031209,41.33362806085785,9.923758859901245,0.5076983136868372,1.9760470327342514,0.6524877125611774,0.19215335611370335,0.4232987172633267,0.625845135290325,0.12633682017829695,12.750876782719295,7.0177300343645665,66.00013732910156,2.8464789390563965,7.8494720458984375,
NSGA-II,NSGA-II,20260329,1.791059412215802,41.20499914022249,9.144475476714518,0.5077348028415827,1.9773534616575683,0.6518117687790767,0.19191355529456747,0.42740247190539793,0.6279617303301845,0.12632672502001474,12.575603799819497,6.764257354313097,66.07736206054688,2.8498096466064453,7.8497419357299805,
NSGA-II,NSGA-II,20260329,1.765489605925177,37.48147181012307,10.012964578977032,0.6275246681624143,1.9782524803552684,0.6304862761553355,0.19217384903870766,0.33825965368344224,0.6262538627279507,0.126330660543591,12.804671134120476,6.642813925646754,66.00041198730469,2.849989414215088,7.750213146209717,
NSGA-II,NSGA-II,20260329,2.100537067652951,41.1199446581154,9.135080929639063,0.624642722937192,1.9824507953129527,0.6666736828733715,0.1919111505592458,0.3476900231402746,0.6218469079720227,0.1302243036521464,12.570536024001562,7.166958138184939,66.00227355957031,2.8195788860321045,7.849987983703613,
NSGA-II,NSGA-II,20260329,1.7910628674215443,45.40214395464828,9.150396772595197,0.5076984756880649,1.9937995179135595,0.6523812305405035,0.19188235766886716,0.4274423184494651,0.6279513121464849,0.1263302923696757,12.585031584159083,6.802612857550098,66.16058349609375,2.849701404571533,7.8499860763549805,
NSGA-II,NSGA-II,20260329,2.045738528240489,45.27326690222694,9.807893037071324,0.6246432664391801,1.9758320391604103,0.6714910857745401,0.1921737363532647,0.35104924582078123,0.6263287307381046,0.12633003265590098,12.573942342185155,7.165459614245031,66.0000228881836,2.8185555934906006,7.845118522644043,
NSGA-II,NSGA-II,20260329,1.790604652632872,41.188185944178294,9.16744895095152,0.5076984756880649,1.9937995179135595,0.6524332269176438,0.1921423965641832,0.42720227942413147,0.6279513938939797,0.12633021293359142,12.585029380732372,6.802426286163734,66.10138702392578,2.8499042987823486,7.849677085876465,
NSGA-II,NSGA-II,20260329,1.733887422766574,41.207398698731076,9.922603734072343,0.5076983136868372,1.9824525511681685,0.6517183995445076,0.1921534518033861,0.42332433192254604,0.6263439864925577,0.12629634840150092,12.76546052769023,7.029336821844233,66.00684356689453,2.8499844074249268,7.847161769866943,
NSGA-II,NSGA-II,20260329,1.791059412215802,40.97162303891769,9.150396772595197,0.5076983108673709,1.993813310926531,0.6524091480754743,0.19187960171539323,0.4274423184494651,0.6279515466545419,0.12633029198414186,12.575805499481575,6.779142243803693,66.08780670166016,2.8499488830566406,7.849136829376221,
NSGA-II,NSGA-II,20260329,1.791059412215802,41.20509644841775,9.150396772595197,0.5076983136868372,1.9942073958255293,0.6524322989333038,0.19192363145056573,0.4275106969032487,0.6279487391605408,0.12633029199268853,12.577448954566101,6.787351693444445,66.09518432617188,2.84993839263916,7.849254131317139,
NSGA-II,NSGA-II,20260329,1.7808415804502253,41.08565176882051,9.952162903268738,0.5115841822727534,1.9759703706244125,0.6667503124445833,0.1921770878363225,0.43012546051468126,0.6206143195363091,0.1301626668243877,12.58547509146696,7.017380728321246,66.00148010253906,2.847701072692871,7.8493194580078125,
NSGA-II,NSGA-II,20260329,1.7624399770162815,37.623139622086796,10.020791096807242,0.6267846501822558,1.9758672159195327,0.6305550676607663,0.19217363925847264,0.3381069401627659,0.6208906035453988,0.1258064280960406,12.49411682391478,6.6173720527319375,66.00018310546875,2.849921464920044,7.745500564575195,
NSGA-II,NSGA-II,20260329,1.791059412215802,41.31860580198178,9.144613062361088,0.50890148886688,1.9773584659801993,0.6523418456851376,0.19191355529456747,0.4274029472002346,0.6279605805260027,0.1263266095132629,12.967401312212154,6.764257354313097,66.0811538696289,2.849961757659912,7.848368167877197,
NSGA-II,NSGA-II,20260329,1.791059412215802,41.20509644841775,9.150396772595197,0.5076983136868372,1.993432262957536,0.6524322989333038,0.19191193589305477,0.4274423184494651,0.6279487391605408,0.12633029199268853,12.57532385585425,6.779916436235677,66.09192657470703,2.849987268447876,7.849247455596924,
NSGA-II,NSGA-II,20260329,1.752772233586186,41.33362806085785,9.923755278861144,0.5076983136868372,1.97637631868251,0.6524881659027341,0.19215949724722775,0.42330203152555257,0.6258446891376969,0.12633669576915463,12.74140745857816,7.026071703564812,66.00074768066406,2.846742868423462,7.8499298095703125,
NSGA-II,NSGA-II,20260329,1.765489605925177,37.62210406053741,10.012964578977032,0.6275246110381973,1.9782524803552684,0.6304862761553355,0.19217297282147588,0.33825965368344224,0.6262538627279507,0.12525474499707495,12.804992471301318,6.642813925646754,66.00239562988281,2.8499975204467773,7.750851631164551,
NSGA-II,NSGA-II,20260329,1.7730682236913013,41.08059107951584,9.947838902110558,0.5115844556163784,1.9765153659107286,0.6670245179111394,0.19227934219957254,0.43099050198056776,0.6206138612772267,0.1301626668243877,12.585025253981613,7.058293887758632,66.01034545898438,2.8496036529541016,7.8497843742370605,
NSGA-II,NSGA-II,20260329,2.100537067652951,41.1199446581154,9.145592061946545,0.624643157819737,1.9824507953129527,0.6666909349346131,0.19190588838290384,0.34752444946005967,0.6218213673985862,0.13010395693687454,12.570536024001562,7.1449415434778505,66.00011444091797,2.8185906410217285,7.848669052124023,
NSGA-II,NSGA-II,20260329,1.7354543715886463,41.24810995877323,9.945158403123841,0.5076983136868372,1.98271222485331,0.6524877125611774,0.19216706299235708,0.4228827616460642,0.6263439489417978,0.12633669644252538,12.74920714801052,7.0195462556856105,66.00257110595703,2.849759101867676,7.847428798675537,
NSGA-II,NSGA-II,20260329,1.7396477689194478,41.20630006368407,9.944632563164316,0.5073903919440863,1.98271222485331,0.6524877125611774,0.1921640981854008,0.4228827616460642,0.6261877350915563,0.1264221234209007,13.382013709941532,7.06213566441922,66.00724792480469,2.849539041519165,7.8488287925720215,
NSGA-II,NSGA-II,20260329,1.7624399770162815,37.62316061930491,10.020795608212872,0.6267832796398372,1.9758672159195327,0.6305550676607663,0.19217363925847264,0.3381031599243967,0.6208906035453988,0.12579439551525057,12.498289346529411,6.618026630597942,66.00023651123047,2.8499391078948975,7.745539665222168,
NSGA-II,NSGA-II,20260329,1.7620576534944388,41.13529466775977,10.002198292957257,0.5115900072245523,1.9937332132856787,0.6675584713152345,0.19218424235277184,0.4307826615195178,0.6241320763464834,0.12629807383884592,12.574797730018709,7.053076409126876,66.00409698486328,2.848339080810547,7.849982738494873,
NSGA-II,NSGA-II,20260329,1.790604652632872,45.647232114638456,9.150396772595197,0.5077306012376199,1.9934263246221284,0.6524098227601732,0.19186585849472781,0.4274423184494651,0.6279529999613394,0.12632427601838017,12.585038534235721,6.802820858290784,66.16366577148438,2.849780321121216,7.849955081939697,
NSGA-II,NSGA-II,20260329,1.7370622078128777,41.24810995877323,9.945462009228871,0.5076983136868372,1.98271222485331,0.6524877125611774,0.19217381858564897,0.4228827616460642,0.6263439489417978,0.12633669644252538,12.74920714801052,7.0195462556856105,66.00011444091797,2.8496365547180176,7.848004341125488,
NSGA-II,NSGA-II,20260329,1.7653797285216273,41.275720769989704,10.00653847637011,0.511589969384223,1.9838160564647846,0.6670301755174091,0.19215595694305143,0.4310992711749113,0.6241750582596451,0.13005117396015753,13.019360500482954,7.060893895338512,66.00419616699219,2.8490653038024902,7.84993314743042,
NSGA-II,NSGA-II,20260329,1.7896518095695155,41.205143028333296,9.17225559868293,0.5076944513029977,1.9772887031253996,0.6518768221579735,0.19216083097592984,0.42719634512260785,0.6279089181848648,0.12633681177224934,12.46073950916491,6.778893016823145,66.08406066894531,2.8496508598327637,7.849973201751709,
NSGA-II,NSGA-II,20260329,2.194600358237244,41.30125398510846,9.18661074962598,0.6252355580231049,1.9758528106375264,0.669154747177525,0.19157037383586878,0.3504009432555938,0.6263513856194497,0.12633669056958027,12.572059037802518,7.023409615613944,66.00067901611328,2.7837016582489014,7.849888801574707,
NSGA-II,NSGA-II,20260329,1.7399799377530099,41.238384726559616,9.97967882971977,0.5077005662797442,1.9827274329885325,0.6522526501613727,0.19216706299235708,0.42311360636477735,0.6265412879840149,0.12633669655165444,12.74920714801052,7.060314355318859,66.00172424316406,2.848496437072754,7.849485874176025,
NSGA-II,NSGA-II,20260329,2.2566731781315936,41.24717190062147,9.786619972195462,0.6246443345213659,1.9773862172819139,0.6714860475393919,0.1921788610817981,0.35095996182676303,0.6263628555093428,0.12624249955573277,12.571376557398253,7.165279995455256,66.00006103515625,2.747018814086914,7.8496599197387695,
