candidate_index,matched_sample_id,projection_distance,method,scenario,seed,EUIt,EG,H,projected_EUIt,projected_EG,projected_H,group
0,1680,0.3551214956301589,DDPG,Balanced_Performance,0,67.57250213623047,2.7231595516204834,7.679635524749756,69.03919634571592,2.733173580967226,7.333573314161195,DDPG::Balanced_Performance
1,1449,0.3021254912760459,DDPG,Balanced_Performance,1,67.05792999267578,2.642030477523804,7.743717193603516,68.9030359434443,2.6318621795225403,7.184923143353784,DDPG::Balanced_Performance
2,866,0.2217757623480496,DDPG,Balanced_Performance,2,67.96333312988281,2.7249276638031006,7.64858865737915,69.0001618864092,2.5153027718246803,7.310924485957926,DDPG::Balanced_Performance
3,1032,0.3601362579351535,DDPG,Balanced_Performance,3,68.1377944946289,2.712786197662353,7.6853485107421875,69.51896846157659,2.6189333297142725,7.112456409544028,DDPG::Balanced_Performance
4,963,0.3517314103662838,DDPG,Balanced_Performance,4,67.50567626953125,2.7113523483276367,7.6176676750183105,69.62015261089842,2.630751044334501,7.321538919672586,DDPG::Balanced_Performance
5,1981,0.3172990053071316,DDPG,Balanced_Performance,5,67.16808319091797,2.751469135284424,7.696928024291992,68.81941452539276,2.756456990372663,7.244998420679464,DDPG::Balanced_Performance
6,899,0.324486788340507,DDPG,Balanced_Performance,6,68.13973236083984,2.7308316230773926,7.77406120300293,69.83923212695004,2.6612855122156134,7.211948816009285,DDPG::Balanced_Performance
7,1593,0.2961170410961149,DDPG,Balanced_Performance,7,68.0467300415039,2.6935038566589355,7.701174736022949,70.42625452699163,2.423461904360411,7.054296308044264,DDPG::Balanced_Performance
8,1183,0.3269486674209544,DDPG,Balanced_Performance,8,67.94053649902344,2.7115750312805176,7.719398021697998,68.93685460857323,2.7201486517097537,7.24588457351469,DDPG::Balanced_Performance
9,858,0.316616411003422,DDPG,Balanced_Performance,9,67.90286254882812,2.6413612365722656,7.768172264099121,68.88267453647572,2.5494588933758227,7.438465989087597,DDPG::Balanced_Performance
10,1183,0.3490285082522685,DDPG,Balanced_Performance,10,67.43635559082031,2.659942388534546,7.659544944763184,68.93685460857323,2.7201486517097537,7.24588457351469,DDPG::Balanced_Performance
11,250,0.3682214216461262,DDPG,Balanced_Performance,11,68.25617980957031,2.69052791595459,7.667447090148926,70.4043224729246,2.458487342208086,7.053859585139235,DDPG::Balanced_Performance
12,1183,0.4679704925686809,DDPG,Balanced_Performance,12,68.79367065429688,2.6222376823425293,7.599639892578125,68.93685460857323,2.7201486517097537,7.24588457351469,DDPG::Balanced_Performance
13,322,0.3527535300627158,DDPG,Balanced_Performance,13,68.74353790283203,2.706934690475464,7.679839611053467,69.2565662591555,2.7475505111130647,7.177466429447271,DDPG::Balanced_Performance
14,227,0.3767772425458259,DDPG,Balanced_Performance,14,68.29475402832031,2.698664665222168,7.676735877990723,69.962649727321,2.6396941791155606,7.106352271265186,DDPG::Balanced_Performance
15,319,0.2791376289136658,DDPG,Balanced_Performance,15,67.71199798583984,2.7140889167785645,7.63407564163208,66.7935209100344,2.85,7.738870331869076,DDPG::Balanced_Performance
16,608,0.2186737864067771,DDPG,Balanced_Performance,16,66.96698760986328,2.716348886489868,7.6935296058654785,69.0317276112859,2.503145973977955,7.218167671291479,DDPG::Balanced_Performance
17,598,0.3343058232881787,DDPG,Balanced_Performance,17,67.88671112060547,2.7443947792053223,7.752227783203125,69.36760157965234,2.7561543858324224,7.430805910167399,DDPG::Balanced_Performance
18,106,0.3355320704249252,DDPG,Balanced_Performance,18,68.10196685791016,2.7028403282165527,7.713440418243408,70.05015050421306,2.616613355025465,7.282323341800359,DDPG::Balanced_Performance
19,1183,0.3339363170847554,DDPG,Balanced_Performance,19,68.45439147949219,2.699558734893799,7.638291835784912,68.93685460857323,2.7201486517097537,7.24588457351469,DDPG::Balanced_Performance
20,201,0.2577973832815202,DDPG,Energy_Generation_Focus,0,69.72306823730469,2.784921407699585,7.80411958694458,69.6824186809876,2.7740441166483243,7.605008627188637,DDPG::Energy_Generation_Focus
21,1393,0.2782867440846528,DDPG,Energy_Generation_Focus,1,68.21939086914062,2.7781553268432617,7.581570625305176,70.16003132521155,2.6616624395581896,7.182338309337779,DDPG::Energy_Generation_Focus
22,698,0.431739572699097,DDPG,Energy_Generation_Focus,2,68.49625396728516,2.656277894973755,7.198214530944824,68.22666047980454,2.594194456377917,7.135831950107306,DDPG::Energy_Generation_Focus
23,1862,0.3040418638033924,DDPG,Energy_Generation_Focus,3,67.70419311523438,2.7680513858795166,7.504048347473144,67.57625376569887,2.7837816401212496,7.213391236354189,DDPG::Energy_Generation_Focus
24,1183,0.3337172369575061,DDPG,Energy_Generation_Focus,4,69.8824691772461,2.738436698913574,7.638613224029541,68.93685460857323,2.7201486517097537,7.24588457351469,DDPG::Energy_Generation_Focus
25,1194,0.2289140882646093,DDPG,Energy_Generation_Focus,5,67.2633285522461,2.795984983444214,7.816663265228271,66.202826618317,2.85,7.845846481195472,DDPG::Energy_Generation_Focus
26,646,0.3351050866530421,DDPG,Energy_Generation_Focus,6,68.38665008544922,2.7385387420654297,7.644285202026367,70.45289391535302,2.714474807986268,7.148792796550449,DDPG::Energy_Generation_Focus
27,1183,0.2739458189662686,DDPG,Energy_Generation_Focus,7,68.01531982421875,2.790812492370605,7.626465320587158,68.93685460857323,2.7201486517097537,7.24588457351469,DDPG::Energy_Generation_Focus
28,1661,0.1960553304324719,DDPG,Energy_Generation_Focus,8,66.35647583007812,2.840564489364624,7.807404518127441,67.47975864513155,2.7582051372795577,7.652773583282237,DDPG::Energy_Generation_Focus
29,210,0.2714486381838534,DDPG,Energy_Generation_Focus,9,68.55315399169922,2.79492449760437,7.548636436462402,69.09222035484069,2.788339623390488,7.68762995082205,DDPG::Energy_Generation_Focus
30,899,0.3768014447361323,DDPG,Energy_Generation_Focus,10,71.01171112060547,2.6850287914276123,7.501037120819092,69.83923212695004,2.6612855122156134,7.211948816009285,DDPG::Energy_Generation_Focus
31,858,0.3903365656937221,DDPG,Energy_Generation_Focus,11,69.54962921142578,2.6936755180358887,7.682233810424805,68.88267453647572,2.5494588933758227,7.438465989087597,DDPG::Energy_Generation_Focus
32,1183,0.2469797292618957,DDPG,Energy_Generation_Focus,12,67.78157043457031,2.810612201690674,7.687111854553223,68.93685460857323,2.7201486517097537,7.24588457351469,DDPG::Energy_Generation_Focus
33,1442,0.3303711213180367,DDPG,Energy_Generation_Focus,13,68.53901672363281,2.736320972442627,7.5569891929626465,68.18618643558372,2.767677948683404,7.283108024487267,DDPG::Energy_Generation_Focus
34,1727,0.2506500276580276,DDPG,Energy_Generation_Focus,14,68.30326080322266,2.7575955390930176,7.68198299407959,66.28560514947492,2.827682694141156,7.748939489408036,DDPG::Energy_Generation_Focus
35,598,0.2064620075481969,DDPG,Energy_Generation_Focus,15,68.72614288330078,2.848583221435547,7.655573844909668,69.36760157965234,2.7561543858324224,7.430805910167399,DDPG::Energy_Generation_Focus
36,1652,0.3329064602952059,DDPG,Energy_Generation_Focus,16,68.87875366210938,2.73011326789856,7.301785469055176,69.03465297592443,2.590981814750692,7.182971484696669,DDPG::Energy_Generation_Focus
37,237,0.2646439441403448,DDPG,Energy_Generation_Focus,17,67.25682067871094,2.728671073913574,7.768708229064941,66.99101535549546,2.85,7.85,DDPG::Energy_Generation_Focus
38,834,0.3137118652064766,DDPG,Energy_Generation_Focus,18,68.47071075439453,2.75089430809021,7.459368705749512,67.5756571987156,2.835433597074712,7.449297490258757,DDPG::Energy_Generation_Focus
39,1151,0.2327391910952519,DDPG,Energy_Generation_Focus,19,68.16679382324219,2.822303056716919,7.782963752746582,66.10265287145228,2.85,7.85,DDPG::Energy_Generation_Focus
40,866,0.2954461471673928,DDPG,Energy_Saving_Focus,0,67.65015411376953,2.7732372283935547,7.695892333984375,69.0001618864092,2.5153027718246803,7.310924485957926,DDPG::Energy_Saving_Focus
41,1006,0.284851244874893,DDPG,Energy_Saving_Focus,1,66.90416717529297,2.6665663719177246,7.534226894378662,67.57280108584219,2.472401748202705,7.338355602503479,DDPG::Energy_Saving_Focus
42,112,0.2818253923106603,DDPG,Energy_Saving_Focus,2,66.73548126220703,2.729193210601806,7.616369724273682,66.831100510086,2.8097735268377844,7.316284384044597,DDPG::Energy_Saving_Focus
43,1645,0.2982165267666549,DDPG,Energy_Saving_Focus,3,66.9012222290039,2.7450592517852783,7.54567289352417,69.07336340381059,2.563465386763526,7.05827122735363,DDPG::Energy_Saving_Focus
44,922,0.2010050358563584,DDPG,Energy_Saving_Focus,4,66.60298919677734,2.749496459960937,7.177362442016602,69.26674686894052,2.3971209859442872,6.77987472663787,DDPG::Energy_Saving_Focus
45,1862,0.2132977500310326,DDPG,Energy_Saving_Focus,5,67.19161987304688,2.796867847442627,7.443614959716797,67.57625376569887,2.7837816401212496,7.213391236354189,DDPG::Energy_Saving_Focus
46,1862,0.2372257884642687,DDPG,Energy_Saving_Focus,6,66.49874114990234,2.7844603061676025,7.516775608062744,67.57625376569887,2.7837816401212496,7.213391236354189,DDPG::Energy_Saving_Focus
47,822,0.2930619823561943,DDPG,Energy_Saving_Focus,7,67.2199935913086,2.681175470352173,7.461755275726318,68.85415016252911,2.5928345009242526,6.9819755251383935,DDPG::Energy_Saving_Focus
48,817,0.3957531848021566,DDPG,Energy_Saving_Focus,8,68.18694305419922,2.564023733139038,7.555535793304443,68.23034046070967,2.4837200391430723,6.986686370126178,DDPG::Energy_Saving_Focus
49,5,0.301010442659212,DDPG,Energy_Saving_Focus,9,67.3833236694336,2.6962575912475586,7.441028594970703,69.40397268785048,2.5527065468534897,6.944485082291167,DDPG::Energy_Saving_Focus
50,608,0.3181216630470228,DDPG,Energy_Saving_Focus,10,67.17500305175781,2.5622572898864746,7.533969402313232,69.0317276112859,2.503145973977955,7.218167671291479,DDPG::Energy_Saving_Focus
51,300,0.3140620186071057,DDPG,Energy_Saving_Focus,11,67.16059112548828,2.726100444793701,7.369785785675049,69.5127749662966,2.5269350193498616,6.803936774523612,DDPG::Energy_Saving_Focus
52,1862,0.297605665321166,DDPG,Energy_Saving_Focus,12,66.95380401611328,2.7517435550689697,7.266743659973144,67.57625376569887,2.7837816401212496,7.213391236354189,DDPG::Energy_Saving_Focus
53,216,0.2782270542030794,DDPG,Energy_Saving_Focus,13,66.76049041748047,2.769831657409668,7.445661544799805,66.3604539774766,2.730842345983717,7.477560071960253,DDPG::Energy_Saving_Focus
54,1183,0.3418456467046319,DDPG,Energy_Saving_Focus,14,67.73406219482422,2.6988651752471924,7.768986701965332,68.93685460857323,2.7201486517097537,7.24588457351469,DDPG::Energy_Saving_Focus
55,726,0.2473752224873098,DDPG,Energy_Saving_Focus,15,66.41275024414062,2.688038825988769,7.733192443847656,67.87922921416857,2.691484080718962,7.339679189874182,DDPG::Energy_Saving_Focus
56,1105,0.2161550846944431,DDPG,Energy_Saving_Focus,16,66.69766235351562,2.844285249710083,7.670559406280518,67.90339705618307,2.650096382461028,7.463040821741512,DDPG::Energy_Saving_Focus
57,356,0.3565486642335559,DDPG,Energy_Saving_Focus,17,67.69993591308594,2.67902946472168,7.22587776184082,66.48946244814026,2.6012766980485704,7.425147038353082,DDPG::Energy_Saving_Focus
58,1056,0.2640734869165424,DDPG,Energy_Saving_Focus,18,66.74332427978516,2.7378897666931152,7.5756611824035645,68.68404282974471,2.734754442388849,7.186348558923831,DDPG::Energy_Saving_Focus
59,109,0.3176058407804615,DDPG,Energy_Saving_Focus,19,67.36038208007812,2.679793119430542,7.170061111450195,70.57607443442375,2.406426418336437,6.687573011837975,DDPG::Energy_Saving_Focus
60,1700,0.1827148765448887,NSGA-II,NSGA-II,20260310,66.0,2.849999189376831,7.849999904632568,67.7190319826095,2.6420093866710683,7.456694650302293,NSGA-II
61,1700,0.1827257579347463,NSGA-II,NSGA-II,20260310,66.0,2.8499999046325684,7.849998950958252,67.7190319826095,2.6420093866710683,7.456694650302293,NSGA-II
62,1700,0.1827309325722338,NSGA-II,NSGA-II,20260310,66.00004577636719,2.8499999046325684,7.849999904632568,67.7190319826095,2.6420093866710683,7.456694650302293,NSGA-II
63,1700,0.1827310272818511,NSGA-II,NSGA-II,20260310,66.00004577636719,2.8499999046325684,7.849999904632568,67.7190319826095,2.6420093866710683,7.456694650302293,NSGA-II
64,1700,0.1827148740900758,NSGA-II,NSGA-II,20260310,66.0,2.849999189376831,7.849999904632568,67.7190319826095,2.6420093866710683,7.456694650302293,NSGA-II
65,1700,0.1827257641046745,NSGA-II,NSGA-II,20260310,66.0,2.8499999046325684,7.849998950958252,67.7190319826095,2.6420093866710683,7.456694650302293,NSGA-II
66,1700,0.1827311363056084,NSGA-II,NSGA-II,20260310,66.00004577636719,2.8499999046325684,7.849999904632568,67.7190319826095,2.6420093866710683,7.456694650302293,NSGA-II
67,1700,0.1827308675588151,NSGA-II,NSGA-II,20260310,66.00004577636719,2.8499999046325684,7.849999904632568,67.7190319826095,2.6420093866710683,7.456694650302293,NSGA-II
68,1700,0.1827311502338089,NSGA-II,NSGA-II,20260310,66.00004577636719,2.8499999046325684,7.849999904632568,67.7190319826095,2.6420093866710683,7.456694650302293,NSGA-II
69,1700,0.182731082888101,NSGA-II,NSGA-II,20260310,66.00004577636719,2.8499999046325684,7.849999904632568,67.7190319826095,2.6420093866710683,7.456694650302293,NSGA-II
70,1700,0.1827310891441625,NSGA-II,NSGA-II,20260310,66.00004577636719,2.8499999046325684,7.849999904632568,67.7190319826095,2.6420093866710683,7.456694650302293,NSGA-II
71,1700,0.1827311348611267,NSGA-II,NSGA-II,20260310,66.00004577636719,2.8499999046325684,7.849999904632568,67.7190319826095,2.6420093866710683,7.456694650302293,NSGA-II
72,1700,0.1827309834178048,NSGA-II,NSGA-II,20260310,66.00004577636719,2.8499999046325684,7.849999904632568,67.7190319826095,2.6420093866710683,7.456694650302293,NSGA-II
73,1700,0.1827310465819106,NSGA-II,NSGA-II,20260310,66.00004577636719,2.8499999046325684,7.849999904632568,67.7190319826095,2.6420093866710683,7.456694650302293,NSGA-II
74,1700,0.1827149011226393,NSGA-II,NSGA-II,20260310,66.0,2.849999189376831,7.849999904632568,67.7190319826095,2.6420093866710683,7.456694650302293,NSGA-II
75,1700,0.1827303038288994,NSGA-II,NSGA-II,20260310,66.00004577636719,2.8499999046325684,7.849999904632568,67.7190319826095,2.6420093866710683,7.456694650302293,NSGA-II
76,1700,0.1827310129835099,NSGA-II,NSGA-II,20260310,66.00004577636719,2.8499999046325684,7.849999904632568,67.7190319826095,2.6420093866710683,7.456694650302293,NSGA-II
77,1700,0.1827309591283647,NSGA-II,NSGA-II,20260310,66.00004577636719,2.8499999046325684,7.849999904632568,67.7190319826095,2.6420093866710683,7.456694650302293,NSGA-II
78,1700,0.1827310124933041,NSGA-II,NSGA-II,20260310,66.00004577636719,2.8499999046325684,7.849999904632568,67.7190319826095,2.6420093866710683,7.456694650302293,NSGA-II
79,1700,0.1827316443750928,NSGA-II,NSGA-II,20260310,66.00004577636719,2.8499999046325684,7.849999904632568,67.7190319826095,2.6420093866710683,7.456694650302293,NSGA-II
80,1700,0.1827309493319787,NSGA-II,NSGA-II,20260310,66.00004577636719,2.8499999046325684,7.849999904632568,67.7190319826095,2.6420093866710683,7.456694650302293,NSGA-II
81,1700,0.1827312987313151,NSGA-II,NSGA-II,20260310,66.00004577636719,2.8499999046325684,7.849999904632568,67.7190319826095,2.6420093866710683,7.456694650302293,NSGA-II
82,1700,0.1827311088021989,NSGA-II,NSGA-II,20260310,66.00004577636719,2.8499999046325684,7.849999904632568,67.7190319826095,2.6420093866710683,7.456694650302293,NSGA-II
83,1700,0.1827309806148819,NSGA-II,NSGA-II,20260310,66.00004577636719,2.8499999046325684,7.849999904632568,67.7190319826095,2.6420093866710683,7.456694650302293,NSGA-II
84,1700,0.1827309267608184,NSGA-II,NSGA-II,20260310,66.00004577636719,2.8499999046325684,7.849999904632568,67.7190319826095,2.6420093866710683,7.456694650302293,NSGA-II
85,1700,0.1827309389371317,NSGA-II,NSGA-II,20260310,66.00004577636719,2.8499999046325684,7.849999904632568,67.7190319826095,2.6420093866710683,7.456694650302293,NSGA-II
86,1700,0.182730996385644,NSGA-II,NSGA-II,20260310,66.00004577636719,2.8499999046325684,7.849999904632568,67.7190319826095,2.6420093866710683,7.456694650302293,NSGA-II
87,1700,0.1827257478785306,NSGA-II,NSGA-II,20260310,66.0,2.8499999046325684,7.849998950958252,67.7190319826095,2.6420093866710683,7.456694650302293,NSGA-II
88,1700,0.1827310493655256,NSGA-II,NSGA-II,20260310,66.00004577636719,2.8499999046325684,7.849999904632568,67.7190319826095,2.6420093866710683,7.456694650302293,NSGA-II
89,1700,0.1827310691596668,NSGA-II,NSGA-II,20260310,66.00004577636719,2.8499999046325684,7.849999904632568,67.7190319826095,2.6420093866710683,7.456694650302293,NSGA-II
90,1700,0.1827300525167389,NSGA-II,NSGA-II,20260310,66.00004577636719,2.8499999046325684,7.849999904632568,67.7190319826095,2.6420093866710683,7.456694650302293,NSGA-II
91,1700,0.1827310917137326,NSGA-II,NSGA-II,20260310,66.00004577636719,2.8499999046325684,7.849999904632568,67.7190319826095,2.6420093866710683,7.456694650302293,NSGA-II
92,1700,0.1827308228528198,NSGA-II,NSGA-II,20260310,66.00004577636719,2.8499999046325684,7.849999904632568,67.7190319826095,2.6420093866710683,7.456694650302293,NSGA-II
93,1700,0.1827311519027082,NSGA-II,NSGA-II,20260310,66.00004577636719,2.8499999046325684,7.849999904632568,67.7190319826095,2.6420093866710683,7.456694650302293,NSGA-II
94,1700,0.18273111906918,NSGA-II,NSGA-II,20260310,66.00004577636719,2.8499999046325684,7.849999904632568,67.7190319826095,2.6420093866710683,7.456694650302293,NSGA-II
95,1700,0.1827310983054997,NSGA-II,NSGA-II,20260310,66.00004577636719,2.8499999046325684,7.849999904632568,67.7190319826095,2.6420093866710683,7.456694650302293,NSGA-II
96,1700,0.1827309331080496,NSGA-II,NSGA-II,20260310,66.00004577636719,2.8499999046325684,7.849999904632568,67.7190319826095,2.6420093866710683,7.456694650302293,NSGA-II
97,1700,0.1827310094871579,NSGA-II,NSGA-II,20260310,66.00004577636719,2.8499999046325684,7.849999904632568,67.7190319826095,2.6420093866710683,7.456694650302293,NSGA-II
98,1700,0.1827317605470983,NSGA-II,NSGA-II,20260310,66.00004577636719,2.8499999046325684,7.849999904632568,67.7190319826095,2.6420093866710683,7.456694650302293,NSGA-II
99,1700,0.1827311198533236,NSGA-II,NSGA-II,20260310,66.00004577636719,2.8499999046325684,7.849999904632568,67.7190319826095,2.6420093866710683,7.456694650302293,NSGA-II
100,1700,0.1827309060354996,NSGA-II,NSGA-II,20260310,66.00004577636719,2.8499999046325684,7.849999904632568,67.7190319826095,2.6420093866710683,7.456694650302293,NSGA-II
101,1700,0.1827311086591118,NSGA-II,NSGA-II,20260310,66.00004577636719,2.8499999046325684,7.849999904632568,67.7190319826095,2.6420093866710683,7.456694650302293,NSGA-II
102,1700,0.1827308932747152,NSGA-II,NSGA-II,20260310,66.00004577636719,2.8499999046325684,7.849999904632568,67.7190319826095,2.6420093866710683,7.456694650302293,NSGA-II
103,1700,0.1827311477792191,NSGA-II,NSGA-II,20260310,66.00004577636719,2.8499999046325684,7.849999904632568,67.7190319826095,2.6420093866710683,7.456694650302293,NSGA-II
104,1700,0.1827315659023615,NSGA-II,NSGA-II,20260310,66.00004577636719,2.8499999046325684,7.849999904632568,67.7190319826095,2.6420093866710683,7.456694650302293,NSGA-II
105,1700,0.1827311304915437,NSGA-II,NSGA-II,20260310,66.00004577636719,2.8499999046325684,7.849999904632568,67.7190319826095,2.6420093866710683,7.456694650302293,NSGA-II
106,1700,0.1827311034386819,NSGA-II,NSGA-II,20260310,66.00004577636719,2.8499999046325684,7.849999904632568,67.7190319826095,2.6420093866710683,7.456694650302293,NSGA-II
107,1700,0.1827308799740536,NSGA-II,NSGA-II,20260310,66.00004577636719,2.8499999046325684,7.849999904632568,67.7190319826095,2.6420093866710683,7.456694650302293,NSGA-II
108,1700,0.1827310553267054,NSGA-II,NSGA-II,20260310,66.00004577636719,2.8499999046325684,7.849999904632568,67.7190319826095,2.6420093866710683,7.456694650302293,NSGA-II
109,1700,0.1827311478289489,NSGA-II,NSGA-II,20260310,66.00004577636719,2.8499999046325684,7.849999904632568,67.7190319826095,2.6420093866710683,7.456694650302293,NSGA-II
110,1700,0.1827312396219544,NSGA-II,NSGA-II,20260310,66.00004577636719,2.8499999046325684,7.849999904632568,67.7190319826095,2.6420093866710683,7.456694650302293,NSGA-II
111,1700,0.182731172538731,NSGA-II,NSGA-II,20260310,66.00004577636719,2.8499999046325684,7.849999904632568,67.7190319826095,2.6420093866710683,7.456694650302293,NSGA-II
112,1700,0.182731232713829,NSGA-II,NSGA-II,20260310,66.00004577636719,2.8499999046325684,7.849999904632568,67.7190319826095,2.6420093866710683,7.456694650302293,NSGA-II
113,1700,0.1827299614061605,NSGA-II,NSGA-II,20260310,66.00004577636719,2.8499999046325684,7.849999904632568,67.7190319826095,2.6420093866710683,7.456694650302293,NSGA-II
114,1700,0.1827310965005396,NSGA-II,NSGA-II,20260310,66.00004577636719,2.8499999046325684,7.849999904632568,67.7190319826095,2.6420093866710683,7.456694650302293,NSGA-II
115,1700,0.1827318728667918,NSGA-II,NSGA-II,20260310,66.00004577636719,2.8499999046325684,7.849999904632568,67.7190319826095,2.6420093866710683,7.456694650302293,NSGA-II
116,1700,0.1827309492852126,NSGA-II,NSGA-II,20260310,66.00004577636719,2.8499999046325684,7.849999904632568,67.7190319826095,2.6420093866710683,7.456694650302293,NSGA-II
117,1700,0.1827309917054356,NSGA-II,NSGA-II,20260310,66.00004577636719,2.8499999046325684,7.849999904632568,67.7190319826095,2.6420093866710683,7.456694650302293,NSGA-II
118,1700,0.1827310486160045,NSGA-II,NSGA-II,20260310,66.00004577636719,2.8499999046325684,7.849999904632568,67.7190319826095,2.6420093866710683,7.456694650302293,NSGA-II
119,1700,0.1827310113459912,NSGA-II,NSGA-II,20260310,66.00004577636719,2.8499999046325684,7.849999904632568,67.7190319826095,2.6420093866710683,7.456694650302293,NSGA-II
120,1700,0.1827309283637237,NSGA-II,NSGA-II,20260310,66.00004577636719,2.8499999046325684,7.849999904632568,67.7190319826095,2.6420093866710683,7.456694650302293,NSGA-II
121,1700,0.1827308518500705,NSGA-II,NSGA-II,20260310,66.00004577636719,2.8499999046325684,7.849999904632568,67.7190319826095,2.6420093866710683,7.456694650302293,NSGA-II
122,1700,0.1827311199484142,NSGA-II,NSGA-II,20260310,66.00004577636719,2.8499999046325684,7.849999904632568,67.7190319826095,2.6420093866710683,7.456694650302293,NSGA-II
123,1700,0.182731451514683,NSGA-II,NSGA-II,20260310,66.00004577636719,2.8499999046325684,7.849999904632568,67.7190319826095,2.6420093866710683,7.456694650302293,NSGA-II
124,1700,0.182730842870943,NSGA-II,NSGA-II,20260310,66.00004577636719,2.8499999046325684,7.849999904632568,67.7190319826095,2.6420093866710683,7.456694650302293,NSGA-II
125,1700,0.1827312967189823,NSGA-II,NSGA-II,20260310,66.00004577636719,2.8499999046325684,7.849999904632568,67.7190319826095,2.6420093866710683,7.456694650302293,NSGA-II
126,1700,0.1827308139248896,NSGA-II,NSGA-II,20260310,66.00004577636719,2.8499999046325684,7.849999904632568,67.7190319826095,2.6420093866710683,7.456694650302293,NSGA-II
127,1700,0.1827308315058594,NSGA-II,NSGA-II,20260310,66.00004577636719,2.8499999046325684,7.849999904632568,67.7190319826095,2.6420093866710683,7.456694650302293,NSGA-II
128,1700,0.1827310902177296,NSGA-II,NSGA-II,20260310,66.00004577636719,2.8499999046325684,7.849999904632568,67.7190319826095,2.6420093866710683,7.456694650302293,NSGA-II
129,1700,0.1827302732311022,NSGA-II,NSGA-II,20260310,66.00004577636719,2.8499999046325684,7.849999904632568,67.7190319826095,2.6420093866710683,7.456694650302293,NSGA-II
130,1700,0.1827312295198106,NSGA-II,NSGA-II,20260310,66.00004577636719,2.8499999046325684,7.849999904632568,67.7190319826095,2.6420093866710683,7.456694650302293,NSGA-II
131,1700,0.1827310629150725,NSGA-II,NSGA-II,20260310,66.00004577636719,2.8499999046325684,7.849999904632568,67.7190319826095,2.6420093866710683,7.456694650302293,NSGA-II
132,1700,0.1827310532514543,NSGA-II,NSGA-II,20260310,66.00004577636719,2.8499999046325684,7.849999904632568,67.7190319826095,2.6420093866710683,7.456694650302293,NSGA-II
133,1700,0.1827309205567941,NSGA-II,NSGA-II,20260310,66.00004577636719,2.8499999046325684,7.849999904632568,67.7190319826095,2.6420093866710683,7.456694650302293,NSGA-II
134,1700,0.182730989631341,NSGA-II,NSGA-II,20260310,66.00004577636719,2.8499999046325684,7.849999904632568,67.7190319826095,2.6420093866710683,7.456694650302293,NSGA-II
135,1700,0.1827308636270169,NSGA-II,NSGA-II,20260310,66.00004577636719,2.8499999046325684,7.849999904632568,67.7190319826095,2.6420093866710683,7.456694650302293,NSGA-II
136,1700,0.1827308895642742,NSGA-II,NSGA-II,20260310,66.00004577636719,2.8499999046325684,7.849999904632568,67.7190319826095,2.6420093866710683,7.456694650302293,NSGA-II
137,1700,0.182730972889034,NSGA-II,NSGA-II,20260310,66.00004577636719,2.8499999046325684,7.849999904632568,67.7190319826095,2.6420093866710683,7.456694650302293,NSGA-II
138,1700,0.182731089290333,NSGA-II,NSGA-II,20260310,66.00004577636719,2.8499999046325684,7.849999904632568,67.7190319826095,2.6420093866710683,7.456694650302293,NSGA-II
139,1700,0.1827308622659272,NSGA-II,NSGA-II,20260310,66.00004577636719,2.8499999046325684,7.849999904632568,67.7190319826095,2.6420093866710683,7.456694650302293,NSGA-II
140,1700,0.18273089804919,NSGA-II,NSGA-II,20260310,66.00004577636719,2.8499999046325684,7.849999904632568,67.7190319826095,2.6420093866710683,7.456694650302293,NSGA-II
141,1700,0.1827308560385575,NSGA-II,NSGA-II,20260310,66.00004577636719,2.8499999046325684,7.849999904632568,67.7190319826095,2.6420093866710683,7.456694650302293,NSGA-II
142,1700,0.1827311042757166,NSGA-II,NSGA-II,20260310,66.00004577636719,2.8499999046325684,7.849999904632568,67.7190319826095,2.6420093866710683,7.456694650302293,NSGA-II
143,1700,0.1827308859445814,NSGA-II,NSGA-II,20260310,66.00004577636719,2.8499999046325684,7.849999904632568,67.7190319826095,2.6420093866710683,7.456694650302293,NSGA-II
144,1700,0.1827309825509432,NSGA-II,NSGA-II,20260310,66.00004577636719,2.8499999046325684,7.849999904632568,67.7190319826095,2.6420093866710683,7.456694650302293,NSGA-II
145,1700,0.1827311201549353,NSGA-II,NSGA-II,20260310,66.00004577636719,2.8499999046325684,7.849999904632568,67.7190319826095,2.6420093866710683,7.456694650302293,NSGA-II
146,1700,0.1827309950886737,NSGA-II,NSGA-II,20260310,66.00004577636719,2.8499999046325684,7.849999904632568,67.7190319826095,2.6420093866710683,7.456694650302293,NSGA-II
147,1700,0.182714766828509,NSGA-II,NSGA-II,20260310,66.0,2.849999189376831,7.849999904632568,67.7190319826095,2.6420093866710683,7.456694650302293,NSGA-II
148,1700,0.1827309837674947,NSGA-II,NSGA-II,20260310,66.00004577636719,2.8499999046325684,7.849999904632568,67.7190319826095,2.6420093866710683,7.456694650302293,NSGA-II
149,1700,0.1827309542723534,NSGA-II,NSGA-II,20260310,66.00004577636719,2.8499999046325684,7.849999904632568,67.7190319826095,2.6420093866710683,7.456694650302293,NSGA-II
150,1700,0.1827308930476967,NSGA-II,NSGA-II,20260310,66.00004577636719,2.8499999046325684,7.849999904632568,67.7190319826095,2.6420093866710683,7.456694650302293,NSGA-II
151,1700,0.1827310156771355,NSGA-II,NSGA-II,20260310,66.00004577636719,2.8499999046325684,7.849999904632568,67.7190319826095,2.6420093866710683,7.456694650302293,NSGA-II
152,1700,0.1827311859059293,NSGA-II,NSGA-II,20260310,66.00004577636719,2.8499999046325684,7.849999904632568,67.7190319826095,2.6420093866710683,7.456694650302293,NSGA-II
153,1700,0.1827312020657873,NSGA-II,NSGA-II,20260310,66.00004577636719,2.8499999046325684,7.849999904632568,67.7190319826095,2.6420093866710683,7.456694650302293,NSGA-II
154,1700,0.1827312074474353,NSGA-II,NSGA-II,20260310,66.00004577636719,2.8499999046325684,7.849999904632568,67.7190319826095,2.6420093866710683,7.456694650302293,NSGA-II
155,1700,0.1827311832618267,NSGA-II,NSGA-II,20260310,66.00004577636719,2.8499999046325684,7.849999904632568,67.7190319826095,2.6420093866710683,7.456694650302293,NSGA-II
156,1700,0.1827308910830492,NSGA-II,NSGA-II,20260310,66.00004577636719,2.8499999046325684,7.849999904632568,67.7190319826095,2.6420093866710683,7.456694650302293,NSGA-II
157,1700,0.1827307069365871,NSGA-II,NSGA-II,20260310,66.00004577636719,2.8499999046325684,7.849999904632568,67.7190319826095,2.6420093866710683,7.456694650302293,NSGA-II
158,1700,0.1827309048779607,NSGA-II,NSGA-II,20260310,66.00004577636719,2.8499999046325684,7.849999904632568,67.7190319826095,2.6420093866710683,7.456694650302293,NSGA-II
159,1700,0.1827309673905061,NSGA-II,NSGA-II,20260310,66.00004577636719,2.8499999046325684,7.849999904632568,67.7190319826095,2.6420093866710683,7.456694650302293,NSGA-II
160,200,0.202580712939619,NSGA-II,NSGA-II,20260311,66.0,2.800509691238404,7.849812507629394,66.96908991054327,2.8065930790182194,7.588883586715506,NSGA-II
161,200,0.2025807119092913,NSGA-II,NSGA-II,20260311,66.0,2.800509691238404,7.849812507629394,66.96908991054327,2.8065930790182194,7.588883586715506,NSGA-II
162,200,0.2049649465035505,NSGA-II,NSGA-II,20260311,66.15392303466797,2.849947929382324,7.849999904632568,66.96908991054327,2.8065930790182194,7.588883586715506,NSGA-II
163,200,0.1678394794947989,NSGA-II,NSGA-II,20260311,66.00003051757812,2.8499999046325684,7.754909515380859,66.96908991054327,2.8065930790182194,7.588883586715506,NSGA-II
164,784,0.205164967536583,NSGA-II,NSGA-II,20260311,66.0,2.8305819034576416,7.83555793762207,68.16120159933843,2.7251105517510363,7.553215822775918,NSGA-II
165,784,0.2061248739823703,NSGA-II,NSGA-II,20260311,66.05762481689453,2.84985899925232,7.849998950958252,68.16120159933843,2.7251105517510363,7.553215822775918,NSGA-II
166,200,0.1845793972624979,NSGA-II,NSGA-II,20260311,66.0,2.824674606323242,7.842045307159424,66.96908991054327,2.8065930790182194,7.588883586715506,NSGA-II
167,784,0.2051649675352455,NSGA-II,NSGA-II,20260311,66.0,2.8305819034576416,7.83555793762207,68.16120159933843,2.7251105517510363,7.553215822775918,NSGA-II
168,200,0.2083036994446387,NSGA-II,NSGA-II,20260311,66.00000762939453,2.8435773849487305,7.849935531616211,66.96908991054327,2.8065930790182194,7.588883586715506,NSGA-II
169,200,0.1844688415931004,NSGA-II,NSGA-II,20260311,66.0,2.825075387954712,7.841697692871094,66.96908991054327,2.8065930790182194,7.588883586715506,NSGA-II
170,784,0.2027781394484857,NSGA-II,NSGA-II,20260311,66.03863525390625,2.8499977588653564,7.849948883056641,68.16120159933843,2.7251105517510363,7.553215822775918,NSGA-II
171,784,0.206114031677942,NSGA-II,NSGA-II,20260311,66.05731201171875,2.8498902320861816,7.849996566772461,68.16120159933843,2.7251105517510363,7.553215822775918,NSGA-II
172,200,0.1805821180028441,NSGA-II,NSGA-II,20260311,66.00430297851562,2.8499984741210938,7.848299503326416,66.96908991054327,2.8065930790182194,7.588883586715506,NSGA-II
173,200,0.1802928890717712,NSGA-II,NSGA-II,20260311,66.0278091430664,2.849999189376831,7.849772930145264,66.96908991054327,2.8065930790182194,7.588883586715506,NSGA-II
174,200,0.2076851627027948,NSGA-II,NSGA-II,20260311,66.02617645263672,2.849849224090576,7.849995136260986,66.96908991054327,2.8065930790182194,7.588883586715506,NSGA-II
175,200,0.2023835355169858,NSGA-II,NSGA-II,20260311,66.00035095214844,2.8466925621032715,7.849998950958252,66.96908991054327,2.8065930790182194,7.588883586715506,NSGA-II
176,200,0.2090109751995223,NSGA-II,NSGA-II,20260311,66.0000228881836,2.845151424407959,7.849983215332031,66.96908991054327,2.8065930790182194,7.588883586715506,NSGA-II
177,200,0.2087316703473596,NSGA-II,NSGA-II,20260311,66.00004577636719,2.845193386077881,7.849955558776855,66.96908991054327,2.8065930790182194,7.588883586715506,NSGA-II
178,200,0.2081047871977165,NSGA-II,NSGA-II,20260311,66.00000762939453,2.843611717224121,7.849920272827148,66.96908991054327,2.8065930790182194,7.588883586715506,NSGA-II
179,200,0.1474407681465153,NSGA-II,NSGA-II,20260311,66.00422668457031,2.849269390106201,7.849977970123291,66.96908991054327,2.8065930790182194,7.588883586715506,NSGA-II
180,200,0.1747013911704047,NSGA-II,NSGA-II,20260311,66.00001525878906,2.848052263259888,7.849617958068848,66.96908991054327,2.8065930790182194,7.588883586715506,NSGA-II
181,200,0.1826739438705269,NSGA-II,NSGA-II,20260311,66.00782775878906,2.849975824356079,7.84998607635498,66.96908991054327,2.8065930790182194,7.588883586715506,NSGA-II
182,200,0.1805075165557866,NSGA-II,NSGA-II,20260311,66.0018310546875,2.849900245666504,7.849922180175781,66.96908991054327,2.8065930790182194,7.588883586715506,NSGA-II
183,784,0.2005928231365051,NSGA-II,NSGA-II,20260311,66.00000762939453,2.8499650955200195,7.849424362182617,68.16120159933843,2.7251105517510363,7.553215822775918,NSGA-II
184,200,0.1986212819959502,NSGA-II,NSGA-II,20260311,66.00006103515625,2.8482701778411865,7.849542617797852,66.96908991054327,2.8065930790182194,7.588883586715506,NSGA-II
185,200,0.1763782409733079,NSGA-II,NSGA-II,20260311,66.00104522705078,2.8485705852508545,7.84999942779541,66.96908991054327,2.8065930790182194,7.588883586715506,NSGA-II
186,200,0.1679940263788649,NSGA-II,NSGA-II,20260311,66.00045013427734,2.84999942779541,7.755074024200439,66.96908991054327,2.8065930790182194,7.588883586715506,NSGA-II
187,200,0.1744148081938647,NSGA-II,NSGA-II,20260311,66.00178527832031,2.848992109298706,7.849993705749512,66.96908991054327,2.8065930790182194,7.588883586715506,NSGA-II
188,200,0.2017755234293414,NSGA-II,NSGA-II,20260311,66.00017547607422,2.8468265533447266,7.849924564361572,66.96908991054327,2.8065930790182194,7.588883586715506,NSGA-II
189,200,0.182699811294858,NSGA-II,NSGA-II,20260311,66.00153350830078,2.8499979972839355,7.8496551513671875,66.96908991054327,2.8065930790182194,7.588883586715506,NSGA-II
190,200,0.1678398863161175,NSGA-II,NSGA-II,20260311,66.00028228759766,2.849996566772461,7.755155086517334,66.96908991054327,2.8065930790182194,7.588883586715506,NSGA-II
191,200,0.1826905048403766,NSGA-II,NSGA-II,20260311,66.00798034667969,2.849961280822754,7.849991321563721,66.96908991054327,2.8065930790182194,7.588883586715506,NSGA-II
192,200,0.1804431908659969,NSGA-II,NSGA-II,20260311,66.00112915039062,2.8499538898468018,7.849912166595459,66.96908991054327,2.8065930790182194,7.588883586715506,NSGA-II
193,200,0.1678270127060364,NSGA-II,NSGA-II,20260311,66.0,2.849998712539673,7.754915237426758,66.96908991054327,2.8065930790182194,7.588883586715506,NSGA-II
194,200,0.180607156984442,NSGA-II,NSGA-II,20260311,66.00166320800781,2.849987506866455,7.849917888641357,66.96908991054327,2.8065930790182194,7.588883586715506,NSGA-II
195,200,0.1761409921508223,NSGA-II,NSGA-II,20260311,66.00038146972656,2.848622560501098,7.8499932289123535,66.96908991054327,2.8065930790182194,7.588883586715506,NSGA-II
196,200,0.1762020744569215,NSGA-II,NSGA-II,20260311,66.00077056884766,2.8486125469207764,7.849996089935303,66.96908991054327,2.8065930790182194,7.588883586715506,NSGA-II
197,200,0.1811392427974045,NSGA-II,NSGA-II,20260311,66.00138092041016,2.8499865531921387,7.849860668182373,66.96908991054327,2.8065930790182194,7.588883586715506,NSGA-II
198,200,0.1763730876702783,NSGA-II,NSGA-II,20260311,66.00105285644531,2.848571300506592,7.84999942779541,66.96908991054327,2.8065930790182194,7.588883586715506,NSGA-II
199,200,0.1747101109717491,NSGA-II,NSGA-II,20260311,66.00000762939453,2.848121166229248,7.849596977233887,66.96908991054327,2.8065930790182194,7.588883586715506,NSGA-II
200,784,0.2006389136203435,NSGA-II,NSGA-II,20260311,66.00019836425781,2.849979877471924,7.849469184875488,68.16120159933843,2.7251105517510363,7.553215822775918,NSGA-II
201,200,0.1808859883354224,NSGA-II,NSGA-II,20260311,66.00099182128906,2.8499696254730225,7.849883556365967,66.96908991054327,2.8065930790182194,7.588883586715506,NSGA-II
202,200,0.1999965263898331,NSGA-II,NSGA-II,20260311,66.00006866455078,2.846865177154541,7.849873065948486,66.96908991054327,2.8065930790182194,7.588883586715506,NSGA-II
203,200,0.1678374559321139,NSGA-II,NSGA-II,20260311,66.00031280517578,2.8499972820281982,7.755151748657227,66.96908991054327,2.8065930790182194,7.588883586715506,NSGA-II
204,784,0.2005876658541191,NSGA-II,NSGA-II,20260311,66.0000991821289,2.849960803985596,7.849443435668945,68.16120159933843,2.7251105517510363,7.553215822775918,NSGA-II
205,200,0.1821197670967741,NSGA-II,NSGA-II,20260311,66.000244140625,2.8499739170074463,7.849786281585693,66.96908991054327,2.8065930790182194,7.588883586715506,NSGA-II
206,200,0.1805480733014929,NSGA-II,NSGA-II,20260311,66.00177764892578,2.849993705749512,7.8498854637146,66.96908991054327,2.8065930790182194,7.588883586715506,NSGA-II
207,200,0.2081096857459083,NSGA-II,NSGA-II,20260311,66.00001525878906,2.843609571456909,7.84992504119873,66.96908991054327,2.8065930790182194,7.588883586715506,NSGA-II
208,200,0.1811346912460439,NSGA-II,NSGA-II,20260311,66.00132751464844,2.8499844074249268,7.849852085113525,66.96908991054327,2.8065930790182194,7.588883586715506,NSGA-II
209,200,0.2049619232850153,NSGA-II,NSGA-II,20260311,66.15385437011719,2.849949598312378,7.849998950958252,66.96908991054327,2.8065930790182194,7.588883586715506,NSGA-II
210,200,0.1814835600539624,NSGA-II,NSGA-II,20260311,66.00103759765625,2.849997043609619,7.8496551513671875,66.96908991054327,2.8065930790182194,7.588883586715506,NSGA-II
211,200,0.2017755510136294,NSGA-II,NSGA-II,20260311,66.00016784667969,2.846827268600464,7.849924087524414,66.96908991054327,2.8065930790182194,7.588883586715506,NSGA-II
212,200,0.1747194146760546,NSGA-II,NSGA-II,20260311,66.00003814697266,2.848109483718872,7.849608421325684,66.96908991054327,2.8065930790182194,7.588883586715506,NSGA-II
213,200,0.1747156293616644,NSGA-II,NSGA-II,20260311,66.00003051757812,2.8480663299560547,7.849627017974853,66.96908991054327,2.8065930790182194,7.588883586715506,NSGA-II
214,200,0.1747079491636851,NSGA-II,NSGA-II,20260311,66.00006103515625,2.848067283630371,7.849611759185791,66.96908991054327,2.8065930790182194,7.588883586715506,NSGA-II
215,200,0.2049619234782459,NSGA-II,NSGA-II,20260311,66.15385437011719,2.849949598312378,7.849998950958252,66.96908991054327,2.8065930790182194,7.588883586715506,NSGA-II
216,200,0.2052957999882412,NSGA-II,NSGA-II,20260311,66.15131378173828,2.8499996662139893,7.849952697753906,66.96908991054327,2.8065930790182194,7.588883586715506,NSGA-II
217,200,0.1802617534000254,NSGA-II,NSGA-II,20260311,66.0278091430664,2.849999189376831,7.849772930145264,66.96908991054327,2.8065930790182194,7.588883586715506,NSGA-II
218,200,0.1747134751009831,NSGA-II,NSGA-II,20260311,66.00006103515625,2.8481132984161377,7.849602222442627,66.96908991054327,2.8065930790182194,7.588883586715506,NSGA-II
219,200,0.1747142653805662,NSGA-II,NSGA-II,20260311,66.0000228881836,2.848060369491577,7.84962272644043,66.96908991054327,2.8065930790182194,7.588883586715506,NSGA-II
220,200,0.174714296046547,NSGA-II,NSGA-II,20260311,66.0000228881836,2.848060369491577,7.84962272644043,66.96908991054327,2.8065930790182194,7.588883586715506,NSGA-II
221,200,0.1747154076323499,NSGA-II,NSGA-II,20260311,66.0000228881836,2.8481101989746094,7.849599361419678,66.96908991054327,2.8065930790182194,7.588883586715506,NSGA-II
222,200,0.1747193831553071,NSGA-II,NSGA-II,20260311,66.00003814697266,2.848109483718872,7.849608421325684,66.96908991054327,2.8065930790182194,7.588883586715506,NSGA-II
223,200,0.2036354124481257,NSGA-II,NSGA-II,20260311,66.15376281738281,2.8499398231506348,7.849996566772461,66.96908991054327,2.8065930790182194,7.588883586715506,NSGA-II
224,200,0.1744919433061452,NSGA-II,NSGA-II,20260311,66.00080108642578,2.848975896835327,7.849997520446777,66.96908991054327,2.8065930790182194,7.588883586715506,NSGA-II
225,200,0.2002335013829188,NSGA-II,NSGA-II,20260311,66.00020599365234,2.8464839458465576,7.849997043609619,66.96908991054327,2.8065930790182194,7.588883586715506,NSGA-II
226,200,0.1826808118670517,NSGA-II,NSGA-II,20260311,66.0082015991211,2.849998712539673,7.849942207336426,66.96908991054327,2.8065930790182194,7.588883586715506,NSGA-II
227,200,0.1757930591458702,NSGA-II,NSGA-II,20260311,66.0005111694336,2.848888397216797,7.8499932289123535,66.96908991054327,2.8065930790182194,7.588883586715506,NSGA-II
228,200,0.1744178447406896,NSGA-II,NSGA-II,20260311,66.00179290771484,2.8490002155303955,7.849992275238037,66.96908991054327,2.8065930790182194,7.588883586715506,NSGA-II
229,200,0.1826800755441053,NSGA-II,NSGA-II,20260311,66.00798034667969,2.8499975204467773,7.849987030029297,66.96908991054327,2.8065930790182194,7.588883586715506,NSGA-II
230,200,0.1761359892541648,NSGA-II,NSGA-II,20260311,66.00032806396484,2.848602294921875,7.849981307983398,66.96908991054327,2.8065930790182194,7.588883586715506,NSGA-II
231,200,0.1834073161011205,NSGA-II,NSGA-II,20260311,66.0071029663086,2.849982738494873,7.849928379058838,66.96908991054327,2.8065930790182194,7.588883586715506,NSGA-II
232,200,0.2036974336306909,NSGA-II,NSGA-II,20260311,66.15379333496094,2.849931001663208,7.849998950958252,66.96908991054327,2.8065930790182194,7.588883586715506,NSGA-II
233,200,0.2048931005319799,NSGA-II,NSGA-II,20260311,66.1532974243164,2.849977493286133,7.849995613098144,66.96908991054327,2.8065930790182194,7.588883586715506,NSGA-II
234,200,0.1737555949644325,NSGA-II,NSGA-II,20260311,66.00130462646484,2.849276542663574,7.849942684173584,66.96908991054327,2.8065930790182194,7.588883586715506,NSGA-II
235,200,0.2048766901259639,NSGA-II,NSGA-II,20260311,66.1513671875,2.849998712539673,7.849959373474121,66.96908991054327,2.8065930790182194,7.588883586715506,NSGA-II
236,200,0.1826669111124661,NSGA-II,NSGA-II,20260311,66.00787353515625,2.8499817848205566,7.849987983703613,66.96908991054327,2.8065930790182194,7.588883586715506,NSGA-II
237,200,0.1736718106986731,NSGA-II,NSGA-II,20260311,66.00152587890625,2.8491523265838623,7.849973201751709,66.96908991054327,2.8065930790182194,7.588883586715506,NSGA-II
238,200,0.1760745133378359,NSGA-II,NSGA-II,20260311,66.00006866455078,2.8490753173828125,7.849804878234863,66.96908991054327,2.8065930790182194,7.588883586715506,NSGA-II
239,200,0.1855573269251781,NSGA-II,NSGA-II,20260311,66.00672912597656,2.849605083465576,7.849989891052246,66.96908991054327,2.8065930790182194,7.588883586715506,NSGA-II
240,200,0.204829339316501,NSGA-II,NSGA-II,20260311,66.15113830566406,2.849998712539673,7.849943161010742,66.96908991054327,2.8065930790182194,7.588883586715506,NSGA-II
241,200,0.1679866514754803,NSGA-II,NSGA-II,20260311,66.00001525878906,2.8499951362609863,7.755387783050537,66.96908991054327,2.8065930790182194,7.588883586715506,NSGA-II
242,200,0.2004581557677092,NSGA-II,NSGA-II,20260311,66.0001449584961,2.847131967544556,7.849876403808594,66.96908991054327,2.8065930790182194,7.588883586715506,NSGA-II
243,200,0.2048364092711701,NSGA-II,NSGA-II,20260311,66.15098571777344,2.849998950958252,7.849941253662109,66.96908991054327,2.8065930790182194,7.588883586715506,NSGA-II
244,200,0.1744534537289135,NSGA-II,NSGA-II,20260311,66.00019836425781,2.84881591796875,7.849971294403076,66.96908991054327,2.8065930790182194,7.588883586715506,NSGA-II
245,784,0.2009975762342558,NSGA-II,NSGA-II,20260311,66.00016784667969,2.8499271869659424,7.849920272827148,68.16120159933843,2.7251105517510363,7.553215822775918,NSGA-II
246,200,0.1759820264830999,NSGA-II,NSGA-II,20260311,66.00072479248047,2.849133253097534,7.849979400634766,66.96908991054327,2.8065930790182194,7.588883586715506,NSGA-II
247,200,0.1743274187878061,NSGA-II,NSGA-II,20260311,66.00043487548828,2.849105834960937,7.849930286407471,66.96908991054327,2.8065930790182194,7.588883586715506,NSGA-II
248,200,0.1997431110524934,NSGA-II,NSGA-II,20260311,66.0000228881836,2.846906900405884,7.8498687744140625,66.96908991054327,2.8065930790182194,7.588883586715506,NSGA-II
249,200,0.2049649402002012,NSGA-II,NSGA-II,20260311,66.15392303466797,2.849947929382324,7.849999904632568,66.96908991054327,2.8065930790182194,7.588883586715506,NSGA-II
250,200,0.2082502472847697,NSGA-II,NSGA-II,20260311,66.00053405761719,2.8432388305664062,7.849995613098144,66.96908991054327,2.8065930790182194,7.588883586715506,NSGA-II
251,200,0.1678627315041692,NSGA-II,NSGA-II,20260311,66.0000228881836,2.849994421005249,7.755311012268066,66.96908991054327,2.8065930790182194,7.588883586715506,NSGA-II
252,200,0.2044232762848373,NSGA-II,NSGA-II,20260311,66.1585693359375,2.8499948978424072,7.84996223449707,66.96908991054327,2.8065930790182194,7.588883586715506,NSGA-II
253,200,0.178348692953672,NSGA-II,NSGA-II,20260311,66.02777099609375,2.849998712539673,7.8498382568359375,66.96908991054327,2.8065930790182194,7.588883586715506,NSGA-II
254,200,0.2049648675861992,NSGA-II,NSGA-II,20260311,66.1539306640625,2.849947452545166,7.849998950958252,66.96908991054327,2.8065930790182194,7.588883586715506,NSGA-II
255,784,0.2001388644034321,NSGA-II,NSGA-II,20260311,66.00000762939453,2.8499510288238525,7.84938383102417,68.16120159933843,2.7251105517510363,7.553215822775918,NSGA-II
256,200,0.1823214354334886,NSGA-II,NSGA-II,20260311,66.01065826416016,2.849980354309082,7.848711490631103,66.96908991054327,2.8065930790182194,7.588883586715506,NSGA-II
257,200,0.1679028645836772,NSGA-II,NSGA-II,20260311,66.00015258789062,2.849972724914551,7.75532341003418,66.96908991054327,2.8065930790182194,7.588883586715506,NSGA-II
258,784,0.2060212439961717,NSGA-II,NSGA-II,20260311,66.05760192871094,2.849848985671997,7.8499932289123535,68.16120159933843,2.7251105517510363,7.553215822775918,NSGA-II
259,200,0.2048766964319501,NSGA-II,NSGA-II,20260311,66.1513671875,2.8499984741210938,7.8499579429626465,66.96908991054327,2.8065930790182194,7.588883586715506,NSGA-II
260,687,0.2075929216030609,NSGA-II,NSGA-II,20260312,66.0087890625,2.8145434856414795,7.849996089935303,67.69353261598094,2.686839358802912,7.538127123281757,NSGA-II
261,687,0.2069475745117578,NSGA-II,NSGA-II,20260312,66.00911712646484,2.82781982421875,7.849997997283935,67.69353261598094,2.686839358802912,7.538127123281757,NSGA-II
262,734,0.1933461921838749,NSGA-II,NSGA-II,20260312,66.119384765625,2.8499996662139893,7.842288970947266,68.20080089294348,2.6588193877833297,7.600515691324282,NSGA-II
263,734,0.1830358634030646,NSGA-II,NSGA-II,20260312,66.17858123779297,2.849992275238037,7.84968090057373,68.20080089294348,2.6588193877833297,7.600515691324282,NSGA-II
264,687,0.1988690207910971,NSGA-II,NSGA-II,20260312,66.78265380859375,2.8499999046325684,7.807717323303223,67.69353261598094,2.686839358802912,7.538127123281757,NSGA-II
265,687,0.2075929470902356,NSGA-II,NSGA-II,20260312,66.0087890625,2.8145434856414795,7.849996089935303,67.69353261598094,2.686839358802912,7.538127123281757,NSGA-II
266,687,0.2093125765107542,NSGA-II,NSGA-II,20260312,66.00016784667969,2.827340841293335,7.849940299987793,67.69353261598094,2.686839358802912,7.538127123281757,NSGA-II
267,687,0.1988477063689938,NSGA-II,NSGA-II,20260312,66.7825698852539,2.8499999046325684,7.807713985443115,67.69353261598094,2.686839358802912,7.538127123281757,NSGA-II
268,734,0.194173505072571,NSGA-II,NSGA-II,20260312,66.05437469482422,2.8499977588653564,7.849002838134766,68.20080089294348,2.6588193877833297,7.600515691324282,NSGA-II
269,687,0.2063802299391366,NSGA-II,NSGA-II,20260312,66.00988006591797,2.8278276920318604,7.849993705749512,67.69353261598094,2.686839358802912,7.538127123281757,NSGA-II
270,734,0.1830294015647182,NSGA-II,NSGA-II,20260312,66.17861938476562,2.849992275238037,7.849682807922363,68.20080089294348,2.6588193877833297,7.600515691324282,NSGA-II
271,687,0.1988477070417076,NSGA-II,NSGA-II,20260312,66.7825698852539,2.8499999046325684,7.807713985443115,67.69353261598094,2.686839358802912,7.538127123281757,NSGA-II
272,734,0.1926843598759287,NSGA-II,NSGA-II,20260312,66.03744506835938,2.849881172180176,7.849997997283935,68.20080089294348,2.6588193877833297,7.600515691324282,NSGA-II
273,734,0.1930022200583515,NSGA-II,NSGA-II,20260312,66.01762390136719,2.845999240875244,7.849996089935303,68.20080089294348,2.6588193877833297,7.600515691324282,NSGA-II
274,734,0.1923604463350557,NSGA-II,NSGA-II,20260312,66.03604125976562,2.849560260772705,7.849957466125488,68.20080089294348,2.6588193877833297,7.600515691324282,NSGA-II
275,734,0.1949864201021853,NSGA-II,NSGA-II,20260312,66.01612091064453,2.8488123416900635,7.849787712097168,68.20080089294348,2.6588193877833297,7.600515691324282,NSGA-II
276,687,0.1988477063750144,NSGA-II,NSGA-II,20260312,66.7825698852539,2.8499999046325684,7.807713985443115,67.69353261598094,2.686839358802912,7.538127123281757,NSGA-II
277,734,0.194040555035292,NSGA-II,NSGA-II,20260312,66.01276397705078,2.845822811126709,7.849960327148437,68.20080089294348,2.6588193877833297,7.600515691324282,NSGA-II
278,687,0.1988679430305415,NSGA-II,NSGA-II,20260312,66.78265380859375,2.8499999046325684,7.807717323303223,67.69353261598094,2.686839358802912,7.538127123281757,NSGA-II
279,734,0.1830295132195288,NSGA-II,NSGA-II,20260312,66.17851257324219,2.849992752075196,7.84967565536499,68.20080089294348,2.6588193877833297,7.600515691324282,NSGA-II
280,687,0.1988690859230306,NSGA-II,NSGA-II,20260312,66.78265380859375,2.8499999046325684,7.807717323303223,67.69353261598094,2.686839358802912,7.538127123281757,NSGA-II
281,687,0.1988690221447541,NSGA-II,NSGA-II,20260312,66.78265380859375,2.8499999046325684,7.807717323303223,67.69353261598094,2.686839358802912,7.538127123281757,NSGA-II
282,687,0.1988690845693703,NSGA-II,NSGA-II,20260312,66.78265380859375,2.8499999046325684,7.807717323303223,67.69353261598094,2.686839358802912,7.538127123281757,NSGA-II
283,734,0.1964251169362901,NSGA-II,NSGA-II,20260312,66.01555633544922,2.8486597537994385,7.849720001220703,68.20080089294348,2.6588193877833297,7.600515691324282,NSGA-II
284,734,0.196277533010044,NSGA-II,NSGA-II,20260312,66.02590942382812,2.849313497543335,7.849571228027344,68.20080089294348,2.6588193877833297,7.600515691324282,NSGA-II
285,734,0.192769401191665,NSGA-II,NSGA-II,20260312,66.03626251220703,2.849578619003296,7.849958896636963,68.20080089294348,2.6588193877833297,7.600515691324282,NSGA-II
286,734,0.1774659790449214,NSGA-II,NSGA-II,20260312,66.0010757446289,2.829889297485352,7.848972797393799,68.20080089294348,2.6588193877833297,7.600515691324282,NSGA-II
287,734,0.1790041277580948,NSGA-II,NSGA-II,20260312,66.00056457519531,2.829854726791382,7.849451065063477,68.20080089294348,2.6588193877833297,7.600515691324282,NSGA-II
288,734,0.1940678865229105,NSGA-II,NSGA-II,20260312,66.026611328125,2.8499813079833984,7.849726676940918,68.20080089294348,2.6588193877833297,7.600515691324282,NSGA-II
289,734,0.1951190587540555,NSGA-II,NSGA-II,20260312,66.01077270507812,2.8484463691711426,7.849869728088379,68.20080089294348,2.6588193877833297,7.600515691324282,NSGA-II
290,687,0.1988690060775296,NSGA-II,NSGA-II,20260312,66.78265380859375,2.8499999046325684,7.807717323303223,67.69353261598094,2.686839358802912,7.538127123281757,NSGA-II
291,734,0.196454343791983,NSGA-II,NSGA-II,20260312,66.00384521484375,2.8466272354125977,7.849948883056641,68.20080089294348,2.6588193877833297,7.600515691324282,NSGA-II
292,687,0.1988477063596272,NSGA-II,NSGA-II,20260312,66.7825698852539,2.8499999046325684,7.807713985443115,67.69353261598094,2.686839358802912,7.538127123281757,NSGA-II
293,687,0.1988690060868952,NSGA-II,NSGA-II,20260312,66.78265380859375,2.8499999046325684,7.807717323303223,67.69353261598094,2.686839358802912,7.538127123281757,NSGA-II
294,734,0.1908314428351465,NSGA-II,NSGA-II,20260312,66.02750396728516,2.849569082260132,7.849839687347412,68.20080089294348,2.6588193877833297,7.600515691324282,NSGA-II
295,687,0.2020732813560352,NSGA-II,NSGA-II,20260312,66.00009155273438,2.8352620601654053,7.847587585449219,67.69353261598094,2.686839358802912,7.538127123281757,NSGA-II
296,1606,0.2050058887408469,NSGA-II,NSGA-II,20260312,69.68424224853516,2.815457820892334,7.84999942779541,71.05775934624094,2.6286780574953648,7.467932205056083,NSGA-II
297,734,0.1964602543654302,NSGA-II,NSGA-II,20260312,66.00114440917969,2.848287582397461,7.84981632232666,68.20080089294348,2.6588193877833297,7.600515691324282,NSGA-II
298,734,0.1808983333648469,NSGA-II,NSGA-II,20260312,66.00020599365234,2.831063747406006,7.847968101501465,68.20080089294348,2.6588193877833297,7.600515691324282,NSGA-II
299,734,0.1654094236177897,NSGA-II,NSGA-II,20260312,66.00139617919922,2.8324968814849854,7.849916458129883,68.20080089294348,2.6588193877833297,7.600515691324282,NSGA-II
300,687,0.1988477082272447,NSGA-II,NSGA-II,20260312,66.7825698852539,2.8499999046325684,7.807713985443115,67.69353261598094,2.686839358802912,7.538127123281757,NSGA-II
301,734,0.1934096860928583,NSGA-II,NSGA-II,20260312,66.02681732177734,2.848234176635742,7.849969863891602,68.20080089294348,2.6588193877833297,7.600515691324282,NSGA-II
302,734,0.1930002367662447,NSGA-II,NSGA-II,20260312,66.01762390136719,2.845999240875244,7.849996089935303,68.20080089294348,2.6588193877833297,7.600515691324282,NSGA-II
303,734,0.1904649246970269,NSGA-II,NSGA-II,20260312,66.03677368164062,2.849731206893921,7.849952220916748,68.20080089294348,2.6588193877833297,7.600515691324282,NSGA-II
304,1606,0.2050058643404763,NSGA-II,NSGA-II,20260312,69.68424224853516,2.815457820892334,7.84999942779541,71.05775934624094,2.6286780574953648,7.467932205056083,NSGA-II
305,734,0.1795120220786148,NSGA-II,NSGA-II,20260312,66.00037384033203,2.8297526836395264,7.848963737487793,68.20080089294348,2.6588193877833297,7.600515691324282,NSGA-II
306,734,0.204535597027673,NSGA-II,NSGA-II,20260312,66.00009155273438,2.842959403991699,7.843413829803467,68.20080089294348,2.6588193877833297,7.600515691324282,NSGA-II
307,687,0.1988680084944581,NSGA-II,NSGA-II,20260312,66.78265380859375,2.8499999046325684,7.807717323303223,67.69353261598094,2.686839358802912,7.538127123281757,NSGA-II
308,734,0.1916441678135373,NSGA-II,NSGA-II,20260312,66.02116394042969,2.849133014678955,7.849952220916748,68.20080089294348,2.6588193877833297,7.600515691324282,NSGA-II
309,687,0.2078679068549917,NSGA-II,NSGA-II,20260312,66.00653076171875,2.814539194107056,7.84999942779541,67.69353261598094,2.686839358802912,7.538127123281757,NSGA-II
310,734,0.1779906446258726,NSGA-II,NSGA-II,20260312,66.0000228881836,2.828514337539673,7.8498148918151855,68.20080089294348,2.6588193877833297,7.600515691324282,NSGA-II
311,687,0.1988690057527518,NSGA-II,NSGA-II,20260312,66.78265380859375,2.8499999046325684,7.807717323303223,67.69353261598094,2.686839358802912,7.538127123281757,NSGA-II
312,734,0.1923477481656996,NSGA-II,NSGA-II,20260312,66.02731323242188,2.849445581436157,7.849947452545166,68.20080089294348,2.6588193877833297,7.600515691324282,NSGA-II
313,734,0.1964507024325963,NSGA-II,NSGA-II,20260312,66.00108337402344,2.8482491970062256,7.849876403808594,68.20080089294348,2.6588193877833297,7.600515691324282,NSGA-II
314,734,0.1922907472240196,NSGA-II,NSGA-II,20260312,66.03663635253906,2.849647521972656,7.849986553192139,68.20080089294348,2.6588193877833297,7.600515691324282,NSGA-II
315,734,0.19468003486329,NSGA-II,NSGA-II,20260312,66.0042495727539,2.847362995147705,7.849913120269775,68.20080089294348,2.6588193877833297,7.600515691324282,NSGA-II
316,734,0.1914278351699734,NSGA-II,NSGA-II,20260312,66.02185821533203,2.849149227142334,7.849935054779053,68.20080089294348,2.6588193877833297,7.600515691324282,NSGA-II
317,734,0.1894173947304302,NSGA-II,NSGA-II,20260312,66.02788543701172,2.849319696426392,7.849995613098144,68.20080089294348,2.6588193877833297,7.600515691324282,NSGA-II
318,734,0.1942734195425427,NSGA-II,NSGA-II,20260312,66.01787567138672,2.8460490703582764,7.849978923797607,68.20080089294348,2.6588193877833297,7.600515691324282,NSGA-II
319,734,0.1985370441279735,NSGA-II,NSGA-II,20260312,66.0126724243164,2.849998950958252,7.847860336303711,68.20080089294348,2.6588193877833297,7.600515691324282,NSGA-II
320,734,0.1964618751397575,NSGA-II,NSGA-II,20260312,66.00116729736328,2.848290205001831,7.849817752838135,68.20080089294348,2.6588193877833297,7.600515691324282,NSGA-II
321,734,0.1884719821883744,NSGA-II,NSGA-II,20260312,66.03579711914062,2.849445343017578,7.849977970123291,68.20080089294348,2.6588193877833297,7.600515691324282,NSGA-II
322,734,0.1925685336367276,NSGA-II,NSGA-II,20260312,66.02780151367188,2.8497440814971924,7.849897384643555,68.20080089294348,2.6588193877833297,7.600515691324282,NSGA-II
323,734,0.1795898864495433,NSGA-II,NSGA-II,20260312,66.00030517578125,2.829800128936768,7.848919868469238,68.20080089294348,2.6588193877833297,7.600515691324282,NSGA-II
324,734,0.1940052771892904,NSGA-II,NSGA-II,20260312,66.01351928710938,2.8487884998321533,7.849575042724609,68.20080089294348,2.6588193877833297,7.600515691324282,NSGA-II
325,734,0.1909525951438945,NSGA-II,NSGA-II,20260312,66.02822875976562,2.8499019145965576,7.849881649017334,68.20080089294348,2.6588193877833297,7.600515691324282,NSGA-II
326,734,0.1965741490555936,NSGA-II,NSGA-II,20260312,66.01569366455078,2.8486545085906982,7.849803447723389,68.20080089294348,2.6588193877833297,7.600515691324282,NSGA-II
327,1606,0.2050058903805821,NSGA-II,NSGA-II,20260312,69.68424224853516,2.815457820892334,7.84999942779541,71.05775934624094,2.6286780574953648,7.467932205056083,NSGA-II
328,1606,0.2050058627007558,NSGA-II,NSGA-II,20260312,69.68424224853516,2.815457820892334,7.84999942779541,71.05775934624094,2.6286780574953648,7.467932205056083,NSGA-II
329,734,0.1781931128039281,NSGA-II,NSGA-II,20260312,66.00041961669922,2.829380989074707,7.849977970123291,68.20080089294348,2.6588193877833297,7.600515691324282,NSGA-II
330,734,0.1774769846305724,NSGA-II,NSGA-II,20260312,66.00104522705078,2.8298821449279785,7.848955631256103,68.20080089294348,2.6588193877833297,7.600515691324282,NSGA-II
331,734,0.1922383095130425,NSGA-II,NSGA-II,20260312,66.02092742919922,2.84908413887024,7.849953651428223,68.20080089294348,2.6588193877833297,7.600515691324282,NSGA-II
332,734,0.1923672866189472,NSGA-II,NSGA-II,20260312,66.02702331542969,2.8494393825531006,7.849962711334228,68.20080089294348,2.6588193877833297,7.600515691324282,NSGA-II
333,687,0.1988477595993862,NSGA-II,NSGA-II,20260312,66.7825698852539,2.8499999046325684,7.807713985443115,67.69353261598094,2.686839358802912,7.538127123281757,NSGA-II
334,734,0.1781693464400734,NSGA-II,NSGA-II,20260312,66.00006103515625,2.8293392658233643,7.849936962127685,68.20080089294348,2.6588193877833297,7.600515691324282,NSGA-II
335,734,0.1908120129787392,NSGA-II,NSGA-II,20260312,66.027587890625,2.849593162536621,7.849854946136475,68.20080089294348,2.6588193877833297,7.600515691324282,NSGA-II
336,687,0.1988689543266636,NSGA-II,NSGA-II,20260312,66.78265380859375,2.8499999046325684,7.807717323303223,67.69353261598094,2.686839358802912,7.538127123281757,NSGA-II
337,734,0.1978737302125115,NSGA-II,NSGA-II,20260312,66.01020812988281,2.849973678588867,7.848716259002685,68.20080089294348,2.6588193877833297,7.600515691324282,NSGA-II
338,734,0.1949510552742268,NSGA-II,NSGA-II,20260312,66.01486206054688,2.848460912704468,7.849918365478516,68.20080089294348,2.6588193877833297,7.600515691324282,NSGA-II
339,734,0.1804997151008797,NSGA-II,NSGA-II,20260312,66.00065612792969,2.831173658370972,7.848194122314453,68.20080089294348,2.6588193877833297,7.600515691324282,NSGA-II
340,734,0.1945037966523109,NSGA-II,NSGA-II,20260312,66.00335693359375,2.847053050994873,7.849894046783447,68.20080089294348,2.6588193877833297,7.600515691324282,NSGA-II
341,687,0.2078679063226138,NSGA-II,NSGA-II,20260312,66.00653076171875,2.814539194107056,7.84999942779541,67.69353261598094,2.686839358802912,7.538127123281757,NSGA-II
342,734,0.1797853124253487,NSGA-II,NSGA-II,20260312,66.00057983398438,2.8294851779937744,7.849783420562744,68.20080089294348,2.6588193877833297,7.600515691324282,NSGA-II
343,734,0.1809227945063299,NSGA-II,NSGA-II,20260312,66.00028991699219,2.8310465812683105,7.848018169403076,68.20080089294348,2.6588193877833297,7.600515691324282,NSGA-II
344,734,0.1944524350573455,NSGA-II,NSGA-II,20260312,66.0187759399414,2.8463587760925293,7.849997997283935,68.20080089294348,2.6588193877833297,7.600515691324282,NSGA-II
345,734,0.1942249473758002,NSGA-II,NSGA-II,20260312,66.01698303222656,2.845896005630493,7.849996089935303,68.20080089294348,2.6588193877833297,7.600515691324282,NSGA-II
346,734,0.1933130785253939,NSGA-II,NSGA-II,20260312,66.05699157714844,2.8499677181243896,7.849781036376953,68.20080089294348,2.6588193877833297,7.600515691324282,NSGA-II
347,734,0.1774659790240791,NSGA-II,NSGA-II,20260312,66.0010757446289,2.829889297485352,7.848972797393799,68.20080089294348,2.6588193877833297,7.600515691324282,NSGA-II
348,734,0.1779906459178598,NSGA-II,NSGA-II,20260312,66.0000228881836,2.828514337539673,7.8498148918151855,68.20080089294348,2.6588193877833297,7.600515691324282,NSGA-II
349,734,0.1955242701239193,NSGA-II,NSGA-II,20260312,66.0134506225586,2.849654197692871,7.849385738372803,68.20080089294348,2.6588193877833297,7.600515691324282,NSGA-II
350,734,0.2045266432022479,NSGA-II,NSGA-II,20260312,66.00001525878906,2.842926502227783,7.843390464782715,68.20080089294348,2.6588193877833297,7.600515691324282,NSGA-II
351,734,0.1928171931795747,NSGA-II,NSGA-II,20260312,66.0134506225586,2.845921754837036,7.849952697753906,68.20080089294348,2.6588193877833297,7.600515691324282,NSGA-II
352,734,0.19647867928652,NSGA-II,NSGA-II,20260312,66.01519775390625,2.848738431930542,7.849697589874268,68.20080089294348,2.6588193877833297,7.600515691324282,NSGA-II
353,734,0.1968341261888581,NSGA-II,NSGA-II,20260312,66.00399780273438,2.848687171936035,7.849675178527832,68.20080089294348,2.6588193877833297,7.600515691324282,NSGA-II
354,734,0.1795120220992195,NSGA-II,NSGA-II,20260312,66.00037384033203,2.8297526836395264,7.848963737487793,68.20080089294348,2.6588193877833297,7.600515691324282,NSGA-II
355,734,0.192930319117868,NSGA-II,NSGA-II,20260312,66.00559997558594,2.84580397605896,7.849992275238037,68.20080089294348,2.6588193877833297,7.600515691324282,NSGA-II
356,734,0.1948572653092561,NSGA-II,NSGA-II,20260312,66.01444244384766,2.849163770675659,7.849650382995605,68.20080089294348,2.6588193877833297,7.600515691324282,NSGA-II
357,734,0.2045272008678134,NSGA-II,NSGA-II,20260312,66.00001525878906,2.842925786972046,7.843389987945557,68.20080089294348,2.6588193877833297,7.600515691324282,NSGA-II
358,687,0.1987989436535995,NSGA-II,NSGA-II,20260312,66.7822494506836,2.8499984741210938,7.8075480461120605,67.69353261598094,2.686839358802912,7.538127123281757,NSGA-II
359,1606,0.2068226873348932,NSGA-II,NSGA-II,20260312,69.38562774658203,2.8037283420562744,7.849998474121094,71.05775934624094,2.6286780574953648,7.467932205056083,NSGA-II
360,144,0.2044554714465632,NSGA-II,NSGA-II,20260313,66.0,2.8318893909454346,7.849997043609619,68.30852273622666,2.619972514674548,7.49577561012006,NSGA-II
361,144,0.2074923254284159,NSGA-II,NSGA-II,20260313,66.00011444091797,2.8499999046325684,7.849476337432861,68.30852273622666,2.619972514674548,7.49577561012006,NSGA-II
362,144,0.2078677923235006,NSGA-II,NSGA-II,20260313,66.0499267578125,2.8499906063079834,7.849999904632568,68.30852273622666,2.619972514674548,7.49577561012006,NSGA-II
363,144,0.205636540771517,NSGA-II,NSGA-II,20260313,66.07383728027344,2.849998950958252,7.84999942779541,68.30852273622666,2.619972514674548,7.49577561012006,NSGA-II
364,144,0.2034026514972455,NSGA-II,NSGA-II,20260313,66.0,2.849922180175781,7.845147132873535,68.30852273622666,2.619972514674548,7.49577561012006,NSGA-II
365,144,0.2075940003129844,NSGA-II,NSGA-II,20260313,66.0,2.8497073650360107,7.848971843719482,68.30852273622666,2.619972514674548,7.49577561012006,NSGA-II
366,144,0.203026791849094,NSGA-II,NSGA-II,20260313,66.0,2.849855899810791,7.845815658569336,68.30852273622666,2.619972514674548,7.49577561012006,NSGA-II
367,144,0.202577968575379,NSGA-II,NSGA-II,20260313,66.0,2.8327977657318115,7.849794864654541,68.30852273622666,2.619972514674548,7.49577561012006,NSGA-II
368,144,0.2060710718858217,NSGA-II,NSGA-II,20260313,66.00011444091797,2.842659950256348,7.849995136260986,68.30852273622666,2.619972514674548,7.49577561012006,NSGA-II
369,144,0.2083421303049804,NSGA-II,NSGA-II,20260313,66.00167083740234,2.849571704864502,7.849993705749512,68.30852273622666,2.619972514674548,7.49577561012006,NSGA-II
370,144,0.2056939142470329,NSGA-II,NSGA-II,20260313,66.06757354736328,2.8499929904937744,7.84999942779541,68.30852273622666,2.619972514674548,7.49577561012006,NSGA-II
371,144,0.2064184732286632,NSGA-II,NSGA-II,20260313,66.03643035888672,2.849999189376831,7.84998893737793,68.30852273622666,2.619972514674548,7.49577561012006,NSGA-II
372,144,0.2078671672056,NSGA-II,NSGA-II,20260313,66.04985809326172,2.849985361099243,7.849999904632568,68.30852273622666,2.619972514674548,7.49577561012006,NSGA-II
373,144,0.206401753308156,NSGA-II,NSGA-II,20260313,66.0365982055664,2.8499996662139893,7.849991798400879,68.30852273622666,2.619972514674548,7.49577561012006,NSGA-II
374,144,0.2030267991651841,NSGA-II,NSGA-II,20260313,66.0,2.849855899810791,7.845815658569336,68.30852273622666,2.619972514674548,7.49577561012006,NSGA-II
375,144,0.2074782768988153,NSGA-II,NSGA-II,20260313,66.00000762939453,2.8499948978424072,7.84947395324707,68.30852273622666,2.619972514674548,7.49577561012006,NSGA-II
376,144,0.2085057016913932,NSGA-II,NSGA-II,20260313,66.00901794433594,2.849972009658813,7.849999904632568,68.30852273622666,2.619972514674548,7.49577561012006,NSGA-II
377,144,0.2070198473618511,NSGA-II,NSGA-II,20260313,66.01629638671875,2.84999942779541,7.849963188171387,68.30852273622666,2.619972514674548,7.49577561012006,NSGA-II
378,144,0.2070055305247599,NSGA-II,NSGA-II,20260313,66.02043914794922,2.8499948978424072,7.849992752075195,68.30852273622666,2.619972514674548,7.49577561012006,NSGA-II
379,144,0.2088157389093809,NSGA-II,NSGA-II,20260313,66.00579833984375,2.8498480319976807,7.849993705749512,68.30852273622666,2.619972514674548,7.49577561012006,NSGA-II
380,144,0.2085021579680354,NSGA-II,NSGA-II,20260313,66.0089111328125,2.849942684173584,7.849997043609619,68.30852273622666,2.619972514674548,7.49577561012006,NSGA-II
381,144,0.2068336317088906,NSGA-II,NSGA-II,20260313,66.01528930664062,2.84999942779541,7.849879741668701,68.30852273622666,2.619972514674548,7.49577561012006,NSGA-II
382,144,0.2075754226798281,NSGA-II,NSGA-II,20260313,66.00003051757812,2.849998235702514,7.849507808685303,68.30852273622666,2.619972514674548,7.49577561012006,NSGA-II
383,144,0.2074321517729062,NSGA-II,NSGA-II,20260313,66.00003051757812,2.849982023239136,7.849585056304932,68.30852273622666,2.619972514674548,7.49577561012006,NSGA-II
384,144,0.2085583272191673,NSGA-II,NSGA-II,20260313,66.00215148925781,2.8499996662139893,7.849696159362793,68.30852273622666,2.619972514674548,7.49577561012006,NSGA-II
385,144,0.2092916405650675,NSGA-II,NSGA-II,20260313,66.00000762939453,2.8498830795288086,7.849703311920166,68.30852273622666,2.619972514674548,7.49577561012006,NSGA-II
386,144,0.2086325794714308,NSGA-II,NSGA-II,20260313,66.00403594970703,2.8499996662139893,7.84982967376709,68.30852273622666,2.619972514674548,7.49577561012006,NSGA-II
387,144,0.2074281117832408,NSGA-II,NSGA-II,20260313,66.00175476074219,2.8499977588653564,7.849757194519043,68.30852273622666,2.619972514674548,7.49577561012006,NSGA-II
388,144,0.2085745739560689,NSGA-II,NSGA-II,20260313,66.0045394897461,2.8499722480773926,7.849968433380127,68.30852273622666,2.619972514674548,7.49577561012006,NSGA-II
389,144,0.2074716149288332,NSGA-II,NSGA-II,20260313,66.00177001953125,2.8499984741210938,7.849643707275391,68.30852273622666,2.619972514674548,7.49577561012006,NSGA-II
390,144,0.2044367890173495,NSGA-II,NSGA-II,20260313,66.00056457519531,2.842862367630005,7.849983692169189,68.30852273622666,2.619972514674548,7.49577561012006,NSGA-II
391,144,0.208701754953757,NSGA-II,NSGA-II,20260313,66.00508880615234,2.849999189376831,7.849985122680664,68.30852273622666,2.619972514674548,7.49577561012006,NSGA-II
392,144,0.2075068388480505,NSGA-II,NSGA-II,20260313,66.00127410888672,2.8499972820281982,7.849630832672119,68.30852273622666,2.619972514674548,7.49577561012006,NSGA-II
393,144,0.2060487974392098,NSGA-II,NSGA-II,20260313,66.00029754638672,2.842716217041016,7.84999942779541,68.30852273622666,2.619972514674548,7.49577561012006,NSGA-II
394,144,0.2086018472185902,NSGA-II,NSGA-II,20260313,66.00364685058594,2.84999942779541,7.849763870239258,68.30852273622666,2.619972514674548,7.49577561012006,NSGA-II
395,144,0.2086425552858922,NSGA-II,NSGA-II,20260313,66.00314331054688,2.849998712539673,7.849900245666504,68.30852273622666,2.619972514674548,7.49577561012006,NSGA-II
396,144,0.2089656304164924,NSGA-II,NSGA-II,20260313,66.00234985351562,2.849992036819458,7.849932193756103,68.30852273622666,2.619972514674548,7.49577561012006,NSGA-II
397,144,0.2081747601974826,NSGA-II,NSGA-II,20260313,66.00276184082031,2.849644184112549,7.849992275238037,68.30852273622666,2.619972514674548,7.49577561012006,NSGA-II
398,144,0.208924859860611,NSGA-II,NSGA-II,20260313,66.00504302978516,2.8499674797058105,7.849991798400879,68.30852273622666,2.619972514674548,7.49577561012006,NSGA-II
399,144,0.2088523284647895,NSGA-II,NSGA-II,20260313,66.00413513183594,2.849919080734253,7.849987030029297,68.30852273622666,2.619972514674548,7.49577561012006,NSGA-II
400,144,0.2088923479923388,NSGA-II,NSGA-II,20260313,66.00379180908203,2.849998950958252,7.84993314743042,68.30852273622666,2.619972514674548,7.49577561012006,NSGA-II
401,144,0.2081182690664871,NSGA-II,NSGA-II,20260313,66.00286865234375,2.8496572971343994,7.849997997283935,68.30852273622666,2.619972514674548,7.49577561012006,NSGA-II
402,144,0.207496538081896,NSGA-II,NSGA-II,20260313,66.00012969970703,2.8499996662139893,7.849477767944336,68.30852273622666,2.619972514674548,7.49577561012006,NSGA-II
403,144,0.2074125297700382,NSGA-II,NSGA-II,20260313,66.00045013427734,2.8499832153320312,7.849602699279785,68.30852273622666,2.619972514674548,7.49577561012006,NSGA-II
404,144,0.2090185481139556,NSGA-II,NSGA-II,20260313,66.0006103515625,2.8499691486358643,7.849950313568115,68.30852273622666,2.619972514674548,7.49577561012006,NSGA-II
405,144,0.2089131954381581,NSGA-II,NSGA-II,20260313,66.00012969970703,2.849745273590088,7.849964141845703,68.30852273622666,2.619972514674548,7.49577561012006,NSGA-II
406,144,0.2089175385330509,NSGA-II,NSGA-II,20260313,66.00202941894531,2.849996328353882,7.849913597106934,68.30852273622666,2.619972514674548,7.49577561012006,NSGA-II
407,144,0.2074876517921482,NSGA-II,NSGA-II,20260313,66.00152587890625,2.8499996662139893,7.849639892578125,68.30852273622666,2.619972514674548,7.49577561012006,NSGA-II
408,144,0.2090546533173054,NSGA-II,NSGA-II,20260313,66.0000991821289,2.849980115890503,7.849803924560547,68.30852273622666,2.619972514674548,7.49577561012006,NSGA-II
409,144,0.2090668920388425,NSGA-II,NSGA-II,20260313,66.00140380859375,2.849925994873047,7.849980354309082,68.30852273622666,2.619972514674548,7.49577561012006,NSGA-II
410,144,0.208629734492634,NSGA-II,NSGA-II,20260313,66.00077056884766,2.8499913215637207,7.849767208099365,68.30852273622666,2.619972514674548,7.49577561012006,NSGA-II
411,144,0.2083437973440435,NSGA-II,NSGA-II,20260313,66.00211334228516,2.84959363937378,7.849997520446777,68.30852273622666,2.619972514674548,7.49577561012006,NSGA-II
412,144,0.2088907506392375,NSGA-II,NSGA-II,20260313,66.000244140625,2.849888324737549,7.849953174591064,68.30852273622666,2.619972514674548,7.49577561012006,NSGA-II
413,144,0.2088606128927555,NSGA-II,NSGA-II,20260313,66.00013732910156,2.849798679351806,7.849968910217285,68.30852273622666,2.619972514674548,7.49577561012006,NSGA-II
414,144,0.2086109776805619,NSGA-II,NSGA-II,20260313,66.00369262695312,2.8499956130981445,7.849921703338623,68.30852273622666,2.619972514674548,7.49577561012006,NSGA-II
415,144,0.2044556912877799,NSGA-II,NSGA-II,20260313,66.00020599365234,2.842878580093384,7.849978446960449,68.30852273622666,2.619972514674548,7.49577561012006,NSGA-II
416,144,0.2086449891112003,NSGA-II,NSGA-II,20260313,66.00313568115234,2.8499975204467773,7.8498992919921875,68.30852273622666,2.619972514674548,7.49577561012006,NSGA-II
417,144,0.2091724030304477,NSGA-II,NSGA-II,20260313,66.00006866455078,2.849907159805298,7.849908828735352,68.30852273622666,2.619972514674548,7.49577561012006,NSGA-II
418,144,0.2088764550320903,NSGA-II,NSGA-II,20260313,66.00016784667969,2.84978985786438,7.849971294403076,68.30852273622666,2.619972514674548,7.49577561012006,NSGA-II
419,144,0.206050954126234,NSGA-II,NSGA-II,20260313,66.0003433227539,2.842715263366699,7.849999904632568,68.30852273622666,2.619972514674548,7.49577561012006,NSGA-II
420,144,0.2085518266044555,NSGA-II,NSGA-II,20260313,66.00396728515625,2.849969387054444,7.849985599517822,68.30852273622666,2.619972514674548,7.49577561012006,NSGA-II
421,144,0.2087105340166532,NSGA-II,NSGA-II,20260313,66.00054168701172,2.84998106956482,7.849800109863281,68.30852273622666,2.619972514674548,7.49577561012006,NSGA-II
422,144,0.2060758045594701,NSGA-II,NSGA-II,20260313,66.00009155273438,2.842664957046509,7.849991321563721,68.30852273622666,2.619972514674548,7.49577561012006,NSGA-II
423,144,0.2091980966371033,NSGA-II,NSGA-II,20260313,66.00001525878906,2.849919080734253,7.849891185760498,68.30852273622666,2.619972514674548,7.49577561012006,NSGA-II
424,144,0.2085878623184295,NSGA-II,NSGA-II,20260313,66.00071716308594,2.849982500076294,7.849920749664307,68.30852273622666,2.619972514674548,7.49577561012006,NSGA-II
425,144,0.2083237893436011,NSGA-II,NSGA-II,20260313,66.00166320800781,2.849580764770508,7.84998893737793,68.30852273622666,2.619972514674548,7.49577561012006,NSGA-II
426,144,0.2074091650202035,NSGA-II,NSGA-II,20260313,66.00006866455078,2.8499867916107178,7.8495941162109375,68.30852273622666,2.619972514674548,7.49577561012006,NSGA-II
427,144,0.2089973664496646,NSGA-II,NSGA-II,20260313,66.00040435791016,2.8499650955200195,7.849977970123291,68.30852273622666,2.619972514674548,7.49577561012006,NSGA-II
428,144,0.2063995502789864,NSGA-II,NSGA-II,20260313,66.03659057617188,2.849997043609619,7.849998474121094,68.30852273622666,2.619972514674548,7.49577561012006,NSGA-II
429,144,0.2048561674091642,NSGA-II,NSGA-II,20260313,66.0000228881836,2.849970817565918,7.84979248046875,68.30852273622666,2.619972514674548,7.49577561012006,NSGA-II
430,144,0.2090828328427415,NSGA-II,NSGA-II,20260313,66.00018310546875,2.849936008453369,7.849910736083984,68.30852273622666,2.619972514674548,7.49577561012006,NSGA-II
431,144,0.2074045865150592,NSGA-II,NSGA-II,20260313,66.00003814697266,2.8499913215637207,7.849586009979248,68.30852273622666,2.619972514674548,7.49577561012006,NSGA-II
432,144,0.208868466655188,NSGA-II,NSGA-II,20260313,66.00020599365234,2.849792003631592,7.849976062774658,68.30852273622666,2.619972514674548,7.49577561012006,NSGA-II
433,144,0.209112554713504,NSGA-II,NSGA-II,20260313,66.00006103515625,2.849970579147339,7.849898815155029,68.30852273622666,2.619972514674548,7.49577561012006,NSGA-II
434,144,0.2081208512827215,NSGA-II,NSGA-II,20260313,66.0028305053711,2.849651336669922,7.8499932289123535,68.30852273622666,2.619972514674548,7.49577561012006,NSGA-II
435,144,0.2074060863088591,NSGA-II,NSGA-II,20260313,66.00045013427734,2.8499834537506104,7.849602222442627,68.30852273622666,2.619972514674548,7.49577561012006,NSGA-II
436,144,0.2075256303185794,NSGA-II,NSGA-II,20260313,66.000244140625,2.849982738494873,7.849642753601074,68.30852273622666,2.619972514674548,7.49577561012006,NSGA-II
437,144,0.2074072578675239,NSGA-II,NSGA-II,20260313,66.00044250488281,2.849982976913452,7.849601745605469,68.30852273622666,2.619972514674548,7.49577561012006,NSGA-II
438,144,0.2083175298174194,NSGA-II,NSGA-II,20260313,66.00208282470703,2.849581003189087,7.849999904632568,68.30852273622666,2.619972514674548,7.49577561012006,NSGA-II
439,144,0.2083201207888097,NSGA-II,NSGA-II,20260313,66.00206756591797,2.8495726585388184,7.849991321563721,68.30852273622666,2.619972514674548,7.49577561012006,NSGA-II
440,144,0.2081705704034818,NSGA-II,NSGA-II,20260313,66.00276947021484,2.8496460914611816,7.84998893737793,68.30852273622666,2.619972514674548,7.49577561012006,NSGA-II
441,144,0.2074934964996363,NSGA-II,NSGA-II,20260313,66.00010681152344,2.8499996662139893,7.849475860595703,68.30852273622666,2.619972514674548,7.49577561012006,NSGA-II
442,144,0.2048511262003851,NSGA-II,NSGA-II,20260313,66.00003051757812,2.849968194961548,7.849793434143066,68.30852273622666,2.619972514674548,7.49577561012006,NSGA-II
443,144,0.2064022799555681,NSGA-II,NSGA-II,20260313,66.0365982055664,2.8499999046325684,7.849990844726562,68.30852273622666,2.619972514674548,7.49577561012006,NSGA-II
444,144,0.2060666222773887,NSGA-II,NSGA-II,20260313,66.0001220703125,2.8426613807678223,7.849999904632568,68.30852273622666,2.619972514674548,7.49577561012006,NSGA-II
445,144,0.2081888852356563,NSGA-II,NSGA-II,20260313,66.00276184082031,2.84964656829834,7.84998607635498,68.30852273622666,2.619972514674548,7.49577561012006,NSGA-II
446,144,0.2089190637727362,NSGA-II,NSGA-II,20260313,66.00080108642578,2.8499960899353027,7.849911689758301,68.30852273622666,2.619972514674548,7.49577561012006,NSGA-II
447,144,0.2044782322170894,NSGA-II,NSGA-II,20260313,66.00057983398438,2.8429226875305176,7.849986553192139,68.30852273622666,2.619972514674548,7.49577561012006,NSGA-II
448,144,0.2090599503866923,NSGA-II,NSGA-II,20260313,66.00019836425781,2.849947929382324,7.849932193756103,68.30852273622666,2.619972514674548,7.49577561012006,NSGA-II
449,144,0.2068108019634071,NSGA-II,NSGA-II,20260313,66.02046966552734,2.8499999046325684,7.849972248077393,68.30852273622666,2.619972514674548,7.49577561012006,NSGA-II
450,144,0.2074923078303107,NSGA-II,NSGA-II,20260313,66.00011444091797,2.8499999046325684,7.849476337432861,68.30852273622666,2.619972514674548,7.49577561012006,NSGA-II
451,144,0.2081675244290732,NSGA-II,NSGA-II,20260313,66.00276947021484,2.849644184112549,7.849997043609619,68.30852273622666,2.619972514674548,7.49577561012006,NSGA-II
452,144,0.206880950113067,NSGA-II,NSGA-II,20260313,66.01416015625,2.849992275238037,7.84999942779541,68.30852273622666,2.619972514674548,7.49577561012006,NSGA-II
453,144,0.2074200933239757,NSGA-II,NSGA-II,20260313,66.00035095214844,2.849999189376831,7.849597930908203,68.30852273622666,2.619972514674548,7.49577561012006,NSGA-II
454,144,0.2075363731084182,NSGA-II,NSGA-II,20260313,66.00003051757812,2.84993314743042,7.849589824676514,68.30852273622666,2.619972514674548,7.49577561012006,NSGA-II
455,144,0.2067630768769189,NSGA-II,NSGA-II,20260313,66.02190399169922,2.8499999046325684,7.849782466888428,68.30852273622666,2.619972514674548,7.49577561012006,NSGA-II
456,144,0.2075744271131136,NSGA-II,NSGA-II,20260313,66.00006103515625,2.849974632263184,7.849485397338867,68.30852273622666,2.619972514674548,7.49577561012006,NSGA-II
457,144,0.2060507953902828,NSGA-II,NSGA-II,20260313,66.0003433227539,2.842714786529541,7.849999904632568,68.30852273622666,2.619972514674548,7.49577561012006,NSGA-II
458,144,0.2067630761579023,NSGA-II,NSGA-II,20260313,66.02190399169922,2.8499999046325684,7.849782466888428,68.30852273622666,2.619972514674548,7.49577561012006,NSGA-II
459,144,0.2083493595183798,NSGA-II,NSGA-II,20260313,66.00170135498047,2.8495678901672363,7.849983215332031,68.30852273622666,2.619972514674548,7.49577561012006,NSGA-II
460,134,0.2055073108559246,NSGA-II,NSGA-II,20260314,66.0,2.849340915679932,7.84988260269165,67.4826701317825,2.658688583609288,7.535931507815837,NSGA-II
461,134,0.2036409114637678,NSGA-II,NSGA-II,20260314,66.00000762939453,2.847232818603516,7.849986553192139,67.4826701317825,2.658688583609288,7.535931507815837,NSGA-II
462,134,0.203640367776239,NSGA-II,NSGA-II,20260314,66.00000762939453,2.847232818603516,7.849986553192139,67.4826701317825,2.658688583609288,7.535931507815837,NSGA-II
463,134,0.2006819810364019,NSGA-II,NSGA-II,20260314,66.01724243164062,2.849962949752808,7.849999904632568,67.4826701317825,2.658688583609288,7.535931507815837,NSGA-II
464,134,0.2041437045875752,NSGA-II,NSGA-II,20260314,66.0,2.8499484062194824,7.848305225372314,67.4826701317825,2.658688583609288,7.535931507815837,NSGA-II
465,134,0.2057536529822247,NSGA-II,NSGA-II,20260314,66.00000762939453,2.8494362831115723,7.84998083114624,67.4826701317825,2.658688583609288,7.535931507815837,NSGA-II
466,134,0.2036178150421798,NSGA-II,NSGA-II,20260314,66.00006866455078,2.8472719192504883,7.849997997283935,67.4826701317825,2.658688583609288,7.535931507815837,NSGA-II
467,134,0.1896295346514546,NSGA-II,NSGA-II,20260314,66.00007629394531,2.849984169006348,7.849898815155029,67.4826701317825,2.658688583609288,7.535931507815837,NSGA-II
468,134,0.1910257134529154,NSGA-II,NSGA-II,20260314,66.00128936767578,2.84999942779541,7.849969863891602,67.4826701317825,2.658688583609288,7.535931507815837,NSGA-II
469,134,0.2057450482243898,NSGA-II,NSGA-II,20260314,66.0000228881836,2.8494670391082764,7.849973678588867,67.4826701317825,2.658688583609288,7.535931507815837,NSGA-II
470,134,0.2008293612908938,NSGA-II,NSGA-II,20260314,66.01740264892578,2.849987268447876,7.849996566772461,67.4826701317825,2.658688583609288,7.535931507815837,NSGA-II
471,134,0.1911534535869577,NSGA-II,NSGA-II,20260314,66.00225830078125,2.8499526977539062,7.84999942779541,67.4826701317825,2.658688583609288,7.535931507815837,NSGA-II
472,134,0.1901036939055638,NSGA-II,NSGA-II,20260314,66.0,2.849658727645874,7.849881649017334,67.4826701317825,2.658688583609288,7.535931507815837,NSGA-II
473,134,0.1899235531696019,NSGA-II,NSGA-II,20260314,66.00006103515625,2.8499977588653564,7.849866390228271,67.4826701317825,2.658688583609288,7.535931507815837,NSGA-II
474,134,0.1907997321836533,NSGA-II,NSGA-II,20260314,66.00059509277344,2.8499467372894287,7.849997997283935,67.4826701317825,2.658688583609288,7.535931507815837,NSGA-II
475,134,0.1910575360131753,NSGA-II,NSGA-II,20260314,66.00140380859375,2.8499999046325684,7.849971771240234,67.4826701317825,2.658688583609288,7.535931507815837,NSGA-II
476,134,0.1991693211835218,NSGA-II,NSGA-II,20260314,66.00907135009766,2.8499622344970703,7.849998950958252,67.4826701317825,2.658688583609288,7.535931507815837,NSGA-II
477,134,0.2056542603685339,NSGA-II,NSGA-II,20260314,66.00011444091797,2.8492321968078613,7.84998893737793,67.4826701317825,2.658688583609288,7.535931507815837,NSGA-II
478,134,0.1896313794386884,NSGA-II,NSGA-II,20260314,66.00005340576172,2.8499765396118164,7.849894046783447,67.4826701317825,2.658688583609288,7.535931507815837,NSGA-II
479,134,0.1911125720198431,NSGA-II,NSGA-II,20260314,66.0020980834961,2.8499529361724854,7.849998474121094,67.4826701317825,2.658688583609288,7.535931507815837,NSGA-II
480,134,0.1991318122224346,NSGA-II,NSGA-II,20260314,66.00908660888672,2.849965810775757,7.849998950958252,67.4826701317825,2.658688583609288,7.535931507815837,NSGA-II
481,134,0.1899325074531352,NSGA-II,NSGA-II,20260314,66.00003814697266,2.849992752075196,7.849664211273193,67.4826701317825,2.658688583609288,7.535931507815837,NSGA-II
482,134,0.2036288604123501,NSGA-II,NSGA-II,20260314,66.00008392333984,2.8472788333892822,7.849996566772461,67.4826701317825,2.658688583609288,7.535931507815837,NSGA-II
483,134,0.2008717056155263,NSGA-II,NSGA-II,20260314,66.01759338378906,2.8499832153320312,7.849999904632568,67.4826701317825,2.658688583609288,7.535931507815837,NSGA-II
484,134,0.2041437057858176,NSGA-II,NSGA-II,20260314,66.0,2.8499484062194824,7.848305225372314,67.4826701317825,2.658688583609288,7.535931507815837,NSGA-II
485,134,0.1910561838012402,NSGA-II,NSGA-II,20260314,66.00139617919922,2.8499996662139893,7.849971771240234,67.4826701317825,2.658688583609288,7.535931507815837,NSGA-II
486,134,0.2041436795853952,NSGA-II,NSGA-II,20260314,66.0,2.8499484062194824,7.848305225372314,67.4826701317825,2.658688583609288,7.535931507815837,NSGA-II
487,134,0.2036591163112595,NSGA-II,NSGA-II,20260314,66.00004577636719,2.8472344875335693,7.849992752075195,67.4826701317825,2.658688583609288,7.535931507815837,NSGA-II
488,134,0.2037054194133522,NSGA-II,NSGA-II,20260314,66.0,2.8472304344177246,7.84999418258667,67.4826701317825,2.658688583609288,7.535931507815837,NSGA-II
489,134,0.1910172651454051,NSGA-II,NSGA-II,20260314,66.00161743164062,2.84993314743042,7.84999942779541,67.4826701317825,2.658688583609288,7.535931507815837,NSGA-II
490,134,0.1901029259645538,NSGA-II,NSGA-II,20260314,66.0000991821289,2.849708080291748,7.849983692169189,67.4826701317825,2.658688583609288,7.535931507815837,NSGA-II
491,134,0.2058846843089957,NSGA-II,NSGA-II,20260314,66.0,2.849228858947754,7.849963665008545,67.4826701317825,2.658688583609288,7.535931507815837,NSGA-II
492,134,0.1898952226814315,NSGA-II,NSGA-II,20260314,66.00012969970703,2.8499996662139893,7.849620342254639,67.4826701317825,2.658688583609288,7.535931507815837,NSGA-II
493,134,0.2008697733239282,NSGA-II,NSGA-II,20260314,66.01759338378906,2.8499865531921387,7.84999942779541,67.4826701317825,2.658688583609288,7.535931507815837,NSGA-II
494,134,0.1898952221693833,NSGA-II,NSGA-II,20260314,66.00012969970703,2.8499996662139893,7.849620342254639,67.4826701317825,2.658688583609288,7.535931507815837,NSGA-II
495,134,0.1991010389166782,NSGA-II,NSGA-II,20260314,66.00994110107422,2.849995374679565,7.849991321563721,67.4826701317825,2.658688583609288,7.535931507815837,NSGA-II
496,134,0.2036381016830248,NSGA-II,NSGA-II,20260314,66.00001525878906,2.8472330570220947,7.849982738494873,67.4826701317825,2.658688583609288,7.535931507815837,NSGA-II
497,134,0.1990840149338555,NSGA-II,NSGA-II,20260314,66.00987243652344,2.849987745285034,7.849996089935303,67.4826701317825,2.658688583609288,7.535931507815837,NSGA-II
498,134,0.1909602122021356,NSGA-II,NSGA-II,20260314,66.00016784667969,2.849970817565918,7.849994659423828,67.4826701317825,2.658688583609288,7.535931507815837,NSGA-II
499,134,0.2058839594963766,NSGA-II,NSGA-II,20260314,66.0,2.849231004714966,7.849963188171387,67.4826701317825,2.658688583609288,7.535931507815837,NSGA-II
500,134,0.189870731200692,NSGA-II,NSGA-II,20260314,66.0000228881836,2.8499960899353027,7.849626064300537,67.4826701317825,2.658688583609288,7.535931507815837,NSGA-II
501,134,0.1900249685962562,NSGA-II,NSGA-II,20260314,66.00017547607422,2.84985089302063,7.849999904632568,67.4826701317825,2.658688583609288,7.535931507815837,NSGA-II
502,134,0.2058686879451426,NSGA-II,NSGA-II,20260314,66.0,2.8492321968078613,7.849954128265381,67.4826701317825,2.658688583609288,7.535931507815837,NSGA-II
503,134,0.2008419793464748,NSGA-II,NSGA-II,20260314,66.01736450195312,2.8499984741210938,7.849996089935303,67.4826701317825,2.658688583609288,7.535931507815837,NSGA-II
504,134,0.1898781399067782,NSGA-II,NSGA-II,20260314,66.00004577636719,2.8499984741210938,7.84965181350708,67.4826701317825,2.658688583609288,7.535931507815837,NSGA-II
505,134,0.2041437042559923,NSGA-II,NSGA-II,20260314,66.0,2.8499484062194824,7.848305225372314,67.4826701317825,2.658688583609288,7.535931507815837,NSGA-II
506,134,0.200840340858942,NSGA-II,NSGA-II,20260314,66.01759338378906,2.849989652633667,7.849998950958252,67.4826701317825,2.658688583609288,7.535931507815837,NSGA-II
507,134,0.1901007545545023,NSGA-II,NSGA-II,20260314,66.00011444091797,2.849703788757324,7.849984645843506,67.4826701317825,2.658688583609288,7.535931507815837,NSGA-II
508,134,0.198766818405641,NSGA-II,NSGA-II,20260314,66.00822448730469,2.8499884605407715,7.849987030029297,67.4826701317825,2.658688583609288,7.535931507815837,NSGA-II
509,134,0.2036405019784108,NSGA-II,NSGA-II,20260314,66.0,2.84723162651062,7.849987030029297,67.4826701317825,2.658688583609288,7.535931507815837,NSGA-II
510,134,0.2055092620620328,NSGA-II,NSGA-II,20260314,66.0,2.84933876991272,7.849883556365967,67.4826701317825,2.658688583609288,7.535931507815837,NSGA-II
511,134,0.2050919405984782,NSGA-II,NSGA-II,20260314,66.0001220703125,2.8495192527771,7.849992752075195,67.4826701317825,2.658688583609288,7.535931507815837,NSGA-II
512,134,0.2057327919012322,NSGA-II,NSGA-II,20260314,66.00004577636719,2.8494794368743896,7.849982261657715,67.4826701317825,2.658688583609288,7.535931507815837,NSGA-II
513,134,0.1910041315423444,NSGA-II,NSGA-II,20260314,66.0010986328125,2.849997043609619,7.849981307983398,67.4826701317825,2.658688583609288,7.535931507815837,NSGA-II
514,134,0.1899494337998203,NSGA-II,NSGA-II,20260314,66.00003814697266,2.8499882221221924,7.849883079528809,67.4826701317825,2.658688583609288,7.535931507815837,NSGA-II
515,134,0.1998342456488711,NSGA-II,NSGA-II,20260314,66.01309204101562,2.849984169006348,7.849997520446777,67.4826701317825,2.658688583609288,7.535931507815837,NSGA-II
516,134,0.1900111549456082,NSGA-II,NSGA-II,20260314,66.00012969970703,2.8498497009277344,7.84999942779541,67.4826701317825,2.658688583609288,7.535931507815837,NSGA-II
517,134,0.1900933708577653,NSGA-II,NSGA-II,20260314,66.00004577636719,2.8497023582458496,7.849961280822754,67.4826701317825,2.658688583609288,7.535931507815837,NSGA-II
518,134,0.2036590927546516,NSGA-II,NSGA-II,20260314,66.00004577636719,2.8472344875335693,7.849992752075195,67.4826701317825,2.658688583609288,7.535931507815837,NSGA-II
519,134,0.2057399121065123,NSGA-II,NSGA-II,20260314,66.00003051757812,2.849447011947632,7.8499884605407715,67.4826701317825,2.658688583609288,7.535931507815837,NSGA-II
520,134,0.1998414126140572,NSGA-II,NSGA-II,20260314,66.01310729980469,2.849983692169189,7.849998474121094,67.4826701317825,2.658688583609288,7.535931507815837,NSGA-II
521,134,0.1911252964667172,NSGA-II,NSGA-II,20260314,66.00210571289062,2.849954128265381,7.849995613098144,67.4826701317825,2.658688583609288,7.535931507815837,NSGA-II
522,134,0.1896739145418097,NSGA-II,NSGA-II,20260314,66.00000762939453,2.849975824356079,7.849944114685059,67.4826701317825,2.658688583609288,7.535931507815837,NSGA-II
523,134,0.1899217952238397,NSGA-II,NSGA-II,20260314,66.00007629394531,2.84999942779541,7.84986686706543,67.4826701317825,2.658688583609288,7.535931507815837,NSGA-II
524,134,0.1987617570078794,NSGA-II,NSGA-II,20260314,66.00825500488281,2.849992275238037,7.849981784820557,67.4826701317825,2.658688583609288,7.535931507815837,NSGA-II
525,134,0.1899486820224677,NSGA-II,NSGA-II,20260314,66.0000228881836,2.8499910831451416,7.849730014801025,67.4826701317825,2.658688583609288,7.535931507815837,NSGA-II
526,134,0.1900911518756162,NSGA-II,NSGA-II,20260314,66.00005340576172,2.8497140407562256,7.849971771240234,67.4826701317825,2.658688583609288,7.535931507815837,NSGA-II
527,134,0.1911156436385231,NSGA-II,NSGA-II,20260314,66.00209045410156,2.849953413009644,7.849996566772461,67.4826701317825,2.658688583609288,7.535931507815837,NSGA-II
528,134,0.1903690817074135,NSGA-II,NSGA-II,20260314,66.00023651123047,2.849987506866455,7.849923610687256,67.4826701317825,2.658688583609288,7.535931507815837,NSGA-II
529,134,0.1907736041165141,NSGA-II,NSGA-II,20260314,66.00049591064453,2.849948167800904,7.849995613098144,67.4826701317825,2.658688583609288,7.535931507815837,NSGA-II
530,134,0.1988867392647155,NSGA-II,NSGA-II,20260314,66.00835418701172,2.8499996662139893,7.849987983703613,67.4826701317825,2.658688583609288,7.535931507815837,NSGA-II
531,134,0.1904217599483725,NSGA-II,NSGA-II,20260314,66.00053405761719,2.849999189376831,7.849956512451172,67.4826701317825,2.658688583609288,7.535931507815837,NSGA-II
532,134,0.1990953329641816,NSGA-II,NSGA-II,20260314,66.0099105834961,2.849980354309082,7.849998474121094,67.4826701317825,2.658688583609288,7.535931507815837,NSGA-II
533,134,0.1904083703559036,NSGA-II,NSGA-II,20260314,66.00009155273438,2.849982023239136,7.849974632263184,67.4826701317825,2.658688583609288,7.535931507815837,NSGA-II
534,134,0.1909158963040373,NSGA-II,NSGA-II,20260314,66.0007553100586,2.849952459335327,7.849997997283935,67.4826701317825,2.658688583609288,7.535931507815837,NSGA-II
535,134,0.1910082824980846,NSGA-II,NSGA-II,20260314,66.00115966796875,2.849998712539673,7.849981307983398,67.4826701317825,2.658688583609288,7.535931507815837,NSGA-II
536,134,0.1987566696011018,NSGA-II,NSGA-II,20260314,66.00819396972656,2.8499860763549805,7.849986553192139,67.4826701317825,2.658688583609288,7.535931507815837,NSGA-II
537,134,0.1911610532881849,NSGA-II,NSGA-II,20260314,66.00215148925781,2.8499574661254883,7.849997520446777,67.4826701317825,2.658688583609288,7.535931507815837,NSGA-II
538,134,0.1898652425002867,NSGA-II,NSGA-II,20260314,66.00001525878906,2.849999189376831,7.849618911743164,67.4826701317825,2.658688583609288,7.535931507815837,NSGA-II
539,134,0.189893028860164,NSGA-II,NSGA-II,20260314,66.00000762939453,2.8499886989593506,7.849651336669922,67.4826701317825,2.658688583609288,7.535931507815837,NSGA-II
540,134,0.1900934153442728,NSGA-II,NSGA-II,20260314,66.00004577636719,2.8497023582458496,7.849961280822754,67.4826701317825,2.658688583609288,7.535931507815837,NSGA-II
541,134,0.1896211049717883,NSGA-II,NSGA-II,20260314,66.00003051757812,2.849977493286133,7.849891662597656,67.4826701317825,2.658688583609288,7.535931507815837,NSGA-II
542,134,0.1900317772433986,NSGA-II,NSGA-II,20260314,66.00019836425781,2.8498470783233643,7.849999904632568,67.4826701317825,2.658688583609288,7.535931507815837,NSGA-II
543,134,0.1958490955288656,NSGA-II,NSGA-II,20260314,66.01080322265625,2.8499999046325684,7.848987579345703,67.4826701317825,2.658688583609288,7.535931507815837,NSGA-II
544,134,0.2037082203177334,NSGA-II,NSGA-II,20260314,66.00000762939453,2.847224235534668,7.84999418258667,67.4826701317825,2.658688583609288,7.535931507815837,NSGA-II
545,134,0.2006775283926689,NSGA-II,NSGA-II,20260314,66.01730346679688,2.849946975708008,7.849997997283935,67.4826701317825,2.658688583609288,7.535931507815837,NSGA-II
546,134,0.2058827356116805,NSGA-II,NSGA-II,20260314,66.0,2.849231004714966,7.849962711334228,67.4826701317825,2.658688583609288,7.535931507815837,NSGA-II
547,134,0.2058435158186734,NSGA-II,NSGA-II,20260314,66.00006866455078,2.849194526672364,7.849965572357178,67.4826701317825,2.658688583609288,7.535931507815837,NSGA-II
548,134,0.1898389339580118,NSGA-II,NSGA-II,20260314,66.00003051757812,2.8499104976654053,7.849447727203369,67.4826701317825,2.658688583609288,7.535931507815837,NSGA-II
549,134,0.198742277696958,NSGA-II,NSGA-II,20260314,66.00817108154297,2.8499770164489746,7.849966526031494,67.4826701317825,2.658688583609288,7.535931507815837,NSGA-II
550,134,0.1911642291935096,NSGA-II,NSGA-II,20260314,66.00244903564453,2.849965810775757,7.849994659423828,67.4826701317825,2.658688583609288,7.535931507815837,NSGA-II
551,134,0.1898698252755149,NSGA-II,NSGA-II,20260314,66.00011444091797,2.8499951362609863,7.849617958068848,67.4826701317825,2.658688583609288,7.535931507815837,NSGA-II
552,134,0.1900673100141097,NSGA-II,NSGA-II,20260314,66.00001525878906,2.8496670722961426,7.8498382568359375,67.4826701317825,2.658688583609288,7.535931507815837,NSGA-II
553,134,0.2055588946487594,NSGA-II,NSGA-II,20260314,66.0000228881836,2.849526643753052,7.849915504455566,67.4826701317825,2.658688583609288,7.535931507815837,NSGA-II
554,134,0.1899767270693291,NSGA-II,NSGA-II,20260314,66.00006866455078,2.849989652633667,7.8496994972229,67.4826701317825,2.658688583609288,7.535931507815837,NSGA-II
555,134,0.1899883973891477,NSGA-II,NSGA-II,20260314,66.00005340576172,2.849864959716797,7.849481582641602,67.4826701317825,2.658688583609288,7.535931507815837,NSGA-II
556,134,0.1899007054784068,NSGA-II,NSGA-II,20260314,66.00064849853516,2.849998712539673,7.849801540374756,67.4826701317825,2.658688583609288,7.535931507815837,NSGA-II
557,134,0.2058132491294385,NSGA-II,NSGA-II,20260314,66.0000228881836,2.8494246006011963,7.84996223449707,67.4826701317825,2.658688583609288,7.535931507815837,NSGA-II
558,134,0.198900513025679,NSGA-II,NSGA-II,20260314,66.00837707519531,2.849998950958252,7.849977970123291,67.4826701317825,2.658688583609288,7.535931507815837,NSGA-II
559,134,0.1990561493698935,NSGA-II,NSGA-II,20260314,66.0099105834961,2.849977970123291,7.849995136260986,67.4826701317825,2.658688583609288,7.535931507815837,NSGA-II
560,1931,0.1690554074428548,NSGA-II,NSGA-II,20260315,66.00000762939453,2.8490700721740723,7.70132303237915,66.0,2.85,7.735186778274937,NSGA-II
561,738,0.1978807340443024,NSGA-II,NSGA-II,20260315,66.69221496582031,2.849998950958252,7.834683418273926,68.4969336478551,2.747469015816285,7.480491389410623,NSGA-II
562,738,0.1994319092255069,NSGA-II,NSGA-II,20260315,66.70844268798828,2.8499879837036133,7.846829891204834,68.4969336478551,2.747469015816285,7.480491389410623,NSGA-II
563,1776,0.198975095922036,NSGA-II,NSGA-II,20260315,66.00125122070312,2.8336374759674072,7.849999904632568,67.51647470434735,2.6814760312581964,7.422329777116964,NSGA-II
564,1776,0.1985294028924653,NSGA-II,NSGA-II,20260315,66.31121826171875,2.8499934673309326,7.790172100067139,67.51647470434735,2.6814760312581964,7.422329777116964,NSGA-II
565,1776,0.1985556884432897,NSGA-II,NSGA-II,20260315,66.31163787841797,2.8499972820281982,7.790139198303223,67.51647470434735,2.6814760312581964,7.422329777116964,NSGA-II
566,738,0.2051863101281912,NSGA-II,NSGA-II,20260315,66.50120544433594,2.849653482437134,7.849984169006348,68.4969336478551,2.747469015816285,7.480491389410623,NSGA-II
567,1776,0.2007860402308297,NSGA-II,NSGA-II,20260315,66.00019073486328,2.835331678390503,7.849678993225098,67.51647470434735,2.6814760312581964,7.422329777116964,NSGA-II
568,1432,0.2003559843317455,NSGA-II,NSGA-II,20260315,66.00074768066406,2.839829683303833,7.849990367889404,67.50291577688535,2.6885527547141046,7.507864757973166,NSGA-II
569,1345,0.2065530643262822,NSGA-II,NSGA-II,20260315,66.1720962524414,2.849995374679565,7.757296562194824,67.71094120137155,2.661915959119379,7.4433261847375904,NSGA-II
570,1345,0.20592167033392,NSGA-II,NSGA-II,20260315,66.17452239990234,2.849998712539673,7.757112503051758,67.71094120137155,2.661915959119379,7.4433261847375904,NSGA-II
571,738,0.2068375553601651,NSGA-II,NSGA-II,20260315,66.0116195678711,2.846857070922852,7.84999418258667,68.4969336478551,2.747469015816285,7.480491389410623,NSGA-II
572,1776,0.2028333031897003,NSGA-II,NSGA-II,20260315,66.00243377685547,2.8440051078796387,7.849891662597656,67.51647470434735,2.6814760312581964,7.422329777116964,NSGA-II
573,1432,0.2071887218986482,NSGA-II,NSGA-II,20260315,66.14313507080078,2.8414950370788574,7.849995613098144,67.50291577688535,2.6885527547141046,7.507864757973166,NSGA-II
574,738,0.2030068362584813,NSGA-II,NSGA-II,20260315,66.56865692138672,2.849897623062134,7.849889278411865,68.4969336478551,2.747469015816285,7.480491389410623,NSGA-II
575,1931,0.1775382745968982,NSGA-II,NSGA-II,20260315,66.0002212524414,2.849797248840332,7.715620517730713,66.0,2.85,7.735186778274937,NSGA-II
576,1776,0.2011885086748686,NSGA-II,NSGA-II,20260315,66.00323486328125,2.8428726196289062,7.849982261657715,67.51647470434735,2.6814760312581964,7.422329777116964,NSGA-II
577,738,0.2026218990395766,NSGA-II,NSGA-II,20260315,66.62787628173828,2.8485138416290283,7.849998474121094,68.4969336478551,2.747469015816285,7.480491389410623,NSGA-II
578,1931,0.1812324815356421,NSGA-II,NSGA-II,20260315,66.01174926757812,2.8499884605407715,7.737621784210205,66.0,2.85,7.735186778274937,NSGA-II
579,738,0.2023424154537796,NSGA-II,NSGA-II,20260315,66.03196716308594,2.849990129470825,7.84511137008667,68.4969336478551,2.747469015816285,7.480491389410623,NSGA-II
580,1069,0.2004958830740169,NSGA-II,NSGA-II,20260315,66.00563049316406,2.849977493286133,7.725595951080322,66.05155916502537,2.742725583301674,7.612888365006125,NSGA-II
581,738,0.2024788665535759,NSGA-II,NSGA-II,20260315,66.55353546142578,2.8497462272644043,7.849578380584717,68.4969336478551,2.747469015816285,7.480491389410623,NSGA-II
582,1931,0.1784281102173942,NSGA-II,NSGA-II,20260315,66.00062561035156,2.849619150161743,7.716310501098633,66.0,2.85,7.735186778274937,NSGA-II
583,1931,0.1980960973903991,NSGA-II,NSGA-II,20260315,66.0005874633789,2.8492820262908936,7.748770236968994,66.0,2.85,7.735186778274937,NSGA-II
584,738,0.1977950910734338,NSGA-II,NSGA-II,20260315,66.08744812011719,2.8478646278381348,7.849667549133301,68.4969336478551,2.747469015816285,7.480491389410623,NSGA-II
585,738,0.1995880336530529,NSGA-II,NSGA-II,20260315,66.0447006225586,2.849992752075196,7.845503330230713,68.4969336478551,2.747469015816285,7.480491389410623,NSGA-II
586,738,0.2091805138678898,NSGA-II,NSGA-II,20260315,66.00447845458984,2.8497447967529297,7.836566925048828,68.4969336478551,2.747469015816285,7.480491389410623,NSGA-II
587,1069,0.2005757319797149,NSGA-II,NSGA-II,20260315,66.00550079345703,2.8499767780303955,7.725592613220215,66.05155916502537,2.742725583301674,7.612888365006125,NSGA-II
588,738,0.2044017789987879,NSGA-II,NSGA-II,20260315,66.65189361572266,2.8499414920806885,7.849989891052246,68.4969336478551,2.747469015816285,7.480491389410623,NSGA-II
589,1931,0.181097617914597,NSGA-II,NSGA-II,20260315,66.0077896118164,2.8499763011932373,7.738050937652588,66.0,2.85,7.735186778274937,NSGA-II
590,1931,0.1879990030808794,NSGA-II,NSGA-II,20260315,66.00121307373047,2.849975347518921,7.746310234069824,66.0,2.85,7.735186778274937,NSGA-II
591,1432,0.2044532912603326,NSGA-II,NSGA-II,20260315,66.13514709472656,2.847344160079956,7.849994659423828,67.50291577688535,2.6885527547141046,7.507864757973166,NSGA-II
592,1776,0.2022965760169897,NSGA-II,NSGA-II,20260315,66.00345611572266,2.843080282211304,7.849993705749512,67.51647470434735,2.6814760312581964,7.422329777116964,NSGA-II
593,1776,0.1997098120961691,NSGA-II,NSGA-II,20260315,66.00012969970703,2.8351047039031982,7.849625110626221,67.51647470434735,2.6814760312581964,7.422329777116964,NSGA-II
594,1776,0.1988096468404563,NSGA-II,NSGA-II,20260315,66.00000762939453,2.8344526290893555,7.848573684692383,67.51647470434735,2.6814760312581964,7.422329777116964,NSGA-II
595,1432,0.1938355079656499,NSGA-II,NSGA-II,20260315,66.11177062988281,2.849971055984497,7.849171161651611,67.50291577688535,2.6885527547141046,7.507864757973166,NSGA-II
596,738,0.197092415533673,NSGA-II,NSGA-II,20260315,66.08914184570312,2.8494718074798584,7.849965572357178,68.4969336478551,2.747469015816285,7.480491389410623,NSGA-II
597,1432,0.2007171044068545,NSGA-II,NSGA-II,20260315,66.00006103515625,2.8401424884796143,7.848326683044434,67.50291577688535,2.6885527547141046,7.507864757973166,NSGA-II
598,1432,0.2025288384526501,NSGA-II,NSGA-II,20260315,66.00546264648438,2.843600511550904,7.849977493286133,67.50291577688535,2.6885527547141046,7.507864757973166,NSGA-II
599,738,0.1994760782134441,NSGA-II,NSGA-II,20260315,66.10851287841797,2.849883556365967,7.849515438079834,68.4969336478551,2.747469015816285,7.480491389410623,NSGA-II
600,738,0.2027023400041919,NSGA-II,NSGA-II,20260315,66.00013732910156,2.847259283065796,7.849360942840576,68.4969336478551,2.747469015816285,7.480491389410623,NSGA-II
601,1432,0.2015204655482643,NSGA-II,NSGA-II,20260315,66.00019836425781,2.840909004211426,7.84990119934082,67.50291577688535,2.6885527547141046,7.507864757973166,NSGA-II
602,738,0.2035423943528444,NSGA-II,NSGA-II,20260315,66.63349151611328,2.849102020263672,7.849998474121094,68.4969336478551,2.747469015816285,7.480491389410623,NSGA-II
603,1432,0.1990583085763932,NSGA-II,NSGA-II,20260315,66.00076293945312,2.834106683731079,7.84999942779541,67.50291577688535,2.6885527547141046,7.507864757973166,NSGA-II
604,1432,0.194175420384198,NSGA-II,NSGA-II,20260315,66.00089263916016,2.840559720993042,7.849950313568115,67.50291577688535,2.6885527547141046,7.507864757973166,NSGA-II
605,738,0.2004909003333196,NSGA-II,NSGA-II,20260315,66.6466293334961,2.849987030029297,7.846003532409668,68.4969336478551,2.747469015816285,7.480491389410623,NSGA-II
606,738,0.2030604576241047,NSGA-II,NSGA-II,20260315,66.55358123779297,2.849710702896118,7.849589824676514,68.4969336478551,2.747469015816285,7.480491389410623,NSGA-II
607,1432,0.2051653586816069,NSGA-II,NSGA-II,20260315,66.00005340576172,2.847674608230591,7.836292743682861,67.50291577688535,2.6885527547141046,7.507864757973166,NSGA-II
608,738,0.1988599399646971,NSGA-II,NSGA-II,20260315,66.70564270019531,2.849973201751709,7.846887111663818,68.4969336478551,2.747469015816285,7.480491389410623,NSGA-II
609,738,0.2025283737278361,NSGA-II,NSGA-II,20260315,66.00284576416016,2.848773241043091,7.848195552825928,68.4969336478551,2.747469015816285,7.480491389410623,NSGA-II
610,738,0.2033428498420849,NSGA-II,NSGA-II,20260315,66.62788391113281,2.848552942276001,7.849995613098144,68.4969336478551,2.747469015816285,7.480491389410623,NSGA-II
611,1432,0.1945603919560838,NSGA-II,NSGA-II,20260315,66.0009994506836,2.840606927871704,7.84994649887085,67.50291577688535,2.6885527547141046,7.507864757973166,NSGA-II
612,738,0.1995655074181316,NSGA-II,NSGA-II,20260315,66.04458618164062,2.8499906063079834,7.845505714416504,68.4969336478551,2.747469015816285,7.480491389410623,NSGA-II
613,1931,0.1884852752905857,NSGA-II,NSGA-II,20260315,66.00001525878906,2.8489022254943848,7.747969627380371,66.0,2.85,7.735186778274937,NSGA-II
614,738,0.2067723213439702,NSGA-II,NSGA-II,20260315,66.01058197021484,2.8474678993225098,7.849978446960449,68.4969336478551,2.747469015816285,7.480491389410623,NSGA-II
615,1931,0.1897149124676927,NSGA-II,NSGA-II,20260315,66.00028991699219,2.849327325820923,7.747292518615723,66.0,2.85,7.735186778274937,NSGA-II
616,738,0.202489610650867,NSGA-II,NSGA-II,20260315,66.00233459472656,2.848095655441284,7.848370552062988,68.4969336478551,2.747469015816285,7.480491389410623,NSGA-II
617,738,0.2037307613205719,NSGA-II,NSGA-II,20260315,66.01335906982422,2.84926700592041,7.8478498458862305,68.4969336478551,2.747469015816285,7.480491389410623,NSGA-II
618,1432,0.2017646698919728,NSGA-II,NSGA-II,20260315,66.02124786376953,2.848891019821167,7.849653720855713,67.50291577688535,2.6885527547141046,7.507864757973166,NSGA-II
619,738,0.2074189770293779,NSGA-II,NSGA-II,20260315,66.00091552734375,2.847931385040283,7.849154949188232,68.4969336478551,2.747469015816285,7.480491389410623,NSGA-II
620,738,0.2025086943781606,NSGA-II,NSGA-II,20260315,66.00154113769531,2.848219394683838,7.848212718963623,68.4969336478551,2.747469015816285,7.480491389410623,NSGA-II
621,1432,0.2041625871395334,NSGA-II,NSGA-II,20260315,66.02144622802734,2.8491220474243164,7.849623680114746,67.50291577688535,2.6885527547141046,7.507864757973166,NSGA-II
622,1432,0.2011785568244353,NSGA-II,NSGA-II,20260315,66.00080108642578,2.8411035537719727,7.849887847900391,67.50291577688535,2.6885527547141046,7.507864757973166,NSGA-II
623,738,0.2056357931377974,NSGA-II,NSGA-II,20260315,66.0091781616211,2.848462581634521,7.848744869232178,68.4969336478551,2.747469015816285,7.480491389410623,NSGA-II
624,1776,0.2007641651429388,NSGA-II,NSGA-II,20260315,66.00003051757812,2.835168600082397,7.849578380584717,67.51647470434735,2.6814760312581964,7.422329777116964,NSGA-II
625,1432,0.2010316724989756,NSGA-II,NSGA-II,20260315,66.00133514404297,2.841284990310669,7.849850177764893,67.50291577688535,2.6885527547141046,7.507864757973166,NSGA-II
626,738,0.1997628116338139,NSGA-II,NSGA-II,20260315,66.01612091064453,2.849884271621704,7.849022388458252,68.4969336478551,2.747469015816285,7.480491389410623,NSGA-II
627,1432,0.2025619931125087,NSGA-II,NSGA-II,20260315,66.00563049316406,2.8436098098754883,7.84996747970581,67.50291577688535,2.6885527547141046,7.507864757973166,NSGA-II
628,738,0.2017091569016474,NSGA-II,NSGA-II,20260315,66.64933013916016,2.8499975204467773,7.84620189666748,68.4969336478551,2.747469015816285,7.480491389410623,NSGA-II
629,1776,0.2026459219663473,NSGA-II,NSGA-II,20260315,66.0018081665039,2.843942403793335,7.849859714508057,67.51647470434735,2.6814760312581964,7.422329777116964,NSGA-II
630,1776,0.2028638276326991,NSGA-II,NSGA-II,20260315,66.0020523071289,2.8437728881835938,7.849917888641357,67.51647470434735,2.6814760312581964,7.422329777116964,NSGA-II
631,738,0.2017923173791455,NSGA-II,NSGA-II,20260315,66.02481079101562,2.849921941757202,7.848861217498779,68.4969336478551,2.747469015816285,7.480491389410623,NSGA-II
632,738,0.2017940748071846,NSGA-II,NSGA-II,20260315,66.02709197998047,2.84993839263916,7.848367691040039,68.4969336478551,2.747469015816285,7.480491389410623,NSGA-II
633,738,0.1970679163639061,NSGA-II,NSGA-II,20260315,66.08893585205078,2.84946870803833,7.84999418258667,68.4969336478551,2.747469015816285,7.480491389410623,NSGA-II
634,1432,0.1981937035707765,NSGA-II,NSGA-II,20260315,66.00123596191406,2.8398962020874023,7.849951267242432,67.50291577688535,2.6885527547141046,7.507864757973166,NSGA-II
635,1432,0.1996905636152149,NSGA-II,NSGA-II,20260315,66.00068664550781,2.8343312740325928,7.849947929382324,67.50291577688535,2.6885527547141046,7.507864757973166,NSGA-II
636,1776,0.2028818868738127,NSGA-II,NSGA-II,20260315,66.00202178955078,2.84380841255188,7.849911689758301,67.51647470434735,2.6814760312581964,7.422329777116964,NSGA-II
637,738,0.1992824021854366,NSGA-II,NSGA-II,20260315,66.08745574951172,2.848360061645508,7.849947452545166,68.4969336478551,2.747469015816285,7.480491389410623,NSGA-II
638,1432,0.1982123731575076,NSGA-II,NSGA-II,20260315,66.00137329101562,2.841153621673584,7.849995136260986,67.50291577688535,2.6885527547141046,7.507864757973166,NSGA-II
639,1776,0.1999142331647131,NSGA-II,NSGA-II,20260315,66.00000762939453,2.834247589111328,7.849819183349609,67.51647470434735,2.6814760312581964,7.422329777116964,NSGA-II
640,738,0.2041635486973689,NSGA-II,NSGA-II,20260315,66.0075912475586,2.848320245742798,7.849524974822998,68.4969336478551,2.747469015816285,7.480491389410623,NSGA-II
641,738,0.2081464351835675,NSGA-II,NSGA-II,20260315,66.00267791748047,2.847761869430542,7.849679470062256,68.4969336478551,2.747469015816285,7.480491389410623,NSGA-II
642,1776,0.2018937643887906,NSGA-II,NSGA-II,20260315,66.00008392333984,2.840024948120117,7.848667621612549,67.51647470434735,2.6814760312581964,7.422329777116964,NSGA-II
643,738,0.2079763198540732,NSGA-II,NSGA-II,20260315,66.00749206542969,2.847691774368286,7.849702835083008,68.4969336478551,2.747469015816285,7.480491389410623,NSGA-II
644,1931,0.1963463866546888,NSGA-II,NSGA-II,20260315,66.0008316040039,2.849632024765014,7.746659755706787,66.0,2.85,7.735186778274937,NSGA-II
645,738,0.198719817259029,NSGA-II,NSGA-II,20260315,66.70772552490234,2.8499832153320312,7.846814155578613,68.4969336478551,2.747469015816285,7.480491389410623,NSGA-II
646,1432,0.1996780335864628,NSGA-II,NSGA-II,20260315,66.00474548339844,2.8412728309631348,7.84999942779541,67.50291577688535,2.6885527547141046,7.507864757973166,NSGA-II
647,1776,0.1997025120058314,NSGA-II,NSGA-II,20260315,66.00012969970703,2.834190607070923,7.849984645843506,67.51647470434735,2.6814760312581964,7.422329777116964,NSGA-II
648,1776,0.2019233155663116,NSGA-II,NSGA-II,20260315,66.00004577636719,2.840006113052368,7.848679542541504,67.51647470434735,2.6814760312581964,7.422329777116964,NSGA-II
649,738,0.204799529755143,NSGA-II,NSGA-II,20260315,66.01268005371094,2.847832202911377,7.849845886230469,68.4969336478551,2.747469015816285,7.480491389410623,NSGA-II
650,738,0.2088568831499659,NSGA-II,NSGA-II,20260315,66.0001449584961,2.8473920822143555,7.849612712860107,68.4969336478551,2.747469015816285,7.480491389410623,NSGA-II
651,1776,0.1999548520556015,NSGA-II,NSGA-II,20260315,66.00008392333984,2.8344216346740723,7.849928855895996,67.51647470434735,2.6814760312581964,7.422329777116964,NSGA-II
652,738,0.2021145744778431,NSGA-II,NSGA-II,20260315,66.00482940673828,2.849971294403076,7.847414493560791,68.4969336478551,2.747469015816285,7.480491389410623,NSGA-II
653,1931,0.1780898836822016,NSGA-II,NSGA-II,20260315,66.00108337402344,2.849827766418457,7.715789794921875,66.0,2.85,7.735186778274937,NSGA-II
654,1931,0.1780949296492873,NSGA-II,NSGA-II,20260315,66.00110626220703,2.849785327911377,7.71580171585083,66.0,2.85,7.735186778274937,NSGA-II
655,1931,0.1781972888050378,NSGA-II,NSGA-II,20260315,66.00006103515625,2.8495726585388184,7.716274738311768,66.0,2.85,7.735186778274937,NSGA-II
656,1931,0.1781934357351511,NSGA-II,NSGA-II,20260315,66.00006866455078,2.8495736122131348,7.716268539428711,66.0,2.85,7.735186778274937,NSGA-II
657,738,0.2052140678370122,NSGA-II,NSGA-II,20260315,66.01371765136719,2.8478541374206543,7.849969863891602,68.4969336478551,2.747469015816285,7.480491389410623,NSGA-II
658,1432,0.1980242403140165,NSGA-II,NSGA-II,20260315,66.10912322998047,2.8499388694763184,7.849457740783691,67.50291577688535,2.6885527547141046,7.507864757973166,NSGA-II
659,1432,0.1989603833371636,NSGA-II,NSGA-II,20260315,66.00080108642578,2.834109306335449,7.8499932289123535,67.50291577688535,2.6885527547141046,7.507864757973166,NSGA-II
660,917,0.2080679562920097,NSGA-II,NSGA-II,20260316,66.0003890991211,2.8499996662139893,7.840423583984375,68.56608669852861,2.595356098392154,7.327388045928305,NSGA-II
661,1591,0.2012889542744241,NSGA-II,NSGA-II,20260316,66.7536392211914,2.8499882221221924,7.849769115447998,69.20127348919642,2.65034635114054,7.400580789575027,NSGA-II
662,1591,0.203846154327391,NSGA-II,NSGA-II,20260316,66.46548461914062,2.823875188827514,7.849998474121094,69.20127348919642,2.65034635114054,7.400580789575027,NSGA-II
663,917,0.2091323009647241,NSGA-II,NSGA-II,20260316,66.08163452148438,2.849989891052246,7.84896183013916,68.56608669852861,2.595356098392154,7.327388045928305,NSGA-II
664,1470,0.200835568828442,NSGA-II,NSGA-II,20260316,66.00048065185547,2.819439649581909,7.849996089935303,66.0,2.744336212695565,7.51049108450181,NSGA-II
665,1591,0.1875932229210838,NSGA-II,NSGA-II,20260316,66.69825744628906,2.8439948558807373,7.849998950958252,69.20127348919642,2.65034635114054,7.400580789575027,NSGA-II
666,917,0.1997611035677175,NSGA-II,NSGA-II,20260316,66.00003051757812,2.836923122406006,7.846590042114258,68.56608669852861,2.595356098392154,7.327388045928305,NSGA-II
667,917,0.2016533435439753,NSGA-II,NSGA-II,20260316,66.00006866455078,2.843860149383545,7.847802639007568,68.56608669852861,2.595356098392154,7.327388045928305,NSGA-II
668,1591,0.1874630736034485,NSGA-II,NSGA-II,20260316,66.7146224975586,2.84592080116272,7.849971771240234,69.20127348919642,2.65034635114054,7.400580789575027,NSGA-II
669,1470,0.2012089952076962,NSGA-II,NSGA-II,20260316,66.0001449584961,2.8210606575012207,7.849739074707031,66.0,2.744336212695565,7.51049108450181,NSGA-II
670,917,0.2091646679156435,NSGA-II,NSGA-II,20260316,66.0149154663086,2.8499972820281982,7.848730087280273,68.56608669852861,2.595356098392154,7.327388045928305,NSGA-II
671,917,0.2084531689873612,NSGA-II,NSGA-II,20260316,66.00435638427734,2.849992036819458,7.843524932861328,68.56608669852861,2.595356098392154,7.327388045928305,NSGA-II
672,917,0.1993537216517247,NSGA-II,NSGA-II,20260316,66.00067138671875,2.8410770893096924,7.849929809570312,68.56608669852861,2.595356098392154,7.327388045928305,NSGA-II
673,917,0.2080631616955948,NSGA-II,NSGA-II,20260316,66.00020599365234,2.849998950958252,7.840411186218262,68.56608669852861,2.595356098392154,7.327388045928305,NSGA-II
674,917,0.2011196371827131,NSGA-II,NSGA-II,20260316,66.00053405761719,2.842611074447632,7.848607063293457,68.56608669852861,2.595356098392154,7.327388045928305,NSGA-II
675,917,0.2088095762568771,NSGA-II,NSGA-II,20260316,66.05611419677734,2.846988677978516,7.849893569946289,68.56608669852861,2.595356098392154,7.327388045928305,NSGA-II
676,917,0.2003289974299133,NSGA-II,NSGA-II,20260316,66.0001449584961,2.8415589332580566,7.849674224853516,68.56608669852861,2.595356098392154,7.327388045928305,NSGA-II
677,1591,0.2079574018446905,NSGA-II,NSGA-II,20260316,66.74771881103516,2.849940299987793,7.849359035491943,69.20127348919642,2.65034635114054,7.400580789575027,NSGA-II
678,1591,0.2072883961326141,NSGA-II,NSGA-II,20260316,66.74752044677734,2.849970579147339,7.849236488342285,69.20127348919642,2.65034635114054,7.400580789575027,NSGA-II
679,917,0.2012691589037102,NSGA-II,NSGA-II,20260316,66.00006103515625,2.842828750610352,7.848549842834473,68.56608669852861,2.595356098392154,7.327388045928305,NSGA-II
680,917,0.2034139238072548,NSGA-II,NSGA-II,20260316,66.00289154052734,2.846327543258667,7.848832130432129,68.56608669852861,2.595356098392154,7.327388045928305,NSGA-II
681,917,0.2054172171794533,NSGA-II,NSGA-II,20260316,66.00450134277344,2.846136569976806,7.848897933959961,68.56608669852861,2.595356098392154,7.327388045928305,NSGA-II
682,917,0.2087566321017961,NSGA-II,NSGA-II,20260316,66.0030288696289,2.84470534324646,7.849997520446777,68.56608669852861,2.595356098392154,7.327388045928305,NSGA-II
683,1591,0.187484836215584,NSGA-II,NSGA-II,20260316,66.71443939208984,2.845932722091675,7.849963188171387,69.20127348919642,2.65034635114054,7.400580789575027,NSGA-II
684,917,0.2087102354941682,NSGA-II,NSGA-II,20260316,66.00402069091797,2.844813108444214,7.849918842315674,68.56608669852861,2.595356098392154,7.327388045928305,NSGA-II
685,1591,0.2074826986090941,NSGA-II,NSGA-II,20260316,66.74726104736328,2.849835157394409,7.849324703216553,69.20127348919642,2.65034635114054,7.400580789575027,NSGA-II
686,917,0.2093060827414207,NSGA-II,NSGA-II,20260316,66.05265045166016,2.8467018604278564,7.849714279174805,68.56608669852861,2.595356098392154,7.327388045928305,NSGA-II
687,917,0.2038424624344721,NSGA-II,NSGA-II,20260316,66.00071716308594,2.8460235595703125,7.849558353424072,68.56608669852861,2.595356098392154,7.327388045928305,NSGA-II
688,1591,0.201874609595218,NSGA-II,NSGA-II,20260316,66.75318908691406,2.8499646186828613,7.849760055541992,69.20127348919642,2.65034635114054,7.400580789575027,NSGA-II
689,917,0.2080631293302987,NSGA-II,NSGA-II,20260316,66.00020599365234,2.849998950958252,7.840411186218262,68.56608669852861,2.595356098392154,7.327388045928305,NSGA-II
690,917,0.2011136636275885,NSGA-II,NSGA-II,20260316,66.00048065185547,2.842611312866211,7.848605155944824,68.56608669852861,2.595356098392154,7.327388045928305,NSGA-II
691,917,0.2073966099519265,NSGA-II,NSGA-II,20260316,66.00032806396484,2.849806547164917,7.8469977378845215,68.56608669852861,2.595356098392154,7.327388045928305,NSGA-II
692,917,0.1991641205546339,NSGA-II,NSGA-II,20260316,66.00033569335938,2.8414759635925293,7.84970235824585,68.56608669852861,2.595356098392154,7.327388045928305,NSGA-II
693,917,0.2025989111919685,NSGA-II,NSGA-II,20260316,66.0005111694336,2.8411998748779297,7.849735736846924,68.56608669852861,2.595356098392154,7.327388045928305,NSGA-II
694,917,0.2035706673265907,NSGA-II,NSGA-II,20260316,66.00470733642578,2.8463191986083984,7.848889350891113,68.56608669852861,2.595356098392154,7.327388045928305,NSGA-II
695,917,0.2078926645042188,NSGA-II,NSGA-II,20260316,66.00009155273438,2.849987268447876,7.840413570404053,68.56608669852861,2.595356098392154,7.327388045928305,NSGA-II
696,917,0.2039616219341894,NSGA-II,NSGA-II,20260316,66.00225067138672,2.8463354110717773,7.848819732666016,68.56608669852861,2.595356098392154,7.327388045928305,NSGA-II
697,917,0.2092096834041226,NSGA-II,NSGA-II,20260316,66.01554107666016,2.849989891052246,7.848748683929443,68.56608669852861,2.595356098392154,7.327388045928305,NSGA-II
698,917,0.208426270445562,NSGA-II,NSGA-II,20260316,66.00009155273438,2.8499128818511963,7.84647274017334,68.56608669852861,2.595356098392154,7.327388045928305,NSGA-II
699,917,0.2051950390136938,NSGA-II,NSGA-II,20260316,66.00016784667969,2.8497586250305176,7.846996784210205,68.56608669852861,2.595356098392154,7.327388045928305,NSGA-II
700,917,0.2106449581206333,NSGA-II,NSGA-II,20260316,66.06449127197266,2.8496575355529785,7.849430561065674,68.56608669852861,2.595356098392154,7.327388045928305,NSGA-II
701,917,0.2075404550982353,NSGA-II,NSGA-II,20260316,66.00558471679688,2.8499059677124023,7.848787307739258,68.56608669852861,2.595356098392154,7.327388045928305,NSGA-II
702,917,0.2078519641844005,NSGA-II,NSGA-II,20260316,66.0000991821289,2.8499844074249268,7.840415000915527,68.56608669852861,2.595356098392154,7.327388045928305,NSGA-II
703,917,0.210844837505827,NSGA-II,NSGA-II,20260316,66.06029510498047,2.8496527671813965,7.849955081939697,68.56608669852861,2.595356098392154,7.327388045928305,NSGA-II
704,917,0.2092062217710475,NSGA-II,NSGA-II,20260316,66.0149154663086,2.8499996662139893,7.848727226257324,68.56608669852861,2.595356098392154,7.327388045928305,NSGA-II
705,1470,0.2105296563624314,NSGA-II,NSGA-II,20260316,66.03955078125,2.7857913970947266,7.849999904632568,66.0,2.744336212695565,7.51049108450181,NSGA-II
706,917,0.2081381778011023,NSGA-II,NSGA-II,20260316,66.00131225585938,2.849971532821656,7.846958637237549,68.56608669852861,2.595356098392154,7.327388045928305,NSGA-II
707,1470,0.2105430117432194,NSGA-II,NSGA-II,20260316,66.03958129882812,2.7857983112335205,7.849999904632568,66.0,2.744336212695565,7.51049108450181,NSGA-II
708,917,0.2080228865799512,NSGA-II,NSGA-II,20260316,66.07392120361328,2.84531831741333,7.849985599517822,68.56608669852861,2.595356098392154,7.327388045928305,NSGA-II
709,1470,0.20126318780714,NSGA-II,NSGA-II,20260316,66.00019073486328,2.821139335632324,7.8498854637146,66.0,2.744336212695565,7.51049108450181,NSGA-II
710,917,0.2078239777105008,NSGA-II,NSGA-II,20260316,66.00629425048828,2.84991455078125,7.8484344482421875,68.56608669852861,2.595356098392154,7.327388045928305,NSGA-II
711,1470,0.2105295182246799,NSGA-II,NSGA-II,20260316,66.03955078125,2.7857913970947266,7.849999904632568,66.0,2.744336212695565,7.51049108450181,NSGA-II
712,917,0.2071746030855431,NSGA-II,NSGA-II,20260316,66.00113677978516,2.8494856357574463,7.848732948303223,68.56608669852861,2.595356098392154,7.327388045928305,NSGA-II
713,1470,0.2105413630197776,NSGA-II,NSGA-II,20260316,66.0395736694336,2.7857980728149414,7.849999904632568,66.0,2.744336212695565,7.51049108450181,NSGA-II
714,1470,0.2105295062270112,NSGA-II,NSGA-II,20260316,66.03954315185547,2.7857983112335205,7.84999942779541,66.0,2.744336212695565,7.51049108450181,NSGA-II
715,917,0.2084289934359963,NSGA-II,NSGA-II,20260316,66.01409149169922,2.849960803985596,7.848845481872559,68.56608669852861,2.595356098392154,7.327388045928305,NSGA-II
716,917,0.2051122690889893,NSGA-II,NSGA-II,20260316,66.00015258789062,2.849754810333252,7.847007274627685,68.56608669852861,2.595356098392154,7.327388045928305,NSGA-II
717,917,0.2073072383014164,NSGA-II,NSGA-II,20260316,66.00176239013672,2.849984645843506,7.847128868103027,68.56608669852861,2.595356098392154,7.327388045928305,NSGA-II
718,917,0.2072942085485534,NSGA-II,NSGA-II,20260316,66.0013656616211,2.8499631881713867,7.847071170806885,68.56608669852861,2.595356098392154,7.327388045928305,NSGA-II
719,917,0.2084466286531877,NSGA-II,NSGA-II,20260316,66.0,2.8496692180633545,7.846283435821533,68.56608669852861,2.595356098392154,7.327388045928305,NSGA-II
720,917,0.2078649523988139,NSGA-II,NSGA-II,20260316,66.00011444091797,2.849984884262085,7.840420246124268,68.56608669852861,2.595356098392154,7.327388045928305,NSGA-II
721,917,0.2054099102500059,NSGA-II,NSGA-II,20260316,66.0044174194336,2.8461434841156006,7.848886489868164,68.56608669852861,2.595356098392154,7.327388045928305,NSGA-II
722,917,0.2080549467085122,NSGA-II,NSGA-II,20260316,66.0003662109375,2.8499999046325684,7.840419292449951,68.56608669852861,2.595356098392154,7.327388045928305,NSGA-II
723,917,0.2084322897496573,NSGA-II,NSGA-II,20260316,66.01239776611328,2.8499596118927,7.849098205566406,68.56608669852861,2.595356098392154,7.327388045928305,NSGA-II
724,917,0.2086488307143471,NSGA-II,NSGA-II,20260316,66.00495147705078,2.8499975204467773,7.848433971405029,68.56608669852861,2.595356098392154,7.327388045928305,NSGA-II
725,917,0.2076673982532988,NSGA-II,NSGA-II,20260316,66.00050354003906,2.849909543991089,7.847830772399902,68.56608669852861,2.595356098392154,7.327388045928305,NSGA-II
726,917,0.2094224444579032,NSGA-II,NSGA-II,20260316,66.00003814697266,2.8498330116271973,7.839830875396728,68.56608669852861,2.595356098392154,7.327388045928305,NSGA-II
727,917,0.2091564989197639,NSGA-II,NSGA-II,20260316,66.05313873291016,2.846865653991699,7.8496785163879395,68.56608669852861,2.595356098392154,7.327388045928305,NSGA-II
728,917,0.2015283979002949,NSGA-II,NSGA-II,20260316,66.00018310546875,2.8433151245117188,7.848293304443359,68.56608669852861,2.595356098392154,7.327388045928305,NSGA-II
729,1470,0.210529716300142,NSGA-II,NSGA-II,20260316,66.03955078125,2.7857913970947266,7.849999904632568,66.0,2.744336212695565,7.51049108450181,NSGA-II
730,917,0.2068156865743168,NSGA-II,NSGA-II,20260316,66.00323486328125,2.8499858379364014,7.843238353729248,68.56608669852861,2.595356098392154,7.327388045928305,NSGA-II
731,917,0.2041332673497072,NSGA-II,NSGA-II,20260316,66.00065612792969,2.846123456954956,7.849470615386963,68.56608669852861,2.595356098392154,7.327388045928305,NSGA-II
732,917,0.2084661106969273,NSGA-II,NSGA-II,20260316,66.00000762939453,2.8496222496032715,7.846583366394043,68.56608669852861,2.595356098392154,7.327388045928305,NSGA-II
733,917,0.2046471419871055,NSGA-II,NSGA-II,20260316,66.00044250488281,2.8442885875701904,7.848479270935059,68.56608669852861,2.595356098392154,7.327388045928305,NSGA-II
734,917,0.2088797469472077,NSGA-II,NSGA-II,20260316,66.05181121826172,2.846986770629883,7.849316120147705,68.56608669852861,2.595356098392154,7.327388045928305,NSGA-II
735,917,0.2070538869667795,NSGA-II,NSGA-II,20260316,66.00492858886719,2.849992513656616,7.844782829284668,68.56608669852861,2.595356098392154,7.327388045928305,NSGA-II
736,917,0.2038558522351999,NSGA-II,NSGA-II,20260316,66.00077056884766,2.846030712127685,7.84958028793335,68.56608669852861,2.595356098392154,7.327388045928305,NSGA-II
737,917,0.2011390201133031,NSGA-II,NSGA-II,20260316,66.00004577636719,2.8431522846221924,7.847966194152832,68.56608669852861,2.595356098392154,7.327388045928305,NSGA-II
738,1591,0.2070114653276546,NSGA-II,NSGA-II,20260316,66.7481918334961,2.8498318195343018,7.849366664886475,69.20127348919642,2.65034635114054,7.400580789575027,NSGA-II
739,1591,0.2016804374223495,NSGA-II,NSGA-II,20260316,66.75288391113281,2.849984169006348,7.849717140197754,69.20127348919642,2.65034635114054,7.400580789575027,NSGA-II
740,917,0.2049372081808161,NSGA-II,NSGA-II,20260316,66.00628662109375,2.8499999046325684,7.83609676361084,68.56608669852861,2.595356098392154,7.327388045928305,NSGA-II
741,1470,0.2105429408206051,NSGA-II,NSGA-II,20260316,66.03958129882812,2.7857980728149414,7.849999904632568,66.0,2.744336212695565,7.51049108450181,NSGA-II
742,1470,0.2048164501067907,NSGA-II,NSGA-II,20260316,66.0,2.753775119781494,7.832203388214111,66.0,2.744336212695565,7.51049108450181,NSGA-II
743,1591,0.2006283547152256,NSGA-II,NSGA-II,20260316,66.75297546386719,2.8499722480773926,7.849545478820801,69.20127348919642,2.65034635114054,7.400580789575027,NSGA-II
744,1470,0.2048164488208777,NSGA-II,NSGA-II,20260316,66.0,2.753775119781494,7.832203388214111,66.0,2.744336212695565,7.51049108450181,NSGA-II
745,917,0.2081973318589184,NSGA-II,NSGA-II,20260316,66.0852279663086,2.8495805263519287,7.849780559539795,68.56608669852861,2.595356098392154,7.327388045928305,NSGA-II
746,917,0.1999903212977971,NSGA-II,NSGA-II,20260316,66.02325439453125,2.836165189743042,7.848975658416748,68.56608669852861,2.595356098392154,7.327388045928305,NSGA-II
747,917,0.2093876954258453,NSGA-II,NSGA-II,20260316,66.00007629394531,2.8498263359069824,7.839822292327881,68.56608669852861,2.595356098392154,7.327388045928305,NSGA-II
748,917,0.2066089411114557,NSGA-II,NSGA-II,20260316,66.0000228881836,2.849110841751098,7.835652828216553,68.56608669852861,2.595356098392154,7.327388045928305,NSGA-II
749,917,0.2075779460246395,NSGA-II,NSGA-II,20260316,66.00005340576172,2.849437713623047,7.840574264526367,68.56608669852861,2.595356098392154,7.327388045928305,NSGA-II
750,917,0.2086629932724586,NSGA-II,NSGA-II,20260316,66.00711822509766,2.849992275238037,7.843014717102051,68.56608669852861,2.595356098392154,7.327388045928305,NSGA-II
751,917,0.2072383413292942,NSGA-II,NSGA-II,20260316,66.00000762939453,2.848412036895752,7.844591617584228,68.56608669852861,2.595356098392154,7.327388045928305,NSGA-II
752,917,0.2085854745119194,NSGA-II,NSGA-II,20260316,66.0610580444336,2.8466885089874268,7.849713325500488,68.56608669852861,2.595356098392154,7.327388045928305,NSGA-II
753,917,0.2056119538539828,NSGA-II,NSGA-II,20260316,66.00006866455078,2.842254638671875,7.847311973571777,68.56608669852861,2.595356098392154,7.327388045928305,NSGA-II
754,917,0.2068470775330931,NSGA-II,NSGA-II,20260316,66.0032730102539,2.8499855995178223,7.843234062194824,68.56608669852861,2.595356098392154,7.327388045928305,NSGA-II
755,917,0.1994338776262613,NSGA-II,NSGA-II,20260316,66.00000762939453,2.8376054763793945,7.846136569976807,68.56608669852861,2.595356098392154,7.327388045928305,NSGA-II
756,917,0.2077560916989672,NSGA-II,NSGA-II,20260316,66.0093994140625,2.8499865531921387,7.845664024353027,68.56608669852861,2.595356098392154,7.327388045928305,NSGA-II
757,917,0.2070524849052494,NSGA-II,NSGA-II,20260316,66.00495910644531,2.8499903678894043,7.84477424621582,68.56608669852861,2.595356098392154,7.327388045928305,NSGA-II
758,917,0.1986641040632064,NSGA-II,NSGA-II,20260316,66.00198364257812,2.8363406658172607,7.848095417022705,68.56608669852861,2.595356098392154,7.327388045928305,NSGA-II
759,917,0.209175035551057,NSGA-II,NSGA-II,20260316,66.01547241210938,2.8499579429626465,7.848805427551269,68.56608669852861,2.595356098392154,7.327388045928305,NSGA-II
760,152,0.2093805368854369,NSGA-II,NSGA-II,20260317,66.00041198730469,2.849996566772461,7.845468521118164,67.9835330624885,2.691336485811793,7.326765604089485,NSGA-II
761,152,0.2051825468542595,NSGA-II,NSGA-II,20260317,66.00006103515625,2.848825454711914,7.848303318023682,67.9835330624885,2.691336485811793,7.326765604089485,NSGA-II
762,152,0.2076235414114064,NSGA-II,NSGA-II,20260317,66.0000228881836,2.847640037536621,7.849611282348633,67.9835330624885,2.691336485811793,7.326765604089485,NSGA-II
763,152,0.2100708123170414,NSGA-II,NSGA-II,20260317,66.00005340576172,2.8499951362609863,7.846163272857666,67.9835330624885,2.691336485811793,7.326765604089485,NSGA-II
764,152,0.205156375603837,NSGA-II,NSGA-II,20260317,66.00009155273438,2.848900318145752,7.848350524902344,67.9835330624885,2.691336485811793,7.326765604089485,NSGA-II
765,152,0.2085482067833678,NSGA-II,NSGA-II,20260317,66.0,2.849992513656616,7.84162425994873,67.9835330624885,2.691336485811793,7.326765604089485,NSGA-II
766,152,0.2093820210918077,NSGA-II,NSGA-II,20260317,66.00048828125,2.8499984741210938,7.845471858978271,67.9835330624885,2.691336485811793,7.326765604089485,NSGA-II
767,706,0.2061355650556273,NSGA-II,NSGA-II,20260317,66.00000762939453,2.8361289501190186,7.849976539611816,67.93795969960824,2.7055977288327813,7.408056889790279,NSGA-II
768,152,0.2085575959628328,NSGA-II,NSGA-II,20260317,66.00000762939453,2.84998631477356,7.8416266441345215,67.9835330624885,2.691336485811793,7.326765604089485,NSGA-II
769,152,0.2079377787294059,NSGA-II,NSGA-II,20260317,66.09622955322266,2.84999942779541,7.849274158477783,67.9835330624885,2.691336485811793,7.326765604089485,NSGA-II
770,152,0.2102540228412649,NSGA-II,NSGA-II,20260317,66.00015258789062,2.849987268447876,7.846274852752685,67.9835330624885,2.691336485811793,7.326765604089485,NSGA-II
771,152,0.2063556362258813,NSGA-II,NSGA-II,20260317,66.00032043457031,2.848495960235596,7.849485874176025,67.9835330624885,2.691336485811793,7.326765604089485,NSGA-II
772,152,0.2076734169007715,NSGA-II,NSGA-II,20260317,66.00003051757812,2.847620248794556,7.849616050720215,67.9835330624885,2.691336485811793,7.326765604089485,NSGA-II
773,152,0.2085480531900916,NSGA-II,NSGA-II,20260317,66.00001525878906,2.849992752075196,7.84162425994873,67.9835330624885,2.691336485811793,7.326765604089485,NSGA-II
774,152,0.2088261074686523,NSGA-II,NSGA-II,20260317,66.0,2.8480119705200195,7.841952800750732,67.9835330624885,2.691336485811793,7.326765604089485,NSGA-II
775,152,0.2065247424350472,NSGA-II,NSGA-II,20260317,66.00057220458984,2.848280906677246,7.849856853485107,67.9835330624885,2.691336485811793,7.326765604089485,NSGA-II
776,152,0.2085480493711427,NSGA-II,NSGA-II,20260317,66.00001525878906,2.849992752075196,7.84162425994873,67.9835330624885,2.691336485811793,7.326765604089485,NSGA-II
777,152,0.2098905723469408,NSGA-II,NSGA-II,20260317,66.00001525878906,2.849738359451294,7.845575332641602,67.9835330624885,2.691336485811793,7.326765604089485,NSGA-II
778,152,0.2088261074688178,NSGA-II,NSGA-II,20260317,66.0,2.8480119705200195,7.841952800750732,67.9835330624885,2.691336485811793,7.326765604089485,NSGA-II
779,152,0.2065275414956322,NSGA-II,NSGA-II,20260317,66.0006103515625,2.8482797145843506,7.849859237670898,67.9835330624885,2.691336485811793,7.326765604089485,NSGA-II
780,152,0.2096571713265008,NSGA-II,NSGA-II,20260317,66.00000762939453,2.8498198986053467,7.845526695251465,67.9835330624885,2.691336485811793,7.326765604089485,NSGA-II
781,152,0.2100597134848141,NSGA-II,NSGA-II,20260317,66.00007629394531,2.849996328353882,7.846148490905762,67.9835330624885,2.691336485811793,7.326765604089485,NSGA-II
782,706,0.2054857810586968,NSGA-II,NSGA-II,20260317,66.00010681152344,2.829927444458008,7.849999904632568,67.93795969960824,2.7055977288327813,7.408056889790279,NSGA-II
783,152,0.2101449036072389,NSGA-II,NSGA-II,20260317,66.00000762939453,2.849700450897217,7.845760822296143,67.9835330624885,2.691336485811793,7.326765604089485,NSGA-II
784,152,0.2074660569334541,NSGA-II,NSGA-II,20260317,66.00016784667969,2.848064422607422,7.84986400604248,67.9835330624885,2.691336485811793,7.326765604089485,NSGA-II
785,152,0.205564980209351,NSGA-II,NSGA-II,20260317,66.00025939941406,2.8485472202301025,7.848535060882568,67.9835330624885,2.691336485811793,7.326765604089485,NSGA-II
786,152,0.2044370099711278,NSGA-II,NSGA-II,20260317,66.00133514404297,2.849973678588867,7.848841190338135,67.9835330624885,2.691336485811793,7.326765604089485,NSGA-II
787,152,0.2051434603714209,NSGA-II,NSGA-II,20260317,66.0001449584961,2.848853826522827,7.848365783691406,67.9835330624885,2.691336485811793,7.326765604089485,NSGA-II
788,706,0.1940985333709329,NSGA-II,NSGA-II,20260317,66.0,2.828571319580078,7.849612236022949,67.93795969960824,2.7055977288327813,7.408056889790279,NSGA-II
789,152,0.2055787324640959,NSGA-II,NSGA-II,20260317,66.00021362304688,2.8485894203186035,7.848520755767822,67.9835330624885,2.691336485811793,7.326765604089485,NSGA-II
790,152,0.2102764306595978,NSGA-II,NSGA-II,20260317,66.00013732910156,2.849982023239136,7.846279144287109,67.9835330624885,2.691336485811793,7.326765604089485,NSGA-II
791,152,0.2100548262402736,NSGA-II,NSGA-II,20260317,66.0000228881836,2.849975824356079,7.846123218536377,67.9835330624885,2.691336485811793,7.326765604089485,NSGA-II
792,152,0.2104295454573369,NSGA-II,NSGA-II,20260317,66.00018310546875,2.849987506866455,7.846461296081543,67.9835330624885,2.691336485811793,7.326765604089485,NSGA-II
793,152,0.2104295653336066,NSGA-II,NSGA-II,20260317,66.00018310546875,2.849987506866455,7.846461296081543,67.9835330624885,2.691336485811793,7.326765604089485,NSGA-II
794,152,0.2049488441805495,NSGA-II,NSGA-II,20260317,66.0003890991211,2.8499233722686768,7.849188804626465,67.9835330624885,2.691336485811793,7.326765604089485,NSGA-II
795,152,0.2085943060010423,NSGA-II,NSGA-II,20260317,66.00004577636719,2.849982261657715,7.841652393341064,67.9835330624885,2.691336485811793,7.326765604089485,NSGA-II
796,152,0.2104207154394713,NSGA-II,NSGA-II,20260317,66.00005340576172,2.8499648571014404,7.846500873565674,67.9835330624885,2.691336485811793,7.326765604089485,NSGA-II
797,152,0.2085226547630183,NSGA-II,NSGA-II,20260317,66.00004577636719,2.8499996662139893,7.841569900512695,67.9835330624885,2.691336485811793,7.326765604089485,NSGA-II
798,152,0.2093914353871195,NSGA-II,NSGA-II,20260317,66.0014877319336,2.8499975204467773,7.84549617767334,67.9835330624885,2.691336485811793,7.326765604089485,NSGA-II
799,152,0.2101515649729116,NSGA-II,NSGA-II,20260317,66.00199127197266,2.8499996662139893,7.8459696769714355,67.9835330624885,2.691336485811793,7.326765604089485,NSGA-II
800,152,0.2066282723420051,NSGA-II,NSGA-II,20260317,66.05179595947266,2.849977731704712,7.849996566772461,67.9835330624885,2.691336485811793,7.326765604089485,NSGA-II
801,152,0.2061430562361904,NSGA-II,NSGA-II,20260317,66.00012969970703,2.8471295833587646,7.849860191345215,67.9835330624885,2.691336485811793,7.326765604089485,NSGA-II
802,152,0.2064864677589596,NSGA-II,NSGA-II,20260317,66.00003814697266,2.848165512084961,7.848527908325195,67.9835330624885,2.691336485811793,7.326765604089485,NSGA-II
803,152,0.2057094102427409,NSGA-II,NSGA-II,20260317,66.00553894042969,2.849665641784668,7.849994659423828,67.9835330624885,2.691336485811793,7.326765604089485,NSGA-II
804,152,0.2046259652043348,NSGA-II,NSGA-II,20260317,66.0011978149414,2.8487443923950195,7.849662780761719,67.9835330624885,2.691336485811793,7.326765604089485,NSGA-II
805,152,0.2055211430894077,NSGA-II,NSGA-II,20260317,66.00140380859375,2.8496618270874023,7.849520683288574,67.9835330624885,2.691336485811793,7.326765604089485,NSGA-II
806,152,0.210280627651865,NSGA-II,NSGA-II,20260317,66.00012969970703,2.84998106956482,7.846280097961426,67.9835330624885,2.691336485811793,7.326765604089485,NSGA-II
807,152,0.2101638364283824,NSGA-II,NSGA-II,20260317,66.00196838378906,2.849998235702514,7.845965385437012,67.9835330624885,2.691336485811793,7.326765604089485,NSGA-II
808,152,0.2039108580610136,NSGA-II,NSGA-II,20260317,66.01930236816406,2.8498263359069824,7.84952449798584,67.9835330624885,2.691336485811793,7.326765604089485,NSGA-II
809,152,0.2091050985860264,NSGA-II,NSGA-II,20260317,66.0,2.8479559421539307,7.842331409454346,67.9835330624885,2.691336485811793,7.326765604089485,NSGA-II
810,152,0.2045503250866135,NSGA-II,NSGA-II,20260317,66.00232696533203,2.849998950958252,7.848880290985107,67.9835330624885,2.691336485811793,7.326765604089485,NSGA-II
811,152,0.2091050989541544,NSGA-II,NSGA-II,20260317,66.0,2.8479559421539307,7.842331409454346,67.9835330624885,2.691336485811793,7.326765604089485,NSGA-II
812,152,0.210490451014826,NSGA-II,NSGA-II,20260317,66.00041198730469,2.849969387054444,7.846487522125244,67.9835330624885,2.691336485811793,7.326765604089485,NSGA-II
813,152,0.2074843393747685,NSGA-II,NSGA-II,20260317,66.00000762939453,2.8473541736602783,7.84900426864624,67.9835330624885,2.691336485811793,7.326765604089485,NSGA-II
814,152,0.2101567841506252,NSGA-II,NSGA-II,20260317,66.00196075439453,2.84999942779541,7.845959663391113,67.9835330624885,2.691336485811793,7.326765604089485,NSGA-II
815,152,0.2071253612068228,NSGA-II,NSGA-II,20260317,66.07015228271484,2.849998950958252,7.849807262420654,67.9835330624885,2.691336485811793,7.326765604089485,NSGA-II
816,152,0.2059197409870668,NSGA-II,NSGA-II,20260317,66.00154113769531,2.8499772548675537,7.849395275115967,67.9835330624885,2.691336485811793,7.326765604089485,NSGA-II
817,152,0.204641311532528,NSGA-II,NSGA-II,20260317,66.00114440917969,2.848783731460572,7.849632740020752,67.9835330624885,2.691336485811793,7.326765604089485,NSGA-II
818,152,0.2076694149543911,NSGA-II,NSGA-II,20260317,66.00004577636719,2.847607135772705,7.849620819091797,67.9835330624885,2.691336485811793,7.326765604089485,NSGA-II
819,152,0.2038955144628862,NSGA-II,NSGA-II,20260317,66.0193099975586,2.849835157394409,7.849522113800049,67.9835330624885,2.691336485811793,7.326765604089485,NSGA-II
820,152,0.2066433997985239,NSGA-II,NSGA-II,20260317,66.05178833007812,2.8499698638916016,7.849999904632568,67.9835330624885,2.691336485811793,7.326765604089485,NSGA-II
821,152,0.2103626826799232,NSGA-II,NSGA-II,20260317,66.0000228881836,2.849925994873047,7.846365928649902,67.9835330624885,2.691336485811793,7.326765604089485,NSGA-II
822,152,0.2057109612623335,NSGA-II,NSGA-II,20260317,66.00257873535156,2.849703311920166,7.849993705749512,67.9835330624885,2.691336485811793,7.326765604089485,NSGA-II
823,152,0.2065749193964802,NSGA-II,NSGA-II,20260317,66.05175018310547,2.849907398223877,7.849832534790039,67.9835330624885,2.691336485811793,7.326765604089485,NSGA-II
824,152,0.2093119189308371,NSGA-II,NSGA-II,20260317,66.04822540283203,2.8499886989593506,7.849752902984619,67.9835330624885,2.691336485811793,7.326765604089485,NSGA-II
825,152,0.2065357371665693,NSGA-II,NSGA-II,20260317,66.05196380615234,2.849995374679565,7.849870204925537,67.9835330624885,2.691336485811793,7.326765604089485,NSGA-II
826,152,0.2091050767263458,NSGA-II,NSGA-II,20260317,66.0,2.8479559421539307,7.842331409454346,67.9835330624885,2.691336485811793,7.326765604089485,NSGA-II
827,152,0.2044774522993269,NSGA-II,NSGA-II,20260317,66.00135803222656,2.84881854057312,7.84963321685791,67.9835330624885,2.691336485811793,7.326765604089485,NSGA-II
828,152,0.2059475512396006,NSGA-II,NSGA-II,20260317,66.000244140625,2.8458430767059326,7.849956512451172,67.9835330624885,2.691336485811793,7.326765604089485,NSGA-II
829,152,0.2066685023695585,NSGA-II,NSGA-II,20260317,66.05166625976562,2.8498728275299072,7.849947929382324,67.9835330624885,2.691336485811793,7.326765604089485,NSGA-II
830,152,0.2036725351374972,NSGA-II,NSGA-II,20260317,66.0196762084961,2.849998950958252,7.8494696617126465,67.9835330624885,2.691336485811793,7.326765604089485,NSGA-II
831,152,0.2040466575761846,NSGA-II,NSGA-II,20260317,66.01914978027344,2.849760770797729,7.849551677703857,67.9835330624885,2.691336485811793,7.326765604089485,NSGA-II
832,152,0.2061110593532917,NSGA-II,NSGA-II,20260317,66.00194549560547,2.845841407775879,7.849996089935303,67.9835330624885,2.691336485811793,7.326765604089485,NSGA-II
833,706,0.2022071444182837,NSGA-II,NSGA-II,20260317,66.587890625,2.84999942779541,7.84242582321167,67.93795969960824,2.7055977288327813,7.408056889790279,NSGA-II
834,706,0.1940524385046763,NSGA-II,NSGA-II,20260317,66.0,2.8285622596740723,7.849610328674316,67.93795969960824,2.7055977288327813,7.408056889790279,NSGA-II
835,152,0.2098140491623299,NSGA-II,NSGA-II,20260317,66.00188446044922,2.8499996662139893,7.836612701416016,67.9835330624885,2.691336485811793,7.326765604089485,NSGA-II
836,706,0.1965345759543001,NSGA-II,NSGA-II,20260317,66.00445556640625,2.814448595046997,7.849999904632568,67.93795969960824,2.7055977288327813,7.408056889790279,NSGA-II
837,152,0.2066557715699732,NSGA-II,NSGA-II,20260317,66.07621765136719,2.849998712539673,7.848915100097656,67.9835330624885,2.691336485811793,7.326765604089485,NSGA-II
838,706,0.2062291896596804,NSGA-II,NSGA-II,20260317,66.00001525878906,2.836031198501587,7.849960803985596,67.93795969960824,2.7055977288327813,7.408056889790279,NSGA-II
839,706,0.1953500486166916,NSGA-II,NSGA-II,20260317,66.01008605957031,2.818978071212769,7.84999942779541,67.93795969960824,2.7055977288327813,7.408056889790279,NSGA-II
840,152,0.2085348720791897,NSGA-II,NSGA-II,20260317,66.00027465820312,2.849993944168091,7.841541767120361,67.9835330624885,2.691336485811793,7.326765604089485,NSGA-II
841,152,0.2059463013886065,NSGA-II,NSGA-II,20260317,66.00025939941406,2.8458399772644043,7.849952697753906,67.9835330624885,2.691336485811793,7.326765604089485,NSGA-II
842,152,0.2089529222360455,NSGA-II,NSGA-II,20260317,66.00215148925781,2.8499979972839355,7.844616413116455,67.9835330624885,2.691336485811793,7.326765604089485,NSGA-II
843,706,0.2054039554988962,NSGA-II,NSGA-II,20260317,66.00116729736328,2.8299989700317383,7.8499755859375,67.93795969960824,2.7055977288327813,7.408056889790279,NSGA-II
844,152,0.2091577295323776,NSGA-II,NSGA-II,20260317,66.00004577636719,2.8480262756347656,7.842495441436768,67.9835330624885,2.691336485811793,7.326765604089485,NSGA-II
845,152,0.210618214601841,NSGA-II,NSGA-II,20260317,66.0008316040039,2.849740505218506,7.8468427658081055,67.9835330624885,2.691336485811793,7.326765604089485,NSGA-II
846,152,0.2048705605452719,NSGA-II,NSGA-II,20260317,66.00013732910156,2.848586082458496,7.84756326675415,67.9835330624885,2.691336485811793,7.326765604089485,NSGA-II
847,152,0.2030223995796997,NSGA-II,NSGA-II,20260317,66.02726745605469,2.849992752075196,7.848525524139404,67.9835330624885,2.691336485811793,7.326765604089485,NSGA-II
848,152,0.2101313654564166,NSGA-II,NSGA-II,20260317,66.00227355957031,2.849993944168091,7.846091270446777,67.9835330624885,2.691336485811793,7.326765604089485,NSGA-II
849,152,0.2097052326806813,NSGA-II,NSGA-II,20260317,66.00396728515625,2.849999189376831,7.845245838165283,67.9835330624885,2.691336485811793,7.326765604089485,NSGA-II
850,152,0.2094963967619028,NSGA-II,NSGA-II,20260317,66.00066375732422,2.8499855995178223,7.845685958862305,67.9835330624885,2.691336485811793,7.326765604089485,NSGA-II
851,152,0.2088449593089791,NSGA-II,NSGA-II,20260317,66.00000762939453,2.848021507263184,7.841971874237059,67.9835330624885,2.691336485811793,7.326765604089485,NSGA-II
852,152,0.2107534620025803,NSGA-II,NSGA-II,20260317,66.0094985961914,2.849993228912353,7.848098278045654,67.9835330624885,2.691336485811793,7.326765604089485,NSGA-II
853,152,0.203443852462328,NSGA-II,NSGA-II,20260317,66.02014923095703,2.8498921394348145,7.848896026611328,67.9835330624885,2.691336485811793,7.326765604089485,NSGA-II
854,152,0.2071237119846862,NSGA-II,NSGA-II,20260317,66.07015991210938,2.8499977588653564,7.849803924560547,67.9835330624885,2.691336485811793,7.326765604089485,NSGA-II
855,152,0.2038229396308083,NSGA-II,NSGA-II,20260317,66.02120971679688,2.849704504013061,7.849103450775146,67.9835330624885,2.691336485811793,7.326765604089485,NSGA-II
856,152,0.2066282325392226,NSGA-II,NSGA-II,20260317,66.05179595947266,2.849977493286133,7.849996566772461,67.9835330624885,2.691336485811793,7.326765604089485,NSGA-II
857,152,0.2064629863856636,NSGA-II,NSGA-II,20260317,66.0009765625,2.848235845565796,7.849251747131348,67.9835330624885,2.691336485811793,7.326765604089485,NSGA-II
858,706,0.2020325156664882,NSGA-II,NSGA-II,20260317,66.00062561035156,2.8296923637390137,7.8499755859375,67.93795969960824,2.7055977288327813,7.408056889790279,NSGA-II
859,152,0.2061669350400146,NSGA-II,NSGA-II,20260317,66.00086975097656,2.847031116485596,7.849714279174805,67.9835330624885,2.691336485811793,7.326765604089485,NSGA-II
860,1432,0.2088267622101665,NSGA-II,NSGA-II,20260318,66.0,2.833094596862793,7.757545471191406,67.50291577688535,2.6885527547141046,7.507864757973166,NSGA-II
861,1136,0.2101724930793997,NSGA-II,NSGA-II,20260318,67.44415283203125,2.8499996662139893,7.637503623962402,67.77034921514974,2.7743449901485446,7.675559242863152,NSGA-II
862,999,0.1877874908984559,NSGA-II,NSGA-II,20260318,66.00003051757812,2.7826735973358154,7.813905239105225,67.73276767798806,2.661583369041655,7.483698773872287,NSGA-II
863,687,0.1675252602316576,NSGA-II,NSGA-II,20260318,66.16470336914062,2.787992715835572,7.849997997283935,67.69353261598094,2.686839358802912,7.538127123281757,NSGA-II
864,1136,0.2102906832604635,NSGA-II,NSGA-II,20260318,67.44376373291016,2.8499999046325684,7.6374897956848145,67.77034921514974,2.7743449901485446,7.675559242863152,NSGA-II
865,1666,0.2080265856951901,NSGA-II,NSGA-II,20260318,66.00007629394531,2.84959077835083,7.613861560821533,66.0,2.7559002337975285,7.543718963309424,NSGA-II
866,687,0.2072997711503953,NSGA-II,NSGA-II,20260318,66.31376647949219,2.849970579147339,7.849887847900391,67.69353261598094,2.686839358802912,7.538127123281757,NSGA-II
867,999,0.2062654006284733,NSGA-II,NSGA-II,20260318,66.00973510742188,2.806503772735596,7.849989414215088,67.73276767798806,2.661583369041655,7.483698773872287,NSGA-II
868,999,0.2055021956807788,NSGA-II,NSGA-II,20260318,66.0277328491211,2.8184659481048584,7.849992752075195,67.73276767798806,2.661583369041655,7.483698773872287,NSGA-II
869,6,0.1632701828546586,NSGA-II,NSGA-II,20260318,66.00907897949219,2.849993944168091,7.693465709686279,66.4831984979465,2.7473766974527734,7.570828673702016,NSGA-II
870,687,0.1679970136984066,NSGA-II,NSGA-II,20260318,66.16370391845703,2.7881338596343994,7.849994659423828,67.69353261598094,2.686839358802912,7.538127123281757,NSGA-II
871,6,0.1810010420160577,NSGA-II,NSGA-II,20260318,66.0005111694336,2.8498826026916504,7.691607475280762,66.4831984979465,2.7473766974527734,7.570828673702016,NSGA-II
872,999,0.2096824338383531,NSGA-II,NSGA-II,20260318,66.00004577636719,2.811106443405152,7.846324920654297,67.73276767798806,2.661583369041655,7.483698773872287,NSGA-II
873,687,0.2077072027793855,NSGA-II,NSGA-II,20260318,66.00008392333984,2.830128192901612,7.849976539611816,67.69353261598094,2.686839358802912,7.538127123281757,NSGA-II
874,1354,0.2014758615153566,NSGA-II,NSGA-II,20260318,66.00666809082031,2.838021755218506,7.84551191329956,66.47114727794376,2.832480189403234,7.698188801194528,NSGA-II
875,1432,0.2107873878141036,NSGA-II,NSGA-II,20260318,66.05309295654297,2.8498573303222656,7.798682689666748,67.50291577688535,2.6885527547141046,7.507864757973166,NSGA-II
876,6,0.1827958713874514,NSGA-II,NSGA-II,20260318,66.00001525878906,2.846662998199463,7.616037368774414,66.4831984979465,2.7473766974527734,7.570828673702016,NSGA-II
877,1432,0.2087936468159335,NSGA-II,NSGA-II,20260318,66.0000228881836,2.8331687450408936,7.757681846618652,67.50291577688535,2.6885527547141046,7.507864757973166,NSGA-II
878,1432,0.2092603254676876,NSGA-II,NSGA-II,20260318,66.00003814697266,2.8440213203430176,7.8342204093933105,67.50291577688535,2.6885527547141046,7.507864757973166,NSGA-II
879,734,0.2049084970200406,NSGA-II,NSGA-II,20260318,66.01627349853516,2.8414762020111084,7.846867561340332,68.20080089294348,2.6588193877833297,7.600515691324282,NSGA-II
880,1432,0.2057903613149513,NSGA-II,NSGA-II,20260318,66.01087188720703,2.849705934524536,7.767148017883301,67.50291577688535,2.6885527547141046,7.507864757973166,NSGA-II
881,1432,0.2052657462055661,NSGA-II,NSGA-II,20260318,66.00508880615234,2.849076509475708,7.774733543395996,67.50291577688535,2.6885527547141046,7.507864757973166,NSGA-II
882,734,0.2052938205974753,NSGA-II,NSGA-II,20260318,66.09583282470703,2.8482768535614014,7.849856853485107,68.20080089294348,2.6588193877833297,7.600515691324282,NSGA-II
883,1432,0.2112302288912047,NSGA-II,NSGA-II,20260318,66.02306365966797,2.849562168121338,7.790481090545654,67.50291577688535,2.6885527547141046,7.507864757973166,NSGA-II
884,1432,0.2106783899468279,NSGA-II,NSGA-II,20260318,66.01313018798828,2.8498787879943848,7.786129474639893,67.50291577688535,2.6885527547141046,7.507864757973166,NSGA-II
885,734,0.1987383959420699,NSGA-II,NSGA-II,20260318,66.01953125,2.842270612716675,7.849432468414307,68.20080089294348,2.6588193877833297,7.600515691324282,NSGA-II
886,1432,0.2091902111039167,NSGA-II,NSGA-II,20260318,66.00016021728516,2.8446197509765625,7.834246635437012,67.50291577688535,2.6885527547141046,7.507864757973166,NSGA-II
887,687,0.2023784408758796,NSGA-II,NSGA-II,20260318,66.21694946289062,2.84932017326355,7.849676132202148,67.69353261598094,2.686839358802912,7.538127123281757,NSGA-II
888,687,0.2079369654247851,NSGA-II,NSGA-II,20260318,66.24529266357422,2.849581003189087,7.849852085113525,67.69353261598094,2.686839358802912,7.538127123281757,NSGA-II
889,687,0.2057189007095176,NSGA-II,NSGA-II,20260318,66.29278564453125,2.849672794342041,7.848707675933838,67.69353261598094,2.686839358802912,7.538127123281757,NSGA-II
890,1432,0.2085289816145255,NSGA-II,NSGA-II,20260318,66.0002212524414,2.8477368354797363,7.840083122253418,67.50291577688535,2.6885527547141046,7.507864757973166,NSGA-II
891,687,0.2111153447526786,NSGA-II,NSGA-II,20260318,66.00385284423828,2.832134246826172,7.849019050598144,67.69353261598094,2.686839358802912,7.538127123281757,NSGA-II
892,1432,0.207110424826185,NSGA-II,NSGA-II,20260318,66.03509521484375,2.8495306968688965,7.84584379196167,67.50291577688535,2.6885527547141046,7.507864757973166,NSGA-II
893,687,0.2100139434692861,NSGA-II,NSGA-II,20260318,66.0054702758789,2.830783128738404,7.849252700805664,67.69353261598094,2.686839358802912,7.538127123281757,NSGA-II
894,1432,0.2099905205497682,NSGA-II,NSGA-II,20260318,66.0217514038086,2.84909462928772,7.843189239501953,67.50291577688535,2.6885527547141046,7.507864757973166,NSGA-II
895,687,0.2090682707980116,NSGA-II,NSGA-II,20260318,66.07498931884766,2.847722053527832,7.849649906158447,67.69353261598094,2.686839358802912,7.538127123281757,NSGA-II
896,734,0.2051466129945509,NSGA-II,NSGA-II,20260318,66.01310729980469,2.8451547622680664,7.846697330474853,68.20080089294348,2.6588193877833297,7.600515691324282,NSGA-II
897,1432,0.2106408808063153,NSGA-II,NSGA-II,20260318,66.012451171875,2.84952449798584,7.787450313568115,67.50291577688535,2.6885527547141046,7.507864757973166,NSGA-II
898,1432,0.2053233012777791,NSGA-II,NSGA-II,20260318,66.00019836425781,2.8457462787628174,7.771347522735596,67.50291577688535,2.6885527547141046,7.507864757973166,NSGA-II
899,1432,0.2058030485773808,NSGA-II,NSGA-II,20260318,66.0009765625,2.849215507507324,7.77009105682373,67.50291577688535,2.6885527547141046,7.507864757973166,NSGA-II
900,687,0.2064863407110435,NSGA-II,NSGA-II,20260318,66.07754516601562,2.846280574798584,7.849944114685059,67.69353261598094,2.686839358802912,7.538127123281757,NSGA-II
901,1432,0.209791335794699,NSGA-II,NSGA-II,20260318,66.00169372558594,2.848650932312012,7.841445922851562,67.50291577688535,2.6885527547141046,7.507864757973166,NSGA-II
902,687,0.2095241568346814,NSGA-II,NSGA-II,20260318,66.08528137207031,2.84806227684021,7.849081993103027,67.69353261598094,2.686839358802912,7.538127123281757,NSGA-II
903,1432,0.2068755731156825,NSGA-II,NSGA-II,20260318,66.00775909423828,2.849365234375,7.773325443267822,67.50291577688535,2.6885527547141046,7.507864757973166,NSGA-II
904,687,0.2082593676893949,NSGA-II,NSGA-II,20260318,66.09049224853516,2.845818281173706,7.849958419799805,67.69353261598094,2.686839358802912,7.538127123281757,NSGA-II
905,687,0.2094333684588592,NSGA-II,NSGA-II,20260318,66.00848388671875,2.8314595222473145,7.849941253662109,67.69353261598094,2.686839358802912,7.538127123281757,NSGA-II
906,687,0.2099002764418736,NSGA-II,NSGA-II,20260318,66.22948455810547,2.849608421325684,7.849797248840332,67.69353261598094,2.686839358802912,7.538127123281757,NSGA-II
907,687,0.2094751263182253,NSGA-II,NSGA-II,20260318,66.00774383544922,2.831458330154419,7.849985122680664,67.69353261598094,2.686839358802912,7.538127123281757,NSGA-II
908,687,0.2092685976497716,NSGA-II,NSGA-II,20260318,66.06383514404297,2.8464620113372803,7.8498101234436035,67.69353261598094,2.686839358802912,7.538127123281757,NSGA-II
909,687,0.2079924768729801,NSGA-II,NSGA-II,20260318,66.24266815185547,2.8493428230285645,7.849997043609619,67.69353261598094,2.686839358802912,7.538127123281757,NSGA-II
910,687,0.2077156969111736,NSGA-II,NSGA-II,20260318,66.00015258789062,2.830139636993408,7.849920272827148,67.69353261598094,2.686839358802912,7.538127123281757,NSGA-II
911,687,0.2080450807974786,NSGA-II,NSGA-II,20260318,66.06529998779297,2.846463441848755,7.849661827087402,67.69353261598094,2.686839358802912,7.538127123281757,NSGA-II
912,1666,0.2080590044333103,NSGA-II,NSGA-II,20260318,66.00023651123047,2.8495965003967285,7.613863468170166,66.0,2.7559002337975285,7.543718963309424,NSGA-II
913,687,0.2071365280335637,NSGA-II,NSGA-II,20260318,66.07327270507812,2.8463594913482666,7.849918365478516,67.69353261598094,2.686839358802912,7.538127123281757,NSGA-II
914,687,0.2108513364973301,NSGA-II,NSGA-II,20260318,66.15966796875,2.8497955799102783,7.84751033782959,67.69353261598094,2.686839358802912,7.538127123281757,NSGA-II
915,1432,0.2092647615571181,NSGA-II,NSGA-II,20260318,66.00006103515625,2.844029664993286,7.834225177764893,67.50291577688535,2.6885527547141046,7.507864757973166,NSGA-II
916,6,0.1787401161964502,NSGA-II,NSGA-II,20260318,66.00689697265625,2.84999680519104,7.6920294761657715,66.4831984979465,2.7473766974527734,7.570828673702016,NSGA-II
917,687,0.2092158537479284,NSGA-II,NSGA-II,20260318,66.2950668334961,2.849703550338745,7.849942207336426,67.69353261598094,2.686839358802912,7.538127123281757,NSGA-II
918,687,0.2078945069193684,NSGA-II,NSGA-II,20260318,66.3056411743164,2.849891901016236,7.849973678588867,67.69353261598094,2.686839358802912,7.538127123281757,NSGA-II
919,734,0.2074578246376244,NSGA-II,NSGA-II,20260318,66.09111022949219,2.8479220867156982,7.849334716796875,68.20080089294348,2.6588193877833297,7.600515691324282,NSGA-II
920,1432,0.2108150242147794,NSGA-II,NSGA-II,20260318,66.013427734375,2.849982023239136,7.786468029022217,67.50291577688535,2.6885527547141046,7.507864757973166,NSGA-II
921,734,0.2086249351080771,NSGA-II,NSGA-II,20260318,66.16320037841797,2.8485498428344727,7.849735736846924,68.20080089294348,2.6588193877833297,7.600515691324282,NSGA-II
922,687,0.2102607476242407,NSGA-II,NSGA-II,20260318,66.22901153564453,2.849553346633911,7.849896430969238,67.69353261598094,2.686839358802912,7.538127123281757,NSGA-II
923,687,0.2021931770847975,NSGA-II,NSGA-II,20260318,66.22004699707031,2.849329948425293,7.849881172180176,67.69353261598094,2.686839358802912,7.538127123281757,NSGA-II
924,1432,0.2090640430055864,NSGA-II,NSGA-II,20260318,66.00145721435547,2.848978042602539,7.840938568115234,67.50291577688535,2.6885527547141046,7.507864757973166,NSGA-II
925,1432,0.2102237611221472,NSGA-II,NSGA-II,20260318,66.02436065673828,2.8494014739990234,7.846875190734863,67.50291577688535,2.6885527547141046,7.507864757973166,NSGA-II
926,687,0.2079630008355636,NSGA-II,NSGA-II,20260318,66.30939483642578,2.849692344665528,7.849975109100342,67.69353261598094,2.686839358802912,7.538127123281757,NSGA-II
927,1432,0.2061462102420562,NSGA-II,NSGA-II,20260318,66.00981140136719,2.849180221557617,7.774344444274902,67.50291577688535,2.6885527547141046,7.507864757973166,NSGA-II
928,687,0.2094182545978836,NSGA-II,NSGA-II,20260318,66.16177368164062,2.8499832153320312,7.848270416259766,67.69353261598094,2.686839358802912,7.538127123281757,NSGA-II
929,1432,0.2091114509365441,NSGA-II,NSGA-II,20260318,66.00041961669922,2.8477578163146973,7.840868473052978,67.50291577688535,2.6885527547141046,7.507864757973166,NSGA-II
930,1432,0.2091559883558288,NSGA-II,NSGA-II,20260318,66.00128173828125,2.8478598594665527,7.840957164764404,67.50291577688535,2.6885527547141046,7.507864757973166,NSGA-II
931,687,0.2090495332783799,NSGA-II,NSGA-II,20260318,66.30575561523438,2.849939584732056,7.849191665649414,67.69353261598094,2.686839358802912,7.538127123281757,NSGA-II
932,1136,0.2097575133273148,NSGA-II,NSGA-II,20260318,67.43924713134766,2.849999189376831,7.637197971343994,67.77034921514974,2.7743449901485446,7.675559242863152,NSGA-II
933,1136,0.2102975762460662,NSGA-II,NSGA-II,20260318,67.44374084472656,2.849999189376831,7.637485504150391,67.77034921514974,2.7743449901485446,7.675559242863152,NSGA-II
934,1432,0.2053953523162814,NSGA-II,NSGA-II,20260318,66.00102233886719,2.84917426109314,7.770813941955566,67.50291577688535,2.6885527547141046,7.507864757973166,NSGA-II
935,687,0.2081738805130868,NSGA-II,NSGA-II,20260318,66.24308776855469,2.8494699001312256,7.84995698928833,67.69353261598094,2.686839358802912,7.538127123281757,NSGA-II
936,1432,0.2060764208176159,NSGA-II,NSGA-II,20260318,66.024169921875,2.8499889373779297,7.771077632904053,67.50291577688535,2.6885527547141046,7.507864757973166,NSGA-II
937,1432,0.2053847230541075,NSGA-II,NSGA-II,20260318,66.00247192382812,2.849349021911621,7.770819187164307,67.50291577688535,2.6885527547141046,7.507864757973166,NSGA-II
938,687,0.2023071173565191,NSGA-II,NSGA-II,20260318,66.2195816040039,2.849234104156494,7.849709987640381,67.69353261598094,2.686839358802912,7.538127123281757,NSGA-II
939,1432,0.2054335240332347,NSGA-II,NSGA-II,20260318,66.01017761230469,2.8493528366088867,7.774477958679199,67.50291577688535,2.6885527547141046,7.507864757973166,NSGA-II
940,687,0.1693270446938082,NSGA-II,NSGA-II,20260318,66.16425323486328,2.78802490234375,7.849995613098144,67.69353261598094,2.686839358802912,7.538127123281757,NSGA-II
941,687,0.2055439395346499,NSGA-II,NSGA-II,20260318,66.29344177246094,2.849801540374756,7.848736763000488,67.69353261598094,2.686839358802912,7.538127123281757,NSGA-II
942,734,0.2085519711719149,NSGA-II,NSGA-II,20260318,66.16423797607422,2.848644971847534,7.849707126617432,68.20080089294348,2.6588193877833297,7.600515691324282,NSGA-II
943,1432,0.2107099647152187,NSGA-II,NSGA-II,20260318,66.01332092285156,2.849984645843506,7.786215782165527,67.50291577688535,2.6885527547141046,7.507864757973166,NSGA-II
944,1432,0.208844506533223,NSGA-II,NSGA-II,20260318,66.00000762939453,2.8331124782562256,7.757576942443848,67.50291577688535,2.6885527547141046,7.507864757973166,NSGA-II
945,687,0.2053608377730288,NSGA-II,NSGA-II,20260318,66.29297637939453,2.849677801132202,7.848782539367676,67.69353261598094,2.686839358802912,7.538127123281757,NSGA-II
946,687,0.2101129353978399,NSGA-II,NSGA-II,20260318,66.14837646484375,2.8496389389038086,7.849586486816406,67.69353261598094,2.686839358802912,7.538127123281757,NSGA-II
947,687,0.2092460612701039,NSGA-II,NSGA-II,20260318,66.30461120605469,2.849951982498169,7.849158763885498,67.69353261598094,2.686839358802912,7.538127123281757,NSGA-II
948,1432,0.2090816882515929,NSGA-II,NSGA-II,20260318,66.00154876708984,2.849010944366455,7.84095573425293,67.50291577688535,2.6885527547141046,7.507864757973166,NSGA-II
949,687,0.2047102666771497,NSGA-II,NSGA-II,20260318,66.01127624511719,2.84093976020813,7.848217487335205,67.69353261598094,2.686839358802912,7.538127123281757,NSGA-II
950,1136,0.2099172778244461,NSGA-II,NSGA-II,20260318,67.43914031982422,2.849999189376831,7.637195110321045,67.77034921514974,2.7743449901485446,7.675559242863152,NSGA-II
951,1432,0.2060826898209664,NSGA-II,NSGA-II,20260318,66.02079010009766,2.8495185375213623,7.802138328552246,67.50291577688535,2.6885527547141046,7.507864757973166,NSGA-II
952,1354,0.2022591401882717,NSGA-II,NSGA-II,20260318,66.00959014892578,2.835927724838257,7.845781326293945,66.47114727794376,2.832480189403234,7.698188801194528,NSGA-II
953,734,0.2067316727333588,NSGA-II,NSGA-II,20260318,66.10350036621094,2.849764585494995,7.848158836364746,68.20080089294348,2.6588193877833297,7.600515691324282,NSGA-II
954,687,0.2048443374737036,NSGA-II,NSGA-II,20260318,66.08686065673828,2.8465819358825684,7.849909782409668,67.69353261598094,2.686839358802912,7.538127123281757,NSGA-II
955,999,0.2042484526807696,NSGA-II,NSGA-II,20260318,66.00748443603516,2.807750701904297,7.845189094543457,67.73276767798806,2.661583369041655,7.483698773872287,NSGA-II
956,1136,0.2102914812913751,NSGA-II,NSGA-II,20260318,67.44379425048828,2.8499979972839355,7.637482166290283,67.77034921514974,2.7743449901485446,7.675559242863152,NSGA-II
957,1432,0.2085115730581041,NSGA-II,NSGA-II,20260318,66.00031280517578,2.8476901054382324,7.840036869049072,67.50291577688535,2.6885527547141046,7.507864757973166,NSGA-II
958,1136,0.2099180783038249,NSGA-II,NSGA-II,20260318,67.43917083740234,2.8499972820281982,7.637187480926514,67.77034921514974,2.7743449901485446,7.675559242863152,NSGA-II
959,687,0.2094759836265035,NSGA-II,NSGA-II,20260318,66.00776672363281,2.83145809173584,7.849978446960449,67.69353261598094,2.686839358802912,7.538127123281757,NSGA-II
960,1646,0.2104096101931778,NSGA-II,NSGA-II,20260319,66.26327514648438,2.7346980571746826,7.849998950958252,67.65547505005102,2.6036670760757112,7.338278689440209,NSGA-II
961,1587,0.2072590027372784,NSGA-II,NSGA-II,20260319,69.01087951660156,2.84999942779541,7.844093322753906,71.27742808119186,2.5522459105945403,7.362272945547144,NSGA-II
962,1646,0.2104096102078629,NSGA-II,NSGA-II,20260319,66.26327514648438,2.7346980571746826,7.849998950958252,67.65547505005102,2.6036670760757112,7.338278689440209,NSGA-II
963,415,0.2090786091902003,NSGA-II,NSGA-II,20260319,66.0,2.849897623062134,7.824143886566162,68.11374858076243,2.605480699448075,7.386387829579909,NSGA-II
964,415,0.2097305614303774,NSGA-II,NSGA-II,20260319,66.00032043457031,2.849993944168091,7.819465160369873,68.11374858076243,2.605480699448075,7.386387829579909,NSGA-II
965,1587,0.2036117295521061,NSGA-II,NSGA-II,20260319,68.76751708984375,2.846907377243042,7.849982261657715,71.27742808119186,2.5522459105945403,7.362272945547144,NSGA-II
966,1646,0.1860976712811947,NSGA-II,NSGA-II,20260319,66.02218627929688,2.754512071609497,7.849998474121094,67.65547505005102,2.6036670760757112,7.338278689440209,NSGA-II
967,1587,0.2080564368612828,NSGA-II,NSGA-II,20260319,68.8829574584961,2.8499979972839355,7.849820137023926,71.27742808119186,2.5522459105945403,7.362272945547144,NSGA-II
968,1587,0.2072590033995239,NSGA-II,NSGA-II,20260319,69.01087951660156,2.84999942779541,7.844093322753906,71.27742808119186,2.5522459105945403,7.362272945547144,NSGA-II
969,415,0.2105703477854188,NSGA-II,NSGA-II,20260319,66.00003814697266,2.848719835281372,7.837478160858154,68.11374858076243,2.605480699448075,7.386387829579909,NSGA-II
970,1587,0.2064796754610391,NSGA-II,NSGA-II,20260319,68.77838897705078,2.8474764823913574,7.849991321563721,71.27742808119186,2.5522459105945403,7.362272945547144,NSGA-II
971,415,0.209051829472178,NSGA-II,NSGA-II,20260319,66.0112533569336,2.84999942779541,7.821413040161133,68.11374858076243,2.605480699448075,7.386387829579909,NSGA-II
972,415,0.2090411574226497,NSGA-II,NSGA-II,20260319,66.00007629394531,2.849923849105835,7.824318408966064,68.11374858076243,2.605480699448075,7.386387829579909,NSGA-II
973,1587,0.2035641518409026,NSGA-II,NSGA-II,20260319,68.76881408691406,2.847015142440796,7.849991798400879,71.27742808119186,2.5522459105945403,7.362272945547144,NSGA-II
974,415,0.2097099354699854,NSGA-II,NSGA-II,20260319,66.00041961669922,2.849983930587769,7.819479942321777,68.11374858076243,2.605480699448075,7.386387829579909,NSGA-II
975,415,0.2095120088547764,NSGA-II,NSGA-II,20260319,66.00016021728516,2.849928617477417,7.8244547843933105,68.11374858076243,2.605480699448075,7.386387829579909,NSGA-II
976,1587,0.2106015792176013,NSGA-II,NSGA-II,20260319,68.77364349365234,2.849616289138794,7.849978923797607,71.27742808119186,2.5522459105945403,7.362272945547144,NSGA-II
977,1587,0.2106240907914944,NSGA-II,NSGA-II,20260319,68.77349090576172,2.849601984024048,7.849939346313477,71.27742808119186,2.5522459105945403,7.362272945547144,NSGA-II
978,415,0.2090440437030775,NSGA-II,NSGA-II,20260319,66.0115966796875,2.8499996662139893,7.821450710296631,68.11374858076243,2.605480699448075,7.386387829579909,NSGA-II
979,1587,0.2072590027261009,NSGA-II,NSGA-II,20260319,69.01087951660156,2.84999942779541,7.844093322753906,71.27742808119186,2.5522459105945403,7.362272945547144,NSGA-II
980,1646,0.1865310604262973,NSGA-II,NSGA-II,20260319,66.0008773803711,2.7537429332733154,7.849968433380127,67.65547505005102,2.6036670760757112,7.338278689440209,NSGA-II
981,415,0.1942118493892137,NSGA-II,NSGA-II,20260319,66.00079345703125,2.849999189376831,7.84538459777832,68.11374858076243,2.605480699448075,7.386387829579909,NSGA-II
982,415,0.2097306004787968,NSGA-II,NSGA-II,20260319,66.00032043457031,2.849993944168091,7.819465160369873,68.11374858076243,2.605480699448075,7.386387829579909,NSGA-II
983,415,0.1957530203833246,NSGA-II,NSGA-II,20260319,66.00271606445312,2.849961519241333,7.848076343536377,68.11374858076243,2.605480699448075,7.386387829579909,NSGA-II
984,415,0.209074753182879,NSGA-II,NSGA-II,20260319,66.00001525878906,2.849909543991089,7.824151515960693,68.11374858076243,2.605480699448075,7.386387829579909,NSGA-II
985,1646,0.1871031014581773,NSGA-II,NSGA-II,20260319,66.00359344482422,2.7551965713500977,7.849992752075195,67.65547505005102,2.6036670760757112,7.338278689440209,NSGA-II
986,1646,0.1944209108098832,NSGA-II,NSGA-II,20260319,66.018798828125,2.775226354598999,7.849981784820557,67.65547505005102,2.6036670760757112,7.338278689440209,NSGA-II
987,415,0.2105546319002255,NSGA-II,NSGA-II,20260319,66.00000762939453,2.84871768951416,7.837465286254883,68.11374858076243,2.605480699448075,7.386387829579909,NSGA-II
988,415,0.1934369143780833,NSGA-II,NSGA-II,20260319,66.00009155273438,2.840037107467652,7.84962272644043,68.11374858076243,2.605480699448075,7.386387829579909,NSGA-II
989,415,0.2097363795303786,NSGA-II,NSGA-II,20260319,66.00035858154297,2.849997043609619,7.819476127624512,68.11374858076243,2.605480699448075,7.386387829579909,NSGA-II
990,415,0.20979127636241,NSGA-II,NSGA-II,20260319,66.0004653930664,2.849985361099243,7.823966979980469,68.11374858076243,2.605480699448075,7.386387829579909,NSGA-II
991,415,0.1931070592626138,NSGA-II,NSGA-II,20260319,66.00054168701172,2.838831663131714,7.849911212921143,68.11374858076243,2.605480699448075,7.386387829579909,NSGA-II
992,415,0.1940332972826896,NSGA-II,NSGA-II,20260319,66.0000228881836,2.84210205078125,7.848872184753418,68.11374858076243,2.605480699448075,7.386387829579909,NSGA-II
993,1646,0.1860977784289051,NSGA-II,NSGA-II,20260319,66.02218627929688,2.754512071609497,7.849998474121094,67.65547505005102,2.6036670760757112,7.338278689440209,NSGA-II
994,415,0.2097983977546531,NSGA-II,NSGA-II,20260319,66.00050354003906,2.849992036819458,7.8239665031433105,68.11374858076243,2.605480699448075,7.386387829579909,NSGA-II
995,415,0.1960683833142181,NSGA-II,NSGA-II,20260319,66.00041961669922,2.8499085903167725,7.846656322479248,68.11374858076243,2.605480699448075,7.386387829579909,NSGA-II
996,415,0.2095415558198227,NSGA-II,NSGA-II,20260319,66.01543426513672,2.8499999046325684,7.821760654449463,68.11374858076243,2.605480699448075,7.386387829579909,NSGA-II
997,415,0.180203517201755,NSGA-II,NSGA-II,20260319,66.00096893310547,2.84745192527771,7.848918914794922,68.11374858076243,2.605480699448075,7.386387829579909,NSGA-II
998,415,0.192713837867287,NSGA-II,NSGA-II,20260319,66.00414276123047,2.839665412902832,7.849981307983398,68.11374858076243,2.605480699448075,7.386387829579909,NSGA-II
999,415,0.2098192261298502,NSGA-II,NSGA-II,20260319,66.00050354003906,2.849993705749512,7.82395076751709,68.11374858076243,2.605480699448075,7.386387829579909,NSGA-II
1000,415,0.2096164859504772,NSGA-II,NSGA-II,20260319,66.00028228759766,2.8498306274414062,7.837571144104004,68.11374858076243,2.605480699448075,7.386387829579909,NSGA-II
1001,1646,0.1865344443860905,NSGA-II,NSGA-II,20260319,66.00089263916016,2.7537426948547363,7.849968910217285,67.65547505005102,2.6036670760757112,7.338278689440209,NSGA-II
1002,415,0.2094307285884402,NSGA-II,NSGA-II,20260319,66.00043487548828,2.8499770164489746,7.824574947357178,68.11374858076243,2.605480699448075,7.386387829579909,NSGA-II
1003,415,0.1956660466132566,NSGA-II,NSGA-II,20260319,66.00008392333984,2.8497202396392822,7.846855640411377,68.11374858076243,2.605480699448075,7.386387829579909,NSGA-II
1004,415,0.1759766611579673,NSGA-II,NSGA-II,20260319,66.04264831542969,2.84999680519104,7.848992347717285,68.11374858076243,2.605480699448075,7.386387829579909,NSGA-II
1005,415,0.1957354954029226,NSGA-II,NSGA-II,20260319,66.00292205810547,2.849992752075196,7.848080635070801,68.11374858076243,2.605480699448075,7.386387829579909,NSGA-II
1006,1587,0.2028678729133677,NSGA-II,NSGA-II,20260319,68.76637268066406,2.84706449508667,7.849968433380127,71.27742808119186,2.5522459105945403,7.362272945547144,NSGA-II
1007,415,0.1955649007068153,NSGA-II,NSGA-II,20260319,66.00010681152344,2.849504232406616,7.846936225891113,68.11374858076243,2.605480699448075,7.386387829579909,NSGA-II
1008,415,0.1676390051328734,NSGA-II,NSGA-II,20260319,66.00831604003906,2.849987268447876,7.849508285522461,68.11374858076243,2.605480699448075,7.386387829579909,NSGA-II
1009,415,0.1937709980801797,NSGA-II,NSGA-II,20260319,66.00009155273438,2.84283447265625,7.848856449127197,68.11374858076243,2.605480699448075,7.386387829579909,NSGA-II
1010,415,0.1945343802853674,NSGA-II,NSGA-II,20260319,66.00001525878906,2.846604347229004,7.843324661254883,68.11374858076243,2.605480699448075,7.386387829579909,NSGA-II
1011,1587,0.2072953731438381,NSGA-II,NSGA-II,20260319,68.88056182861328,2.849977970123291,7.849856376647949,71.27742808119186,2.5522459105945403,7.362272945547144,NSGA-II
1012,415,0.2093835589983834,NSGA-II,NSGA-II,20260319,66.00000762939453,2.8499650955200195,7.823788642883301,68.11374858076243,2.605480699448075,7.386387829579909,NSGA-II
1013,415,0.1938870836137813,NSGA-II,NSGA-II,20260319,66.00035858154297,2.8429436683654785,7.848881721496582,68.11374858076243,2.605480699448075,7.386387829579909,NSGA-II
1014,415,0.1933906103751449,NSGA-II,NSGA-II,20260319,66.00101470947266,2.840456485748291,7.849979400634766,68.11374858076243,2.605480699448075,7.386387829579909,NSGA-II
1015,415,0.1936382299128738,NSGA-II,NSGA-II,20260319,66.00093078613281,2.843118906021118,7.849343776702881,68.11374858076243,2.605480699448075,7.386387829579909,NSGA-II
1016,1587,0.2029069635558276,NSGA-II,NSGA-II,20260319,68.76634979248047,2.847001552581787,7.849899768829346,71.27742808119186,2.5522459105945403,7.362272945547144,NSGA-II
1017,415,0.1932350013106889,NSGA-II,NSGA-II,20260319,66.0003890991211,2.840491771697998,7.849827766418457,68.11374858076243,2.605480699448075,7.386387829579909,NSGA-II
1018,415,0.2094499207708596,NSGA-II,NSGA-II,20260319,66.00064849853516,2.8499743938446045,7.824578762054443,68.11374858076243,2.605480699448075,7.386387829579909,NSGA-II
1019,415,0.194138928538942,NSGA-II,NSGA-II,20260319,66.0002670288086,2.842898368835449,7.849068164825439,68.11374858076243,2.605480699448075,7.386387829579909,NSGA-II
1020,415,0.2090513626737087,NSGA-II,NSGA-II,20260319,66.0112533569336,2.84999942779541,7.821413040161133,68.11374858076243,2.605480699448075,7.386387829579909,NSGA-II
1021,415,0.1946040677466239,NSGA-II,NSGA-II,20260319,66.00003814697266,2.846623420715332,7.843433856964111,68.11374858076243,2.605480699448075,7.386387829579909,NSGA-II
1022,415,0.1938783157954861,NSGA-II,NSGA-II,20260319,66.00030517578125,2.8415398597717285,7.849680423736572,68.11374858076243,2.605480699448075,7.386387829579909,NSGA-II
1023,415,0.1686893518373039,NSGA-II,NSGA-II,20260319,66.00116729736328,2.8498659133911133,7.849898338317871,68.11374858076243,2.605480699448075,7.386387829579909,NSGA-II
1024,415,0.1965851758859464,NSGA-II,NSGA-II,20260319,66.0007095336914,2.849876165390014,7.846700191497803,68.11374858076243,2.605480699448075,7.386387829579909,NSGA-II
1025,415,0.2090398918668691,NSGA-II,NSGA-II,20260319,66.01154327392578,2.84999942779541,7.8214430809021,68.11374858076243,2.605480699448075,7.386387829579909,NSGA-II
1026,415,0.1957293224839693,NSGA-II,NSGA-II,20260319,66.00013732910156,2.8498120307922363,7.847046852111816,68.11374858076243,2.605480699448075,7.386387829579909,NSGA-II
1027,415,0.1941222039441947,NSGA-II,NSGA-II,20260319,66.00065612792969,2.8416736125946045,7.849173069000244,68.11374858076243,2.605480699448075,7.386387829579909,NSGA-II
1028,415,0.2095120095683261,NSGA-II,NSGA-II,20260319,66.00016021728516,2.849928617477417,7.8244547843933105,68.11374858076243,2.605480699448075,7.386387829579909,NSGA-II
1029,415,0.2090786084751696,NSGA-II,NSGA-II,20260319,66.0,2.849897623062134,7.824143886566162,68.11374858076243,2.605480699448075,7.386387829579909,NSGA-II
1030,415,0.1966550655811981,NSGA-II,NSGA-II,20260319,66.000732421875,2.849869728088379,7.846809864044189,68.11374858076243,2.605480699448075,7.386387829579909,NSGA-II
1031,415,0.1969326064222298,NSGA-II,NSGA-II,20260319,66.00112915039062,2.8499882221221924,7.845919609069824,68.11374858076243,2.605480699448075,7.386387829579909,NSGA-II
1032,415,0.1969316281280437,NSGA-II,NSGA-II,20260319,66.00174713134766,2.84998083114624,7.847082138061523,68.11374858076243,2.605480699448075,7.386387829579909,NSGA-II
1033,415,0.2091008815218841,NSGA-II,NSGA-II,20260319,66.0000228881836,2.849944829940796,7.824108600616455,68.11374858076243,2.605480699448075,7.386387829579909,NSGA-II
1034,415,0.1954224465094935,NSGA-II,NSGA-II,20260319,66.0003662109375,2.849658489227295,7.847256660461426,68.11374858076243,2.605480699448075,7.386387829579909,NSGA-II
1035,415,0.1937298572455155,NSGA-II,NSGA-II,20260319,66.00022888183594,2.841084241867065,7.849157333374023,68.11374858076243,2.605480699448075,7.386387829579909,NSGA-II
1036,1646,0.187257523319059,NSGA-II,NSGA-II,20260319,66.0042724609375,2.755164861679077,7.849994659423828,67.65547505005102,2.6036670760757112,7.338278689440209,NSGA-II
1037,415,0.1937831019514149,NSGA-II,NSGA-II,20260319,66.00094604492188,2.841465711593628,7.849776268005371,68.11374858076243,2.605480699448075,7.386387829579909,NSGA-II
1038,1587,0.1980735460273195,NSGA-II,NSGA-II,20260319,68.82251739501953,2.849987030029297,7.849794387817383,71.27742808119186,2.5522459105945403,7.362272945547144,NSGA-II
1039,1587,0.2072590027368681,NSGA-II,NSGA-II,20260319,69.01087951660156,2.84999942779541,7.844093322753906,71.27742808119186,2.5522459105945403,7.362272945547144,NSGA-II
1040,1646,0.1950860633654339,NSGA-II,NSGA-II,20260319,66.01815032958984,2.775169849395752,7.849996566772461,67.65547505005102,2.6036670760757112,7.338278689440209,NSGA-II
1041,415,0.1940546221253924,NSGA-II,NSGA-II,20260319,66.00000762939453,2.8420393466949463,7.848842144012451,68.11374858076243,2.605480699448075,7.386387829579909,NSGA-II
1042,1587,0.203074375666595,NSGA-II,NSGA-II,20260319,68.87673950195312,2.849989175796509,7.849039554595947,71.27742808119186,2.5522459105945403,7.362272945547144,NSGA-II
1043,1587,0.2072590027265112,NSGA-II,NSGA-II,20260319,69.01087951660156,2.84999942779541,7.844093322753906,71.27742808119186,2.5522459105945403,7.362272945547144,NSGA-II
1044,415,0.2090479089448346,NSGA-II,NSGA-II,20260319,66.01124572753906,2.849998950958252,7.821410655975342,68.11374858076243,2.605480699448075,7.386387829579909,NSGA-II
1045,415,0.1934788521866817,NSGA-II,NSGA-II,20260319,66.00000762939453,2.8368515968322754,7.847505569458008,68.11374858076243,2.605480699448075,7.386387829579909,NSGA-II
1046,1646,0.1865343791165715,NSGA-II,NSGA-II,20260319,66.00090026855469,2.7537426948547363,7.849968910217285,67.65547505005102,2.6036670760757112,7.338278689440209,NSGA-II
1047,415,0.2090479023107768,NSGA-II,NSGA-II,20260319,66.01124572753906,2.849998950958252,7.821410655975342,68.11374858076243,2.605480699448075,7.386387829579909,NSGA-II
1048,1587,0.2009437317583679,NSGA-II,NSGA-II,20260319,68.834716796875,2.8496570587158203,7.849819183349609,71.27742808119186,2.5522459105945403,7.362272945547144,NSGA-II
1049,1646,0.1950760877489843,NSGA-II,NSGA-II,20260319,66.01824188232422,2.775164127349853,7.849992275238037,67.65547505005102,2.6036670760757112,7.338278689440209,NSGA-II
1050,1587,0.1954673221084704,NSGA-II,NSGA-II,20260319,68.73616027832031,2.84835171699524,7.849670886993408,71.27742808119186,2.5522459105945403,7.362272945547144,NSGA-II
1051,415,0.1746330784654507,NSGA-II,NSGA-II,20260319,66.0433349609375,2.849987268447876,7.849481105804443,68.11374858076243,2.605480699448075,7.386387829579909,NSGA-II
1052,415,0.2095733400769911,NSGA-II,NSGA-II,20260319,66.00016021728516,2.849748611450196,7.837640285491943,68.11374858076243,2.605480699448075,7.386387829579909,NSGA-II
1053,415,0.21016637522351,NSGA-II,NSGA-II,20260319,66.00455474853516,2.8499934673309326,7.824853420257568,68.11374858076243,2.605480699448075,7.386387829579909,NSGA-II
1054,1646,0.1953511606965567,NSGA-II,NSGA-II,20260319,66.00000762939453,2.798511505126953,7.84805965423584,67.65547505005102,2.6036670760757112,7.338278689440209,NSGA-II
1055,415,0.1950635230114822,NSGA-II,NSGA-II,20260319,66.00984954833984,2.849806070327759,7.845405101776123,68.11374858076243,2.605480699448075,7.386387829579909,NSGA-II
1056,1646,0.1953553760561853,NSGA-II,NSGA-II,20260319,66.00000762939453,2.798495292663574,7.848060131072998,67.65547505005102,2.6036670760757112,7.338278689440209,NSGA-II
1057,1646,0.1944109036903805,NSGA-II,NSGA-II,20260319,66.0189208984375,2.775217294692993,7.849971294403076,67.65547505005102,2.6036670760757112,7.338278689440209,NSGA-II
1058,1646,0.1871591804081447,NSGA-II,NSGA-II,20260319,66.00309753417969,2.755781412124634,7.849969863891602,67.65547505005102,2.6036670760757112,7.338278689440209,NSGA-II
1059,415,0.1936981980598683,NSGA-II,NSGA-II,20260319,66.00033569335938,2.842782735824585,7.848889350891113,68.11374858076243,2.605480699448075,7.386387829579909,NSGA-II
1060,1354,0.2017830203715711,NSGA-II,NSGA-II,20260320,66.00080108642578,2.818799018859864,7.849997520446777,66.47114727794376,2.832480189403234,7.698188801194528,NSGA-II
1061,1354,0.1848158112852948,NSGA-II,NSGA-II,20260320,66.0945053100586,2.8499996662139893,7.84998607635498,66.47114727794376,2.832480189403234,7.698188801194528,NSGA-II
1062,1354,0.184815811796622,NSGA-II,NSGA-II,20260320,66.0945053100586,2.8499996662139893,7.84998607635498,66.47114727794376,2.832480189403234,7.698188801194528,NSGA-II
1063,1354,0.1848158112912672,NSGA-II,NSGA-II,20260320,66.0945053100586,2.8499996662139893,7.84998607635498,66.47114727794376,2.832480189403234,7.698188801194528,NSGA-II
1064,1354,0.1848279416596371,NSGA-II,NSGA-II,20260320,66.0944595336914,2.849997043609619,7.849998474121094,66.47114727794376,2.832480189403234,7.698188801194528,NSGA-II
1065,1354,0.2018208052388764,NSGA-II,NSGA-II,20260320,66.00067138671875,2.8187732696533203,7.849999904632568,66.47114727794376,2.832480189403234,7.698188801194528,NSGA-II
1066,1354,0.1777699974725854,NSGA-II,NSGA-II,20260320,66.00010681152344,2.8499999046325684,7.844975471496582,66.47114727794376,2.832480189403234,7.698188801194528,NSGA-II
1067,1354,0.1714815430150875,NSGA-II,NSGA-II,20260320,66.07079315185547,2.8499999046325684,7.849598884582519,66.47114727794376,2.832480189403234,7.698188801194528,NSGA-II
1068,1354,0.1695489326336987,NSGA-II,NSGA-II,20260320,66.00315856933594,2.821025848388672,7.849998950958252,66.47114727794376,2.832480189403234,7.698188801194528,NSGA-II
1069,1354,0.1847415618617896,NSGA-II,NSGA-II,20260320,66.093994140625,2.8499999046325684,7.849981307983398,66.47114727794376,2.832480189403234,7.698188801194528,NSGA-II
1070,1354,0.1848151546313381,NSGA-II,NSGA-II,20260320,66.094482421875,2.8499975204467773,7.849995613098144,66.47114727794376,2.832480189403234,7.698188801194528,NSGA-II
1071,1354,0.1808569819115802,NSGA-II,NSGA-II,20260320,66.00489807128906,2.8499996662139893,7.848276138305664,66.47114727794376,2.832480189403234,7.698188801194528,NSGA-II
1072,1354,0.2070346865872789,NSGA-II,NSGA-II,20260320,66.0,2.817565441131592,7.849672794342041,66.47114727794376,2.832480189403234,7.698188801194528,NSGA-II
1073,1354,0.1714632560148335,NSGA-II,NSGA-II,20260320,66.07073974609375,2.8499951362609863,7.849671840667725,66.47114727794376,2.832480189403234,7.698188801194528,NSGA-II
1074,1354,0.1848274196771686,NSGA-II,NSGA-II,20260320,66.09452056884766,2.8499999046325684,7.849996089935303,66.47114727794376,2.832480189403234,7.698188801194528,NSGA-II
1075,1354,0.1715444220055735,NSGA-II,NSGA-II,20260320,66.07073211669922,2.849993228912353,7.849667549133301,66.47114727794376,2.832480189403234,7.698188801194528,NSGA-II
1076,1354,0.1777625754565371,NSGA-II,NSGA-II,20260320,66.0,2.849998235702514,7.844986915588379,66.47114727794376,2.832480189403234,7.698188801194528,NSGA-II
1077,1354,0.1718532135017849,NSGA-II,NSGA-II,20260320,66.07198333740234,2.8499984741210938,7.849748611450195,66.47114727794376,2.832480189403234,7.698188801194528,NSGA-II
1078,1354,0.1777700019754849,NSGA-II,NSGA-II,20260320,66.00010681152344,2.8499999046325684,7.844975471496582,66.47114727794376,2.832480189403234,7.698188801194528,NSGA-II
1079,1354,0.1637751750510806,NSGA-II,NSGA-II,20260320,66.0,2.84977650642395,7.84967041015625,66.47114727794376,2.832480189403234,7.698188801194528,NSGA-II
1080,1354,0.178045102541706,NSGA-II,NSGA-II,20260320,66.00617218017578,2.849763870239258,7.849970817565918,66.47114727794376,2.832480189403234,7.698188801194528,NSGA-II
1081,1354,0.1686522090046931,NSGA-II,NSGA-II,20260320,66.0040283203125,2.8216421604156494,7.849998474121094,66.47114727794376,2.832480189403234,7.698188801194528,NSGA-II
1082,1354,0.1812432868672521,NSGA-II,NSGA-II,20260320,66.00000762939453,2.849999189376831,7.849447727203369,66.47114727794376,2.832480189403234,7.698188801194528,NSGA-II
1083,1354,0.2018207919245447,NSGA-II,NSGA-II,20260320,66.00067138671875,2.8187732696533203,7.849999904632568,66.47114727794376,2.832480189403234,7.698188801194528,NSGA-II
1084,1354,0.1714488313875537,NSGA-II,NSGA-II,20260320,66.07064819335938,2.849998950958252,7.849587440490723,66.47114727794376,2.832480189403234,7.698188801194528,NSGA-II
1085,1354,0.1803988081086483,NSGA-II,NSGA-II,20260320,66.0016860961914,2.8495659828186035,7.849996089935303,66.47114727794376,2.832480189403234,7.698188801194528,NSGA-II
1086,1354,0.180632130720599,NSGA-II,NSGA-II,20260320,66.00818634033203,2.849984645843506,7.849925518035889,66.47114727794376,2.832480189403234,7.698188801194528,NSGA-II
1087,1354,0.2025242874450099,NSGA-II,NSGA-II,20260320,66.00057220458984,2.819079875946045,7.849996089935303,66.47114727794376,2.832480189403234,7.698188801194528,NSGA-II
1088,1354,0.2017672431260985,NSGA-II,NSGA-II,20260320,66.00000762939453,2.819812774658203,7.8498382568359375,66.47114727794376,2.832480189403234,7.698188801194528,NSGA-II
1089,1354,0.1718532280087261,NSGA-II,NSGA-II,20260320,66.07198333740234,2.8499984741210938,7.849748611450195,66.47114727794376,2.832480189403234,7.698188801194528,NSGA-II
1090,1354,0.2018117961579253,NSGA-II,NSGA-II,20260320,66.00067901611328,2.8187789916992188,7.849999904632568,66.47114727794376,2.832480189403234,7.698188801194528,NSGA-II
1091,1354,0.1805760237541503,NSGA-II,NSGA-II,20260320,66.00020599365234,2.849696159362793,7.849992275238037,66.47114727794376,2.832480189403234,7.698188801194528,NSGA-II
1092,1354,0.1802590552977586,NSGA-II,NSGA-II,20260320,66.00021362304688,2.849761962890625,7.849978446960449,66.47114727794376,2.832480189403234,7.698188801194528,NSGA-II
1093,1354,0.1832601457947099,NSGA-II,NSGA-II,20260320,66.09028625488281,2.8499860763549805,7.849818706512451,66.47114727794376,2.832480189403234,7.698188801194528,NSGA-II
1094,1354,0.1839021849528077,NSGA-II,NSGA-II,20260320,66.09002685546875,2.849996566772461,7.849785804748535,66.47114727794376,2.832480189403234,7.698188801194528,NSGA-II
1095,1354,0.1806183154861174,NSGA-II,NSGA-II,20260320,66.00826263427734,2.849983692169189,7.849990844726562,66.47114727794376,2.832480189403234,7.698188801194528,NSGA-II
1096,1354,0.1809551800868186,NSGA-II,NSGA-II,20260320,66.0,2.849804878234864,7.849186897277832,66.47114727794376,2.832480189403234,7.698188801194528,NSGA-II
1097,1354,0.1848270756641514,NSGA-II,NSGA-II,20260320,66.09452056884766,2.849999189376831,7.849996566772461,66.47114727794376,2.832480189403234,7.698188801194528,NSGA-II
1098,1354,0.1847356172358575,NSGA-II,NSGA-II,20260320,66.00066375732422,2.849998712539673,7.849581718444824,66.47114727794376,2.832480189403234,7.698188801194528,NSGA-II
1099,1354,0.1835773832005205,NSGA-II,NSGA-II,20260320,66.09024810791016,2.8499977588653564,7.849775314331055,66.47114727794376,2.832480189403234,7.698188801194528,NSGA-II
1100,1354,0.1636729853175809,NSGA-II,NSGA-II,20260320,66.00029754638672,2.849960327148437,7.849839210510254,66.47114727794376,2.832480189403234,7.698188801194528,NSGA-II
1101,1354,0.1824965529121853,NSGA-II,NSGA-II,20260320,66.08863830566406,2.8497915267944336,7.849999904632568,66.47114727794376,2.832480189403234,7.698188801194528,NSGA-II
1102,1354,0.18090605182262,NSGA-II,NSGA-II,20260320,66.00003051757812,2.849656581878662,7.849986553192139,66.47114727794376,2.832480189403234,7.698188801194528,NSGA-II
1103,1354,0.1636703899154648,NSGA-II,NSGA-II,20260320,66.00032806396484,2.84995985031128,7.849839687347412,66.47114727794376,2.832480189403234,7.698188801194528,NSGA-II
1104,1354,0.1799765952030843,NSGA-II,NSGA-II,20260320,66.00032806396484,2.8498241901397705,7.849954605102539,66.47114727794376,2.832480189403234,7.698188801194528,NSGA-II
1105,1354,0.1848460797040087,NSGA-II,NSGA-II,20260320,66.09444427490234,2.849999189376831,7.849989414215088,66.47114727794376,2.832480189403234,7.698188801194528,NSGA-II
1106,1354,0.1848059305401311,NSGA-II,NSGA-II,20260320,66.09442138671875,2.8499984741210938,7.84999418258667,66.47114727794376,2.832480189403234,7.698188801194528,NSGA-II
1107,1354,0.1812271251518226,NSGA-II,NSGA-II,20260320,66.00001525878906,2.849931478500366,7.849472045898437,66.47114727794376,2.832480189403234,7.698188801194528,NSGA-II
1108,1354,0.180962579071216,NSGA-II,NSGA-II,20260320,66.00711059570312,2.848804473876953,7.849998474121094,66.47114727794376,2.832480189403234,7.698188801194528,NSGA-II
1109,1354,0.2018387394508646,NSGA-II,NSGA-II,20260320,66.00051879882812,2.81867790222168,7.849998474121094,66.47114727794376,2.832480189403234,7.698188801194528,NSGA-II
1110,1354,0.1838969847331567,NSGA-II,NSGA-II,20260320,66.09049224853516,2.849996566772461,7.849801063537598,66.47114727794376,2.832480189403234,7.698188801194528,NSGA-II
1111,1354,0.1714967161188975,NSGA-II,NSGA-II,20260320,66.0707015991211,2.8499906063079834,7.849668025970459,66.47114727794376,2.832480189403234,7.698188801194528,NSGA-II
1112,1354,0.1777699974726615,NSGA-II,NSGA-II,20260320,66.00010681152344,2.8499999046325684,7.844975471496582,66.47114727794376,2.832480189403234,7.698188801194528,NSGA-II
1113,1354,0.1777700019754089,NSGA-II,NSGA-II,20260320,66.00010681152344,2.8499999046325684,7.844975471496582,66.47114727794376,2.832480189403234,7.698188801194528,NSGA-II
1114,1354,0.1777700023077313,NSGA-II,NSGA-II,20260320,66.00010681152344,2.8499999046325684,7.844975471496582,66.47114727794376,2.832480189403234,7.698188801194528,NSGA-II
1115,1354,0.1714492049117474,NSGA-II,NSGA-II,20260320,66.07052612304688,2.8499956130981445,7.849630832672119,66.47114727794376,2.832480189403234,7.698188801194528,NSGA-II
1116,1354,0.1839021735410503,NSGA-II,NSGA-II,20260320,66.09002685546875,2.849996566772461,7.849785804748535,66.47114727794376,2.832480189403234,7.698188801194528,NSGA-II
1117,1354,0.1635689138411861,NSGA-II,NSGA-II,20260320,66.0005874633789,2.8499858379364014,7.849905967712402,66.47114727794376,2.832480189403234,7.698188801194528,NSGA-II
1118,1354,0.1803964829560107,NSGA-II,NSGA-II,20260320,66.00867462158203,2.849989652633667,7.849794387817383,66.47114727794376,2.832480189403234,7.698188801194528,NSGA-II
1119,1354,0.1637078682132574,NSGA-II,NSGA-II,20260320,66.00004577636719,2.8499622344970703,7.849796772003174,66.47114727794376,2.832480189403234,7.698188801194528,NSGA-II
1120,1354,0.1844633366255033,NSGA-II,NSGA-II,20260320,66.09180450439453,2.8499996662139893,7.84997034072876,66.47114727794376,2.832480189403234,7.698188801194528,NSGA-II
1121,1354,0.1714772633356229,NSGA-II,NSGA-II,20260320,66.07079315185547,2.8499979972839355,7.849599361419678,66.47114727794376,2.832480189403234,7.698188801194528,NSGA-II
1122,1354,0.1809647538909971,NSGA-II,NSGA-II,20260320,66.00708770751953,2.8488011360168457,7.849998950958252,66.47114727794376,2.832480189403234,7.698188801194528,NSGA-II
1123,1354,0.1809626042787326,NSGA-II,NSGA-II,20260320,66.00711059570312,2.848804473876953,7.849998474121094,66.47114727794376,2.832480189403234,7.698188801194528,NSGA-II
1124,1354,0.1799654149823918,NSGA-II,NSGA-II,20260320,66.0003662109375,2.849858283996582,7.849969387054443,66.47114727794376,2.832480189403234,7.698188801194528,NSGA-II
1125,1354,0.184828148419413,NSGA-II,NSGA-II,20260320,66.00022888183594,2.849970817565918,7.849562168121338,66.47114727794376,2.832480189403234,7.698188801194528,NSGA-II
1126,1354,0.181268695724318,NSGA-II,NSGA-II,20260320,66.007568359375,2.849973440170288,7.84999942779541,66.47114727794376,2.832480189403234,7.698188801194528,NSGA-II
1127,1354,0.184805389454395,NSGA-II,NSGA-II,20260320,66.00025939941406,2.84999942779541,7.849575042724609,66.47114727794376,2.832480189403234,7.698188801194528,NSGA-II
1128,1354,0.1839038023665667,NSGA-II,NSGA-II,20260320,66.09001922607422,2.849994421005249,7.849790096282959,66.47114727794376,2.832480189403234,7.698188801194528,NSGA-II
1129,1354,0.1812924693028104,NSGA-II,NSGA-II,20260320,66.00753784179688,2.849944829940796,7.849987983703613,66.47114727794376,2.832480189403234,7.698188801194528,NSGA-II
1130,1354,0.17777000230935,NSGA-II,NSGA-II,20260320,66.00010681152344,2.8499999046325684,7.844975471496582,66.47114727794376,2.832480189403234,7.698188801194528,NSGA-II
1131,1354,0.1805706264698544,NSGA-II,NSGA-II,20260320,66.0051040649414,2.8497257232666016,7.849992752075195,66.47114727794376,2.832480189403234,7.698188801194528,NSGA-II
1132,1354,0.1812974991962574,NSGA-II,NSGA-II,20260320,66.00756072998047,2.849972724914551,7.84999942779541,66.47114727794376,2.832480189403234,7.698188801194528,NSGA-II
1133,1354,0.180962623484632,NSGA-II,NSGA-II,20260320,66.00711059570312,2.848804473876953,7.849998474121094,66.47114727794376,2.832480189403234,7.698188801194528,NSGA-II
1134,1354,0.1809625731134923,NSGA-II,NSGA-II,20260320,66.00711059570312,2.848804473876953,7.849998474121094,66.47114727794376,2.832480189403234,7.698188801194528,NSGA-II
1135,1354,0.1845548037701702,NSGA-II,NSGA-II,20260320,66.0938949584961,2.849980592727661,7.849998950958252,66.47114727794376,2.832480189403234,7.698188801194528,NSGA-II
1136,1354,0.1809626294423564,NSGA-II,NSGA-II,20260320,66.00711059570312,2.848804473876953,7.849998474121094,66.47114727794376,2.832480189403234,7.698188801194528,NSGA-II
1137,1354,0.171442169717765,NSGA-II,NSGA-II,20260320,66.07050323486328,2.8499956130981445,7.849628448486328,66.47114727794376,2.832480189403234,7.698188801194528,NSGA-II
1138,1354,0.1848112196240615,NSGA-II,NSGA-II,20260320,66.09449005126953,2.84999942779541,7.84999418258667,66.47114727794376,2.832480189403234,7.698188801194528,NSGA-II
1139,1354,0.1638567065831139,NSGA-II,NSGA-II,20260320,66.00016021728516,2.849870681762696,7.849884510040283,66.47114727794376,2.832480189403234,7.698188801194528,NSGA-II
1140,1354,0.1832087012828067,NSGA-II,NSGA-II,20260320,66.09037780761719,2.8499951362609863,7.849839210510254,66.47114727794376,2.832480189403234,7.698188801194528,NSGA-II
1141,1354,0.184500834433528,NSGA-II,NSGA-II,20260320,66.09170532226562,2.8499884605407715,7.849941253662109,66.47114727794376,2.832480189403234,7.698188801194528,NSGA-II
1142,1354,0.181041606830992,NSGA-II,NSGA-II,20260320,66.0,2.849790096282959,7.849193096160889,66.47114727794376,2.832480189403234,7.698188801194528,NSGA-II
1143,1354,0.1641967524402227,NSGA-II,NSGA-II,20260320,66.00022888183594,2.849893808364868,7.849835395812988,66.47114727794376,2.832480189403234,7.698188801194528,NSGA-II
1144,1354,0.1806000050179528,NSGA-II,NSGA-II,20260320,66.00004577636719,2.849722146987915,7.849975109100342,66.47114727794376,2.832480189403234,7.698188801194528,NSGA-II
1145,1354,0.1805866485307947,NSGA-II,NSGA-II,20260320,66.00017547607422,2.849721908569336,7.849984645843506,66.47114727794376,2.832480189403234,7.698188801194528,NSGA-II
1146,1354,0.1844951599016355,NSGA-II,NSGA-II,20260320,66.09396362304688,2.84999942779541,7.849987983703613,66.47114727794376,2.832480189403234,7.698188801194528,NSGA-II
1147,1354,0.1808927140995004,NSGA-II,NSGA-II,20260320,66.00016784667969,2.8496556282043457,7.849994659423828,66.47114727794376,2.832480189403234,7.698188801194528,NSGA-II
1148,1354,0.1847942311814553,NSGA-II,NSGA-II,20260320,66.09441375732422,2.849996566772461,7.849989414215088,66.47114727794376,2.832480189403234,7.698188801194528,NSGA-II
1149,1354,0.180211264264633,NSGA-II,NSGA-II,20260320,66.00032806396484,2.8496968746185303,7.849985599517822,66.47114727794376,2.832480189403234,7.698188801194528,NSGA-II
1150,1354,0.1847517691252782,NSGA-II,NSGA-II,20260320,66.0002670288086,2.8499979972839355,7.849597930908203,66.47114727794376,2.832480189403234,7.698188801194528,NSGA-II
1151,1354,0.1749419430443485,NSGA-II,NSGA-II,20260320,66.00390625,2.849891424179077,7.849950790405273,66.47114727794376,2.832480189403234,7.698188801194528,NSGA-II
1152,1354,0.1848056980767857,NSGA-II,NSGA-II,20260320,66.0002670288086,2.849998950958252,7.849575996398926,66.47114727794376,2.832480189403234,7.698188801194528,NSGA-II
1153,1354,0.1718198415531538,NSGA-II,NSGA-II,20260320,66.0718994140625,2.849999189376831,7.849743843078613,66.47114727794376,2.832480189403234,7.698188801194528,NSGA-II
1154,1354,0.1848278396699455,NSGA-II,NSGA-II,20260320,66.0002212524414,2.849971294403076,7.849561214447021,66.47114727794376,2.832480189403234,7.698188801194528,NSGA-II
1155,1354,0.1847960559808932,NSGA-II,NSGA-II,20260320,66.0945816040039,2.849941730499268,7.849989891052246,66.47114727794376,2.832480189403234,7.698188801194528,NSGA-II
1156,1354,0.2018187933220805,NSGA-II,NSGA-II,20260320,66.0007095336914,2.818769216537476,7.849995136260986,66.47114727794376,2.832480189403234,7.698188801194528,NSGA-II
1157,1354,0.2070388970462174,NSGA-II,NSGA-II,20260320,66.00006103515625,2.817556858062744,7.849668502807617,66.47114727794376,2.832480189403234,7.698188801194528,NSGA-II
1158,1354,0.1847528147207209,NSGA-II,NSGA-II,20260320,66.09402465820312,2.849999189376831,7.849981784820557,66.47114727794376,2.832480189403234,7.698188801194528,NSGA-II
1159,1354,0.1810394862497756,NSGA-II,NSGA-II,20260320,66.0,2.8497893810272217,7.849193096160889,66.47114727794376,2.832480189403234,7.698188801194528,NSGA-II
1160,492,0.1961831923648685,NSGA-II,NSGA-II,20260321,66.00520324707031,2.8498666286468506,7.667297840118408,67.85649285408782,2.705952738629579,7.310488137770665,NSGA-II
1161,1136,0.1876401153465831,NSGA-II,NSGA-II,20260321,67.2629623413086,2.840458393096924,7.84999942779541,67.77034921514974,2.7743449901485446,7.675559242863152,NSGA-II
1162,1666,0.1939721448997022,NSGA-II,NSGA-II,20260321,66.00015258789062,2.848807573318481,7.672240734100342,66.0,2.7559002337975285,7.543718963309424,NSGA-II
1163,855,0.2070905330256456,NSGA-II,NSGA-II,20260321,69.10659790039062,2.84999680519104,7.848794937133789,70.75123134727549,2.7830323072224474,7.517872114359973,NSGA-II
1164,855,0.2072431086242673,NSGA-II,NSGA-II,20260321,69.10572052001953,2.849994659423828,7.848949432373047,70.75123134727549,2.7830323072224474,7.517872114359973,NSGA-II
1165,1136,0.1877074694626286,NSGA-II,NSGA-II,20260321,67.26298522949219,2.840462207794189,7.84999942779541,67.77034921514974,2.7743449901485446,7.675559242863152,NSGA-II
1166,492,0.2092460816918065,NSGA-II,NSGA-II,20260321,66.03651428222656,2.8499574661254883,7.686552047729492,67.85649285408782,2.705952738629579,7.310488137770665,NSGA-II
1167,6,0.2084832594881386,NSGA-II,NSGA-II,20260321,66.00968933105469,2.8497321605682373,7.849995136260986,66.4831984979465,2.7473766974527734,7.570828673702016,NSGA-II
1168,1421,0.1647794841740996,NSGA-II,NSGA-II,20260321,68.60585021972656,2.84999418258667,7.837850570678711,69.58920647457832,2.7954423453864186,7.623871419209117,NSGA-II
1169,1666,0.2057344402162675,NSGA-II,NSGA-II,20260321,66.00003051757812,2.839850902557373,7.698588371276855,66.0,2.7559002337975285,7.543718963309424,NSGA-II
1170,1136,0.1876406469232743,NSGA-II,NSGA-II,20260321,67.2629623413086,2.840458393096924,7.84999942779541,67.77034921514974,2.7743449901485446,7.675559242863152,NSGA-II
1171,1258,0.1862756747654343,NSGA-II,NSGA-II,20260321,66.5091323852539,2.8498921394348145,7.837738037109375,67.08642198667172,2.819376718952573,7.775230862544586,NSGA-II
1172,6,0.206200294754712,NSGA-II,NSGA-II,20260321,66.00274658203125,2.842247009277344,7.848923206329346,66.4831984979465,2.7473766974527734,7.570828673702016,NSGA-II
1173,855,0.2070905026317952,NSGA-II,NSGA-II,20260321,69.10659790039062,2.84999680519104,7.848794937133789,70.75123134727549,2.7830323072224474,7.517872114359973,NSGA-II
1174,855,0.2084847088781826,NSGA-II,NSGA-II,20260321,69.09635162353516,2.849776029586792,7.849997043609619,70.75123134727549,2.7830323072224474,7.517872114359973,NSGA-II
1175,1136,0.1876436478601272,NSGA-II,NSGA-II,20260321,67.2629623413086,2.840458393096924,7.84999942779541,67.77034921514974,2.7743449901485446,7.675559242863152,NSGA-II
1176,1421,0.1867514302256155,NSGA-II,NSGA-II,20260321,68.52399444580078,2.8499972820281982,7.834714412689209,69.58920647457832,2.7954423453864186,7.623871419209117,NSGA-II
1177,6,0.200963011460719,NSGA-II,NSGA-II,20260321,66.00006103515625,2.759387254714966,7.849862575531006,66.4831984979465,2.7473766974527734,7.570828673702016,NSGA-II
1178,1666,0.2021195760259069,NSGA-II,NSGA-II,20260321,66.00007629394531,2.846980333328247,7.702840328216553,66.0,2.7559002337975285,7.543718963309424,NSGA-II
1179,1258,0.1862486670559063,NSGA-II,NSGA-II,20260321,66.5092544555664,2.849943161010742,7.837723255157471,67.08642198667172,2.819376718952573,7.775230862544586,NSGA-II
1180,1666,0.207503551665051,NSGA-II,NSGA-II,20260321,66.03266143798828,2.849909543991089,7.705531597137451,66.0,2.7559002337975285,7.543718963309424,NSGA-II
1181,6,0.2090743738334216,NSGA-II,NSGA-II,20260321,66.01612091064453,2.849806070327759,7.849107265472412,66.4831984979465,2.7473766974527734,7.570828673702016,NSGA-II
1182,6,0.1926481936091741,NSGA-II,NSGA-II,20260321,66.12076568603516,2.764891624450684,7.849996089935303,66.4831984979465,2.7473766974527734,7.570828673702016,NSGA-II
1183,1136,0.1877067933038718,NSGA-II,NSGA-II,20260321,67.26298522949219,2.840462207794189,7.84999942779541,67.77034921514974,2.7743449901485446,7.675559242863152,NSGA-II
1184,6,0.2047824733592551,NSGA-II,NSGA-II,20260321,66.00455474853516,2.84624457359314,7.8499579429626465,66.4831984979465,2.7473766974527734,7.570828673702016,NSGA-II
1185,492,0.2083798464931995,NSGA-II,NSGA-II,20260321,66.04999542236328,2.8499956130981445,7.681038379669189,67.85649285408782,2.705952738629579,7.310488137770665,NSGA-II
1186,1666,0.2019990911259469,NSGA-II,NSGA-II,20260321,66.0000991821289,2.846877336502075,7.702869415283203,66.0,2.7559002337975285,7.543718963309424,NSGA-II
1187,1666,0.2071662429349993,NSGA-II,NSGA-II,20260321,66.00020599365234,2.849764108657837,7.70817756652832,66.0,2.7559002337975285,7.543718963309424,NSGA-II
1188,6,0.2075370124984615,NSGA-II,NSGA-II,20260321,66.02629852294922,2.8498547077178955,7.848106384277344,66.4831984979465,2.7473766974527734,7.570828673702016,NSGA-II
1189,492,0.1959165478747438,NSGA-II,NSGA-II,20260321,66.00409698486328,2.8498682975769043,7.667283058166504,67.85649285408782,2.705952738629579,7.310488137770665,NSGA-II
1190,6,0.1931680858777121,NSGA-II,NSGA-II,20260321,66.00009155273438,2.7618417739868164,7.847983837127685,66.4831984979465,2.7473766974527734,7.570828673702016,NSGA-II
1191,1258,0.1833441639025989,NSGA-II,NSGA-II,20260321,66.51154327392578,2.8499934673309326,7.837323188781738,67.08642198667172,2.819376718952573,7.775230862544586,NSGA-II
1192,6,0.2043526507661732,NSGA-II,NSGA-II,20260321,66.00431060791016,2.8459880352020264,7.849419593811035,66.4831984979465,2.7473766974527734,7.570828673702016,NSGA-II
1193,1136,0.1877074835773964,NSGA-II,NSGA-II,20260321,67.26298522949219,2.840462207794189,7.84999942779541,67.77034921514974,2.7743449901485446,7.675559242863152,NSGA-II
1194,6,0.202412380377484,NSGA-II,NSGA-II,20260321,66.00000762939453,2.8306331634521484,7.830004692077637,66.4831984979465,2.7473766974527734,7.570828673702016,NSGA-II
1195,1136,0.1877067791892608,NSGA-II,NSGA-II,20260321,67.26298522949219,2.840462207794189,7.84999942779541,67.77034921514974,2.7743449901485446,7.675559242863152,NSGA-II
1196,1136,0.1685279562605179,NSGA-II,NSGA-II,20260321,67.144775390625,2.849942445755005,7.849579811096191,67.77034921514974,2.7743449901485446,7.675559242863152,NSGA-II
1197,1666,0.2077444996529003,NSGA-II,NSGA-II,20260321,66.00357055664062,2.8497586250305176,7.70840311050415,66.0,2.7559002337975285,7.543718963309424,NSGA-II
1198,6,0.2055809893661623,NSGA-II,NSGA-II,20260321,66.00004577636719,2.832763910293579,7.843119144439697,66.4831984979465,2.7473766974527734,7.570828673702016,NSGA-II
1199,1666,0.1915618718735646,NSGA-II,NSGA-II,20260321,66.0,2.820082187652588,7.650514602661133,66.0,2.7559002337975285,7.543718963309424,NSGA-II
1200,1136,0.2098486078181853,NSGA-II,NSGA-II,20260321,67.06111907958984,2.8499913215637207,7.849535942077637,67.77034921514974,2.7743449901485446,7.675559242863152,NSGA-II
1201,1258,0.1862756541202456,NSGA-II,NSGA-II,20260321,66.5091323852539,2.8498921394348145,7.837738037109375,67.08642198667172,2.819376718952573,7.775230862544586,NSGA-II
1202,6,0.209568469819255,NSGA-II,NSGA-II,20260321,66.00022888183594,2.83643102645874,7.841920852661133,66.4831984979465,2.7473766974527734,7.570828673702016,NSGA-II
1203,492,0.2083402260431579,NSGA-II,NSGA-II,20260321,66.05009460449219,2.8499984741210938,7.681084156036377,67.85649285408782,2.705952738629579,7.310488137770665,NSGA-II
1204,6,0.1985152252283879,NSGA-II,NSGA-II,20260321,66.24716186523438,2.849975824356079,7.738358020782471,66.4831984979465,2.7473766974527734,7.570828673702016,NSGA-II
1205,6,0.2057560012791334,NSGA-II,NSGA-II,20260321,66.1787109375,2.8499643802642822,7.730249404907227,66.4831984979465,2.7473766974527734,7.570828673702016,NSGA-II
1206,6,0.2042260394707388,NSGA-II,NSGA-II,20260321,66.0003662109375,2.8466920852661133,7.848902702331543,66.4831984979465,2.7473766974527734,7.570828673702016,NSGA-II
1207,517,0.194414814207356,NSGA-II,NSGA-II,20260321,68.20708465576172,2.849799156188965,7.849932193756103,69.53824429258862,2.6902669587616006,7.526547434223582,NSGA-II
1208,1258,0.1833441643156368,NSGA-II,NSGA-II,20260321,66.51154327392578,2.8499934673309326,7.837323188781738,67.08642198667172,2.819376718952573,7.775230862544586,NSGA-II
1209,855,0.2072431203714947,NSGA-II,NSGA-II,20260321,69.10572052001953,2.849994659423828,7.848949432373047,70.75123134727549,2.7830323072224474,7.517872114359973,NSGA-II
1210,492,0.2103351710331833,NSGA-II,NSGA-II,20260321,66.02692413330078,2.849948644638061,7.688652515411377,67.85649285408782,2.705952738629579,7.310488137770665,NSGA-II
1211,1421,0.1642924008351734,NSGA-II,NSGA-II,20260321,68.6083984375,2.849998950958252,7.837927341461182,69.58920647457832,2.7954423453864186,7.623871419209117,NSGA-II
1212,517,0.188274278774201,NSGA-II,NSGA-II,20260321,68.22444152832031,2.8499915599823,7.84825849533081,69.53824429258862,2.6902669587616006,7.526547434223582,NSGA-II
1213,1666,0.2070444579467694,NSGA-II,NSGA-II,20260321,66.00019073486328,2.849682092666626,7.708235263824463,66.0,2.7559002337975285,7.543718963309424,NSGA-II
1214,1421,0.1647881700714047,NSGA-II,NSGA-II,20260321,68.60581970214844,2.849991798400879,7.83786153793335,69.58920647457832,2.7954423453864186,7.623871419209117,NSGA-II
1215,905,0.1933090702544631,NSGA-II,NSGA-II,20260321,68.222900390625,2.8499577045440674,7.849808692932129,69.76063360965985,2.792191183612434,7.587545962059162,NSGA-II
1216,1136,0.1877068141062891,NSGA-II,NSGA-II,20260321,67.26298522949219,2.840462207794189,7.84999942779541,67.77034921514974,2.7743449901485446,7.675559242863152,NSGA-II
1217,1136,0.187707434545233,NSGA-II,NSGA-II,20260321,67.26298522949219,2.840462207794189,7.84999942779541,67.77034921514974,2.7743449901485446,7.675559242863152,NSGA-II
1218,6,0.2060465917460621,NSGA-II,NSGA-II,20260321,66.00018310546875,2.833059072494507,7.836331367492676,66.4831984979465,2.7473766974527734,7.570828673702016,NSGA-II
1219,1136,0.1876397386310703,NSGA-II,NSGA-II,20260321,67.2629623413086,2.840458393096924,7.84999942779541,67.77034921514974,2.7743449901485446,7.675559242863152,NSGA-II
1220,1666,0.2050435684080595,NSGA-II,NSGA-II,20260321,66.00172424316406,2.8478684425354004,7.709010601043701,66.0,2.7559002337975285,7.543718963309424,NSGA-II
1221,1136,0.1877074340272148,NSGA-II,NSGA-II,20260321,67.26298522949219,2.840462207794189,7.84999942779541,67.77034921514974,2.7743449901485446,7.675559242863152,NSGA-II
1222,1432,0.2075597784748141,NSGA-II,NSGA-II,20260321,66.0000991821289,2.801992177963257,7.849730491638184,67.50291577688535,2.6885527547141046,7.507864757973166,NSGA-II
1223,1136,0.1877074546062433,NSGA-II,NSGA-II,20260321,67.26298522949219,2.840462207794189,7.84999942779541,67.77034921514974,2.7743449901485446,7.675559242863152,NSGA-II
1224,1421,0.1642923100423531,NSGA-II,NSGA-II,20260321,68.6083984375,2.849998950958252,7.837926864624023,69.58920647457832,2.7954423453864186,7.623871419209117,NSGA-II
1225,1666,0.1914881061487612,NSGA-II,NSGA-II,20260321,66.0,2.819987297058105,7.650501728057861,66.0,2.7559002337975285,7.543718963309424,NSGA-II
1226,1666,0.1631890522447709,NSGA-II,NSGA-II,20260321,66.00000762939453,2.7349629402160645,7.693175792694092,66.0,2.7559002337975285,7.543718963309424,NSGA-II
1227,1136,0.187707990360915,NSGA-II,NSGA-II,20260321,67.26298522949219,2.8404619693756104,7.84999942779541,67.77034921514974,2.7743449901485446,7.675559242863152,NSGA-II
1228,855,0.2070904908757961,NSGA-II,NSGA-II,20260321,69.10659790039062,2.849996566772461,7.848794937133789,70.75123134727549,2.7830323072224474,7.517872114359973,NSGA-II
1229,1666,0.1915557628617771,NSGA-II,NSGA-II,20260321,66.00006103515625,2.8200180530548096,7.650471210479736,66.0,2.7559002337975285,7.543718963309424,NSGA-II
1230,6,0.1985152569539297,NSGA-II,NSGA-II,20260321,66.2471694946289,2.8499755859375,7.738357067108154,66.4831984979465,2.7473766974527734,7.570828673702016,NSGA-II
1231,1258,0.1863376429991806,NSGA-II,NSGA-II,20260321,66.51081848144531,2.849447965621948,7.837141036987305,67.08642198667172,2.819376718952573,7.775230862544586,NSGA-II
1232,517,0.194436484762647,NSGA-II,NSGA-II,20260321,68.19889068603516,2.8493127822875977,7.849935531616211,69.53824429258862,2.6902669587616006,7.526547434223582,NSGA-II
1233,6,0.206264632015925,NSGA-II,NSGA-II,20260321,66.125,2.766188383102417,7.849845886230469,66.4831984979465,2.7473766974527734,7.570828673702016,NSGA-II
1234,430,0.2103664870236294,NSGA-II,NSGA-II,20260321,66.00004577636719,2.792026996612549,7.837796211242676,68.02653229209818,2.6437014804121417,7.36053284940597,NSGA-II
1235,1136,0.1877075931900016,NSGA-II,NSGA-II,20260321,67.26298522949219,2.840462207794189,7.849998950958252,67.77034921514974,2.7743449901485446,7.675559242863152,NSGA-II
1236,1136,0.2106732127772677,NSGA-II,NSGA-II,20260321,67.05972290039062,2.849717617034912,7.848129749298096,67.77034921514974,2.7743449901485446,7.675559242863152,NSGA-II
1237,1666,0.1914948587837958,NSGA-II,NSGA-II,20260321,66.00006866455078,2.820046186447144,7.650529861450195,66.0,2.7559002337975285,7.543718963309424,NSGA-II
1238,1666,0.1631738997644794,NSGA-II,NSGA-II,20260321,66.0000228881836,2.7350430488586426,7.693132400512695,66.0,2.7559002337975285,7.543718963309424,NSGA-II
1239,1258,0.18590136755036,NSGA-II,NSGA-II,20260321,66.51422882080078,2.8498289585113525,7.83792781829834,67.08642198667172,2.819376718952573,7.775230862544586,NSGA-II
1240,1666,0.2050398685000867,NSGA-II,NSGA-II,20260321,66.00202178955078,2.8478593826293945,7.708996772766113,66.0,2.7559002337975285,7.543718963309424,NSGA-II
1241,492,0.2083536035254439,NSGA-II,NSGA-II,20260321,66.05060577392578,2.849996328353882,7.680990219116211,67.85649285408782,2.705952738629579,7.310488137770665,NSGA-II
1242,1432,0.2076044567309616,NSGA-II,NSGA-II,20260321,66.00279235839844,2.801818609237671,7.849562644958496,67.50291577688535,2.6885527547141046,7.507864757973166,NSGA-II
1243,855,0.2084162584309583,NSGA-II,NSGA-II,20260321,69.09645080566406,2.8497960567474365,7.849921226501465,70.75123134727549,2.7830323072224474,7.517872114359973,NSGA-II
1244,1666,0.1914883579029921,NSGA-II,NSGA-II,20260321,66.0,2.819987297058105,7.650501728057861,66.0,2.7559002337975285,7.543718963309424,NSGA-II
1245,492,0.1959163144799486,NSGA-II,NSGA-II,20260321,66.00409698486328,2.849868059158325,7.667283058166504,67.85649285408782,2.705952738629579,7.310488137770665,NSGA-II
1246,6,0.1936747066908764,NSGA-II,NSGA-II,20260321,66.00012969970703,2.75015926361084,7.848757266998291,66.4831984979465,2.7473766974527734,7.570828673702016,NSGA-II
1247,6,0.2055118916180688,NSGA-II,NSGA-II,20260321,66.00023651123047,2.832648038864136,7.84310245513916,66.4831984979465,2.7473766974527734,7.570828673702016,NSGA-II
1248,905,0.1944860550897384,NSGA-II,NSGA-II,20260321,68.21624755859375,2.8499763011932373,7.849287986755371,69.76063360965985,2.792191183612434,7.587545962059162,NSGA-II
1249,1421,0.1651472072721078,NSGA-II,NSGA-II,20260321,68.60395050048828,2.849981546401977,7.837810039520264,69.58920647457832,2.7954423453864186,7.623871419209117,NSGA-II
1250,6,0.2013462340895825,NSGA-II,NSGA-II,20260321,66.00130462646484,2.759082317352295,7.849425315856934,66.4831984979465,2.7473766974527734,7.570828673702016,NSGA-II
1251,6,0.1922094854012696,NSGA-II,NSGA-II,20260321,66.00790405273438,2.7516589164733887,7.849872589111328,66.4831984979465,2.7473766974527734,7.570828673702016,NSGA-II
1252,1432,0.2075386898531893,NSGA-II,NSGA-II,20260321,66.00096130371094,2.801213264465332,7.84925651550293,67.50291577688535,2.6885527547141046,7.507864757973166,NSGA-II
1253,6,0.1980298416507051,NSGA-II,NSGA-II,20260321,66.00022888183594,2.7626049518585205,7.844221591949463,66.4831984979465,2.7473766974527734,7.570828673702016,NSGA-II
1254,1136,0.1831276758237972,NSGA-II,NSGA-II,20260321,67.10787963867188,2.8374266624450684,7.849882125854492,67.77034921514974,2.7743449901485446,7.675559242863152,NSGA-II
1255,1136,0.1879753444003543,NSGA-II,NSGA-II,20260321,67.26217651367188,2.841087818145752,7.849743843078613,67.77034921514974,2.7743449901485446,7.675559242863152,NSGA-II
1256,1666,0.2053575269294359,NSGA-II,NSGA-II,20260321,66.00493621826172,2.849713087081909,7.70479154586792,66.0,2.7559002337975285,7.543718963309424,NSGA-II
1257,1136,0.2048298280476406,NSGA-II,NSGA-II,20260321,67.17694854736328,2.833589553833008,7.849934101104736,67.77034921514974,2.7743449901485446,7.675559242863152,NSGA-II
1258,6,0.2043249947285343,NSGA-II,NSGA-II,20260321,66.00439453125,2.8459787368774414,7.849413394927978,66.4831984979465,2.7473766974527734,7.570828673702016,NSGA-II
1259,6,0.2087195893693669,NSGA-II,NSGA-II,20260321,66.00291442871094,2.835267782211304,7.84088659286499,66.4831984979465,2.7473766974527734,7.570828673702016,NSGA-II
1260,266,0.1848848026522973,NSGA-II,NSGA-II,20260322,66.0556411743164,2.849953413009644,7.84999942779541,67.08418586439507,2.768712800732241,7.629817089004664,NSGA-II
1261,266,0.163972167757271,NSGA-II,NSGA-II,20260322,66.00008392333984,2.84177041053772,7.849998950958252,67.08418586439507,2.768712800732241,7.629817089004664,NSGA-II
1262,266,0.1793969751146484,NSGA-II,NSGA-II,20260322,66.01464080810547,2.8496978282928467,7.849998950958252,67.08418586439507,2.768712800732241,7.629817089004664,NSGA-II
1263,266,0.1798183031595279,NSGA-II,NSGA-II,20260322,66.01188659667969,2.849950790405273,7.849998474121094,67.08418586439507,2.768712800732241,7.629817089004664,NSGA-II
1264,266,0.1841459018336083,NSGA-II,NSGA-II,20260322,66.05606079101562,2.849990129470825,7.849997043609619,67.08418586439507,2.768712800732241,7.629817089004664,NSGA-II
1265,266,0.1635540839407593,NSGA-II,NSGA-II,20260322,66.0,2.8432867527008057,7.849973201751709,67.08418586439507,2.768712800732241,7.629817089004664,NSGA-II
1266,266,0.1791763453039628,NSGA-II,NSGA-II,20260322,66.04887390136719,2.849716901779175,7.849999904632568,67.08418586439507,2.768712800732241,7.629817089004664,NSGA-II
1267,266,0.1848280464351614,NSGA-II,NSGA-II,20260322,66.05558013916016,2.84995174407959,7.849997997283935,67.08418586439507,2.768712800732241,7.629817089004664,NSGA-II
1268,266,0.163972167754352,NSGA-II,NSGA-II,20260322,66.00008392333984,2.84177041053772,7.849998950958252,67.08418586439507,2.768712800732241,7.629817089004664,NSGA-II
1269,266,0.1800250597441949,NSGA-II,NSGA-II,20260322,66.0,2.84944748878479,7.8499274253845215,67.08418586439507,2.768712800732241,7.629817089004664,NSGA-II
1270,266,0.175759412609843,NSGA-II,NSGA-II,20260322,66.02587127685547,2.8499999046325684,7.84996223449707,67.08418586439507,2.768712800732241,7.629817089004664,NSGA-II
1271,266,0.1758909367443285,NSGA-II,NSGA-II,20260322,66.00155639648438,2.8499956130981445,7.849989891052246,67.08418586439507,2.768712800732241,7.629817089004664,NSGA-II
1272,266,0.1788303451700753,NSGA-II,NSGA-II,20260322,66.0091552734375,2.8492255210876465,7.849999904632568,67.08418586439507,2.768712800732241,7.629817089004664,NSGA-II
1273,266,0.1848853081799824,NSGA-II,NSGA-II,20260322,66.05558776855469,2.8499574661254883,7.849997520446777,67.08418586439507,2.768712800732241,7.629817089004664,NSGA-II
1274,266,0.1760938497734294,NSGA-II,NSGA-II,20260322,66.0,2.8497235774993896,7.848817348480225,67.08418586439507,2.768712800732241,7.629817089004664,NSGA-II
1275,266,0.1640145814439991,NSGA-II,NSGA-II,20260322,66.00006866455078,2.845050096511841,7.849997520446777,67.08418586439507,2.768712800732241,7.629817089004664,NSGA-II
1276,266,0.179823177906031,NSGA-II,NSGA-II,20260322,66.00801086425781,2.8495359420776367,7.849997520446777,67.08418586439507,2.768712800732241,7.629817089004664,NSGA-II
1277,266,0.1640033926533199,NSGA-II,NSGA-II,20260322,66.00001525878906,2.845088481903076,7.849990367889404,67.08418586439507,2.768712800732241,7.629817089004664,NSGA-II
1278,266,0.184895087640372,NSGA-II,NSGA-II,20260322,66.0562515258789,2.8499999046325684,7.849966526031494,67.08418586439507,2.768712800732241,7.629817089004664,NSGA-II
1279,266,0.1757593957313947,NSGA-II,NSGA-II,20260322,66.02587127685547,2.8499999046325684,7.84996223449707,67.08418586439507,2.768712800732241,7.629817089004664,NSGA-II
1280,266,0.1757593722664262,NSGA-II,NSGA-II,20260322,66.02587127685547,2.8499999046325684,7.84996223449707,67.08418586439507,2.768712800732241,7.629817089004664,NSGA-II
1281,266,0.1757668723324813,NSGA-II,NSGA-II,20260322,66.02586364746094,2.849995851516724,7.849960327148437,67.08418586439507,2.768712800732241,7.629817089004664,NSGA-II
1282,266,0.1640145341165851,NSGA-II,NSGA-II,20260322,66.00006866455078,2.845050096511841,7.849997520446777,67.08418586439507,2.768712800732241,7.629817089004664,NSGA-II
1283,266,0.1841231067035873,NSGA-II,NSGA-II,20260322,66.0560531616211,2.849989175796509,7.849997520446777,67.08418586439507,2.768712800732241,7.629817089004664,NSGA-II
1284,266,0.1760385943426356,NSGA-II,NSGA-II,20260322,66.00003814697266,2.849782466888428,7.84993839263916,67.08418586439507,2.768712800732241,7.629817089004664,NSGA-II
1285,266,0.1757262990287163,NSGA-II,NSGA-II,20260322,66.00089263916016,2.8499984741210938,7.849895477294922,67.08418586439507,2.768712800732241,7.629817089004664,NSGA-II
1286,266,0.1848584626001158,NSGA-II,NSGA-II,20260322,66.055419921875,2.849998235702514,7.849993705749512,67.08418586439507,2.768712800732241,7.629817089004664,NSGA-II
1287,266,0.164010979662378,NSGA-II,NSGA-II,20260322,66.00006866455078,2.845052480697632,7.849995613098144,67.08418586439507,2.768712800732241,7.629817089004664,NSGA-II
1288,266,0.1755270235665722,NSGA-II,NSGA-II,20260322,66.0014419555664,2.84997296333313,7.849996566772461,67.08418586439507,2.768712800732241,7.629817089004664,NSGA-II
1289,266,0.1788303807623962,NSGA-II,NSGA-II,20260322,66.0091552734375,2.8492255210876465,7.849999904632568,67.08418586439507,2.768712800732241,7.629817089004664,NSGA-II
1290,266,0.1741537831035192,NSGA-II,NSGA-II,20260322,66.0000228881836,2.848827362060547,7.849937438964844,67.08418586439507,2.768712800732241,7.629817089004664,NSGA-II
1291,266,0.1629568203622799,NSGA-II,NSGA-II,20260322,66.00001525878906,2.849999189376831,7.846668720245361,67.08418586439507,2.768712800732241,7.629817089004664,NSGA-II
1292,266,0.176152698249014,NSGA-II,NSGA-II,20260322,66.00017547607422,2.849989414215088,7.849930763244629,67.08418586439507,2.768712800732241,7.629817089004664,NSGA-II
1293,266,0.1637570440831726,NSGA-II,NSGA-II,20260322,66.0000228881836,2.8418147563934326,7.849996566772461,67.08418586439507,2.768712800732241,7.629817089004664,NSGA-II
1294,266,0.1639982443798673,NSGA-II,NSGA-II,20260322,66.00003814697266,2.84175992012024,7.84999942779541,67.08418586439507,2.768712800732241,7.629817089004664,NSGA-II
1295,266,0.1762477210992292,NSGA-II,NSGA-II,20260322,66.00112915039062,2.849998235702514,7.849942684173584,67.08418586439507,2.768712800732241,7.629817089004664,NSGA-II
1296,266,0.1773270285213008,NSGA-II,NSGA-II,20260322,66.00043487548828,2.849987506866455,7.8499884605407715,67.08418586439507,2.768712800732241,7.629817089004664,NSGA-II
1297,266,0.1760814964843125,NSGA-II,NSGA-II,20260322,66.00019836425781,2.8498034477233887,7.84999418258667,67.08418586439507,2.768712800732241,7.629817089004664,NSGA-II
1298,266,0.1744028468596652,NSGA-II,NSGA-II,20260322,66.00000762939453,2.848806142807007,7.849959850311279,67.08418586439507,2.768712800732241,7.629817089004664,NSGA-II
1299,266,0.1741281536972134,NSGA-II,NSGA-II,20260322,66.0000991821289,2.8486969470977783,7.849999904632568,67.08418586439507,2.768712800732241,7.629817089004664,NSGA-II
1300,266,0.1640145198295729,NSGA-II,NSGA-II,20260322,66.00006866455078,2.845050096511841,7.849997520446777,67.08418586439507,2.768712800732241,7.629817089004664,NSGA-II
1301,266,0.1744030624692761,NSGA-II,NSGA-II,20260322,66.00000762939453,2.848806142807007,7.849959850311279,67.08418586439507,2.768712800732241,7.629817089004664,NSGA-II
1302,266,0.1760384788807781,NSGA-II,NSGA-II,20260322,66.00004577636719,2.8499996662139893,7.849874019622803,67.08418586439507,2.768712800732241,7.629817089004664,NSGA-II
1303,266,0.1800230310343859,NSGA-II,NSGA-II,20260322,66.0000228881836,2.8494465351104736,7.849928379058838,67.08418586439507,2.768712800732241,7.629817089004664,NSGA-II
1304,266,0.1841562457717113,NSGA-II,NSGA-II,20260322,66.05610656738281,2.8499867916107178,7.849998950958252,67.08418586439507,2.768712800732241,7.629817089004664,NSGA-II
1305,266,0.1752623455710922,NSGA-II,NSGA-II,20260322,66.00019073486328,2.849993705749512,7.849939346313477,67.08418586439507,2.768712800732241,7.629817089004664,NSGA-II
1306,266,0.1848946029389975,NSGA-II,NSGA-II,20260322,66.05623626708984,2.8499984741210938,7.849968910217285,67.08418586439507,2.768712800732241,7.629817089004664,NSGA-II
1307,266,0.1761024071249192,NSGA-II,NSGA-II,20260322,66.00019073486328,2.8497371673583984,7.849996089935303,67.08418586439507,2.768712800732241,7.629817089004664,NSGA-II
1308,266,0.1849054612261525,NSGA-II,NSGA-II,20260322,66.0556640625,2.8499553203582764,7.849998474121094,67.08418586439507,2.768712800732241,7.629817089004664,NSGA-II
1309,266,0.1848823853138045,NSGA-II,NSGA-II,20260322,66.05624389648438,2.8499996662139893,7.849968433380127,67.08418586439507,2.768712800732241,7.629817089004664,NSGA-II
1310,266,0.1741273918109988,NSGA-II,NSGA-II,20260322,66.0001220703125,2.8487019538879395,7.849993705749512,67.08418586439507,2.768712800732241,7.629817089004664,NSGA-II
1311,266,0.1639956650884609,NSGA-II,NSGA-II,20260322,66.0000228881836,2.845088243484497,7.849992752075195,67.08418586439507,2.768712800732241,7.629817089004664,NSGA-II
1312,266,0.176160626209012,NSGA-II,NSGA-II,20260322,66.00028228759766,2.8499951362609863,7.849926471710205,67.08418586439507,2.768712800732241,7.629817089004664,NSGA-II
1313,266,0.1640016653274324,NSGA-II,NSGA-II,20260322,66.00008392333984,2.845059394836426,7.849994659423828,67.08418586439507,2.768712800732241,7.629817089004664,NSGA-II
1314,266,0.176037432427366,NSGA-II,NSGA-II,20260322,66.00003814697266,2.8499984741210938,7.849871635437012,67.08418586439507,2.768712800732241,7.629817089004664,NSGA-II
1315,266,0.1798093453261448,NSGA-II,NSGA-II,20260322,66.00816345214844,2.849537849426269,7.84999942779541,67.08418586439507,2.768712800732241,7.629817089004664,NSGA-II
1316,266,0.1760905023257894,NSGA-II,NSGA-II,20260322,66.00003814697266,2.8497793674468994,7.849992275238037,67.08418586439507,2.768712800732241,7.629817089004664,NSGA-II
1317,266,0.176064487347245,NSGA-II,NSGA-II,20260322,66.00000762939453,2.8499951362609863,7.849761486053467,67.08418586439507,2.768712800732241,7.629817089004664,NSGA-II
1318,266,0.1788303496128645,NSGA-II,NSGA-II,20260322,66.0091552734375,2.8492255210876465,7.849999904632568,67.08418586439507,2.768712800732241,7.629817089004664,NSGA-II
1319,266,0.1744125604057772,NSGA-II,NSGA-II,20260322,66.00001525878906,2.848825693130493,7.849973678588867,67.08418586439507,2.768712800732241,7.629817089004664,NSGA-II
1320,266,0.1757244714767655,NSGA-II,NSGA-II,20260322,66.00090026855469,2.849998950958252,7.8498969078063965,67.08418586439507,2.768712800732241,7.629817089004664,NSGA-II
1321,266,0.1757601558880536,NSGA-II,NSGA-II,20260322,66.02587890625,2.8499996662139893,7.84996223449707,67.08418586439507,2.768712800732241,7.629817089004664,NSGA-II
1322,266,0.1629567896708286,NSGA-II,NSGA-II,20260322,66.00003051757812,2.849998950958252,7.846667289733887,67.08418586439507,2.768712800732241,7.629817089004664,NSGA-II
1323,266,0.1639583295816533,NSGA-II,NSGA-II,20260322,66.0,2.8417775630950928,7.849937438964844,67.08418586439507,2.768712800732241,7.629817089004664,NSGA-II
1324,266,0.1788305168860947,NSGA-II,NSGA-II,20260322,66.0091552734375,2.84922456741333,7.849999904632568,67.08418586439507,2.768712800732241,7.629817089004664,NSGA-II
1325,266,0.1848951027787403,NSGA-II,NSGA-II,20260322,66.05625915527344,2.8499996662139893,7.849966049194336,67.08418586439507,2.768712800732241,7.629817089004664,NSGA-II
1326,266,0.1639991060376856,NSGA-II,NSGA-II,20260322,66.00003814697266,2.84175968170166,7.84999942779541,67.08418586439507,2.768712800732241,7.629817089004664,NSGA-II
1327,266,0.1796457334414644,NSGA-II,NSGA-II,20260322,66.00851440429688,2.8499977588653564,7.848446846008301,67.08418586439507,2.768712800732241,7.629817089004664,NSGA-II
1328,266,0.1789671466504646,NSGA-II,NSGA-II,20260322,66.04795837402344,2.849740028381348,7.849998474121094,67.08418586439507,2.768712800732241,7.629817089004664,NSGA-II
1329,266,0.1805892386281476,NSGA-II,NSGA-II,20260322,66.0218505859375,2.849998950958252,7.84926700592041,67.08418586439507,2.768712800732241,7.629817089004664,NSGA-II
1330,266,0.1640166447073515,NSGA-II,NSGA-II,20260322,66.00003814697266,2.845041036605835,7.849979877471924,67.08418586439507,2.768712800732241,7.629817089004664,NSGA-II
1331,266,0.1637451268625411,NSGA-II,NSGA-II,20260322,66.0000228881836,2.841818332672119,7.849991798400879,67.08418586439507,2.768712800732241,7.629817089004664,NSGA-II
1332,266,0.1756294934442614,NSGA-II,NSGA-II,20260322,66.00022888183594,2.8465285301208496,7.849995136260986,67.08418586439507,2.768712800732241,7.629817089004664,NSGA-II
1333,266,0.1758416160597082,NSGA-II,NSGA-II,20260322,66.0,2.84936261177063,7.848790168762207,67.08418586439507,2.768712800732241,7.629817089004664,NSGA-II
1334,266,0.1761912840927155,NSGA-II,NSGA-II,20260322,66.00071716308594,2.847843885421753,7.84999942779541,67.08418586439507,2.768712800732241,7.629817089004664,NSGA-II
1335,266,0.1798943395675044,NSGA-II,NSGA-II,20260322,66.01188659667969,2.849944829940796,7.849997997283935,67.08418586439507,2.768712800732241,7.629817089004664,NSGA-II
1336,266,0.1760642755367883,NSGA-II,NSGA-II,20260322,66.00000762939453,2.8499934673309326,7.849760055541992,67.08418586439507,2.768712800732241,7.629817089004664,NSGA-II
1337,266,0.163981971740246,NSGA-II,NSGA-II,20260322,66.00006866455078,2.845099687576294,7.849989414215088,67.08418586439507,2.768712800732241,7.629817089004664,NSGA-II
1338,266,0.1755445886619501,NSGA-II,NSGA-II,20260322,66.00189971923828,2.84997034072876,7.849956512451172,67.08418586439507,2.768712800732241,7.629817089004664,NSGA-II
1339,266,0.1742591633126069,NSGA-II,NSGA-II,20260322,66.0003890991211,2.848491668701172,7.849998950958252,67.08418586439507,2.768712800732241,7.629817089004664,NSGA-II
1340,266,0.1796385255630019,NSGA-II,NSGA-II,20260322,66.0086669921875,2.8499996662139893,7.848448276519775,67.08418586439507,2.768712800732241,7.629817089004664,NSGA-II
1341,266,0.1757273520223423,NSGA-II,NSGA-II,20260322,66.00092315673828,2.8499972820281982,7.849893569946289,67.08418586439507,2.768712800732241,7.629817089004664,NSGA-II
1342,266,0.1807052551343917,NSGA-II,NSGA-II,20260322,66.01020812988281,2.8493072986602783,7.84999942779541,67.08418586439507,2.768712800732241,7.629817089004664,NSGA-II
1343,266,0.174381245367264,NSGA-II,NSGA-II,20260322,66.00005340576172,2.8488259315490723,7.849948883056641,67.08418586439507,2.768712800732241,7.629817089004664,NSGA-II
1344,266,0.1787900266380062,NSGA-II,NSGA-II,20260322,66.00914764404297,2.849220991134644,7.84999942779541,67.08418586439507,2.768712800732241,7.629817089004664,NSGA-II
1345,266,0.174125024913495,NSGA-II,NSGA-II,20260322,66.00004577636719,2.84874963760376,7.849973678588867,67.08418586439507,2.768712800732241,7.629817089004664,NSGA-II
1346,266,0.1797716192923636,NSGA-II,NSGA-II,20260322,66.0113525390625,2.8499584197998047,7.849993705749512,67.08418586439507,2.768712800732241,7.629817089004664,NSGA-II
1347,266,0.1788343321036196,NSGA-II,NSGA-II,20260322,66.00916290283203,2.849226474761963,7.84999942779541,67.08418586439507,2.768712800732241,7.629817089004664,NSGA-II
1348,266,0.1760803346359323,NSGA-II,NSGA-II,20260322,66.00074005126953,2.849774122238159,7.849939346313477,67.08418586439507,2.768712800732241,7.629817089004664,NSGA-II
1349,266,0.1761626535114112,NSGA-II,NSGA-II,20260322,66.00035858154297,2.849989891052246,7.84991455078125,67.08418586439507,2.768712800732241,7.629817089004664,NSGA-II
1350,266,0.1787900221939441,NSGA-II,NSGA-II,20260322,66.00914764404297,2.849220991134644,7.84999942779541,67.08418586439507,2.768712800732241,7.629817089004664,NSGA-II
1351,266,0.1639947477158181,NSGA-II,NSGA-II,20260322,66.00004577636719,2.8450934886932373,7.849986553192139,67.08418586439507,2.768712800732241,7.629817089004664,NSGA-II
1352,266,0.1741442739072181,NSGA-II,NSGA-II,20260322,66.00000762939453,2.84880805015564,7.849924087524414,67.08418586439507,2.768712800732241,7.629817089004664,NSGA-II
1353,266,0.176090737702276,NSGA-II,NSGA-II,20260322,66.00011444091797,2.849773406982422,7.84998083114624,67.08418586439507,2.768712800732241,7.629817089004664,NSGA-II
1354,266,0.1741177783086391,NSGA-II,NSGA-II,20260322,66.00008392333984,2.848771810531616,7.849974155426025,67.08418586439507,2.768712800732241,7.629817089004664,NSGA-II
1355,266,0.175474039798767,NSGA-II,NSGA-II,20260322,66.00032806396484,2.8487844467163086,7.849995136260986,67.08418586439507,2.768712800732241,7.629817089004664,NSGA-II
1356,266,0.1741580353388181,NSGA-II,NSGA-II,20260322,66.00004577636719,2.8488082885742188,7.849942684173584,67.08418586439507,2.768712800732241,7.629817089004664,NSGA-II
1357,266,0.1741080795325565,NSGA-II,NSGA-II,20260322,66.00012969970703,2.8487744331359863,7.849991321563721,67.08418586439507,2.768712800732241,7.629817089004664,NSGA-II
1358,266,0.1741103147329157,NSGA-II,NSGA-II,20260322,66.0000228881836,2.8487980365753174,7.849963665008545,67.08418586439507,2.768712800732241,7.629817089004664,NSGA-II
1359,266,0.1741755244162266,NSGA-II,NSGA-II,20260322,66.00003814697266,2.848802328109741,7.849939346313477,67.08418586439507,2.768712800732241,7.629817089004664,NSGA-II
1360,784,0.1986891158843895,NSGA-II,NSGA-II,20260323,66.08372497558594,2.8499999046325684,7.84789514541626,68.16120159933843,2.7251105517510363,7.553215822775918,NSGA-II
1361,784,0.2031845891287448,NSGA-II,NSGA-II,20260323,66.06626892089844,2.8499996662139893,7.847723484039307,68.16120159933843,2.7251105517510363,7.553215822775918,NSGA-II
1362,784,0.1985374045879148,NSGA-II,NSGA-II,20260323,66.08448028564453,2.8499999046325684,7.847902297973633,68.16120159933843,2.7251105517510363,7.553215822775918,NSGA-II
1363,784,0.2061917362929397,NSGA-II,NSGA-II,20260323,66.00038146972656,2.847610712051392,7.849999904632568,68.16120159933843,2.7251105517510363,7.553215822775918,NSGA-II
1364,706,0.2084623825136626,NSGA-II,NSGA-II,20260323,66.00011444091797,2.84999680519104,7.845791816711426,67.93795969960824,2.7055977288327813,7.408056889790279,NSGA-II
1365,784,0.2063702935373367,NSGA-II,NSGA-II,20260323,66.00008392333984,2.846869468688965,7.849998474121094,68.16120159933843,2.7251105517510363,7.553215822775918,NSGA-II
1366,784,0.2064062721852395,NSGA-II,NSGA-II,20260323,66.00000762939453,2.846870183944702,7.849996089935303,68.16120159933843,2.7251105517510363,7.553215822775918,NSGA-II
1367,784,0.2063721100454003,NSGA-II,NSGA-II,20260323,66.00009155273438,2.846888780593872,7.84999942779541,68.16120159933843,2.7251105517510363,7.553215822775918,NSGA-II
1368,784,0.2039247593314785,NSGA-II,NSGA-II,20260323,66.00007629394531,2.8499531745910645,7.848629474639893,68.16120159933843,2.7251105517510363,7.553215822775918,NSGA-II
1369,784,0.1986891158886777,NSGA-II,NSGA-II,20260323,66.08372497558594,2.8499999046325684,7.84789514541626,68.16120159933843,2.7251105517510363,7.553215822775918,NSGA-II
1370,784,0.2063700334418887,NSGA-II,NSGA-II,20260323,66.00008392333984,2.846869468688965,7.849998474121094,68.16120159933843,2.7251105517510363,7.553215822775918,NSGA-II
1371,784,0.2063698979971419,NSGA-II,NSGA-II,20260323,66.00008392333984,2.846869468688965,7.849998474121094,68.16120159933843,2.7251105517510363,7.553215822775918,NSGA-II
1372,784,0.2100953510652383,NSGA-II,NSGA-II,20260323,66.00538635253906,2.8499996662139893,7.847498893737793,68.16120159933843,2.7251105517510363,7.553215822775918,NSGA-II
1373,784,0.1986891155620324,NSGA-II,NSGA-II,20260323,66.08372497558594,2.8499999046325684,7.84789514541626,68.16120159933843,2.7251105517510363,7.553215822775918,NSGA-II
1374,706,0.2077759576752672,NSGA-II,NSGA-II,20260323,66.00006866455078,2.8499908447265625,7.846535205841064,67.93795969960824,2.7055977288327813,7.408056889790279,NSGA-II
1375,784,0.2067326647075359,NSGA-II,NSGA-II,20260323,66.00184631347656,2.84859299659729,7.849999904632568,68.16120159933843,2.7251105517510363,7.553215822775918,NSGA-II
1376,784,0.2065987195861607,NSGA-II,NSGA-II,20260323,66.00020599365234,2.849998712539673,7.84998893737793,68.16120159933843,2.7251105517510363,7.553215822775918,NSGA-II
1377,784,0.2083058864731862,NSGA-II,NSGA-II,20260323,66.0032730102539,2.84999942779541,7.849998474121094,68.16120159933843,2.7251105517510363,7.553215822775918,NSGA-II
1378,784,0.1986914398274298,NSGA-II,NSGA-II,20260323,66.0837173461914,2.8499996662139893,7.84789514541626,68.16120159933843,2.7251105517510363,7.553215822775918,NSGA-II
1379,784,0.2106529360999141,NSGA-II,NSGA-II,20260323,66.0000228881836,2.849721670150757,7.849984169006348,68.16120159933843,2.7251105517510363,7.553215822775918,NSGA-II
1380,784,0.2093616265964438,NSGA-II,NSGA-II,20260323,66.00006103515625,2.8498406410217285,7.849952697753906,68.16120159933843,2.7251105517510363,7.553215822775918,NSGA-II
1381,784,0.209353060935071,NSGA-II,NSGA-II,20260323,66.00004577636719,2.849817991256714,7.849948883056641,68.16120159933843,2.7251105517510363,7.553215822775918,NSGA-II
1382,784,0.2107626429511998,NSGA-II,NSGA-II,20260323,66.0,2.849560022354126,7.849977016448975,68.16120159933843,2.7251105517510363,7.553215822775918,NSGA-II
1383,784,0.2102118089465472,NSGA-II,NSGA-II,20260323,66.0001449584961,2.84999418258667,7.849950790405273,68.16120159933843,2.7251105517510363,7.553215822775918,NSGA-II
1384,706,0.2084624002047135,NSGA-II,NSGA-II,20260323,66.00011444091797,2.84999680519104,7.845791816711426,67.93795969960824,2.7055977288327813,7.408056889790279,NSGA-II
1385,784,0.2064007651769182,NSGA-II,NSGA-II,20260323,66.0,2.846867799758911,7.84999418258667,68.16120159933843,2.7251105517510363,7.553215822775918,NSGA-II
1386,784,0.2039925178568753,NSGA-II,NSGA-II,20260323,66.00006103515625,2.849925994873047,7.8486175537109375,68.16120159933843,2.7251105517510363,7.553215822775918,NSGA-II
1387,784,0.2103257841769749,NSGA-II,NSGA-II,20260323,66.00261688232422,2.849916696548462,7.849998950958252,68.16120159933843,2.7251105517510363,7.553215822775918,NSGA-II
1388,784,0.2105990381703378,NSGA-II,NSGA-II,20260323,66.00006866455078,2.849576711654663,7.849987506866455,68.16120159933843,2.7251105517510363,7.553215822775918,NSGA-II
1389,784,0.2094618976559758,NSGA-II,NSGA-II,20260323,66.00086212158203,2.849668025970459,7.849997997283935,68.16120159933843,2.7251105517510363,7.553215822775918,NSGA-II
1390,784,0.1986891158875287,NSGA-II,NSGA-II,20260323,66.08372497558594,2.8499999046325684,7.84789514541626,68.16120159933843,2.7251105517510363,7.553215822775918,NSGA-II
1391,784,0.2087704882689165,NSGA-II,NSGA-II,20260323,66.00011444091797,2.8496015071868896,7.84999942779541,68.16120159933843,2.7251105517510363,7.553215822775918,NSGA-II
1392,784,0.1986891158855385,NSGA-II,NSGA-II,20260323,66.08372497558594,2.8499999046325684,7.84789514541626,68.16120159933843,2.7251105517510363,7.553215822775918,NSGA-II
1393,784,0.2092027480272924,NSGA-II,NSGA-II,20260323,66.00755310058594,2.849702835083008,7.849999904632568,68.16120159933843,2.7251105517510363,7.553215822775918,NSGA-II
1394,784,0.2094386214356527,NSGA-II,NSGA-II,20260323,66.0008316040039,2.849682092666626,7.849997043609619,68.16120159933843,2.7251105517510363,7.553215822775918,NSGA-II
1395,784,0.198543679833832,NSGA-II,NSGA-II,20260323,66.0844497680664,2.8499996662139893,7.847901344299316,68.16120159933843,2.7251105517510363,7.553215822775918,NSGA-II
1396,784,0.2095021949272285,NSGA-II,NSGA-II,20260323,66.0008773803711,2.8496644496917725,7.84999942779541,68.16120159933843,2.7251105517510363,7.553215822775918,NSGA-II
1397,706,0.2084654777914901,NSGA-II,NSGA-II,20260323,66.00011444091797,2.849999189376831,7.845789432525635,67.93795969960824,2.7055977288327813,7.408056889790279,NSGA-II
1398,784,0.2038436416219005,NSGA-II,NSGA-II,20260323,66.00000762939453,2.8499515056610107,7.848617076873779,68.16120159933843,2.7251105517510363,7.553215822775918,NSGA-II
1399,784,0.2087773212925643,NSGA-II,NSGA-II,20260323,66.0,2.849804401397705,7.849949359893799,68.16120159933843,2.7251105517510363,7.553215822775918,NSGA-II
1400,784,0.2105979117613926,NSGA-II,NSGA-II,20260323,66.00006866455078,2.8495776653289795,7.849985599517822,68.16120159933843,2.7251105517510363,7.553215822775918,NSGA-II
1401,784,0.2105484832611042,NSGA-II,NSGA-II,20260323,66.00188446044922,2.84991455078125,7.849992275238037,68.16120159933843,2.7251105517510363,7.553215822775918,NSGA-II
1402,706,0.2084460897072494,NSGA-II,NSGA-II,20260323,66.00000762939453,2.8499956130981445,7.8457841873168945,67.93795969960824,2.7055977288327813,7.408056889790279,NSGA-II
1403,784,0.1986892006704113,NSGA-II,NSGA-II,20260323,66.08372497558594,2.8499999046325684,7.84789514541626,68.16120159933843,2.7251105517510363,7.553215822775918,NSGA-II
1404,784,0.1985373194178483,NSGA-II,NSGA-II,20260323,66.08448028564453,2.8499999046325684,7.847902297973633,68.16120159933843,2.7251105517510363,7.553215822775918,NSGA-II
1405,784,0.1985181329204656,NSGA-II,NSGA-II,20260323,66.08451080322266,2.8499996662139893,7.847907543182373,68.16120159933843,2.7251105517510363,7.553215822775918,NSGA-II
1406,784,0.2039289860914761,NSGA-II,NSGA-II,20260323,66.00001525878906,2.84998083114624,7.848585605621338,68.16120159933843,2.7251105517510363,7.553215822775918,NSGA-II
1407,784,0.2032110323599906,NSGA-II,NSGA-II,20260323,66.0662612915039,2.8499996662139893,7.847717761993408,68.16120159933843,2.7251105517510363,7.553215822775918,NSGA-II
1408,784,0.2103863116374288,NSGA-II,NSGA-II,20260323,66.0024185180664,2.849909543991089,7.849997043609619,68.16120159933843,2.7251105517510363,7.553215822775918,NSGA-II
1409,784,0.2078564209985341,NSGA-II,NSGA-II,20260323,66.00311279296875,2.849480390548706,7.849999904632568,68.16120159933843,2.7251105517510363,7.553215822775918,NSGA-II
1410,784,0.2103507502090465,NSGA-II,NSGA-II,20260323,66.00007629394531,2.8499460220336914,7.849915027618408,68.16120159933843,2.7251105517510363,7.553215822775918,NSGA-II
1411,784,0.2094602826778281,NSGA-II,NSGA-II,20260323,66.00086975097656,2.849661350250244,7.84999942779541,68.16120159933843,2.7251105517510363,7.553215822775918,NSGA-II
1412,784,0.2086049866881463,NSGA-II,NSGA-II,20260323,66.00053405761719,2.8469717502593994,7.849999904632568,68.16120159933843,2.7251105517510363,7.553215822775918,NSGA-II
1413,726,0.2011995418720283,NSGA-II,NSGA-II,20260323,66.0152587890625,2.8499996662139893,7.690739631652832,67.87922921416857,2.691484080718962,7.339679189874182,NSGA-II
1414,784,0.2087370930155147,NSGA-II,NSGA-II,20260323,66.0,2.849299669265747,7.849958896636963,68.16120159933843,2.7251105517510363,7.553215822775918,NSGA-II
1415,784,0.1985350834614542,NSGA-II,NSGA-II,20260323,66.0844955444336,2.8499996662139893,7.847901821136475,68.16120159933843,2.7251105517510363,7.553215822775918,NSGA-II
1416,784,0.2064007643356543,NSGA-II,NSGA-II,20260323,66.0,2.846867799758911,7.849993705749512,68.16120159933843,2.7251105517510363,7.553215822775918,NSGA-II
1417,706,0.2084490078847411,NSGA-II,NSGA-II,20260323,66.00025939941406,2.849998950958252,7.845648288726807,67.93795969960824,2.7055977288327813,7.408056889790279,NSGA-II
1418,784,0.1986891210878817,NSGA-II,NSGA-II,20260323,66.08372497558594,2.8499996662139893,7.84789514541626,68.16120159933843,2.7251105517510363,7.553215822775918,NSGA-II
1419,784,0.2067327002370053,NSGA-II,NSGA-II,20260323,66.0018539428711,2.84859299659729,7.849999904632568,68.16120159933843,2.7251105517510363,7.553215822775918,NSGA-II
1420,784,0.2074986447651433,NSGA-II,NSGA-II,20260323,66.00023651123047,2.8476364612579346,7.849998950958252,68.16120159933843,2.7251105517510363,7.553215822775918,NSGA-II
1421,784,0.2062033310045813,NSGA-II,NSGA-II,20260323,66.00038146972656,2.8476083278656006,7.84999942779541,68.16120159933843,2.7251105517510363,7.553215822775918,NSGA-II
1422,784,0.2089001317502806,NSGA-II,NSGA-II,20260323,66.00057220458984,2.8491640090942383,7.849998474121094,68.16120159933843,2.7251105517510363,7.553215822775918,NSGA-II
1423,784,0.2091086372706624,NSGA-II,NSGA-II,20260323,66.00763702392578,2.84986424446106,7.849998474121094,68.16120159933843,2.7251105517510363,7.553215822775918,NSGA-II
1424,784,0.2100546118123315,NSGA-II,NSGA-II,20260323,66.00016021728516,2.849527597427368,7.849997043609619,68.16120159933843,2.7251105517510363,7.553215822775918,NSGA-II
1425,784,0.2087383089537887,NSGA-II,NSGA-II,20260323,66.0,2.8493008613586426,7.8499579429626465,68.16120159933843,2.7251105517510363,7.553215822775918,NSGA-II
1426,784,0.2076770150707628,NSGA-II,NSGA-II,20260323,66.00535583496094,2.8498454093933105,7.849998950958252,68.16120159933843,2.7251105517510363,7.553215822775918,NSGA-II
1427,784,0.2088797681127167,NSGA-II,NSGA-II,20260323,66.00065612792969,2.8491733074188232,7.84999942779541,68.16120159933843,2.7251105517510363,7.553215822775918,NSGA-II
1428,784,0.2092030666007223,NSGA-II,NSGA-II,20260323,66.00755310058594,2.8497018814086914,7.84999942779541,68.16120159933843,2.7251105517510363,7.553215822775918,NSGA-II
1429,784,0.2069228888296979,NSGA-II,NSGA-II,20260323,66.00012969970703,2.846895933151245,7.84998607635498,68.16120159933843,2.7251105517510363,7.553215822775918,NSGA-II
1430,784,0.208306347126515,NSGA-II,NSGA-II,20260323,66.0032958984375,2.849998950958252,7.849997997283935,68.16120159933843,2.7251105517510363,7.553215822775918,NSGA-II
1431,784,0.2094602359618136,NSGA-II,NSGA-II,20260323,66.00088500976562,2.849659919738769,7.84999942779541,68.16120159933843,2.7251105517510363,7.553215822775918,NSGA-II
1432,784,0.2091766081945702,NSGA-II,NSGA-II,20260323,66.0,2.8497984409332275,7.849942684173584,68.16120159933843,2.7251105517510363,7.553215822775918,NSGA-II
1433,784,0.2103819940190597,NSGA-II,NSGA-II,20260323,66.00243377685547,2.8499093055725098,7.849996566772461,68.16120159933843,2.7251105517510363,7.553215822775918,NSGA-II
1434,784,0.2106528722675917,NSGA-II,NSGA-II,20260323,66.0000228881836,2.849721670150757,7.849983692169189,68.16120159933843,2.7251105517510363,7.553215822775918,NSGA-II
1435,784,0.2087114588075727,NSGA-II,NSGA-II,20260323,66.00038146972656,2.849618434906006,7.8499884605407715,68.16120159933843,2.7251105517510363,7.553215822775918,NSGA-II
1436,784,0.2094385745236706,NSGA-II,NSGA-II,20260323,66.00084686279297,2.849679946899414,7.849996089935303,68.16120159933843,2.7251105517510363,7.553215822775918,NSGA-II
1437,784,0.2103050735933161,NSGA-II,NSGA-II,20260323,66.00265502929688,2.849915027618408,7.849997520446777,68.16120159933843,2.7251105517510363,7.553215822775918,NSGA-II
1438,784,0.2107391325896184,NSGA-II,NSGA-II,20260323,66.00023651123047,2.8496105670928955,7.849987983703613,68.16120159933843,2.7251105517510363,7.553215822775918,NSGA-II
1439,784,0.2101169273399037,NSGA-II,NSGA-II,20260323,66.00049591064453,2.8495492935180664,7.849996566772461,68.16120159933843,2.7251105517510363,7.553215822775918,NSGA-II
1440,784,0.2039920430155339,NSGA-II,NSGA-II,20260323,66.00005340576172,2.849942445755005,7.848614692687988,68.16120159933843,2.7251105517510363,7.553215822775918,NSGA-II
1441,706,0.2084336802688545,NSGA-II,NSGA-II,20260323,66.0000228881836,2.8499596118927,7.845867156982422,67.93795969960824,2.7055977288327813,7.408056889790279,NSGA-II
1442,784,0.2105763107076196,NSGA-II,NSGA-II,20260323,66.00016021728516,2.849579334259033,7.849992275238037,68.16120159933843,2.7251105517510363,7.553215822775918,NSGA-II
1443,784,0.2107565948062987,NSGA-II,NSGA-II,20260323,66.00001525878906,2.8495588302612305,7.849970817565918,68.16120159933843,2.7251105517510363,7.553215822775918,NSGA-II
1444,784,0.2093526986887005,NSGA-II,NSGA-II,20260323,66.00006103515625,2.8498263359069824,7.849920749664307,68.16120159933843,2.7251105517510363,7.553215822775918,NSGA-II
1445,784,0.2095096158521927,NSGA-II,NSGA-II,20260323,66.00016784667969,2.8499879837036133,7.849347591400146,68.16120159933843,2.7251105517510363,7.553215822775918,NSGA-II
1446,784,0.1985373990564758,NSGA-II,NSGA-II,20260323,66.08448791503906,2.8499996662139893,7.847901344299316,68.16120159933843,2.7251105517510363,7.553215822775918,NSGA-II
1447,706,0.2075464837672778,NSGA-II,NSGA-II,20260323,66.0000228881836,2.8499252796173096,7.846689224243164,67.93795969960824,2.7055977288327813,7.408056889790279,NSGA-II
1448,706,0.2075498207480298,NSGA-II,NSGA-II,20260323,66.00004577636719,2.849926948547364,7.846693992614746,67.93795969960824,2.7055977288327813,7.408056889790279,NSGA-II
1449,784,0.2105441357634903,NSGA-II,NSGA-II,20260323,66.00190734863281,2.849914073944092,7.849991321563721,68.16120159933843,2.7251105517510363,7.553215822775918,NSGA-II
1450,784,0.2086360571300791,NSGA-II,NSGA-II,20260323,66.0006332397461,2.8499791622161865,7.8497138023376465,68.16120159933843,2.7251105517510363,7.553215822775918,NSGA-II
1451,784,0.2095376162378907,NSGA-II,NSGA-II,20260323,66.00021362304688,2.849961996078491,7.849389553070068,68.16120159933843,2.7251105517510363,7.553215822775918,NSGA-II
1452,784,0.2085972155912219,NSGA-II,NSGA-II,20260323,66.00020599365234,2.84994912147522,7.84964656829834,68.16120159933843,2.7251105517510363,7.553215822775918,NSGA-II
1453,784,0.2093542616653244,NSGA-II,NSGA-II,20260323,66.00005340576172,2.849817276000977,7.849947452545166,68.16120159933843,2.7251105517510363,7.553215822775918,NSGA-II
1454,784,0.210576704811713,NSGA-II,NSGA-II,20260323,66.00016021728516,2.849579095840454,7.8499932289123535,68.16120159933843,2.7251105517510363,7.553215822775918,NSGA-II
1455,784,0.2093576179467658,NSGA-II,NSGA-II,20260323,66.00004577636719,2.8498055934906006,7.849924087524414,68.16120159933843,2.7251105517510363,7.553215822775918,NSGA-II
1456,784,0.210652872305446,NSGA-II,NSGA-II,20260323,66.0000228881836,2.849721670150757,7.849983692169189,68.16120159933843,2.7251105517510363,7.553215822775918,NSGA-II
1457,784,0.2092966861157968,NSGA-II,NSGA-II,20260323,66.00050354003906,2.84993052482605,7.849876403808594,68.16120159933843,2.7251105517510363,7.553215822775918,NSGA-II
1458,784,0.2039019666955385,NSGA-II,NSGA-II,20260323,66.0001220703125,2.849961042404175,7.848577976226807,68.16120159933843,2.7251105517510363,7.553215822775918,NSGA-II
1459,784,0.2093332110739681,NSGA-II,NSGA-II,20260323,66.00076293945312,2.8499813079833984,7.849979400634766,68.16120159933843,2.7251105517510363,7.553215822775918,NSGA-II
1460,1661,0.2001988810543933,NSGA-II,NSGA-II,20260324,66.0090103149414,2.8499999046325684,7.845178127288818,67.47975864513155,2.7582051372795577,7.652773583282237,NSGA-II
1461,980,0.1994627349444799,NSGA-II,NSGA-II,20260324,66.01677703857422,2.8450276851654053,7.849999904632568,68.0419974986826,2.809968427877678,7.675140003531038,NSGA-II
1462,1661,0.1874564808649546,NSGA-II,NSGA-II,20260324,66.0,2.8497159481048584,7.813426971435547,67.47975864513155,2.7582051372795577,7.652773583282237,NSGA-II
1463,577,0.203388990012902,NSGA-II,NSGA-II,20260324,66.3394775390625,2.8499996662139893,7.849546432495117,68.92286674168798,2.7844856092672923,7.703330478754967,NSGA-II
1464,577,0.1883423679737413,NSGA-II,NSGA-II,20260324,66.56401824951172,2.849998712539673,7.849882125854492,68.92286674168798,2.7844856092672923,7.703330478754967,NSGA-II
1465,1661,0.1734230673287012,NSGA-II,NSGA-II,20260324,66.0,2.8487439155578613,7.848693370819092,67.47975864513155,2.7582051372795577,7.652773583282237,NSGA-II
1466,1661,0.2029067454107682,NSGA-II,NSGA-II,20260324,66.00032043457031,2.8445632457733154,7.84999942779541,67.47975864513155,2.7582051372795577,7.652773583282237,NSGA-II
1467,1661,0.1778639462765998,NSGA-II,NSGA-II,20260324,66.00402069091797,2.849985122680664,7.849181652069092,67.47975864513155,2.7582051372795577,7.652773583282237,NSGA-II
1468,1661,0.1783305591812834,NSGA-II,NSGA-II,20260324,66.0030288696289,2.849982261657715,7.849568367004394,67.47975864513155,2.7582051372795577,7.652773583282237,NSGA-II
1469,1661,0.205712788055852,NSGA-II,NSGA-II,20260324,66.00160217285156,2.849637985229492,7.849998950958252,67.47975864513155,2.7582051372795577,7.652773583282237,NSGA-II
1470,1661,0.2088260022164095,NSGA-II,NSGA-II,20260324,66.00220489501953,2.8499748706817627,7.849038600921631,67.47975864513155,2.7582051372795577,7.652773583282237,NSGA-II
1471,1661,0.2009658152703639,NSGA-II,NSGA-II,20260324,66.00021362304688,2.8499867916107178,7.84612512588501,67.47975864513155,2.7582051372795577,7.652773583282237,NSGA-II
1472,1661,0.2059454793968834,NSGA-II,NSGA-II,20260324,66.00238037109375,2.8499813079833984,7.849371433258057,67.47975864513155,2.7582051372795577,7.652773583282237,NSGA-II
1473,980,0.2051449642901159,NSGA-II,NSGA-II,20260324,66.00000762939453,2.849571228027344,7.848792552947998,68.0419974986826,2.809968427877678,7.675140003531038,NSGA-II
1474,1661,0.2068458488268201,NSGA-II,NSGA-II,20260324,66.0004653930664,2.849735736846924,7.849987983703613,67.47975864513155,2.7582051372795577,7.652773583282237,NSGA-II
1475,577,0.2026454012699304,NSGA-II,NSGA-II,20260324,66.34696960449219,2.84999942779541,7.849740505218506,68.92286674168798,2.7844856092672923,7.703330478754967,NSGA-II
1476,577,0.2052267662696377,NSGA-II,NSGA-II,20260324,66.32684326171875,2.849999189376831,7.849310398101807,68.92286674168798,2.7844856092672923,7.703330478754967,NSGA-II
1477,1661,0.2006763343009679,NSGA-II,NSGA-II,20260324,66.00082397460938,2.849982261657715,7.848282337188721,67.47975864513155,2.7582051372795577,7.652773583282237,NSGA-II
1478,577,0.2052659198252857,NSGA-II,NSGA-II,20260324,66.32667541503906,2.8499984741210938,7.849377632141113,68.92286674168798,2.7844856092672923,7.703330478754967,NSGA-II
1479,1661,0.2055792127513513,NSGA-II,NSGA-II,20260324,66.00131225585938,2.849754571914673,7.849997520446777,67.47975864513155,2.7582051372795577,7.652773583282237,NSGA-II
1480,577,0.2026634635159886,NSGA-II,NSGA-II,20260324,66.34686279296875,2.8499948978424072,7.849794864654541,68.92286674168798,2.7844856092672923,7.703330478754967,NSGA-II
1481,577,0.2026643026789113,NSGA-II,NSGA-II,20260324,66.34685516357422,2.849994659423828,7.84979772567749,68.92286674168798,2.7844856092672923,7.703330478754967,NSGA-II
1482,577,0.1882931912921477,NSGA-II,NSGA-II,20260324,66.56380462646484,2.849998712539673,7.849867820739746,68.92286674168798,2.7844856092672923,7.703330478754967,NSGA-II
1483,980,0.2055130115598253,NSGA-II,NSGA-II,20260324,66.00000762939453,2.849040508270264,7.849936008453369,68.0419974986826,2.809968427877678,7.675140003531038,NSGA-II
1484,1661,0.2036945221150145,NSGA-II,NSGA-II,20260324,66.0001220703125,2.849408864974976,7.849894046783447,67.47975864513155,2.7582051372795577,7.652773583282237,NSGA-II
1485,577,0.2066910278196337,NSGA-II,NSGA-II,20260324,66.37276458740234,2.849939107894897,7.849994659423828,68.92286674168798,2.7844856092672923,7.703330478754967,NSGA-II
1486,1661,0.2099752657243412,NSGA-II,NSGA-II,20260324,66.00066375732422,2.8498246669769287,7.849954128265381,67.47975864513155,2.7582051372795577,7.652773583282237,NSGA-II
1487,577,0.2024120915030865,NSGA-II,NSGA-II,20260324,66.34676361083984,2.8499324321746826,7.849944591522217,68.92286674168798,2.7844856092672923,7.703330478754967,NSGA-II
1488,577,0.2067965059799637,NSGA-II,NSGA-II,20260324,66.37220764160156,2.849950790405273,7.849986553192139,68.92286674168798,2.7844856092672923,7.703330478754967,NSGA-II
1489,1661,0.2038105148146079,NSGA-II,NSGA-II,20260324,66.00001525878906,2.849966764450073,7.8496832847595215,67.47975864513155,2.7582051372795577,7.652773583282237,NSGA-II
1490,577,0.2050179475901292,NSGA-II,NSGA-II,20260324,66.3270492553711,2.849995374679565,7.84937858581543,68.92286674168798,2.7844856092672923,7.703330478754967,NSGA-II
1491,577,0.2026613388808694,NSGA-II,NSGA-II,20260324,66.34687042236328,2.849995374679565,7.849791049957275,68.92286674168798,2.7844856092672923,7.703330478754967,NSGA-II
1492,980,0.2055327099995384,NSGA-II,NSGA-II,20260324,66.00001525878906,2.8492472171783447,7.84990644454956,68.0419974986826,2.809968427877678,7.675140003531038,NSGA-II
1493,1661,0.1915745669897759,NSGA-II,NSGA-II,20260324,66.00009155273438,2.849998235702514,7.811636447906494,67.47975864513155,2.7582051372795577,7.652773583282237,NSGA-II
1494,1661,0.2057127880492987,NSGA-II,NSGA-II,20260324,66.00160217285156,2.849637985229492,7.849998950958252,67.47975864513155,2.7582051372795577,7.652773583282237,NSGA-II
1495,577,0.1885002552357206,NSGA-II,NSGA-II,20260324,66.56378936767578,2.849984884262085,7.849931240081787,68.92286674168798,2.7844856092672923,7.703330478754967,NSGA-II
1496,1661,0.2013016997743835,NSGA-II,NSGA-II,20260324,66.00178527832031,2.8499884605407715,7.846261978149414,67.47975864513155,2.7582051372795577,7.652773583282237,NSGA-II
1497,1661,0.2059365888634853,NSGA-II,NSGA-II,20260324,66.00013732910156,2.8494176864624023,7.849920272827148,67.47975864513155,2.7582051372795577,7.652773583282237,NSGA-II
1498,1661,0.2036301689175723,NSGA-II,NSGA-II,20260324,66.0001220703125,2.8498785495758057,7.849728584289551,67.47975864513155,2.7582051372795577,7.652773583282237,NSGA-II
1499,577,0.2066910710518134,NSGA-II,NSGA-II,20260324,66.37276458740234,2.849939107894897,7.849994659423828,68.92286674168798,2.7844856092672923,7.703330478754967,NSGA-II
1500,1661,0.1778394823910574,NSGA-II,NSGA-II,20260324,66.0046615600586,2.849992752075196,7.849197864532471,67.47975864513155,2.7582051372795577,7.652773583282237,NSGA-II
1501,980,0.2061730406470391,NSGA-II,NSGA-II,20260324,66.00033569335938,2.8491082191467285,7.849966526031494,68.0419974986826,2.809968427877678,7.675140003531038,NSGA-II
1502,1661,0.2031442654903839,NSGA-II,NSGA-II,20260324,66.00006866455078,2.8444950580596924,7.849997043609619,67.47975864513155,2.7582051372795577,7.652773583282237,NSGA-II
1503,1661,0.2057813810038724,NSGA-II,NSGA-II,20260324,66.008544921875,2.849883556365967,7.849874019622803,67.47975864513155,2.7582051372795577,7.652773583282237,NSGA-II
1504,1661,0.2087521857227229,NSGA-II,NSGA-II,20260324,66.00259399414062,2.8499865531921387,7.848902225494385,67.47975864513155,2.7582051372795577,7.652773583282237,NSGA-II
1505,1661,0.2009823350373154,NSGA-II,NSGA-II,20260324,66.00029754638672,2.849996328353882,7.8461456298828125,67.47975864513155,2.7582051372795577,7.652773583282237,NSGA-II
1506,1661,0.1990710298734742,NSGA-II,NSGA-II,20260324,66.00083923339844,2.8464064598083496,7.84999942779541,67.47975864513155,2.7582051372795577,7.652773583282237,NSGA-II
1507,980,0.20556129288883,NSGA-II,NSGA-II,20260324,66.00001525878906,2.8495750427246094,7.849733829498291,68.0419974986826,2.809968427877678,7.675140003531038,NSGA-II
1508,1661,0.2042243459398398,NSGA-II,NSGA-II,20260324,66.0001449584961,2.849528789520264,7.84987211227417,67.47975864513155,2.7582051372795577,7.652773583282237,NSGA-II
1509,1661,0.2027381063839314,NSGA-II,NSGA-II,20260324,66.00030517578125,2.844611406326294,7.849998950958252,67.47975864513155,2.7582051372795577,7.652773583282237,NSGA-II
1510,577,0.1883423674140587,NSGA-II,NSGA-II,20260324,66.56401824951172,2.849998712539673,7.849882125854492,68.92286674168798,2.7844856092672923,7.703330478754967,NSGA-II
1511,1661,0.2035891785724389,NSGA-II,NSGA-II,20260324,66.00004577636719,2.849396228790283,7.849816799163818,67.47975864513155,2.7582051372795577,7.652773583282237,NSGA-II
1512,980,0.1973392521191607,NSGA-II,NSGA-II,20260324,66.21393585205078,2.849996328353882,7.848009586334228,68.0419974986826,2.809968427877678,7.675140003531038,NSGA-II
1513,1661,0.2030592295918723,NSGA-II,NSGA-II,20260324,66.0,2.8443050384521484,7.849997997283935,67.47975864513155,2.7582051372795577,7.652773583282237,NSGA-II
1514,980,0.2055373365225999,NSGA-II,NSGA-II,20260324,66.00003051757812,2.8486075401306152,7.8499932289123535,68.0419974986826,2.809968427877678,7.675140003531038,NSGA-II
1515,577,0.188443730192084,NSGA-II,NSGA-II,20260324,66.5631332397461,2.849999189376831,7.849853515625,68.92286674168798,2.7844856092672923,7.703330478754967,NSGA-II
1516,980,0.2055918827733672,NSGA-II,NSGA-II,20260324,66.0000991821289,2.84888768196106,7.849998474121094,68.0419974986826,2.809968427877678,7.675140003531038,NSGA-II
1517,980,0.2055373228472666,NSGA-II,NSGA-II,20260324,66.00003051757812,2.8486075401306152,7.8499932289123535,68.0419974986826,2.809968427877678,7.675140003531038,NSGA-II
1518,1661,0.2030474720273887,NSGA-II,NSGA-II,20260324,66.00000762939453,2.844444274902344,7.849974155426025,67.47975864513155,2.7582051372795577,7.652773583282237,NSGA-II
1519,1661,0.2012691897794778,NSGA-II,NSGA-II,20260324,66.00267791748047,2.84999942779541,7.846293449401855,67.47975864513155,2.7582051372795577,7.652773583282237,NSGA-II
1520,1661,0.2038698041111631,NSGA-II,NSGA-II,20260324,66.0000228881836,2.849332094192505,7.849821090698242,67.47975864513155,2.7582051372795577,7.652773583282237,NSGA-II
1521,577,0.2068935982673435,NSGA-II,NSGA-II,20260324,66.37223052978516,2.8499503135681152,7.84999418258667,68.92286674168798,2.7844856092672923,7.703330478754967,NSGA-II
1522,980,0.2055124004753438,NSGA-II,NSGA-II,20260324,66.00000762939453,2.849040508270264,7.849936008453369,68.0419974986826,2.809968427877678,7.675140003531038,NSGA-II
1523,980,0.205388181909922,NSGA-II,NSGA-II,20260324,66.00001525878906,2.848602771759033,7.849993705749512,68.0419974986826,2.809968427877678,7.675140003531038,NSGA-II
1524,980,0.2055006973018957,NSGA-II,NSGA-II,20260324,66.00006103515625,2.84904146194458,7.849936485290527,68.0419974986826,2.809968427877678,7.675140003531038,NSGA-II
1525,1661,0.2028062575255061,NSGA-II,NSGA-II,20260324,66.00033569335938,2.8445677757263184,7.84999942779541,67.47975864513155,2.7582051372795577,7.652773583282237,NSGA-II
1526,980,0.1997547003136756,NSGA-II,NSGA-II,20260324,66.20854949951172,2.8498830795288086,7.849994659423828,68.0419974986826,2.809968427877678,7.675140003531038,NSGA-II
1527,1661,0.2042440923043873,NSGA-II,NSGA-II,20260324,66.00030517578125,2.849538803100586,7.849897861480713,67.47975864513155,2.7582051372795577,7.652773583282237,NSGA-II
1528,577,0.2051916176407973,NSGA-II,NSGA-II,20260324,66.32665252685547,2.8499884605407715,7.849339962005615,68.92286674168798,2.7844856092672923,7.703330478754967,NSGA-II
1529,980,0.2061933711095973,NSGA-II,NSGA-II,20260324,66.00048065185547,2.849116563796997,7.8499884605407715,68.0419974986826,2.809968427877678,7.675140003531038,NSGA-II
1530,577,0.2053025818508753,NSGA-II,NSGA-II,20260324,66.32612609863281,2.849993944168091,7.849335193634033,68.92286674168798,2.7844856092672923,7.703330478754967,NSGA-II
1531,1661,0.2012029018878413,NSGA-II,NSGA-II,20260324,66.00184631347656,2.8499956130981445,7.846263885498047,67.47975864513155,2.7582051372795577,7.652773583282237,NSGA-II
1532,980,0.2053887204728255,NSGA-II,NSGA-II,20260324,66.00001525878906,2.848629951477051,7.849982738494873,68.0419974986826,2.809968427877678,7.675140003531038,NSGA-II
1533,1661,0.2056273721526089,NSGA-II,NSGA-II,20260324,66.00013732910156,2.8497626781463623,7.849798679351807,67.47975864513155,2.7582051372795577,7.652773583282237,NSGA-II
1534,1661,0.2007365072539228,NSGA-II,NSGA-II,20260324,66.21646881103516,2.849984645843506,7.849920272827148,67.47975864513155,2.7582051372795577,7.652773583282237,NSGA-II
1535,1661,0.203556140940891,NSGA-II,NSGA-II,20260324,66.0002212524414,2.849536418914795,7.849847793579102,67.47975864513155,2.7582051372795577,7.652773583282237,NSGA-II
1536,1661,0.1915364703081015,NSGA-II,NSGA-II,20260324,66.00003814697266,2.849992752075196,7.811729907989502,67.47975864513155,2.7582051372795577,7.652773583282237,NSGA-II
1537,980,0.2068343560451393,NSGA-II,NSGA-II,20260324,66.00409698486328,2.8499903678894043,7.8473219871521,68.0419974986826,2.809968427877678,7.675140003531038,NSGA-II
1538,1661,0.1934479924332393,NSGA-II,NSGA-II,20260324,66.2212905883789,2.849996566772461,7.847771167755127,67.47975864513155,2.7582051372795577,7.652773583282237,NSGA-II
1539,1661,0.2038722938426894,NSGA-II,NSGA-II,20260324,66.0000228881836,2.849331855773926,7.8498215675354,67.47975864513155,2.7582051372795577,7.652773583282237,NSGA-II
1540,1661,0.2057420674563958,NSGA-II,NSGA-II,20260324,66.00182342529297,2.849969387054444,7.84956169128418,67.47975864513155,2.7582051372795577,7.652773583282237,NSGA-II
1541,577,0.2069476107676542,NSGA-II,NSGA-II,20260324,66.37265014648438,2.84993839263916,7.849996566772461,68.92286674168798,2.7844856092672923,7.703330478754967,NSGA-II
1542,1661,0.203038832352544,NSGA-II,NSGA-II,20260324,66.00005340576172,2.8443353176116943,7.849998474121094,67.47975864513155,2.7582051372795577,7.652773583282237,NSGA-II
1543,1661,0.2045097745312012,NSGA-II,NSGA-II,20260324,66.00006866455078,2.8494739532470703,7.849883079528809,67.47975864513155,2.7582051372795577,7.652773583282237,NSGA-II
1544,1661,0.2030412758023943,NSGA-II,NSGA-II,20260324,66.00006103515625,2.8443362712860107,7.849998950958252,67.47975864513155,2.7582051372795577,7.652773583282237,NSGA-II
1545,1661,0.2056438738417881,NSGA-II,NSGA-II,20260324,66.00005340576172,2.8494155406951904,7.849771022796631,67.47975864513155,2.7582051372795577,7.652773583282237,NSGA-II
1546,1661,0.2035827876959662,NSGA-II,NSGA-II,20260324,66.00005340576172,2.849390745162964,7.849817276000977,67.47975864513155,2.7582051372795577,7.652773583282237,NSGA-II
1547,980,0.2055738540240557,NSGA-II,NSGA-II,20260324,66.0000228881836,2.8495867252349854,7.849758625030518,68.0419974986826,2.809968427877678,7.675140003531038,NSGA-II
1548,1661,0.2027638116320939,NSGA-II,NSGA-II,20260324,66.00015258789062,2.844562292098999,7.84999942779541,67.47975864513155,2.7582051372795577,7.652773583282237,NSGA-II
1549,1661,0.2031418196703671,NSGA-II,NSGA-II,20260324,66.00006103515625,2.844494581222534,7.849997520446777,67.47975864513155,2.7582051372795577,7.652773583282237,NSGA-II
1550,1661,0.2037524951249888,NSGA-II,NSGA-II,20260324,66.00006103515625,2.8496129512786865,7.849822521209717,67.47975864513155,2.7582051372795577,7.652773583282237,NSGA-II
1551,1661,0.2056610359174573,NSGA-II,NSGA-II,20260324,66.00038146972656,2.849621057510376,7.849951267242432,67.47975864513155,2.7582051372795577,7.652773583282237,NSGA-II
1552,1661,0.2029540003216197,NSGA-II,NSGA-II,20260324,66.00215911865234,2.844715118408203,7.84999942779541,67.47975864513155,2.7582051372795577,7.652773583282237,NSGA-II
1553,577,0.1867858502882126,NSGA-II,NSGA-II,20260324,66.59765625,2.8497347831726074,7.849997520446777,68.92286674168798,2.7844856092672923,7.703330478754967,NSGA-II
1554,1661,0.191574781590559,NSGA-II,NSGA-II,20260324,66.0000991821289,2.8499979972839355,7.811635971069336,67.47975864513155,2.7582051372795577,7.652773583282237,NSGA-II
1555,1661,0.2048527144373135,NSGA-II,NSGA-II,20260324,66.0,2.843178987503052,7.849629878997803,67.47975864513155,2.7582051372795577,7.652773583282237,NSGA-II
1556,1661,0.204852714366745,NSGA-II,NSGA-II,20260324,66.0,2.843178987503052,7.849629878997803,67.47975864513155,2.7582051372795577,7.652773583282237,NSGA-II
1557,1661,0.2001989959275008,NSGA-II,NSGA-II,20260324,66.0090103149414,2.8499996662139893,7.845178127288818,67.47975864513155,2.7582051372795577,7.652773583282237,NSGA-II
1558,1661,0.188820702719563,NSGA-II,NSGA-II,20260324,66.0085678100586,2.849999189376831,7.813144683837891,67.47975864513155,2.7582051372795577,7.652773583282237,NSGA-II
1559,1661,0.1991134482269228,NSGA-II,NSGA-II,20260324,66.0004653930664,2.8463239669799805,7.849997997283935,67.47975864513155,2.7582051372795577,7.652773583282237,NSGA-II
1560,1345,0.1741083471932911,NSGA-II,NSGA-II,20260325,66.0,2.835434913635254,7.84888744354248,67.71094120137155,2.661915959119379,7.4433261847375904,NSGA-II
1561,1345,0.2094206336339844,NSGA-II,NSGA-II,20260325,66.00006866455078,2.8123254776000977,7.849991321563721,67.71094120137155,2.661915959119379,7.4433261847375904,NSGA-II
1562,1345,0.2076942786418224,NSGA-II,NSGA-II,20260325,66.185302734375,2.8447556495666504,7.849999904632568,67.71094120137155,2.661915959119379,7.4433261847375904,NSGA-II
1563,1345,0.191984111383198,NSGA-II,NSGA-II,20260325,66.0,2.819035530090332,7.849054336547852,67.71094120137155,2.661915959119379,7.4433261847375904,NSGA-II
1564,1345,0.2076942612805395,NSGA-II,NSGA-II,20260325,66.185302734375,2.8447556495666504,7.849999904632568,67.71094120137155,2.661915959119379,7.4433261847375904,NSGA-II
1565,1345,0.1506475845983348,NSGA-II,NSGA-II,20260325,66.09825134277344,2.84999942779541,7.791934013366699,67.71094120137155,2.661915959119379,7.4433261847375904,NSGA-II
1566,1345,0.1920165187925331,NSGA-II,NSGA-II,20260325,66.0093002319336,2.839995145797729,7.84999942779541,67.71094120137155,2.661915959119379,7.4433261847375904,NSGA-II
1567,1345,0.2082678315551779,NSGA-II,NSGA-II,20260325,66.0,2.8497796058654785,7.784144878387451,67.71094120137155,2.661915959119379,7.4433261847375904,NSGA-II
1568,1345,0.1757954238514171,NSGA-II,NSGA-II,20260325,66.13338470458984,2.8499996662139893,7.833780765533447,67.71094120137155,2.661915959119379,7.4433261847375904,NSGA-II
1569,1345,0.1770144980713019,NSGA-II,NSGA-II,20260325,66.0000228881836,2.8490307331085205,7.843870162963867,67.71094120137155,2.661915959119379,7.4433261847375904,NSGA-II
1570,1345,0.2076752457893645,NSGA-II,NSGA-II,20260325,66.18450927734375,2.844667673110962,7.849999904632568,67.71094120137155,2.661915959119379,7.4433261847375904,NSGA-II
1571,1345,0.1626644889352537,NSGA-II,NSGA-II,20260325,66.00001525878906,2.84456205368042,7.812202930450439,67.71094120137155,2.661915959119379,7.4433261847375904,NSGA-II
1572,1345,0.178137877415896,NSGA-II,NSGA-II,20260325,66.00082397460938,2.8430583477020264,7.849996089935303,67.71094120137155,2.661915959119379,7.4433261847375904,NSGA-II
1573,1345,0.1757969388557696,NSGA-II,NSGA-II,20260325,66.13338470458984,2.8499996662139893,7.833780765533447,67.71094120137155,2.661915959119379,7.4433261847375904,NSGA-II
1574,1345,0.1912543028166336,NSGA-II,NSGA-II,20260325,66.02421569824219,2.848970890045166,7.849997997283935,67.71094120137155,2.661915959119379,7.4433261847375904,NSGA-II
1575,1345,0.2028320321913881,NSGA-II,NSGA-II,20260325,66.05533599853516,2.849995374679565,7.849038124084473,67.71094120137155,2.661915959119379,7.4433261847375904,NSGA-II
1576,1345,0.1743070955345526,NSGA-II,NSGA-II,20260325,66.0000228881836,2.846442461013794,7.849941253662109,67.71094120137155,2.661915959119379,7.4433261847375904,NSGA-II
1577,1345,0.1765428350969919,NSGA-II,NSGA-II,20260325,66.06746673583984,2.8497776985168457,7.849934101104736,67.71094120137155,2.661915959119379,7.4433261847375904,NSGA-II
1578,1345,0.1706152936407247,NSGA-II,NSGA-II,20260325,66.00001525878906,2.843562126159668,7.849944591522217,67.71094120137155,2.661915959119379,7.4433261847375904,NSGA-II
1579,1345,0.2051641618585423,NSGA-II,NSGA-II,20260325,66.08370208740234,2.84987211227417,7.84999942779541,67.71094120137155,2.661915959119379,7.4433261847375904,NSGA-II
1580,1345,0.1772277416811553,NSGA-II,NSGA-II,20260325,66.00225067138672,2.849989652633667,7.84641695022583,67.71094120137155,2.661915959119379,7.4433261847375904,NSGA-II
1581,1345,0.2052346479902552,NSGA-II,NSGA-II,20260325,66.08047485351562,2.84998631477356,7.84975528717041,67.71094120137155,2.661915959119379,7.4433261847375904,NSGA-II
1582,1345,0.1772015147163733,NSGA-II,NSGA-II,20260325,66.0044937133789,2.849987268447876,7.847862243652344,67.71094120137155,2.661915959119379,7.4433261847375904,NSGA-II
1583,1345,0.1958378112955333,NSGA-II,NSGA-II,20260325,66.05731964111328,2.849672555923462,7.84998083114624,67.71094120137155,2.661915959119379,7.4433261847375904,NSGA-II
1584,1345,0.2037485327524496,NSGA-II,NSGA-II,20260325,66.00054168701172,2.84999680519104,7.765480041503906,67.71094120137155,2.661915959119379,7.4433261847375904,NSGA-II
1585,1345,0.1744936390225479,NSGA-II,NSGA-II,20260325,66.00203704833984,2.846693992614746,7.849995136260986,67.71094120137155,2.661915959119379,7.4433261847375904,NSGA-II
1586,1345,0.1801674217337141,NSGA-II,NSGA-II,20260325,66.01779174804688,2.849937915802002,7.849929332733154,67.71094120137155,2.661915959119379,7.4433261847375904,NSGA-II
1587,1345,0.1744207864254543,NSGA-II,NSGA-II,20260325,66.00101470947266,2.8470563888549805,7.849982261657715,67.71094120137155,2.661915959119379,7.4433261847375904,NSGA-II
1588,1345,0.1890116497610526,NSGA-II,NSGA-II,20260325,66.01338958740234,2.849995851516724,7.84858512878418,67.71094120137155,2.661915959119379,7.4433261847375904,NSGA-II
1589,1345,0.1801132221575665,NSGA-II,NSGA-II,20260325,66.01249694824219,2.849994659423828,7.849477767944336,67.71094120137155,2.661915959119379,7.4433261847375904,NSGA-II
1590,1345,0.1793430131975707,NSGA-II,NSGA-II,20260325,66.00684356689453,2.849662065505981,7.849637508392334,67.71094120137155,2.661915959119379,7.4433261847375904,NSGA-II
1591,1345,0.1784623132458292,NSGA-II,NSGA-II,20260325,66.00003051757812,2.84958291053772,7.848598480224609,67.71094120137155,2.661915959119379,7.4433261847375904,NSGA-II
1592,1345,0.1952706660987633,NSGA-II,NSGA-II,20260325,66.02305603027344,2.849034786224365,7.849989414215088,67.71094120137155,2.661915959119379,7.4433261847375904,NSGA-II
1593,1345,0.1791290342977602,NSGA-II,NSGA-II,20260325,66.01410675048828,2.8496670722961426,7.8498029708862305,67.71094120137155,2.661915959119379,7.4433261847375904,NSGA-II
1594,1345,0.2052417592899262,NSGA-II,NSGA-II,20260325,66.08203125,2.8499741554260254,7.849800586700439,67.71094120137155,2.661915959119379,7.4433261847375904,NSGA-II
1595,1345,0.2051649784055386,NSGA-II,NSGA-II,20260325,66.08369445800781,2.849870204925537,7.849995136260986,67.71094120137155,2.661915959119379,7.4433261847375904,NSGA-II
1596,1345,0.2076752631645351,NSGA-II,NSGA-II,20260325,66.18450927734375,2.844667673110962,7.849999904632568,67.71094120137155,2.661915959119379,7.4433261847375904,NSGA-II
1597,1345,0.2040665441636602,NSGA-II,NSGA-II,20260325,66.36963653564453,2.849947929382324,7.849965572357178,67.71094120137155,2.661915959119379,7.4433261847375904,NSGA-II
1598,1345,0.2048120530960789,NSGA-II,NSGA-II,20260325,66.0818099975586,2.8498854637146,7.849969387054443,67.71094120137155,2.661915959119379,7.4433261847375904,NSGA-II
1599,1345,0.2052585409524955,NSGA-II,NSGA-II,20260325,66.08052062988281,2.8499979972839355,7.849761962890625,67.71094120137155,2.661915959119379,7.4433261847375904,NSGA-II
1600,1345,0.1776797164174699,NSGA-II,NSGA-II,20260325,66.00181579589844,2.84998083114624,7.848711013793945,67.71094120137155,2.661915959119379,7.4433261847375904,NSGA-II
1601,1345,0.1758932751880208,NSGA-II,NSGA-II,20260325,66.13417053222656,2.8499996662139893,7.833804130554199,67.71094120137155,2.661915959119379,7.4433261847375904,NSGA-II
1602,1345,0.2082287506986312,NSGA-II,NSGA-II,20260325,66.00003814697266,2.849929094314575,7.784431457519531,67.71094120137155,2.661915959119379,7.4433261847375904,NSGA-II
1603,1345,0.2033225553542025,NSGA-II,NSGA-II,20260325,66.00039672851562,2.8499956130981445,7.765459537506103,67.71094120137155,2.661915959119379,7.4433261847375904,NSGA-II
1604,1345,0.2050263145995663,NSGA-II,NSGA-II,20260325,66.08191680908203,2.8498902320861816,7.849961757659912,67.71094120137155,2.661915959119379,7.4433261847375904,NSGA-II
1605,1345,0.205268726163467,NSGA-II,NSGA-II,20260325,66.08049011230469,2.849987030029297,7.849740028381348,67.71094120137155,2.661915959119379,7.4433261847375904,NSGA-II
1606,1345,0.2034157049117599,NSGA-II,NSGA-II,20260325,66.00062561035156,2.8499975204467773,7.765467166900635,67.71094120137155,2.661915959119379,7.4433261847375904,NSGA-II
1607,1345,0.1737215686096715,NSGA-II,NSGA-II,20260325,66.00055694580078,2.8499467372894287,7.848973274230957,67.71094120137155,2.661915959119379,7.4433261847375904,NSGA-II
1608,1345,0.2051615616767697,NSGA-II,NSGA-II,20260325,66.08370208740234,2.84987211227417,7.84999942779541,67.71094120137155,2.661915959119379,7.4433261847375904,NSGA-II
1609,1345,0.1757969286229349,NSGA-II,NSGA-II,20260325,66.13338470458984,2.8499996662139893,7.833780765533447,67.71094120137155,2.661915959119379,7.4433261847375904,NSGA-II
1610,1345,0.1757968951472331,NSGA-II,NSGA-II,20260325,66.13338470458984,2.8499996662139893,7.833780765533447,67.71094120137155,2.661915959119379,7.4433261847375904,NSGA-II
1611,1345,0.175795480207459,NSGA-II,NSGA-II,20260325,66.13338470458984,2.8499996662139893,7.833780765533447,67.71094120137155,2.661915959119379,7.4433261847375904,NSGA-II
1612,1345,0.1757969286387666,NSGA-II,NSGA-II,20260325,66.13338470458984,2.8499996662139893,7.833780765533447,67.71094120137155,2.661915959119379,7.4433261847375904,NSGA-II
1613,1345,0.1784330767146444,NSGA-II,NSGA-II,20260325,66.00030517578125,2.849943161010742,7.84928560256958,67.71094120137155,2.661915959119379,7.4433261847375904,NSGA-II
1614,1345,0.1777037264902853,NSGA-II,NSGA-II,20260325,66.00025939941406,2.849041223526001,7.849493503570557,67.71094120137155,2.661915959119379,7.4433261847375904,NSGA-II
1615,1345,0.1759154557890717,NSGA-II,NSGA-II,20260325,66.13436126708984,2.8499999046325684,7.833887100219727,67.71094120137155,2.661915959119379,7.4433261847375904,NSGA-II
1616,1345,0.1784550827252989,NSGA-II,NSGA-II,20260325,66.00364685058594,2.8499770164489746,7.849584102630615,67.71094120137155,2.661915959119379,7.4433261847375904,NSGA-II
1617,1345,0.1757966455458926,NSGA-II,NSGA-II,20260325,66.13339233398438,2.8499999046325684,7.833782196044922,67.71094120137155,2.661915959119379,7.4433261847375904,NSGA-II
1618,1345,0.1953261065100616,NSGA-II,NSGA-II,20260325,66.02163696289062,2.8490335941314697,7.849990844726562,67.71094120137155,2.661915959119379,7.4433261847375904,NSGA-II
1619,1345,0.2082335042547755,NSGA-II,NSGA-II,20260325,66.00004577636719,2.849942445755005,7.784437656402588,67.71094120137155,2.661915959119379,7.4433261847375904,NSGA-II
1620,1345,0.174484518049795,NSGA-II,NSGA-II,20260325,66.00006866455078,2.8494014739990234,7.8489990234375,67.71094120137155,2.661915959119379,7.4433261847375904,NSGA-II
1621,1345,0.1984218614148675,NSGA-II,NSGA-II,20260325,66.36957550048828,2.849997043609619,7.849939823150635,67.71094120137155,2.661915959119379,7.4433261847375904,NSGA-II
1622,1345,0.1763336224414577,NSGA-II,NSGA-II,20260325,66.06735229492188,2.849773406982422,7.849947929382324,67.71094120137155,2.661915959119379,7.4433261847375904,NSGA-II
1623,1345,0.1739561657452892,NSGA-II,NSGA-II,20260325,66.0001220703125,2.849977970123291,7.846686363220215,67.71094120137155,2.661915959119379,7.4433261847375904,NSGA-II
1624,1345,0.1793381389107713,NSGA-II,NSGA-II,20260325,66.0070571899414,2.849656581878662,7.849646091461182,67.71094120137155,2.661915959119379,7.4433261847375904,NSGA-II
1625,1345,0.2082449610770543,NSGA-II,NSGA-II,20260325,66.00001525878906,2.849803924560547,7.784168720245361,67.71094120137155,2.661915959119379,7.4433261847375904,NSGA-II
1626,1345,0.1801564221238166,NSGA-II,NSGA-II,20260325,66.01768493652344,2.849914073944092,7.849921226501465,67.71094120137155,2.661915959119379,7.4433261847375904,NSGA-II
1627,1345,0.1757953878412875,NSGA-II,NSGA-II,20260325,66.13338470458984,2.8499996662139893,7.833780765533447,67.71094120137155,2.661915959119379,7.4433261847375904,NSGA-II
1628,1345,0.1797881695791654,NSGA-II,NSGA-II,20260325,66.00171661376953,2.8483073711395264,7.849888801574707,67.71094120137155,2.661915959119379,7.4433261847375904,NSGA-II
1629,1345,0.1757969646512492,NSGA-II,NSGA-II,20260325,66.13338470458984,2.8499996662139893,7.833780765533447,67.71094120137155,2.661915959119379,7.4433261847375904,NSGA-II
1630,1345,0.2052675814637012,NSGA-II,NSGA-II,20260325,66.08047485351562,2.849987030029297,7.849739074707031,67.71094120137155,2.661915959119379,7.4433261847375904,NSGA-II
1631,1345,0.205027374390891,NSGA-II,NSGA-II,20260325,66.0819320678711,2.8498904705047607,7.84996223449707,67.71094120137155,2.661915959119379,7.4433261847375904,NSGA-II
1632,1345,0.1742607189641316,NSGA-II,NSGA-II,20260325,66.0002670288086,2.849671602249145,7.849484443664551,67.71094120137155,2.661915959119379,7.4433261847375904,NSGA-II
1633,1345,0.1789838314165439,NSGA-II,NSGA-II,20260325,66.01490783691406,2.849950075149536,7.849628448486328,67.71094120137155,2.661915959119379,7.4433261847375904,NSGA-II
1634,1345,0.1663337415392685,NSGA-II,NSGA-II,20260325,66.0087890625,2.847949504852295,7.849909782409668,67.71094120137155,2.661915959119379,7.4433261847375904,NSGA-II
1635,1345,0.1757954565909609,NSGA-II,NSGA-II,20260325,66.13338470458984,2.8499996662139893,7.833780765533447,67.71094120137155,2.661915959119379,7.4433261847375904,NSGA-II
1636,1345,0.1757969319096687,NSGA-II,NSGA-II,20260325,66.13338470458984,2.8499996662139893,7.833780765533447,67.71094120137155,2.661915959119379,7.4433261847375904,NSGA-II
1637,1345,0.1979917820710439,NSGA-II,NSGA-II,20260325,66.37018585205078,2.8499903678894043,7.84999418258667,67.71094120137155,2.661915959119379,7.4433261847375904,NSGA-II
1638,1345,0.1772580445942719,NSGA-II,NSGA-II,20260325,66.00250244140625,2.849998235702514,7.846404075622559,67.71094120137155,2.661915959119379,7.4433261847375904,NSGA-II
1639,1345,0.1948244249212427,NSGA-II,NSGA-II,20260325,66.0207748413086,2.849123954772949,7.849982738494873,67.71094120137155,2.661915959119379,7.4433261847375904,NSGA-II
1640,1345,0.1766601193946907,NSGA-II,NSGA-II,20260325,66.00406646728516,2.849993228912353,7.846489906311035,67.71094120137155,2.661915959119379,7.4433261847375904,NSGA-II
1641,1345,0.1785821786447613,NSGA-II,NSGA-II,20260325,66.00003051757812,2.84959077835083,7.848593235015869,67.71094120137155,2.661915959119379,7.4433261847375904,NSGA-II
1642,1345,0.1757969319998749,NSGA-II,NSGA-II,20260325,66.13338470458984,2.8499996662139893,7.833780765533447,67.71094120137155,2.661915959119379,7.4433261847375904,NSGA-II
1643,1345,0.1776947582741147,NSGA-II,NSGA-II,20260325,66.00006866455078,2.847936153411865,7.849739074707031,67.71094120137155,2.661915959119379,7.4433261847375904,NSGA-II
1644,1345,0.1791812157018142,NSGA-II,NSGA-II,20260325,66.00283813476562,2.849942207336426,7.849485397338867,67.71094120137155,2.661915959119379,7.4433261847375904,NSGA-II
1645,1345,0.1757954237612102,NSGA-II,NSGA-II,20260325,66.13338470458984,2.8499996662139893,7.833780765533447,67.71094120137155,2.661915959119379,7.4433261847375904,NSGA-II
1646,1345,0.1877115990363191,NSGA-II,NSGA-II,20260325,66.0253677368164,2.848980665206909,7.849996566772461,67.71094120137155,2.661915959119379,7.4433261847375904,NSGA-II
1647,1345,0.2042547428839878,NSGA-II,NSGA-II,20260325,66.0031967163086,2.84999942779541,7.767094135284424,67.71094120137155,2.661915959119379,7.4433261847375904,NSGA-II
1648,1345,0.1765514726842764,NSGA-II,NSGA-II,20260325,66.06754302978516,2.8498289585113525,7.849960803985596,67.71094120137155,2.661915959119379,7.4433261847375904,NSGA-II
1649,1345,0.1788458811125332,NSGA-II,NSGA-II,20260325,66.00003814697266,2.8490471839904785,7.849471569061279,67.71094120137155,2.661915959119379,7.4433261847375904,NSGA-II
1650,1345,0.1784710666928484,NSGA-II,NSGA-II,20260325,66.0036392211914,2.849963426589966,7.849546909332275,67.71094120137155,2.661915959119379,7.4433261847375904,NSGA-II
1651,1345,0.1745939061850055,NSGA-II,NSGA-II,20260325,66.0011215209961,2.8470160961151123,7.849915504455566,67.71094120137155,2.661915959119379,7.4433261847375904,NSGA-II
1652,1345,0.1979850845052833,NSGA-II,NSGA-II,20260325,66.37018585205078,2.849990129470825,7.84999418258667,67.71094120137155,2.661915959119379,7.4433261847375904,NSGA-II
1653,1345,0.1782493131286812,NSGA-II,NSGA-II,20260325,66.00005340576172,2.847104787826538,7.848720550537109,67.71094120137155,2.661915959119379,7.4433261847375904,NSGA-II
1654,1345,0.2042547015119544,NSGA-II,NSGA-II,20260325,66.00320434570312,2.849999189376831,7.767094135284424,67.71094120137155,2.661915959119379,7.4433261847375904,NSGA-II
1655,1345,0.1759156025122162,NSGA-II,NSGA-II,20260325,66.13436126708984,2.8499996662139893,7.833887100219727,67.71094120137155,2.661915959119379,7.4433261847375904,NSGA-II
1656,1345,0.1658839698620297,NSGA-II,NSGA-II,20260325,66.00757598876953,2.8499975204467773,7.810535430908203,67.71094120137155,2.661915959119379,7.4433261847375904,NSGA-II
1657,1345,0.2042453391112693,NSGA-II,NSGA-II,20260325,66.00340270996094,2.849994421005249,7.767107963562012,67.71094120137155,2.661915959119379,7.4433261847375904,NSGA-II
1658,1345,0.1816234376155416,NSGA-II,NSGA-II,20260325,66.00077056884766,2.8478798866271973,7.849499702453613,67.71094120137155,2.661915959119379,7.4433261847375904,NSGA-II
1659,1345,0.1955237030566424,NSGA-II,NSGA-II,20260325,66.02313232421875,2.849018812179565,7.849958896636963,67.71094120137155,2.661915959119379,7.4433261847375904,NSGA-II
1660,1885,0.2059145586059619,NSGA-II,NSGA-II,20260326,66.1250228881836,2.826002836227417,7.849998950958252,66.53673215921334,2.779798267583488,7.552365096946313,NSGA-II
1661,24,0.1967564748557125,NSGA-II,NSGA-II,20260326,68.4569320678711,2.8499999046325684,7.711718082427978,69.09667307873592,2.672135395207682,7.497634746007593,NSGA-II
1662,24,0.1967564407650275,NSGA-II,NSGA-II,20260326,68.4569320678711,2.8499999046325684,7.711718082427978,69.09667307873592,2.672135395207682,7.497634746007593,NSGA-II
1663,24,0.1972307174867353,NSGA-II,NSGA-II,20260326,68.47695922851562,2.8499999046325684,7.713243007659912,69.09667307873592,2.672135395207682,7.497634746007593,NSGA-II
1664,1885,0.1632406824603613,NSGA-II,NSGA-II,20260326,66.0,2.786423683166504,7.8448662757873535,66.53673215921334,2.779798267583488,7.552365096946313,NSGA-II
1665,1885,0.1116590650143789,NSGA-II,NSGA-II,20260326,66.00559997558594,2.849998712539673,7.75926399230957,66.53673215921334,2.779798267583488,7.552365096946313,NSGA-II
1666,319,0.1973205564902735,NSGA-II,NSGA-II,20260326,66.90132904052734,2.8499865531921387,7.848925113677978,66.7935209100344,2.85,7.738870331869076,NSGA-II
1667,1635,0.1730086513313991,NSGA-II,NSGA-II,20260326,67.3162841796875,2.849993705749512,7.845219135284424,67.8268200077701,2.85,7.805276140291397,NSGA-II
1668,24,0.1967612027340453,NSGA-II,NSGA-II,20260326,68.45686340332031,2.84999942779541,7.711728096008301,69.09667307873592,2.672135395207682,7.497634746007593,NSGA-II
1669,1885,0.2060754088431594,NSGA-II,NSGA-II,20260326,66.12635803222656,2.826592206954956,7.849996566772461,66.53673215921334,2.779798267583488,7.552365096946313,NSGA-II
1670,1885,0.1619004460411232,NSGA-II,NSGA-II,20260326,66.0080795288086,2.8499972820281982,7.805181503295898,66.53673215921334,2.779798267583488,7.552365096946313,NSGA-II
1671,1885,0.1639698135167586,NSGA-II,NSGA-II,20260326,66.00203704833984,2.8067548274993896,7.849998950958252,66.53673215921334,2.779798267583488,7.552365096946313,NSGA-II
1672,1885,0.1653490684949966,NSGA-II,NSGA-II,20260326,66.00004577636719,2.807124137878418,7.849861145019531,66.53673215921334,2.779798267583488,7.552365096946313,NSGA-II
1673,1635,0.1706852508785667,NSGA-II,NSGA-II,20260326,67.30744934082031,2.849939584732056,7.849811553955078,67.8268200077701,2.85,7.805276140291397,NSGA-II
1674,1885,0.1663754675740354,NSGA-II,NSGA-II,20260326,66.00008392333984,2.843791007995605,7.830811023712158,66.53673215921334,2.779798267583488,7.552365096946313,NSGA-II
1675,784,0.205942687340138,NSGA-II,NSGA-II,20260326,66.00406646728516,2.849985122680664,7.842989921569824,68.16120159933843,2.7251105517510363,7.553215822775918,NSGA-II
1676,1885,0.2049457243397815,NSGA-II,NSGA-II,20260326,66.11590576171875,2.8318426609039307,7.849994659423828,66.53673215921334,2.779798267583488,7.552365096946313,NSGA-II
1677,1885,0.1636675616720772,NSGA-II,NSGA-II,20260326,66.0,2.8403687477111816,7.813778400421143,66.53673215921334,2.779798267583488,7.552365096946313,NSGA-II
1678,1885,0.1656725420093216,NSGA-II,NSGA-II,20260326,66.00001525878906,2.8463895320892334,7.827911376953125,66.53673215921334,2.779798267583488,7.552365096946313,NSGA-II
1679,1885,0.1627774252051028,NSGA-II,NSGA-II,20260326,66.0038833618164,2.849987745285034,7.805736541748047,66.53673215921334,2.779798267583488,7.552365096946313,NSGA-II
1680,1885,0.1947428619513273,NSGA-II,NSGA-II,20260326,66.00020599365234,2.842729091644287,7.845515727996826,66.53673215921334,2.779798267583488,7.552365096946313,NSGA-II
1681,1885,0.1624919352027748,NSGA-II,NSGA-II,20260326,66.00000762939453,2.8404784202575684,7.814019680023193,66.53673215921334,2.779798267583488,7.552365096946313,NSGA-II
1682,1885,0.201674575906758,NSGA-II,NSGA-II,20260326,66.0000228881836,2.84152889251709,7.847847461700439,66.53673215921334,2.779798267583488,7.552365096946313,NSGA-II
1683,1885,0.1893761956361961,NSGA-II,NSGA-II,20260326,66.00000762939453,2.839006185531616,7.844064712524414,66.53673215921334,2.779798267583488,7.552365096946313,NSGA-II
1684,627,0.1948065601349119,NSGA-II,NSGA-II,20260326,66.03639221191406,2.8499813079833984,7.84525728225708,67.70573243557372,2.689025493908304,7.403737598284024,NSGA-II
1685,1885,0.168043935773639,NSGA-II,NSGA-II,20260326,66.00028991699219,2.8499813079833984,7.819395065307617,66.53673215921334,2.779798267583488,7.552365096946313,NSGA-II
1686,1885,0.2049458959234255,NSGA-II,NSGA-II,20260326,66.11590576171875,2.8318426609039307,7.849994659423828,66.53673215921334,2.779798267583488,7.552365096946313,NSGA-II
1687,200,0.2093740823416865,NSGA-II,NSGA-II,20260326,66.01649475097656,2.8460404872894287,7.849992275238037,66.96908991054327,2.8065930790182194,7.588883586715506,NSGA-II
1688,1885,0.1634239991760516,NSGA-II,NSGA-II,20260326,66.0000228881836,2.848071813583374,7.823586463928223,66.53673215921334,2.779798267583488,7.552365096946313,NSGA-II
1689,1885,0.1988875381793456,NSGA-II,NSGA-II,20260326,66.00001525878906,2.83471941947937,7.849056243896484,66.53673215921334,2.779798267583488,7.552365096946313,NSGA-II
1690,1885,0.1672724614413649,NSGA-II,NSGA-II,20260326,66.00691986083984,2.849996566772461,7.8214430809021,66.53673215921334,2.779798267583488,7.552365096946313,NSGA-II
1691,1885,0.1967863108292497,NSGA-II,NSGA-II,20260326,66.00066375732422,2.8322508335113525,7.849971771240234,66.53673215921334,2.779798267583488,7.552365096946313,NSGA-II
1692,1885,0.1664375697546583,NSGA-II,NSGA-II,20260326,66.00004577636719,2.844496011734009,7.830487251281738,66.53673215921334,2.779798267583488,7.552365096946313,NSGA-II
1693,200,0.205623494422242,NSGA-II,NSGA-II,20260326,66.02342987060547,2.8474841117858887,7.849968433380127,66.96908991054327,2.8065930790182194,7.588883586715506,NSGA-II
1694,1885,0.2058463712569939,NSGA-II,NSGA-II,20260326,66.00016021728516,2.8372576236724854,7.849911689758301,66.53673215921334,2.779798267583488,7.552365096946313,NSGA-II
1695,1885,0.1663500632009258,NSGA-II,NSGA-II,20260326,66.00003051757812,2.844435214996338,7.830361843109131,66.53673215921334,2.779798267583488,7.552365096946313,NSGA-II
1696,1885,0.1640272492662443,NSGA-II,NSGA-II,20260326,66.00003814697266,2.8487331867218018,7.823714733123779,66.53673215921334,2.779798267583488,7.552365096946313,NSGA-II
1697,1885,0.2043336630596791,NSGA-II,NSGA-II,20260326,66.01090240478516,2.8360016345977783,7.849982261657715,66.53673215921334,2.779798267583488,7.552365096946313,NSGA-II
1698,1885,0.200031858826448,NSGA-II,NSGA-II,20260326,66.00226593017578,2.833456754684448,7.849964618682861,66.53673215921334,2.779798267583488,7.552365096946313,NSGA-II
1699,1885,0.2056673138370472,NSGA-II,NSGA-II,20260326,66.0001449584961,2.837875366210937,7.849552154541016,66.53673215921334,2.779798267583488,7.552365096946313,NSGA-II
1700,24,0.1967596704420493,NSGA-II,NSGA-II,20260326,68.45700073242188,2.849998950958252,7.711737632751465,69.09667307873592,2.672135395207682,7.497634746007593,NSGA-II
1701,1885,0.1987533247355104,NSGA-II,NSGA-II,20260326,66.0025863647461,2.8336572647094727,7.849953174591064,66.53673215921334,2.779798267583488,7.552365096946313,NSGA-II
1702,1885,0.1677759438206296,NSGA-II,NSGA-II,20260326,66.00001525878906,2.8497674465179443,7.819623947143555,66.53673215921334,2.779798267583488,7.552365096946313,NSGA-II
1703,1885,0.1647715784173638,NSGA-II,NSGA-II,20260326,66.0000228881836,2.8435521125793457,7.830644130706787,66.53673215921334,2.779798267583488,7.552365096946313,NSGA-II
1704,1885,0.1967475081214152,NSGA-II,NSGA-II,20260326,66.00012969970703,2.840904235839844,7.848103523254394,66.53673215921334,2.779798267583488,7.552365096946313,NSGA-II
1705,1885,0.1984024663342276,NSGA-II,NSGA-II,20260326,66.0001220703125,2.8411147594451904,7.848028659820557,66.53673215921334,2.779798267583488,7.552365096946313,NSGA-II
1706,1885,0.204215286323155,NSGA-II,NSGA-II,20260326,66.0108871459961,2.835969924926758,7.84998607635498,66.53673215921334,2.779798267583488,7.552365096946313,NSGA-II
1707,1885,0.1995320450507205,NSGA-II,NSGA-II,20260326,66.00004577636719,2.8353490829467773,7.849640369415283,66.53673215921334,2.779798267583488,7.552365096946313,NSGA-II
1708,1885,0.19953279472377,NSGA-II,NSGA-II,20260326,66.0000991821289,2.835343360900879,7.849642753601074,66.53673215921334,2.779798267583488,7.552365096946313,NSGA-II
1709,1885,0.2057466736524852,NSGA-II,NSGA-II,20260326,66.12625885009766,2.826523303985596,7.849996089935303,66.53673215921334,2.779798267583488,7.552365096946313,NSGA-II
1710,627,0.1967195507083027,NSGA-II,NSGA-II,20260326,66.02349090576172,2.8494789600372314,7.849913597106934,67.70573243557372,2.689025493908304,7.403737598284024,NSGA-II
1711,1885,0.2043479550667759,NSGA-II,NSGA-II,20260326,66.00012969970703,2.837491989135742,7.849537849426269,66.53673215921334,2.779798267583488,7.552365096946313,NSGA-II
1712,1885,0.164088434182074,NSGA-II,NSGA-II,20260326,66.00005340576172,2.848959684371948,7.824600219726562,66.53673215921334,2.779798267583488,7.552365096946313,NSGA-II
1713,1885,0.1661051300361303,NSGA-II,NSGA-II,20260326,66.00001525878906,2.844078540802002,7.830599784851074,66.53673215921334,2.779798267583488,7.552365096946313,NSGA-II
1714,1885,0.1658638975817306,NSGA-II,NSGA-II,20260326,66.00175476074219,2.8499131202697754,7.824455261230469,66.53673215921334,2.779798267583488,7.552365096946313,NSGA-II
1715,200,0.1986368029463514,NSGA-II,NSGA-II,20260326,66.00011444091797,2.8496086597442627,7.84340238571167,66.96908991054327,2.8065930790182194,7.588883586715506,NSGA-II
1716,1885,0.1987990280550394,NSGA-II,NSGA-II,20260326,66.00257873535156,2.849360466003418,7.848540306091309,66.53673215921334,2.779798267583488,7.552365096946313,NSGA-II
1717,1885,0.2056915258514419,NSGA-II,NSGA-II,20260326,66.00013732910156,2.837796926498413,7.84965705871582,66.53673215921334,2.779798267583488,7.552365096946313,NSGA-II
1718,1885,0.1663706594406572,NSGA-II,NSGA-II,20260326,66.00006103515625,2.8442060947418213,7.830754280090332,66.53673215921334,2.779798267583488,7.552365096946313,NSGA-II
1719,998,0.2097466545429927,NSGA-II,NSGA-II,20260326,66.00321960449219,2.849757194519043,7.844507694244385,67.32178154058984,2.738048739768809,7.450437679173951,NSGA-II
1720,1885,0.1653039919326955,NSGA-II,NSGA-II,20260326,66.00041198730469,2.8067736625671387,7.849980354309082,66.53673215921334,2.779798267583488,7.552365096946313,NSGA-II
1721,200,0.2010124946125847,NSGA-II,NSGA-II,20260326,66.00102996826172,2.849794387817383,7.843863487243652,66.96908991054327,2.8065930790182194,7.588883586715506,NSGA-II
1722,1635,0.1707023298185538,NSGA-II,NSGA-II,20260326,67.30748748779297,2.849909543991089,7.849819183349609,67.8268200077701,2.85,7.805276140291397,NSGA-II
1723,1885,0.1987915315971186,NSGA-II,NSGA-II,20260326,66.00251770019531,2.849362373352051,7.848455905914307,66.53673215921334,2.779798267583488,7.552365096946313,NSGA-II
1724,1885,0.1932688303057861,NSGA-II,NSGA-II,20260326,66.00232696533203,2.847740411758423,7.8498992919921875,66.53673215921334,2.779798267583488,7.552365096946313,NSGA-II
1725,1885,0.192957544532857,NSGA-II,NSGA-II,20260326,66.00251007080078,2.847816467285156,7.849900245666504,66.53673215921334,2.779798267583488,7.552365096946313,NSGA-II
1726,1885,0.1647973107639071,NSGA-II,NSGA-II,20260326,66.00003814697266,2.8435616493225098,7.830645084381103,66.53673215921334,2.779798267583488,7.552365096946313,NSGA-II
1727,200,0.1962660721031527,NSGA-II,NSGA-II,20260326,66.0005111694336,2.849127769470215,7.849751472473144,66.96908991054327,2.8065930790182194,7.588883586715506,NSGA-II
1728,1885,0.1964247362334635,NSGA-II,NSGA-II,20260326,66.00355529785156,2.849971532821656,7.849488258361816,66.53673215921334,2.779798267583488,7.552365096946313,NSGA-II
1729,1635,0.1730067459043554,NSGA-II,NSGA-II,20260326,67.3162841796875,2.849987745285034,7.845226287841797,67.8268200077701,2.85,7.805276140291397,NSGA-II
1730,998,0.2097098619056707,NSGA-II,NSGA-II,20260326,66.00595092773438,2.849991798400879,7.844098091125488,67.32178154058984,2.738048739768809,7.450437679173951,NSGA-II
1731,1885,0.1622303412696547,NSGA-II,NSGA-II,20260326,66.00320434570312,2.8499910831451416,7.805663585662842,66.53673215921334,2.779798267583488,7.552365096946313,NSGA-II
1732,200,0.1989473234045194,NSGA-II,NSGA-II,20260326,66.00012969970703,2.8496580123901367,7.843606472015381,66.96908991054327,2.8065930790182194,7.588883586715506,NSGA-II
1733,1885,0.2042492457112136,NSGA-II,NSGA-II,20260326,66.01090240478516,2.8359737396240234,7.849984645843506,66.53673215921334,2.779798267583488,7.552365096946313,NSGA-II
1734,1885,0.2003131311443211,NSGA-II,NSGA-II,20260326,66.0020980834961,2.8335607051849365,7.84995698928833,66.53673215921334,2.779798267583488,7.552365096946313,NSGA-II
1735,200,0.198140780266779,NSGA-II,NSGA-II,20260326,66.00050354003906,2.8496668338775635,7.843596458435059,66.96908991054327,2.8065930790182194,7.588883586715506,NSGA-II
1736,1885,0.1917710071110628,NSGA-II,NSGA-II,20260326,66.0040512084961,2.849054336547852,7.849928379058838,66.53673215921334,2.779798267583488,7.552365096946313,NSGA-II
1737,1885,0.1663500834468337,NSGA-II,NSGA-II,20260326,66.00003051757812,2.844435214996338,7.830361843109131,66.53673215921334,2.779798267583488,7.552365096946313,NSGA-II
1738,1885,0.1664375899763636,NSGA-II,NSGA-II,20260326,66.00004577636719,2.844496011734009,7.830487251281738,66.53673215921334,2.779798267583488,7.552365096946313,NSGA-II
1739,1885,0.1998542572632097,NSGA-II,NSGA-II,20260326,66.00282287597656,2.8335230350494385,7.849984169006348,66.53673215921334,2.779798267583488,7.552365096946313,NSGA-II
1740,1885,0.1690296327876393,NSGA-II,NSGA-II,20260326,66.00109100341797,2.849975109100342,7.819479942321777,66.53673215921334,2.779798267583488,7.552365096946313,NSGA-II
1741,200,0.2094412625155387,NSGA-II,NSGA-II,20260326,66.00921630859375,2.849776268005371,7.849863052368164,66.96908991054327,2.8065930790182194,7.588883586715506,NSGA-II
1742,1885,0.1937516255642157,NSGA-II,NSGA-II,20260326,66.00292205810547,2.847786903381348,7.849934101104736,66.53673215921334,2.779798267583488,7.552365096946313,NSGA-II
1743,200,0.1962929723784006,NSGA-II,NSGA-II,20260326,66.00022888183594,2.849076747894287,7.849898338317871,66.96908991054327,2.8065930790182194,7.588883586715506,NSGA-II
1744,1885,0.1678353723319744,NSGA-II,NSGA-II,20260326,66.00009155273438,2.8497791290283203,7.819620609283447,66.53673215921334,2.779798267583488,7.552365096946313,NSGA-II
1745,200,0.1963490386854525,NSGA-II,NSGA-II,20260326,66.00048828125,2.8491272926330566,7.849752902984619,66.96908991054327,2.8065930790182194,7.588883586715506,NSGA-II
1746,1885,0.1690291460947688,NSGA-II,NSGA-II,20260326,66.00028228759766,2.84995436668396,7.8194475173950195,66.53673215921334,2.779798267583488,7.552365096946313,NSGA-II
1747,1885,0.1625649099006957,NSGA-II,NSGA-II,20260326,66.00444030761719,2.84999680519104,7.805677890777588,66.53673215921334,2.779798267583488,7.552365096946313,NSGA-II
1748,1635,0.1707019995616188,NSGA-II,NSGA-II,20260326,67.30748748779297,2.849909543991089,7.849819183349609,67.8268200077701,2.85,7.805276140291397,NSGA-II
1749,1885,0.1622011453002395,NSGA-II,NSGA-II,20260326,66.0031509399414,2.8499889373779297,7.805675029754639,66.53673215921334,2.779798267583488,7.552365096946313,NSGA-II
1750,24,0.1967612025368446,NSGA-II,NSGA-II,20260326,68.45686340332031,2.84999942779541,7.711728096008301,69.09667307873592,2.672135395207682,7.497634746007593,NSGA-II
1751,24,0.196760845683213,NSGA-II,NSGA-II,20260326,68.45690155029297,2.8499996662139893,7.711730480194092,69.09667307873592,2.672135395207682,7.497634746007593,NSGA-II
1752,24,0.1967608626089981,NSGA-II,NSGA-II,20260326,68.45690155029297,2.8499996662139893,7.711730480194092,69.09667307873592,2.672135395207682,7.497634746007593,NSGA-II
1753,24,0.1967564746817409,NSGA-II,NSGA-II,20260326,68.4569320678711,2.8499999046325684,7.711718082427978,69.09667307873592,2.672135395207682,7.497634746007593,NSGA-II
1754,24,0.1967563761891018,NSGA-II,NSGA-II,20260326,68.4569320678711,2.8499999046325684,7.711718082427978,69.09667307873592,2.672135395207682,7.497634746007593,NSGA-II
1755,24,0.196760845680116,NSGA-II,NSGA-II,20260326,68.45690155029297,2.8499996662139893,7.711730480194092,69.09667307873592,2.672135395207682,7.497634746007593,NSGA-II
1756,24,0.1967564748548233,NSGA-II,NSGA-II,20260326,68.4569320678711,2.8499999046325684,7.711718082427978,69.09667307873592,2.672135395207682,7.497634746007593,NSGA-II
1757,24,0.1967564129668631,NSGA-II,NSGA-II,20260326,68.4569320678711,2.8499999046325684,7.711718082427978,69.09667307873592,2.672135395207682,7.497634746007593,NSGA-II
1758,24,0.1967564405678228,NSGA-II,NSGA-II,20260326,68.4569320678711,2.8499999046325684,7.711718082427978,69.09667307873592,2.672135395207682,7.497634746007593,NSGA-II
1759,1885,0.1656997736529001,NSGA-II,NSGA-II,20260326,66.0003433227539,2.849706649780273,7.824873447418213,66.53673215921334,2.779798267583488,7.552365096946313,NSGA-II
1760,599,0.2082679798181235,NSGA-II,NSGA-II,20260327,66.00008392333984,2.8498611450195312,7.633687496185303,66.0,2.749315268335103,7.725822269890681,NSGA-II
1761,1959,0.1834505347023883,NSGA-II,NSGA-II,20260327,66.0000228881836,2.8068082332611084,7.846206188201904,67.5479128078526,2.7257484201731828,7.501060651076007,NSGA-II
1762,200,0.2041279680223233,NSGA-II,NSGA-II,20260327,66.00000762939453,2.8337442874908447,7.8378682136535645,66.96908991054327,2.8065930790182194,7.588883586715506,NSGA-II
1763,1631,0.1893632079628203,NSGA-II,NSGA-II,20260327,67.49488067626953,2.8483645915985107,7.849989414215088,68.53728487758517,2.696135285801418,7.501664470662713,NSGA-II
1764,200,0.2052117176826508,NSGA-II,NSGA-II,20260327,66.0103530883789,2.845886945724488,7.849997520446777,66.96908991054327,2.8065930790182194,7.588883586715506,NSGA-II
1765,200,0.1700568607242062,NSGA-II,NSGA-II,20260327,66.480224609375,2.84999942779541,7.846776485443115,66.96908991054327,2.8065930790182194,7.588883586715506,NSGA-II
1766,599,0.2040773878010316,NSGA-II,NSGA-II,20260327,66.00370025634766,2.849909543991089,7.637572288513184,66.0,2.749315268335103,7.725822269890681,NSGA-II
1767,1959,0.1989517532671692,NSGA-II,NSGA-II,20260327,66.00601196289062,2.8499951362609863,7.749149799346924,67.5479128078526,2.7257484201731828,7.501060651076007,NSGA-II
1768,1959,0.186796173165501,NSGA-II,NSGA-II,20260327,66.0008773803711,2.8071746826171875,7.849743366241455,67.5479128078526,2.7257484201731828,7.501060651076007,NSGA-II
1769,200,0.2086019849303217,NSGA-II,NSGA-II,20260327,66.00178527832031,2.828441381454468,7.849953651428223,66.96908991054327,2.8065930790182194,7.588883586715506,NSGA-II
1770,200,0.1834198664713537,NSGA-II,NSGA-II,20260327,66.00013732910156,2.8490450382232666,7.811322212219238,66.96908991054327,2.8065930790182194,7.588883586715506,NSGA-II
1771,1959,0.184641408276585,NSGA-II,NSGA-II,20260327,66.00695037841797,2.8499197959899902,7.750770568847656,67.5479128078526,2.7257484201731828,7.501060651076007,NSGA-II
1772,200,0.206213141592676,NSGA-II,NSGA-II,20260327,66.00001525878906,2.837288379669189,7.844664096832275,66.96908991054327,2.8065930790182194,7.588883586715506,NSGA-II
1773,1959,0.1843541515055219,NSGA-II,NSGA-II,20260327,66.11599731445312,2.84995985031128,7.836197376251221,67.5479128078526,2.7257484201731828,7.501060651076007,NSGA-II
1774,200,0.1736405070113325,NSGA-II,NSGA-II,20260327,66.27911376953125,2.8468291759490967,7.849944591522217,66.96908991054327,2.8065930790182194,7.588883586715506,NSGA-II
1775,200,0.165395055455599,NSGA-II,NSGA-II,20260327,66.46942901611328,2.849940776824951,7.846225261688232,66.96908991054327,2.8065930790182194,7.588883586715506,NSGA-II
1776,200,0.2093931699937795,NSGA-II,NSGA-II,20260327,66.00008392333984,2.8413052558898926,7.849215507507324,66.96908991054327,2.8065930790182194,7.588883586715506,NSGA-II
1777,1959,0.1838788914350502,NSGA-II,NSGA-II,20260327,66.00006103515625,2.8477554321289062,7.829803943634033,67.5479128078526,2.7257484201731828,7.501060651076007,NSGA-II
1778,200,0.205315003695111,NSGA-II,NSGA-II,20260327,66.00641632080078,2.8420987129211426,7.849923610687256,66.96908991054327,2.8065930790182194,7.588883586715506,NSGA-II
1779,200,0.2101737648100274,NSGA-II,NSGA-II,20260327,66.00003814697266,2.84492301940918,7.845815658569336,66.96908991054327,2.8065930790182194,7.588883586715506,NSGA-II
1780,200,0.2016489398412691,NSGA-II,NSGA-II,20260327,66.06539154052734,2.849939346313477,7.849144458770752,66.96908991054327,2.8065930790182194,7.588883586715506,NSGA-II
1781,200,0.1794120637192387,NSGA-II,NSGA-II,20260327,66.28399658203125,2.8482277393341064,7.849592685699463,66.96908991054327,2.8065930790182194,7.588883586715506,NSGA-II
1782,200,0.1974356387089928,NSGA-II,NSGA-II,20260327,66.00051879882812,2.8327791690826416,7.849735260009766,66.96908991054327,2.8065930790182194,7.588883586715506,NSGA-II
1783,200,0.2049623622310543,NSGA-II,NSGA-II,20260327,66.00016784667969,2.8297903537750244,7.849365234375,66.96908991054327,2.8065930790182194,7.588883586715506,NSGA-II
1784,200,0.2094728681762183,NSGA-II,NSGA-II,20260327,66.00990295410156,2.830064058303833,7.849995613098144,66.96908991054327,2.8065930790182194,7.588883586715506,NSGA-II
1785,200,0.2088086901454146,NSGA-II,NSGA-II,20260327,66.00240325927734,2.828443050384521,7.849978923797607,66.96908991054327,2.8065930790182194,7.588883586715506,NSGA-II
1786,1959,0.1976956355656418,NSGA-II,NSGA-II,20260327,66.00665283203125,2.849607467651367,7.832391738891602,67.5479128078526,2.7257484201731828,7.501060651076007,NSGA-II
1787,1959,0.1938410635348779,NSGA-II,NSGA-II,20260327,66.01361083984375,2.8495473861694336,7.835927963256836,67.5479128078526,2.7257484201731828,7.501060651076007,NSGA-II
1788,1631,0.1949213394334796,NSGA-II,NSGA-II,20260327,67.4706802368164,2.8496999740600586,7.8499436378479,68.53728487758517,2.696135285801418,7.501664470662713,NSGA-II
1789,200,0.1735995911242143,NSGA-II,NSGA-II,20260327,66.27912902832031,2.8469088077545166,7.849956512451172,66.96908991054327,2.8065930790182194,7.588883586715506,NSGA-II
1790,200,0.2088659158037139,NSGA-II,NSGA-II,20260327,66.0006332397461,2.841529130935669,7.848832130432129,66.96908991054327,2.8065930790182194,7.588883586715506,NSGA-II
1791,200,0.2059196039483454,NSGA-II,NSGA-II,20260327,66.00189208984375,2.8456082344055176,7.849910736083984,66.96908991054327,2.8065930790182194,7.588883586715506,NSGA-II
1792,200,0.206382187028228,NSGA-II,NSGA-II,20260327,66.00533294677734,2.8474600315093994,7.849798202514648,66.96908991054327,2.8065930790182194,7.588883586715506,NSGA-II
1793,200,0.1999832150145567,NSGA-II,NSGA-II,20260327,66.00127410888672,2.8333656787872314,7.849856853485107,66.96908991054327,2.8065930790182194,7.588883586715506,NSGA-II
1794,200,0.1972385536153872,NSGA-II,NSGA-II,20260327,66.00062561035156,2.832825899124145,7.849624156951904,66.96908991054327,2.8065930790182194,7.588883586715506,NSGA-II
1795,200,0.2014486818421422,NSGA-II,NSGA-II,20260327,66.04729461669922,2.8499228954315186,7.84919261932373,66.96908991054327,2.8065930790182194,7.588883586715506,NSGA-II
1796,200,0.2040940908633531,NSGA-II,NSGA-II,20260327,66.03048706054688,2.8498520851135254,7.846967697143555,66.96908991054327,2.8065930790182194,7.588883586715506,NSGA-II
1797,200,0.2043689015600688,NSGA-II,NSGA-II,20260327,66.00025939941406,2.8451569080352783,7.847962379455566,66.96908991054327,2.8065930790182194,7.588883586715506,NSGA-II
1798,200,0.2051750626081514,NSGA-II,NSGA-II,20260327,66.00313568115234,2.846252202987671,7.849903583526611,66.96908991054327,2.8065930790182194,7.588883586715506,NSGA-II
1799,200,0.2039100295127185,NSGA-II,NSGA-II,20260327,66.01889038085938,2.8493924140930176,7.849530220031738,66.96908991054327,2.8065930790182194,7.588883586715506,NSGA-II
1800,200,0.2049791877951367,NSGA-II,NSGA-II,20260327,66.00328826904297,2.846397399902344,7.849874019622803,66.96908991054327,2.8065930790182194,7.588883586715506,NSGA-II
1801,200,0.1763447821907433,NSGA-II,NSGA-II,20260327,66.00017547607422,2.8497331142425537,7.83070707321167,66.96908991054327,2.8065930790182194,7.588883586715506,NSGA-II
1802,200,0.2036156355150369,NSGA-II,NSGA-II,20260327,66.0191650390625,2.8494646549224854,7.849442005157471,66.96908991054327,2.8065930790182194,7.588883586715506,NSGA-II
1803,200,0.2060249045663069,NSGA-II,NSGA-II,20260327,66.00225830078125,2.847874164581299,7.848292350769043,66.96908991054327,2.8065930790182194,7.588883586715506,NSGA-II
1804,200,0.17792856309379,NSGA-II,NSGA-II,20260327,66.48197174072266,2.8487236499786377,7.84992504119873,66.96908991054327,2.8065930790182194,7.588883586715506,NSGA-II
1805,200,0.2057480545286092,NSGA-II,NSGA-II,20260327,66.00743865966797,2.8467345237731934,7.849981307983398,66.96908991054327,2.8065930790182194,7.588883586715506,NSGA-II
1806,599,0.2040762310215055,NSGA-II,NSGA-II,20260327,66.00003051757812,2.84910535812378,7.633793830871582,66.0,2.749315268335103,7.725822269890681,NSGA-II
1807,200,0.1699361289211341,NSGA-II,NSGA-II,20260327,66.48009490966797,2.849994659423828,7.846749782562256,66.96908991054327,2.8065930790182194,7.588883586715506,NSGA-II
1808,200,0.1969722479007255,NSGA-II,NSGA-II,20260327,66.0074462890625,2.8485348224639893,7.848093032836914,66.96908991054327,2.8065930790182194,7.588883586715506,NSGA-II
1809,599,0.2081067168886908,NSGA-II,NSGA-II,20260327,66.0001449584961,2.8499975204467773,7.634209632873535,66.0,2.749315268335103,7.725822269890681,NSGA-II
1810,200,0.1998100073383756,NSGA-II,NSGA-II,20260327,66.00118255615234,2.833454370498657,7.8497724533081055,66.96908991054327,2.8065930790182194,7.588883586715506,NSGA-II
1811,599,0.2042795110547342,NSGA-II,NSGA-II,20260327,66.00292205810547,2.849982500076294,7.635492324829102,66.0,2.749315268335103,7.725822269890681,NSGA-II
1812,200,0.2010485374276621,NSGA-II,NSGA-II,20260327,66.04646301269531,2.8498528003692627,7.849061965942383,66.96908991054327,2.8065930790182194,7.588883586715506,NSGA-II
1813,1959,0.1998464652677614,NSGA-II,NSGA-II,20260327,66.00357818603516,2.849850416183472,7.750227928161621,67.5479128078526,2.7257484201731828,7.501060651076007,NSGA-II
1814,1959,0.1814096459204778,NSGA-II,NSGA-II,20260327,66.03730773925781,2.849962949752808,7.750713348388672,67.5479128078526,2.7257484201731828,7.501060651076007,NSGA-II
1815,200,0.1975793400417787,NSGA-II,NSGA-II,20260327,66.0000991821289,2.848371744155884,7.844977378845215,66.96908991054327,2.8065930790182194,7.588883586715506,NSGA-II
1816,200,0.199700665707693,NSGA-II,NSGA-II,20260327,66.00159454345703,2.849428176879883,7.847897052764893,66.96908991054327,2.8065930790182194,7.588883586715506,NSGA-II
1817,1959,0.1816674053263893,NSGA-II,NSGA-II,20260327,66.03129577636719,2.8499960899353027,7.750587940216064,67.5479128078526,2.7257484201731828,7.501060651076007,NSGA-II
1818,599,0.2033835784455818,NSGA-II,NSGA-II,20260327,66.00373840332031,2.849998712539673,7.637448310852051,66.0,2.749315268335103,7.725822269890681,NSGA-II
1819,200,0.209151589689826,NSGA-II,NSGA-II,20260327,66.00029754638672,2.8414289951324463,7.848832607269287,66.96908991054327,2.8065930790182194,7.588883586715506,NSGA-II
1820,1959,0.1834349225182742,NSGA-II,NSGA-II,20260327,66.00003814697266,2.806926965713501,7.846176624298096,67.5479128078526,2.7257484201731828,7.501060651076007,NSGA-II
1821,200,0.1718548943861999,NSGA-II,NSGA-II,20260327,66.01078033447266,2.84987735748291,7.830358982086182,66.96908991054327,2.8065930790182194,7.588883586715506,NSGA-II
1822,200,0.2093673188212356,NSGA-II,NSGA-II,20260327,66.0013198852539,2.845095157623291,7.848986148834228,66.96908991054327,2.8065930790182194,7.588883586715506,NSGA-II
1823,1959,0.1988381656940413,NSGA-II,NSGA-II,20260327,66.00614929199219,2.8499579429626465,7.749160766601562,67.5479128078526,2.7257484201731828,7.501060651076007,NSGA-II
1824,200,0.2031437272326161,NSGA-II,NSGA-II,20260327,66.00386047363281,2.847819328308105,7.848390102386475,66.96908991054327,2.8065930790182194,7.588883586715506,NSGA-II
1825,200,0.2047599988796018,NSGA-II,NSGA-II,20260327,66.0003433227539,2.829843282699585,7.84925651550293,66.96908991054327,2.8065930790182194,7.588883586715506,NSGA-II
1826,200,0.2042356060810843,NSGA-II,NSGA-II,20260327,66.00010681152344,2.844964027404785,7.848093509674072,66.96908991054327,2.8065930790182194,7.588883586715506,NSGA-II
1827,200,0.2007349515684145,NSGA-II,NSGA-II,20260327,66.00440979003906,2.848421573638916,7.84948205947876,66.96908991054327,2.8065930790182194,7.588883586715506,NSGA-II
1828,1959,0.1812369635861834,NSGA-II,NSGA-II,20260327,66.03669738769531,2.849960803985596,7.75068998336792,67.5479128078526,2.7257484201731828,7.501060651076007,NSGA-II
1829,200,0.2057600598923119,NSGA-II,NSGA-II,20260327,66.00519561767578,2.8476109504699707,7.84975528717041,66.96908991054327,2.8065930790182194,7.588883586715506,NSGA-II
1830,1959,0.1834197017732863,NSGA-II,NSGA-II,20260327,66.00000762939453,2.8069097995758057,7.846142768859863,67.5479128078526,2.7257484201731828,7.501060651076007,NSGA-II
1831,200,0.2057930977316871,NSGA-II,NSGA-II,20260327,66.0054931640625,2.847637176513672,7.849730968475342,66.96908991054327,2.8065930790182194,7.588883586715506,NSGA-II
1832,599,0.2080689013462448,NSGA-II,NSGA-II,20260327,66.00067901611328,2.8498194217681885,7.63580846786499,66.0,2.749315268335103,7.725822269890681,NSGA-II
1833,200,0.1762417849110357,NSGA-II,NSGA-II,20260327,66.00235748291016,2.8498425483703613,7.830154418945312,66.96908991054327,2.8065930790182194,7.588883586715506,NSGA-II
1834,1959,0.1834462615529668,NSGA-II,NSGA-II,20260327,66.00001525878906,2.8068151473999023,7.846203804016113,67.5479128078526,2.7257484201731828,7.501060651076007,NSGA-II
1835,200,0.1999053796040518,NSGA-II,NSGA-II,20260327,66.0010757446289,2.833425521850586,7.849770069122314,66.96908991054327,2.8065930790182194,7.588883586715506,NSGA-II
1836,200,0.1700805279329509,NSGA-II,NSGA-II,20260327,66.48027038574219,2.849980115890503,7.846832275390625,66.96908991054327,2.8065930790182194,7.588883586715506,NSGA-II
1837,200,0.198623197780155,NSGA-II,NSGA-II,20260327,66.00357818603516,2.8477587699890137,7.848297595977783,66.96908991054327,2.8065930790182194,7.588883586715506,NSGA-II
1838,599,0.2031966454364208,NSGA-II,NSGA-II,20260327,66.00086975097656,2.849838972091675,7.636143684387207,66.0,2.749315268335103,7.725822269890681,NSGA-II
1839,599,0.203617870567928,NSGA-II,NSGA-II,20260327,66.00049591064453,2.849832057952881,7.635674476623535,66.0,2.749315268335103,7.725822269890681,NSGA-II
1840,200,0.2047709404755709,NSGA-II,NSGA-II,20260327,66.00004577636719,2.829836368560791,7.8492841720581055,66.96908991054327,2.8065930790182194,7.588883586715506,NSGA-II
1841,599,0.2089565046209543,NSGA-II,NSGA-II,20260327,66.00013732910156,2.849782705307007,7.633784770965576,66.0,2.749315268335103,7.725822269890681,NSGA-II
1842,599,0.2089625329394735,NSGA-II,NSGA-II,20260327,66.00013732910156,2.8497817516326904,7.633785247802734,66.0,2.749315268335103,7.725822269890681,NSGA-II
1843,200,0.2014580654645708,NSGA-II,NSGA-II,20260327,66.04658508300781,2.8499186038970947,7.849251270294189,66.96908991054327,2.8065930790182194,7.588883586715506,NSGA-II
1844,599,0.2033817441765471,NSGA-II,NSGA-II,20260327,66.00385284423828,2.849983692169189,7.637459754943848,66.0,2.749315268335103,7.725822269890681,NSGA-II
1845,1959,0.1815966767509689,NSGA-II,NSGA-II,20260327,66.03730010986328,2.8499622344970703,7.750705718994141,67.5479128078526,2.7257484201731828,7.501060651076007,NSGA-II
1846,1959,0.1834379532205315,NSGA-II,NSGA-II,20260327,66.00001525878906,2.8069236278533936,7.846169471740723,67.5479128078526,2.7257484201731828,7.501060651076007,NSGA-II
1847,200,0.2058355286243822,NSGA-II,NSGA-II,20260327,66.00590515136719,2.84775710105896,7.849908351898193,66.96908991054327,2.8065930790182194,7.588883586715506,NSGA-II
1848,200,0.1699581040143137,NSGA-II,NSGA-II,20260327,66.48013305664062,2.8499743938446045,7.846804141998291,66.96908991054327,2.8065930790182194,7.588883586715506,NSGA-II
1849,200,0.2048076628150744,NSGA-II,NSGA-II,20260327,66.00006103515625,2.829838991165161,7.849270820617676,66.96908991054327,2.8065930790182194,7.588883586715506,NSGA-II
1850,200,0.1699589573816717,NSGA-II,NSGA-II,20260327,66.48013305664062,2.8499743938446045,7.846804141998291,66.96908991054327,2.8065930790182194,7.588883586715506,NSGA-II
1851,1959,0.1834510519666053,NSGA-II,NSGA-II,20260327,66.0000228881836,2.8068082332611084,7.846206188201904,67.5479128078526,2.7257484201731828,7.501060651076007,NSGA-II
1852,1959,0.1834475195632954,NSGA-II,NSGA-II,20260327,66.00001525878906,2.806812763214112,7.846204280853271,67.5479128078526,2.7257484201731828,7.501060651076007,NSGA-II
1853,1959,0.1834349231417255,NSGA-II,NSGA-II,20260327,66.00003814697266,2.806926965713501,7.846176624298096,67.5479128078526,2.7257484201731828,7.501060651076007,NSGA-II
1854,200,0.1781078429967811,NSGA-II,NSGA-II,20260327,66.47713470458984,2.8499643802642822,7.849888324737549,66.96908991054327,2.8065930790182194,7.588883586715506,NSGA-II
1855,599,0.2083331537723545,NSGA-II,NSGA-II,20260327,66.00006103515625,2.849853038787842,7.633701324462891,66.0,2.749315268335103,7.725822269890681,NSGA-II
1856,599,0.2034984880799203,NSGA-II,NSGA-II,20260327,66.00090026855469,2.8498477935791016,7.636174201965332,66.0,2.749315268335103,7.725822269890681,NSGA-II
1857,200,0.1796082754025229,NSGA-II,NSGA-II,20260327,66.3089599609375,2.849549531936645,7.84968090057373,66.96908991054327,2.8065930790182194,7.588883586715506,NSGA-II
1858,599,0.2088945993169677,NSGA-II,NSGA-II,20260327,66.00011444091797,2.8497939109802246,7.633778572082519,66.0,2.749315268335103,7.725822269890681,NSGA-II
1859,200,0.2039955510346734,NSGA-II,NSGA-II,20260327,66.00464630126953,2.83129620552063,7.849974632263184,66.96908991054327,2.8065930790182194,7.588883586715506,NSGA-II
1860,1509,0.20836733730887,NSGA-II,NSGA-II,20260328,66.8125228881836,2.8499956130981445,7.847696781158447,69.0342623318082,2.541209105182284,7.296942939278815,NSGA-II
1861,1509,0.2103865653618604,NSGA-II,NSGA-II,20260328,66.88172149658203,2.849985122680664,7.849978446960449,69.0342623318082,2.541209105182284,7.296942939278815,NSGA-II
1862,1509,0.2104800450444509,NSGA-II,NSGA-II,20260328,66.88125610351562,2.8499860763549805,7.849948883056641,69.0342623318082,2.541209105182284,7.296942939278815,NSGA-II
1863,1850,0.2091007838196539,NSGA-II,NSGA-II,20260328,66.00000762939453,2.811849594116211,7.660287857055664,68.71399325255588,2.491300190110957,7.170075057877031,NSGA-II
1864,1850,0.2026099126130353,NSGA-II,NSGA-II,20260328,66.0000228881836,2.77583122253418,7.70226240158081,68.71399325255588,2.491300190110957,7.170075057877031,NSGA-II
1865,1509,0.2092225411512271,NSGA-II,NSGA-II,20260328,66.82853698730469,2.8496134281158447,7.84998083114624,69.0342623318082,2.541209105182284,7.296942939278815,NSGA-II
1866,1850,0.2090610121398769,NSGA-II,NSGA-II,20260328,66.00000762939453,2.811898946762085,7.660207271575928,68.71399325255588,2.491300190110957,7.170075057877031,NSGA-II
1867,1091,0.2110169249714889,NSGA-II,NSGA-II,20260328,66.00428009033203,2.8498029708862305,7.844422817230225,67.49772316988475,2.7027769130673605,7.46173681866505,NSGA-II
1868,1509,0.2103774018944829,NSGA-II,NSGA-II,20260328,66.88175201416016,2.849945306777954,7.849983215332031,69.0342623318082,2.541209105182284,7.296942939278815,NSGA-II
1869,1091,0.2083845555104393,NSGA-II,NSGA-II,20260328,66.00423431396484,2.849984645843506,7.841484546661377,67.49772316988475,2.7027769130673605,7.46173681866505,NSGA-II
1870,1509,0.2083629640625207,NSGA-II,NSGA-II,20260328,66.8125991821289,2.8499972820281982,7.8476948738098145,69.0342623318082,2.541209105182284,7.296942939278815,NSGA-II
1871,1091,0.2047549098905427,NSGA-II,NSGA-II,20260328,66.00270080566406,2.8423879146575928,7.849273681640625,67.49772316988475,2.7027769130673605,7.46173681866505,NSGA-II
1872,1850,0.209108851496921,NSGA-II,NSGA-II,20260328,66.00003051757812,2.81185269355774,7.660359382629394,68.71399325255588,2.491300190110957,7.170075057877031,NSGA-II
1873,1850,0.2095418901503442,NSGA-II,NSGA-II,20260328,66.00005340576172,2.777163505554199,7.720356464385986,68.71399325255588,2.491300190110957,7.170075057877031,NSGA-II
1874,1850,0.2090987787206622,NSGA-II,NSGA-II,20260328,66.00000762939453,2.811849594116211,7.660287857055664,68.71399325255588,2.491300190110957,7.170075057877031,NSGA-II
1875,1091,0.2096399333550881,NSGA-II,NSGA-II,20260328,66.22108459472656,2.844475507736206,7.849997043609619,67.49772316988475,2.7027769130673605,7.46173681866505,NSGA-II
1876,1091,0.2050549955399077,NSGA-II,NSGA-II,20260328,66.00415802001953,2.8436641693115234,7.849997997283935,67.49772316988475,2.7027769130673605,7.46173681866505,NSGA-II
1877,1091,0.2107166475391922,NSGA-II,NSGA-II,20260328,66.00628662109375,2.8498198986053467,7.844183921813965,67.49772316988475,2.7027769130673605,7.46173681866505,NSGA-II
1878,1091,0.2055183273012629,NSGA-II,NSGA-II,20260328,66.17881774902344,2.8499655723571777,7.848873615264893,67.49772316988475,2.7027769130673605,7.46173681866505,NSGA-II
1879,1509,0.2092264804240635,NSGA-II,NSGA-II,20260328,66.82859802246094,2.849626541137696,7.849989891052246,69.0342623318082,2.541209105182284,7.296942939278815,NSGA-II
1880,1091,0.2109659018541728,NSGA-II,NSGA-II,20260328,66.00990295410156,2.849835157394409,7.844057083129883,67.49772316988475,2.7027769130673605,7.46173681866505,NSGA-II
1881,1091,0.2045811426091049,NSGA-II,NSGA-II,20260328,66.00430297851562,2.844000816345215,7.849949836730957,67.49772316988475,2.7027769130673605,7.46173681866505,NSGA-II
1882,1091,0.2104812521565172,NSGA-II,NSGA-II,20260328,66.01008605957031,2.849912166595459,7.843968391418457,67.49772316988475,2.7027769130673605,7.46173681866505,NSGA-II
1883,1509,0.2101107571496737,NSGA-II,NSGA-II,20260328,66.63821411132812,2.849952459335327,7.849841117858887,69.0342623318082,2.541209105182284,7.296942939278815,NSGA-II
1884,1091,0.208191343071971,NSGA-II,NSGA-II,20260328,66.00382232666016,2.849534273147583,7.843289375305176,67.49772316988475,2.7027769130673605,7.46173681866505,NSGA-II
1885,1091,0.2120113913399502,NSGA-II,NSGA-II,20260328,66.0122299194336,2.848116397857666,7.847944259643555,67.49772316988475,2.7027769130673605,7.46173681866505,NSGA-II
1886,1091,0.2107710653002609,NSGA-II,NSGA-II,20260328,66.00029754638672,2.848328351974488,7.845300197601318,67.49772316988475,2.7027769130673605,7.46173681866505,NSGA-II
1887,1091,0.2098150785317795,NSGA-II,NSGA-II,20260328,66.16222381591797,2.8483333587646484,7.849975109100342,67.49772316988475,2.7027769130673605,7.46173681866505,NSGA-II
1888,1091,0.2033993783190869,NSGA-II,NSGA-II,20260328,66.21805572509766,2.849998950958252,7.846708297729492,67.49772316988475,2.7027769130673605,7.46173681866505,NSGA-II
1889,1091,0.2084365329935579,NSGA-II,NSGA-II,20260328,66.5824203491211,2.84999942779541,7.80738639831543,67.49772316988475,2.7027769130673605,7.46173681866505,NSGA-II
1890,1091,0.212397301874408,NSGA-II,NSGA-II,20260328,66.0183334350586,2.848057270050049,7.848053455352783,67.49772316988475,2.7027769130673605,7.46173681866505,NSGA-II
1891,1091,0.2033147382208335,NSGA-II,NSGA-II,20260328,66.17332458496094,2.8499796390533447,7.843361854553223,67.49772316988475,2.7027769130673605,7.46173681866505,NSGA-II
1892,1850,0.2051867547977283,NSGA-II,NSGA-II,20260328,66.0,2.801010608673096,7.663753509521484,68.71399325255588,2.491300190110957,7.170075057877031,NSGA-II
1893,1091,0.2058397707906532,NSGA-II,NSGA-II,20260328,66.17855072021484,2.8499319553375244,7.848768711090088,67.49772316988475,2.7027769130673605,7.46173681866505,NSGA-II
1894,1091,0.2099925708081242,NSGA-II,NSGA-II,20260328,66.16364288330078,2.8487069606781006,7.849996566772461,67.49772316988475,2.7027769130673605,7.46173681866505,NSGA-II
1895,1091,0.2032380378581103,NSGA-II,NSGA-II,20260328,66.13692474365234,2.847583770751953,7.849924564361572,67.49772316988475,2.7027769130673605,7.46173681866505,NSGA-II
1896,1091,0.2100244561046362,NSGA-II,NSGA-II,20260328,66.16348266601562,2.8488686084747314,7.849991798400879,67.49772316988475,2.7027769130673605,7.46173681866505,NSGA-II
1897,1091,0.202763943178667,NSGA-II,NSGA-II,20260328,66.00105285644531,2.824007749557495,7.849603652954102,67.49772316988475,2.7027769130673605,7.46173681866505,NSGA-II
1898,1091,0.2071351924572441,NSGA-II,NSGA-II,20260328,66.15898132324219,2.8490231037139893,7.849971294403076,67.49772316988475,2.7027769130673605,7.46173681866505,NSGA-II
1899,1091,0.2030145721695223,NSGA-II,NSGA-II,20260328,66.14080810546875,2.847943067550659,7.8497633934021,67.49772316988475,2.7027769130673605,7.46173681866505,NSGA-II
1900,1509,0.2107345841184613,NSGA-II,NSGA-II,20260328,66.63391876220703,2.849630117416382,7.849950790405273,69.0342623318082,2.541209105182284,7.296942939278815,NSGA-II
1901,1091,0.2048609402252444,NSGA-II,NSGA-II,20260328,66.18077850341797,2.849983930587769,7.849462032318115,67.49772316988475,2.7027769130673605,7.46173681866505,NSGA-II
1902,1091,0.2107585346222422,NSGA-II,NSGA-II,20260328,66.00010681152344,2.8482372760772705,7.845480918884277,67.49772316988475,2.7027769130673605,7.46173681866505,NSGA-II
1903,1091,0.2084365328623873,NSGA-II,NSGA-II,20260328,66.5824203491211,2.84999942779541,7.80738639831543,67.49772316988475,2.7027769130673605,7.46173681866505,NSGA-II
1904,1091,0.2034056258424897,NSGA-II,NSGA-II,20260328,66.13825988769531,2.847860097885132,7.849734306335449,67.49772316988475,2.7027769130673605,7.46173681866505,NSGA-II
1905,1091,0.2091541791954347,NSGA-II,NSGA-II,20260328,66.00658416748047,2.849998712539673,7.841133117675781,67.49772316988475,2.7027769130673605,7.46173681866505,NSGA-II
1906,1091,0.2033918915064263,NSGA-II,NSGA-II,20260328,66.1470718383789,2.849363088607788,7.849740028381348,67.49772316988475,2.7027769130673605,7.46173681866505,NSGA-II
1907,1091,0.2084365328117619,NSGA-II,NSGA-II,20260328,66.5824203491211,2.84999942779541,7.80738639831543,67.49772316988475,2.7027769130673605,7.46173681866505,NSGA-II
1908,1850,0.2098225917691649,NSGA-II,NSGA-II,20260328,66.0,2.767109632492065,7.761068344116211,68.71399325255588,2.491300190110957,7.170075057877031,NSGA-II
1909,1091,0.2084365359643845,NSGA-II,NSGA-II,20260328,66.5824203491211,2.84999942779541,7.80738639831543,67.49772316988475,2.7027769130673605,7.46173681866505,NSGA-II
1910,1091,0.2101618151882145,NSGA-II,NSGA-II,20260328,66.001953125,2.849933624267578,7.839179039001465,67.49772316988475,2.7027769130673605,7.46173681866505,NSGA-II
1911,1091,0.2034118492981919,NSGA-II,NSGA-II,20260328,66.15055084228516,2.848229169845581,7.849944591522217,67.49772316988475,2.7027769130673605,7.46173681866505,NSGA-II
1912,1091,0.2036926267419524,NSGA-II,NSGA-II,20260328,66.18028259277344,2.8496735095977783,7.849880218505859,67.49772316988475,2.7027769130673605,7.46173681866505,NSGA-II
1913,1850,0.2092371491038706,NSGA-II,NSGA-II,20260328,66.00005340576172,2.8082268238067627,7.66912841796875,68.71399325255588,2.491300190110957,7.170075057877031,NSGA-II
1914,1850,0.2092217782167381,NSGA-II,NSGA-II,20260328,66.0000228881836,2.8082189559936523,7.669100761413574,68.71399325255588,2.491300190110957,7.170075057877031,NSGA-II
1915,1509,0.2066314292025196,NSGA-II,NSGA-II,20260328,66.8265380859375,2.8499999046325684,7.847850799560547,69.0342623318082,2.541209105182284,7.296942939278815,NSGA-II
1916,1091,0.2101957960543996,NSGA-II,NSGA-II,20260328,66.00012969970703,2.849931478500366,7.839107990264893,67.49772316988475,2.7027769130673605,7.46173681866505,NSGA-II
1917,1091,0.2043324326547746,NSGA-II,NSGA-II,20260328,66.14784240722656,2.849537849426269,7.849864482879639,67.49772316988475,2.7027769130673605,7.46173681866505,NSGA-II
1918,1091,0.2087057737476605,NSGA-II,NSGA-II,20260328,66.15077209472656,2.849886417388916,7.849251747131348,67.49772316988475,2.7027769130673605,7.46173681866505,NSGA-II
1919,1091,0.2107685900952458,NSGA-II,NSGA-II,20260328,66.00051879882812,2.8483312129974365,7.845278263092041,67.49772316988475,2.7027769130673605,7.46173681866505,NSGA-II
1920,1091,0.1998579601739056,NSGA-II,NSGA-II,20260328,66.13936614990234,2.849710702896118,7.847436904907227,67.49772316988475,2.7027769130673605,7.46173681866505,NSGA-II
1921,1091,0.2098421776768954,NSGA-II,NSGA-II,20260328,66.16107940673828,2.849891424179077,7.849031925201416,67.49772316988475,2.7027769130673605,7.46173681866505,NSGA-II
1922,1091,0.202680350776158,NSGA-II,NSGA-II,20260328,66.0016860961914,2.8230655193328857,7.84989070892334,67.49772316988475,2.7027769130673605,7.46173681866505,NSGA-II
1923,1091,0.2033956690647421,NSGA-II,NSGA-II,20260328,66.15056610107422,2.848233461380005,7.84992790222168,67.49772316988475,2.7027769130673605,7.46173681866505,NSGA-II
1924,1091,0.2027031120080623,NSGA-II,NSGA-II,20260328,66.0009994506836,2.8240668773651123,7.849560260772705,67.49772316988475,2.7027769130673605,7.46173681866505,NSGA-II
1925,1509,0.2068145064228872,NSGA-II,NSGA-II,20260328,66.82487487792969,2.849998950958252,7.847789764404297,69.0342623318082,2.541209105182284,7.296942939278815,NSGA-II
1926,1850,0.2087093116463731,NSGA-II,NSGA-II,20260328,66.00003814697266,2.812514066696167,7.657073020935059,68.71399325255588,2.491300190110957,7.170075057877031,NSGA-II
1927,1091,0.2037286498188222,NSGA-II,NSGA-II,20260328,66.152587890625,2.8486905097961426,7.849905967712402,67.49772316988475,2.7027769130673605,7.46173681866505,NSGA-II
1928,1850,0.2092219137365191,NSGA-II,NSGA-II,20260328,66.0000228881836,2.8082189559936523,7.669100761413574,68.71399325255588,2.491300190110957,7.170075057877031,NSGA-II
1929,1091,0.2046656659555834,NSGA-II,NSGA-II,20260328,66.146728515625,2.848602533340454,7.84885311126709,67.49772316988475,2.7027769130673605,7.46173681866505,NSGA-II
1930,1509,0.2101084112219942,NSGA-II,NSGA-II,20260328,66.63814544677734,2.849936246871948,7.849949359893799,69.0342623318082,2.541209105182284,7.296942939278815,NSGA-II
1931,1509,0.2101038477716578,NSGA-II,NSGA-II,20260328,66.6382064819336,2.849952220916748,7.849841117858887,69.0342623318082,2.541209105182284,7.296942939278815,NSGA-II
1932,1091,0.1982975092157549,NSGA-II,NSGA-II,20260328,66.00006866455078,2.8462767601013184,7.847413539886475,67.49772316988475,2.7027769130673605,7.46173681866505,NSGA-II
1933,1509,0.2105389431008561,NSGA-II,NSGA-II,20260328,66.63827514648438,2.8499770164489746,7.8498334884643555,69.0342623318082,2.541209105182284,7.296942939278815,NSGA-II
1934,1091,0.2084365328404043,NSGA-II,NSGA-II,20260328,66.5824203491211,2.84999942779541,7.80738639831543,67.49772316988475,2.7027769130673605,7.46173681866505,NSGA-II
1935,1091,0.2120167154671279,NSGA-II,NSGA-II,20260328,66.01235961914062,2.847933292388916,7.847979545593262,67.49772316988475,2.7027769130673605,7.46173681866505,NSGA-II
1936,1091,0.2117246895972726,NSGA-II,NSGA-II,20260328,66.0102310180664,2.8484649658203125,7.847568511962891,67.49772316988475,2.7027769130673605,7.46173681866505,NSGA-II
1937,1091,0.2124017603069684,NSGA-II,NSGA-II,20260328,66.018310546875,2.8482329845428467,7.848013401031494,67.49772316988475,2.7027769130673605,7.46173681866505,NSGA-II
1938,1091,0.2007291304844802,NSGA-II,NSGA-II,20260328,66.00147247314453,2.847198009490967,7.848078727722168,67.49772316988475,2.7027769130673605,7.46173681866505,NSGA-II
1939,1091,0.2108651969988483,NSGA-II,NSGA-II,20260328,66.00080871582031,2.849522590637207,7.846596240997314,67.49772316988475,2.7027769130673605,7.46173681866505,NSGA-II
1940,1091,0.1995056650503691,NSGA-II,NSGA-II,20260328,66.00118255615234,2.8471291065216064,7.848052501678467,67.49772316988475,2.7027769130673605,7.46173681866505,NSGA-II
1941,1091,0.2082369751291259,NSGA-II,NSGA-II,20260328,66.00726318359375,2.8499059677124023,7.843253135681152,67.49772316988475,2.7027769130673605,7.46173681866505,NSGA-II
1942,1509,0.2066314301356872,NSGA-II,NSGA-II,20260328,66.8265380859375,2.8499999046325684,7.847850799560547,69.0342623318082,2.541209105182284,7.296942939278815,NSGA-II
1943,1091,0.2053281843691328,NSGA-II,NSGA-II,20260328,66.10009765625,2.849936485290528,7.845556259155273,67.49772316988475,2.7027769130673605,7.46173681866505,NSGA-II
1944,1509,0.2104787011587553,NSGA-II,NSGA-II,20260328,66.8808364868164,2.8499929904937744,7.849878787994385,69.0342623318082,2.541209105182284,7.296942939278815,NSGA-II
1945,1509,0.2108403272854002,NSGA-II,NSGA-II,20260328,66.63664245605469,2.8497073650360107,7.849767208099365,69.0342623318082,2.541209105182284,7.296942939278815,NSGA-II
1946,1091,0.1989762110763499,NSGA-II,NSGA-II,20260328,66.00128173828125,2.832127809524536,7.8490705490112305,67.49772316988475,2.7027769130673605,7.46173681866505,NSGA-II
1947,1091,0.2084365472145607,NSGA-II,NSGA-II,20260328,66.5824203491211,2.84999942779541,7.80738639831543,67.49772316988475,2.7027769130673605,7.46173681866505,NSGA-II
1948,1091,0.1962199512496075,NSGA-II,NSGA-II,20260328,66.00006866455078,2.836454153060913,7.848178863525391,67.49772316988475,2.7027769130673605,7.46173681866505,NSGA-II
1949,1091,0.2119948639884288,NSGA-II,NSGA-II,20260328,66.0127182006836,2.8486359119415283,7.84789514541626,67.49772316988475,2.7027769130673605,7.46173681866505,NSGA-II
1950,1091,0.1990392854511712,NSGA-II,NSGA-II,20260328,66.00137329101562,2.8320467472076416,7.849086284637451,67.49772316988475,2.7027769130673605,7.46173681866505,NSGA-II
1951,1091,0.2067402824702085,NSGA-II,NSGA-II,20260328,66.1434097290039,2.848289728164673,7.849470615386963,67.49772316988475,2.7027769130673605,7.46173681866505,NSGA-II
1952,1091,0.2059830944488572,NSGA-II,NSGA-II,20260328,66.09489440917969,2.847488641738892,7.849438190460205,67.49772316988475,2.7027769130673605,7.46173681866505,NSGA-II
1953,1091,0.2120113815789383,NSGA-II,NSGA-II,20260328,66.01222229003906,2.848109483718872,7.8479390144348145,67.49772316988475,2.7027769130673605,7.46173681866505,NSGA-II
1954,1091,0.1990553376280964,NSGA-II,NSGA-II,20260328,66.00144958496094,2.832107782363892,7.849112033843994,67.49772316988475,2.7027769130673605,7.46173681866505,NSGA-II
1955,1091,0.2059086319482433,NSGA-II,NSGA-II,20260328,66.17841339111328,2.849900007247925,7.848766326904297,67.49772316988475,2.7027769130673605,7.46173681866505,NSGA-II
1956,1091,0.2026664675581864,NSGA-II,NSGA-II,20260328,66.0003890991211,2.823800802230835,7.849422931671143,67.49772316988475,2.7027769130673605,7.46173681866505,NSGA-II
1957,1091,0.2048202488102974,NSGA-II,NSGA-II,20260328,66.00359344482422,2.842639207839966,7.849397659301758,67.49772316988475,2.7027769130673605,7.46173681866505,NSGA-II
1958,1091,0.1987760840890887,NSGA-II,NSGA-II,20260328,66.00040435791016,2.832519292831421,7.848849773406982,67.49772316988475,2.7027769130673605,7.46173681866505,NSGA-II
1959,1850,0.2081906214900865,NSGA-II,NSGA-II,20260328,66.0,2.7398123741149902,7.667288303375244,68.71399325255588,2.491300190110957,7.170075057877031,NSGA-II
1960,999,0.1949426548331007,NSGA-II,NSGA-II,20260329,66.00189208984375,2.783454656600952,7.849999904632568,67.73276767798806,2.661583369041655,7.483698773872287,NSGA-II
1961,999,0.1989650284617152,NSGA-II,NSGA-II,20260329,66.00001525878906,2.7470037937164307,7.849547863006592,67.73276767798806,2.661583369041655,7.483698773872287,NSGA-II
1962,6,0.1922458563361603,NSGA-II,NSGA-II,20260329,66.06124114990234,2.8417084217071533,7.849999904632568,66.4831984979465,2.7473766974527734,7.570828673702016,NSGA-II
1963,430,0.2021373336965254,NSGA-II,NSGA-II,20260329,66.00018310546875,2.849921464920044,7.7455010414123535,68.02653229209818,2.6437014804121417,7.36053284940597,NSGA-II
1964,784,0.1840868254074201,NSGA-II,NSGA-II,20260329,66.00028228759766,2.8499996662139893,7.847843647003174,68.16120159933843,2.7251105517510363,7.553215822775918,NSGA-II
1965,430,0.2023001875798568,NSGA-II,NSGA-II,20260329,66.00249481201172,2.8499999046325684,7.750307559967041,68.02653229209818,2.6437014804121417,7.36053284940597,NSGA-II
1966,430,0.2023001359419468,NSGA-II,NSGA-II,20260329,66.00249481201172,2.8499999046325684,7.750307559967041,68.02653229209818,2.6437014804121417,7.36053284940597,NSGA-II
1967,784,0.1627074625353058,NSGA-II,NSGA-II,20260329,66.0128173828125,2.849948644638061,7.849859714508057,68.16120159933843,2.7251105517510363,7.553215822775918,NSGA-II
1968,430,0.202300187708056,NSGA-II,NSGA-II,20260329,66.00249481201172,2.8499999046325684,7.750307559967041,68.02653229209818,2.6437014804121417,7.36053284940597,NSGA-II
1969,430,0.2023001358137634,NSGA-II,NSGA-II,20260329,66.00249481201172,2.8499999046325684,7.750307559967041,68.02653229209818,2.6437014804121417,7.36053284940597,NSGA-II
1970,784,0.1626375916635304,NSGA-II,NSGA-II,20260329,66.01286315917969,2.849968433380127,7.849856376647949,68.16120159933843,2.7251105517510363,7.553215822775918,NSGA-II
1971,784,0.1838211202077428,NSGA-II,NSGA-II,20260329,66.00418090820312,2.8499817848205566,7.848103046417236,68.16120159933843,2.7251105517510363,7.553215822775918,NSGA-II
1972,784,0.1839993861982126,NSGA-II,NSGA-II,20260329,66.00030517578125,2.846759080886841,7.849965572357178,68.16120159933843,2.7251105517510363,7.553215822775918,NSGA-II
1973,784,0.1631454656219997,NSGA-II,NSGA-II,20260329,66.01478576660156,2.8475592136383057,7.849991321563721,68.16120159933843,2.7251105517510363,7.553215822775918,NSGA-II
1974,430,0.2021390909671227,NSGA-II,NSGA-II,20260329,66.00016784667969,2.849921226501465,7.74550199508667,68.02653229209818,2.6437014804121417,7.36053284940597,NSGA-II
1975,784,0.1855678774667717,NSGA-II,NSGA-II,20260329,66.00117492675781,2.849814891815185,7.849774360656738,68.16120159933843,2.7251105517510363,7.553215822775918,NSGA-II
1976,784,0.2008023370966213,NSGA-II,NSGA-II,20260329,66.16178131103516,2.849817276000977,7.849968433380127,68.16120159933843,2.7251105517510363,7.553215822775918,NSGA-II
1977,784,0.184021582094808,NSGA-II,NSGA-II,20260329,66.0001449584961,2.8467459678649902,7.849946022033691,68.16120159933843,2.7251105517510363,7.553215822775918,NSGA-II
1978,784,0.1630633687131938,NSGA-II,NSGA-II,20260329,66.00001525878906,2.849754571914673,7.849198341369629,68.16120159933843,2.7251105517510363,7.553215822775918,NSGA-II
1979,999,0.1948580925658216,NSGA-II,NSGA-II,20260329,66.0003662109375,2.783663034439087,7.849985599517822,67.73276767798806,2.661583369041655,7.483698773872287,NSGA-II
1980,784,0.1778678544207586,NSGA-II,NSGA-II,20260329,66.00003814697266,2.849903583526612,7.823153018951416,68.16120159933843,2.7251105517510363,7.553215822775918,NSGA-II
1981,784,0.1836680898716904,NSGA-II,NSGA-II,20260329,66.00448608398438,2.849975824356079,7.848579883575439,68.16120159933843,2.7251105517510363,7.553215822775918,NSGA-II
1982,999,0.1957460356605811,NSGA-II,NSGA-II,20260329,66.00202178955078,2.819584369659424,7.849994659423828,67.73276767798806,2.661583369041655,7.483698773872287,NSGA-II
1983,784,0.1840439034782466,NSGA-II,NSGA-II,20260329,66.00360870361328,2.84952712059021,7.849916458129883,68.16120159933843,2.7251105517510363,7.553215822775918,NSGA-II
1984,999,0.1948576104737765,NSGA-II,NSGA-II,20260329,66.00032043457031,2.783661365509033,7.849987506866455,67.73276767798806,2.661583369041655,7.483698773872287,NSGA-II
1985,784,0.1759826923175858,NSGA-II,NSGA-II,20260329,66.08795928955078,2.849994659423828,7.849250316619873,68.16120159933843,2.7251105517510363,7.553215822775918,NSGA-II
1986,784,0.1630660855814839,NSGA-II,NSGA-II,20260329,66.00238037109375,2.848089694976806,7.849851608276367,68.16120159933843,2.7251105517510363,7.553215822775918,NSGA-II
1987,784,0.1841100184636853,NSGA-II,NSGA-II,20260329,66.00376892089844,2.8497965335845947,7.849987983703613,68.16120159933843,2.7251105517510363,7.553215822775918,NSGA-II
1988,784,0.200025456263626,NSGA-II,NSGA-II,20260329,66.16153717041016,2.849695920944214,7.849996089935303,68.16120159933843,2.7251105517510363,7.553215822775918,NSGA-II
1989,430,0.2021285190699366,NSGA-II,NSGA-II,20260329,66.00020599365234,2.8499412536621094,7.745543479919434,68.02653229209818,2.6437014804121417,7.36053284940597,NSGA-II
1990,999,0.19573930386906,NSGA-II,NSGA-II,20260329,66.00199127197266,2.819570779800415,7.8499884605407715,67.73276767798806,2.661583369041655,7.483698773872287,NSGA-II
1991,784,0.1842854074875475,NSGA-II,NSGA-II,20260329,66.00138854980469,2.849958658218384,7.849356651306152,68.16120159933843,2.7251105517510363,7.553215822775918,NSGA-II
1992,999,0.1949365266956056,NSGA-II,NSGA-II,20260329,66.0016860961914,2.7834157943725586,7.849997520446777,67.73276767798806,2.661583369041655,7.483698773872287,NSGA-II
1993,784,0.1842192649169791,NSGA-II,NSGA-II,20260329,66.00324249267578,2.849484443664551,7.849923610687256,68.16120159933843,2.7251105517510363,7.553215822775918,NSGA-II
1994,784,0.1630614461580608,NSGA-II,NSGA-II,20260329,66.0,2.8496034145355225,7.849093914031982,68.16120159933843,2.7251105517510363,7.553215822775918,NSGA-II
1995,784,0.202135646616013,NSGA-II,NSGA-II,20260329,66.16358947753906,2.849806785583496,7.849982261657715,68.16120159933843,2.7251105517510363,7.553215822775918,NSGA-II
1996,784,0.2028556123275556,NSGA-II,NSGA-II,20260329,66.16584777832031,2.8497674465179443,7.849991798400879,68.16120159933843,2.7251105517510363,7.553215822775918,NSGA-II
1997,784,0.1994476422165081,NSGA-II,NSGA-II,20260329,66.15974426269531,2.849839925765991,7.849931716918945,68.16120159933843,2.7251105517510363,7.553215822775918,NSGA-II
1998,784,0.1621929320509068,NSGA-II,NSGA-II,20260329,66.01033020019531,2.8499581813812256,7.849857807159424,68.16120159933843,2.7251105517510363,7.553215822775918,NSGA-II
1999,784,0.1777812933666843,NSGA-II,NSGA-II,20260329,66.00016021728516,2.8498902320861816,7.823178291320801,68.16120159933843,2.7251105517510363,7.553215822775918,NSGA-II
2000,784,0.184005960842676,NSGA-II,NSGA-II,20260329,66.00041198730469,2.846759796142578,7.849942207336426,68.16120159933843,2.7251105517510363,7.553215822775918,NSGA-II
2001,784,0.1777645211705849,NSGA-II,NSGA-II,20260329,66.000244140625,2.849900245666504,7.82317590713501,68.16120159933843,2.7251105517510363,7.553215822775918,NSGA-II
2002,784,0.162707556782455,NSGA-II,NSGA-II,20260329,66.0128173828125,2.849948644638061,7.849859714508057,68.16120159933843,2.7251105517510363,7.553215822775918,NSGA-II
2003,784,0.1840214880099148,NSGA-II,NSGA-II,20260329,66.00005340576172,2.846730947494507,7.849974632263184,68.16120159933843,2.7251105517510363,7.553215822775918,NSGA-II
2004,784,0.162637501406388,NSGA-II,NSGA-II,20260329,66.01286315917969,2.849968433380127,7.849856376647949,68.16120159933843,2.7251105517510363,7.553215822775918,NSGA-II
2005,784,0.1778678538646256,NSGA-II,NSGA-II,20260329,66.00003814697266,2.849903583526612,7.823153018951416,68.16120159933843,2.7251105517510363,7.553215822775918,NSGA-II
2006,999,0.1598654419080724,NSGA-II,NSGA-II,20260329,66.0,2.82204532623291,7.842473030090332,67.73276767798806,2.661583369041655,7.483698773872287,NSGA-II
2007,999,0.194942799340165,NSGA-II,NSGA-II,20260329,66.00189971923828,2.783454418182373,7.84999942779541,67.73276767798806,2.661583369041655,7.483698773872287,NSGA-II
2008,999,0.1890637692864467,NSGA-II,NSGA-II,20260329,66.554931640625,2.8499999046325684,7.734879493713379,67.73276767798806,2.661583369041655,7.483698773872287,NSGA-II
2009,999,0.1890637692864474,NSGA-II,NSGA-II,20260329,66.554931640625,2.8499999046325684,7.734879493713379,67.73276767798806,2.661583369041655,7.483698773872287,NSGA-II
2010,999,0.2036298840074602,NSGA-II,NSGA-II,20260329,66.0018310546875,2.739048719406128,7.849995613098144,67.73276767798806,2.661583369041655,7.483698773872287,NSGA-II
2011,784,0.2027772475751845,NSGA-II,NSGA-II,20260329,66.16581726074219,2.849764347076416,7.849985122680664,68.16120159933843,2.7251105517510363,7.553215822775918,NSGA-II
2012,430,0.1951493276235476,NSGA-II,NSGA-II,20260329,66.05347442626953,2.8499855995178223,7.751552581787109,68.02653229209818,2.6437014804121417,7.36053284940597,NSGA-II
2013,784,0.1778226948360935,NSGA-II,NSGA-II,20260329,66.00151824951172,2.8498518466949463,7.823092937469482,68.16120159933843,2.7251105517510363,7.553215822775918,NSGA-II
2014,999,0.194934673296191,NSGA-II,NSGA-II,20260329,66.001708984375,2.783411979675293,7.849984169006348,67.73276767798806,2.661583369041655,7.483698773872287,NSGA-II
2015,999,0.2016338343529736,NSGA-II,NSGA-II,20260329,66.000244140625,2.747068405151367,7.849483013153076,67.73276767798806,2.661583369041655,7.483698773872287,NSGA-II
2016,999,0.1946515811858777,NSGA-II,NSGA-II,20260329,66.0002670288086,2.784262180328369,7.849874496459961,67.73276767798806,2.661583369041655,7.483698773872287,NSGA-II
2017,999,0.1952073615430045,NSGA-II,NSGA-II,20260329,66.00003814697266,2.8184447288513184,7.84855842590332,67.73276767798806,2.661583369041655,7.483698773872287,NSGA-II
2018,999,0.1598656365720465,NSGA-II,NSGA-II,20260329,66.0,2.82204532623291,7.842473030090332,67.73276767798806,2.661583369041655,7.483698773872287,NSGA-II
2019,784,0.1848993350677997,NSGA-II,NSGA-II,20260329,66.00007629394531,2.8376893997192383,7.8485822677612305,68.16120159933843,2.7251105517510363,7.553215822775918,NSGA-II
2020,784,0.1775872171520017,NSGA-II,NSGA-II,20260329,66.0015640258789,2.849906206130981,7.823172569274902,68.16120159933843,2.7251105517510363,7.553215822775918,NSGA-II
2021,999,0.1600016324757361,NSGA-II,NSGA-II,20260329,66.00000762939453,2.8220531940460205,7.842511653900146,67.73276767798806,2.661583369041655,7.483698773872287,NSGA-II
2022,784,0.1746291932702147,NSGA-II,NSGA-II,20260329,66.10647583007812,2.849998950958252,7.844301223754883,68.16120159933843,2.7251105517510363,7.553215822775918,NSGA-II
2023,430,0.2017733171799862,NSGA-II,NSGA-II,20260329,66.0132064819336,2.84999942779541,7.746708869934082,68.02653229209818,2.6437014804121417,7.36053284940597,NSGA-II
2024,784,0.2022811092769012,NSGA-II,NSGA-II,20260329,66.14906311035156,2.849947452545166,7.849528789520264,68.16120159933843,2.7251105517510363,7.553215822775918,NSGA-II
2025,152,0.2057509219042568,NSGA-II,NSGA-II,20260329,66.00001525878906,2.849364757537842,7.743775844573975,67.9835330624885,2.691336485811793,7.326765604089485,NSGA-II
2026,784,0.1884368754365425,NSGA-II,NSGA-II,20260329,66.04696655273438,2.8495662212371826,7.849942207336426,68.16120159933843,2.7251105517510363,7.553215822775918,NSGA-II
2027,999,0.1993851282044215,NSGA-II,NSGA-II,20260329,66.00021362304688,2.746499300003052,7.849814414978027,67.73276767798806,2.661583369041655,7.483698773872287,NSGA-II
2028,6,0.19224601430108,NSGA-II,NSGA-II,20260329,66.0612564086914,2.8417069911956787,7.849998950958252,66.4831984979465,2.7473766974527734,7.570828673702016,NSGA-II
2029,999,0.2034866271000178,NSGA-II,NSGA-II,20260329,66.00184631347656,2.739048957824707,7.849997520446777,67.73276767798806,2.661583369041655,7.483698773872287,NSGA-II
2030,6,0.192246301333035,NSGA-II,NSGA-II,20260329,66.06124877929688,2.8417069911956787,7.849998474121094,66.4831984979465,2.7473766974527734,7.570828673702016,NSGA-II
2031,784,0.1840056010936477,NSGA-II,NSGA-II,20260329,66.00013732910156,2.8464789390563965,7.849472045898437,68.16120159933843,2.7251105517510363,7.553215822775918,NSGA-II
2032,784,0.1779621981318431,NSGA-II,NSGA-II,20260329,66.07736206054688,2.8498096466064453,7.8497419357299805,68.16120159933843,2.7251105517510363,7.553215822775918,NSGA-II
2033,430,0.2029251929870684,NSGA-II,NSGA-II,20260329,66.00041198730469,2.849989414215088,7.750213146209717,68.02653229209818,2.6437014804121417,7.36053284940597,NSGA-II
2034,999,0.1956641945278638,NSGA-II,NSGA-II,20260329,66.00227355957031,2.8195788860321045,7.849987983703613,67.73276767798806,2.661583369041655,7.483698773872287,NSGA-II
2035,784,0.2000387742033772,NSGA-II,NSGA-II,20260329,66.16058349609375,2.849701404571533,7.84998607635498,68.16120159933843,2.7251105517510363,7.553215822775918,NSGA-II
2036,999,0.1608932696485406,NSGA-II,NSGA-II,20260329,66.0000228881836,2.8185555934906006,7.845118522644043,67.73276767798806,2.661583369041655,7.483698773872287,NSGA-II
2037,784,0.1755695462888047,NSGA-II,NSGA-II,20260329,66.10138702392578,2.8499042987823486,7.849677085876465,68.16120159933843,2.7251105517510363,7.553215822775918,NSGA-II
2038,784,0.1843912340798097,NSGA-II,NSGA-II,20260329,66.00684356689453,2.8499844074249268,7.847161769866943,68.16120159933843,2.7251105517510363,7.553215822775918,NSGA-II
2039,784,0.176067578708814,NSGA-II,NSGA-II,20260329,66.08780670166016,2.8499488830566406,7.849136829376221,68.16120159933843,2.7251105517510363,7.553215822775918,NSGA-II
2040,784,0.176362079146584,NSGA-II,NSGA-II,20260329,66.09518432617188,2.84993839263916,7.849254131317139,68.16120159933843,2.7251105517510363,7.553215822775918,NSGA-II
2041,784,0.1633182646227234,NSGA-II,NSGA-II,20260329,66.00148010253906,2.847701072692871,7.849319458007812,68.16120159933843,2.7251105517510363,7.553215822775918,NSGA-II
2042,430,0.2021371819931237,NSGA-II,NSGA-II,20260329,66.00018310546875,2.849921464920044,7.745500564575195,68.02653229209818,2.6437014804121417,7.36053284940597,NSGA-II
2043,784,0.1798316121328396,NSGA-II,NSGA-II,20260329,66.0811538696289,2.849961757659912,7.848368167877197,68.16120159933843,2.7251105517510363,7.553215822775918,NSGA-II
2044,784,0.1765816361620749,NSGA-II,NSGA-II,20260329,66.09192657470703,2.849987268447876,7.849247455596924,68.16120159933843,2.7251105517510363,7.553215822775918,NSGA-II
2045,784,0.1839437064649351,NSGA-II,NSGA-II,20260329,66.00074768066406,2.846742868423462,7.849929809570312,68.16120159933843,2.7251105517510363,7.553215822775918,NSGA-II
2046,430,0.2024095310807516,NSGA-II,NSGA-II,20260329,66.00239562988281,2.8499975204467773,7.750851631164551,68.02653229209818,2.6437014804121417,7.36053284940597,NSGA-II
2047,784,0.1630367805839377,NSGA-II,NSGA-II,20260329,66.01034545898438,2.8496036529541016,7.849784374237059,68.16120159933843,2.7251105517510363,7.553215822775918,NSGA-II
2048,999,0.1946741872634522,NSGA-II,NSGA-II,20260329,66.00011444091797,2.8185906410217285,7.848669052124023,67.73276767798806,2.661583369041655,7.483698773872287,NSGA-II
2049,784,0.1841358777154802,NSGA-II,NSGA-II,20260329,66.00257110595703,2.849759101867676,7.847428798675537,68.16120159933843,2.7251105517510363,7.553215822775918,NSGA-II
2050,784,0.1866825491162344,NSGA-II,NSGA-II,20260329,66.00724792480469,2.849539041519165,7.848828792572021,68.16120159933843,2.7251105517510363,7.553215822775918,NSGA-II
2051,430,0.2021303867102556,NSGA-II,NSGA-II,20260329,66.00023651123047,2.849939107894897,7.745539665222168,68.02653229209818,2.6437014804121417,7.36053284940597,NSGA-II
2052,784,0.1823642025015079,NSGA-II,NSGA-II,20260329,66.00409698486328,2.848339080810547,7.849982738494873,68.16120159933843,2.7251105517510363,7.553215822775918,NSGA-II
2053,784,0.202152066618699,NSGA-II,NSGA-II,20260329,66.16366577148438,2.849780321121216,7.849955081939697,68.16120159933843,2.7251105517510363,7.553215822775918,NSGA-II
2054,784,0.1840680068736253,NSGA-II,NSGA-II,20260329,66.00011444091797,2.8496365547180176,7.848004341125488,68.16120159933843,2.7251105517510363,7.553215822775918,NSGA-II
2055,784,0.1662179138101868,NSGA-II,NSGA-II,20260329,66.00419616699219,2.8490653038024902,7.84993314743042,68.16120159933843,2.7251105517510363,7.553215822775918,NSGA-II
2056,784,0.1764200042450169,NSGA-II,NSGA-II,20260329,66.08406066894531,2.849650859832764,7.849973201751709,68.16120159933843,2.7251105517510363,7.553215822775918,NSGA-II
2057,999,0.1950719053333008,NSGA-II,NSGA-II,20260329,66.00067901611328,2.7837016582489014,7.849888801574707,67.73276767798806,2.661583369041655,7.483698773872287,NSGA-II
2058,784,0.1845787957179568,NSGA-II,NSGA-II,20260329,66.00172424316406,2.848496437072754,7.849485874176025,68.16120159933843,2.7251105517510363,7.553215822775918,NSGA-II
2059,999,0.1990700166738947,NSGA-II,NSGA-II,20260329,66.00006103515625,2.747018814086914,7.8496599197387695,67.73276767798806,2.661583369041655,7.483698773872287,NSGA-II
2060,665,0.2424370099630216,CMA-ES,Balanced_Performance,0,66.0,2.8499999046325684,7.849999904632568,67.98826845944029,2.706716604557013,7.442489309840001,CMA-ES::Balanced_Performance
2061,455,0.2413284317145719,CMA-ES,Balanced_Performance,1,66.0,2.8499999046325684,7.849999904632568,66.22334061240304,2.783621332016688,7.75708347236876,CMA-ES::Balanced_Performance
2062,1194,0.1682171194391592,CMA-ES,Balanced_Performance,2,66.0,2.8499999046325684,7.849999904632568,66.202826618317,2.85,7.845846481195472,CMA-ES::Balanced_Performance
2063,1399,0.1926505218418129,CMA-ES,Balanced_Performance,3,66.0,2.8499999046325684,7.849999904632568,67.80720452563816,2.7136298957821734,7.492011302813574,CMA-ES::Balanced_Performance
2064,1931,0.2512779269411365,CMA-ES,Balanced_Performance,4,66.0,2.8499999046325684,7.849999904632568,66.0,2.85,7.735186778274937,CMA-ES::Balanced_Performance
2065,1354,0.2380500318394882,CMA-ES,Balanced_Performance,5,66.0,2.8499999046325684,7.849999904632568,66.47114727794376,2.832480189403234,7.698188801194528,CMA-ES::Balanced_Performance
2066,455,0.2053548428415362,CMA-ES,Balanced_Performance,6,66.0,2.8499999046325684,7.849999904632568,66.22334061240304,2.783621332016688,7.75708347236876,CMA-ES::Balanced_Performance
2067,1354,0.236633527329989,CMA-ES,Balanced_Performance,7,66.0,2.8499999046325684,7.849999904632568,66.47114727794376,2.832480189403234,7.698188801194528,CMA-ES::Balanced_Performance
2068,1626,0.270254656812271,CMA-ES,Balanced_Performance,8,66.0,2.8499999046325684,7.849999904632568,68.71510487428779,2.668546201447304,7.334915809601378,CMA-ES::Balanced_Performance
2069,1931,0.2352065334456355,CMA-ES,Balanced_Performance,9,66.0,2.8499999046325684,7.849999904632568,66.0,2.85,7.735186778274937,CMA-ES::Balanced_Performance
2070,734,0.2280203837045815,CMA-ES,Balanced_Performance,10,66.0,2.8499999046325684,7.849999904632568,68.20080089294348,2.6588193877833297,7.600515691324282,CMA-ES::Balanced_Performance
2071,446,0.2188558211269862,CMA-ES,Balanced_Performance,11,66.0,2.8499999046325684,7.849999904632568,68.49427126091456,2.68615116419564,7.394381369475497,CMA-ES::Balanced_Performance
2072,1700,0.2660598042396109,CMA-ES,Balanced_Performance,12,66.0,2.8499999046325684,7.849999904632568,67.7190319826095,2.6420093866710683,7.456694650302293,CMA-ES::Balanced_Performance
2073,1727,0.2574142715569064,CMA-ES,Balanced_Performance,13,66.0,2.8499999046325684,7.849999904632568,66.28560514947492,2.827682694141156,7.748939489408036,CMA-ES::Balanced_Performance
2074,1623,0.2725455603258023,CMA-ES,Balanced_Performance,14,66.0,2.8499999046325684,7.849999904632568,68.95362194483441,2.51582912133974,7.107106133342984,CMA-ES::Balanced_Performance
2075,948,0.1957932982515659,CMA-ES,Balanced_Performance,15,66.0,2.8499999046325684,7.849999904632568,67.94395155098155,2.6805684072828075,7.402540510996636,CMA-ES::Balanced_Performance
2076,1922,0.2609450008723595,CMA-ES,Balanced_Performance,16,66.0,2.8499999046325684,7.849999904632568,69.24254571445108,2.4657975139547865,7.146498302069891,CMA-ES::Balanced_Performance
2077,1091,0.2074323143695699,CMA-ES,Balanced_Performance,17,66.0,2.8499999046325684,7.849999904632568,67.49772316988475,2.7027769130673605,7.46173681866505,CMA-ES::Balanced_Performance
2078,868,0.2034290460831735,CMA-ES,Balanced_Performance,18,66.0,2.8499999046325684,7.849999904632568,68.28305014156622,2.690487862949205,7.41845242458628,CMA-ES::Balanced_Performance
2079,1354,0.230634964051097,CMA-ES,Balanced_Performance,19,66.0,2.8499999046325684,7.849999904632568,66.47114727794376,2.832480189403234,7.698188801194528,CMA-ES::Balanced_Performance
2080,1959,0.2258174347648521,CMA-ES,Energy_Saving_Focus,0,66.0,2.8499999046325684,7.849999904632568,67.5479128078526,2.7257484201731828,7.501060651076007,CMA-ES::Energy_Saving_Focus
2081,687,0.1917764298421544,CMA-ES,Energy_Saving_Focus,1,66.0,2.8499999046325684,7.849999904632568,67.69353261598094,2.686839358802912,7.538127123281757,CMA-ES::Energy_Saving_Focus
2082,1345,0.2299286496578025,CMA-ES,Energy_Saving_Focus,2,66.0,2.8499999046325684,7.849999904632568,67.71094120137155,2.661915959119379,7.4433261847375904,CMA-ES::Energy_Saving_Focus
2083,665,0.2451557657102082,CMA-ES,Energy_Saving_Focus,3,66.0,2.8499999046325684,7.849999904632568,67.98826845944029,2.706716604557013,7.442489309840001,CMA-ES::Energy_Saving_Focus
2084,200,0.2591187704108128,CMA-ES,Energy_Saving_Focus,4,66.0,2.8499999046325684,7.849999904632568,66.96908991054327,2.8065930790182194,7.588883586715506,CMA-ES::Energy_Saving_Focus
2085,1776,0.2320613313159095,CMA-ES,Energy_Saving_Focus,5,66.0,2.8499999046325684,7.849999904632568,67.51647470434735,2.6814760312581964,7.422329777116964,CMA-ES::Energy_Saving_Focus
2086,1258,0.2573133357374865,CMA-ES,Energy_Saving_Focus,6,66.0,2.8499999046325684,7.849999904632568,67.08642198667172,2.819376718952573,7.775230862544586,CMA-ES::Energy_Saving_Focus
2087,745,0.2469629901598023,CMA-ES,Energy_Saving_Focus,7,66.0,2.8499999046325684,7.849999904632568,68.25840581141601,2.617199290496525,7.308401500958133,CMA-ES::Energy_Saving_Focus
2088,1885,0.1962731630922148,CMA-ES,Energy_Saving_Focus,8,66.0,2.8499999046325684,7.849999904632568,66.53673215921334,2.779798267583488,7.552365096946313,CMA-ES::Energy_Saving_Focus
2089,1852,0.2710956908669757,CMA-ES,Energy_Saving_Focus,9,66.0,2.8499999046325684,7.849999904632568,68.03324574660508,2.488523384743221,7.225754147222194,CMA-ES::Energy_Saving_Focus
2090,1091,0.2725276882077109,CMA-ES,Energy_Saving_Focus,10,66.0,2.8499999046325684,7.849999904632568,67.49772316988475,2.7027769130673605,7.46173681866505,CMA-ES::Energy_Saving_Focus
2091,1836,0.1970604224897687,CMA-ES,Energy_Saving_Focus,11,66.0,2.8499999046325684,7.849999904632568,67.2469792718859,2.6718335117329284,7.444267163344876,CMA-ES::Energy_Saving_Focus
2092,706,0.2162375309619438,CMA-ES,Energy_Saving_Focus,12,66.0,2.8499999046325684,7.849999904632568,67.93795969960824,2.7055977288327813,7.408056889790279,CMA-ES::Energy_Saving_Focus
2093,1744,0.2487475692954698,CMA-ES,Energy_Saving_Focus,13,66.0,2.8499999046325684,7.849999904632568,67.94066318913376,2.667527082252306,7.317368828759926,CMA-ES::Energy_Saving_Focus
2094,1289,0.2624684706815312,CMA-ES,Energy_Saving_Focus,14,66.0,2.8499999046325684,7.849999904632568,68.46373094818992,2.606915365608276,7.368796575542365,CMA-ES::Energy_Saving_Focus
2095,1661,0.2581192395044044,CMA-ES,Energy_Saving_Focus,15,66.0,2.8499999046325684,7.849999904632568,67.47975864513155,2.7582051372795577,7.652773583282237,CMA-ES::Energy_Saving_Focus
2096,200,0.2355134386218932,CMA-ES,Energy_Saving_Focus,16,66.0,2.8499999046325684,7.849999904632568,66.96908991054327,2.8065930790182194,7.588883586715506,CMA-ES::Energy_Saving_Focus
2097,1088,0.2460449769976571,CMA-ES,Energy_Saving_Focus,17,66.0,2.8499999046325684,7.849999904632568,66.96884707235674,2.7504388739504617,7.491651397304244,CMA-ES::Energy_Saving_Focus
2098,1210,0.2695205507945787,CMA-ES,Energy_Saving_Focus,18,66.0,2.8499999046325684,7.849999904632568,69.21889055276037,2.481567141377317,7.182362823331848,CMA-ES::Energy_Saving_Focus
2099,1931,0.218984430279134,CMA-ES,Energy_Saving_Focus,19,66.0,2.8499999046325684,7.849999904632568,66.0,2.85,7.735186778274937,CMA-ES::Energy_Saving_Focus
2100,1077,0.2633996514574375,CMA-ES,Energy_Generation_Focus,0,66.0,2.8499999046325684,7.849999904632568,67.66095730161194,2.6946602119302128,7.344798642414171,CMA-ES::Energy_Generation_Focus
2101,706,0.2556747904109993,CMA-ES,Energy_Generation_Focus,1,66.0,2.8499999046325684,7.849999904632568,67.93795969960824,2.7055977288327813,7.408056889790279,CMA-ES::Energy_Generation_Focus
2102,97,0.255959958331342,CMA-ES,Energy_Generation_Focus,2,66.0,2.8499999046325684,7.849999904632568,66.89720570170222,2.735527577374389,7.59065869249579,CMA-ES::Energy_Generation_Focus
2103,1003,0.2538013948909788,CMA-ES,Energy_Generation_Focus,3,66.0,2.8499999046325684,7.849999904632568,69.3931439279509,2.61441527790221,7.201334373475901,CMA-ES::Energy_Generation_Focus
2104,1140,0.256804297501891,CMA-ES,Energy_Generation_Focus,4,66.0,2.8499999046325684,7.849999904632568,69.33954122226099,2.617262967551748,7.406168324274556,CMA-ES::Energy_Generation_Focus
2105,237,0.2681432142196414,CMA-ES,Energy_Generation_Focus,5,66.0,2.8499999046325684,7.849999904632568,66.99101535549546,2.85,7.85,CMA-ES::Energy_Generation_Focus
2106,706,0.2352247829806474,CMA-ES,Energy_Generation_Focus,6,66.0,2.8499999046325684,7.849999904632568,67.93795969960824,2.7055977288327813,7.408056889790279,CMA-ES::Energy_Generation_Focus
2107,1069,0.2325649861764621,CMA-ES,Energy_Generation_Focus,7,66.0,2.8499999046325684,7.849999904632568,66.05155916502537,2.742725583301674,7.612888365006125,CMA-ES::Energy_Generation_Focus
2108,665,0.2475561534175818,CMA-ES,Energy_Generation_Focus,8,66.0,2.8499999046325684,7.849999904632568,67.98826845944029,2.706716604557013,7.442489309840001,CMA-ES::Energy_Generation_Focus
2109,1959,0.2127570983738261,CMA-ES,Energy_Generation_Focus,9,66.0,2.8499999046325684,7.849999904632568,67.5479128078526,2.7257484201731828,7.501060651076007,CMA-ES::Energy_Generation_Focus
2110,1354,0.1988433272409849,CMA-ES,Energy_Generation_Focus,10,66.0,2.8499999046325684,7.849999904632568,66.47114727794376,2.832480189403234,7.698188801194528,CMA-ES::Energy_Generation_Focus
2111,455,0.2115650165885557,CMA-ES,Energy_Generation_Focus,11,66.0,2.8499999046325684,7.849999904632568,66.22334061240304,2.783621332016688,7.75708347236876,CMA-ES::Energy_Generation_Focus
2112,1839,0.2556812864473948,CMA-ES,Energy_Generation_Focus,12,66.0,2.8499999046325684,7.849999904632568,68.46081438804637,2.769373503069092,7.572416185512679,CMA-ES::Energy_Generation_Focus
2113,665,0.2389480489780008,CMA-ES,Energy_Generation_Focus,13,66.0,2.8499999046325684,7.849999904632568,67.98826845944029,2.706716604557013,7.442489309840001,CMA-ES::Energy_Generation_Focus
2114,983,0.2511670137317127,CMA-ES,Energy_Generation_Focus,14,66.0,2.8499999046325684,7.849999904632568,67.77876973506449,2.537442224753755,7.296875418095684,CMA-ES::Energy_Generation_Focus
2115,1470,0.2445388113847555,CMA-ES,Energy_Generation_Focus,15,66.0,2.8499999046325684,7.849999904632568,66.0,2.744336212695565,7.51049108450181,CMA-ES::Energy_Generation_Focus
2116,1854,0.260847331211888,CMA-ES,Energy_Generation_Focus,16,66.0,2.8499999046325684,7.849999904632568,68.15535931563424,2.713794140972135,7.466244498241418,CMA-ES::Energy_Generation_Focus
2117,1354,0.2436089554527882,CMA-ES,Energy_Generation_Focus,17,66.0,2.8499999046325684,7.849999904632568,66.47114727794376,2.832480189403234,7.698188801194528,CMA-ES::Energy_Generation_Focus
2118,999,0.2108102068157266,CMA-ES,Energy_Generation_Focus,18,66.0,2.8499999046325684,7.849999904632568,67.73276767798806,2.661583369041655,7.483698773872287,CMA-ES::Energy_Generation_Focus
2119,1258,0.2440622229855832,CMA-ES,Energy_Generation_Focus,19,66.0,2.8499999046325684,7.849999904632568,67.08642198667172,2.819376718952573,7.775230862544586,CMA-ES::Energy_Generation_Focus
2120,1,0.3209169376290368,RandomSearch,Balanced_Performance,0,66.91184997558594,2.759710788726806,7.823818206787109,69.06871163540659,2.7067142634728056,7.452923754312093,RandomSearch::Balanced_Performance
2121,1836,0.2459636811812896,RandomSearch,Balanced_Performance,1,66.0,2.7496163845062256,7.754056453704834,67.2469792718859,2.6718335117329284,7.444267163344876,RandomSearch::Balanced_Performance
2122,1885,0.3316161070743802,RandomSearch,Balanced_Performance,2,66.77128601074219,2.766775369644165,7.703985691070557,66.53673215921334,2.779798267583488,7.552365096946313,RandomSearch::Balanced_Performance
2123,1210,0.3401744997724948,RandomSearch,Balanced_Performance,3,67.65428924560547,2.6959691047668457,7.718952655792236,69.21889055276037,2.481567141377317,7.182362823331848,RandomSearch::Balanced_Performance
2124,787,0.3486229659885853,RandomSearch,Balanced_Performance,4,66.88262939453125,2.72255802154541,7.766741752624512,68.0793115566336,2.545511747083281,7.193061911469907,RandomSearch::Balanced_Performance
2125,968,0.367998177924004,RandomSearch,Balanced_Performance,5,67.70037078857422,2.741186141967773,7.7400407791137695,68.98479241615935,2.5281541327846195,7.3585102909613855,RandomSearch::Balanced_Performance
2126,460,0.437934249277779,RandomSearch,Balanced_Performance,6,67.60653686523438,2.674511194229126,7.644357204437256,71.06701892438824,2.3279846610967168,6.876211412139709,RandomSearch::Balanced_Performance
2127,22,0.305531377529915,RandomSearch,Balanced_Performance,7,66.44893646240234,2.68780255317688,7.823109149932861,69.54386502972503,2.526907661803375,7.274729232837246,RandomSearch::Balanced_Performance
2128,322,0.3431390779660124,RandomSearch,Balanced_Performance,8,68.15458679199219,2.794020175933838,7.721105575561523,69.2565662591555,2.7475505111130647,7.177466429447271,RandomSearch::Balanced_Performance
2129,1446,0.3991566010363215,RandomSearch,Balanced_Performance,9,67.55389404296875,2.6456425189971924,7.6993279457092285,69.0881715535647,2.6540939375014063,7.40466627184744,RandomSearch::Balanced_Performance
2130,1083,0.3002773727356556,RandomSearch,Balanced_Performance,10,67.16181945800781,2.7879109382629395,7.533779621124268,67.91794777797288,2.602462847775725,7.248548564818464,RandomSearch::Balanced_Performance
2131,223,0.4224262874717195,RandomSearch,Balanced_Performance,11,67.45145416259766,2.6379051208496094,7.705672740936279,67.41503413178877,2.6258075286207707,7.358107305309775,RandomSearch::Balanced_Performance
2132,1288,0.3016918535461062,RandomSearch,Balanced_Performance,12,66.89962005615234,2.819096803665161,7.695178031921387,68.12255092137859,2.6392499558149365,7.347158204201597,RandomSearch::Balanced_Performance
2133,502,0.3016470141315144,RandomSearch,Balanced_Performance,13,67.97999572753906,2.732428789138794,7.757862091064453,68.30944340062857,2.675314297036247,7.396896055881662,RandomSearch::Balanced_Performance
2134,134,0.2958427306687656,RandomSearch,Balanced_Performance,14,66.18562316894531,2.7819912433624268,7.776523590087891,67.4826701317825,2.658688583609288,7.535931507815837,RandomSearch::Balanced_Performance
2135,1959,0.3025299465364945,RandomSearch,Balanced_Performance,15,66.42401885986328,2.79362154006958,7.834850311279297,67.5479128078526,2.7257484201731828,7.501060651076007,RandomSearch::Balanced_Performance
2136,1067,0.3268401858765022,RandomSearch,Balanced_Performance,16,67.59568786621094,2.6701982021331787,7.761961936950684,69.41565824965946,2.547003481976056,7.204227058374525,RandomSearch::Balanced_Performance
2137,1449,0.3768270562591155,RandomSearch,Balanced_Performance,17,67.0689926147461,2.756679058074951,7.632946968078613,68.9030359434443,2.6318621795225403,7.184923143353784,RandomSearch::Balanced_Performance
2138,1591,0.3185501926552485,RandomSearch,Balanced_Performance,18,67.0025863647461,2.6756069660186768,7.825238227844238,69.20127348919642,2.65034635114054,7.400580789575027,RandomSearch::Balanced_Performance
2139,738,0.3382688021718771,RandomSearch,Balanced_Performance,19,68.46302032470703,2.7640788555145264,7.633251190185547,68.4969336478551,2.747469015816285,7.480491389410623,RandomSearch::Balanced_Performance
2140,983,0.2907494901679969,RandomSearch,Energy_Saving_Focus,0,66.5301742553711,2.563560724258423,7.748194217681885,67.77876973506449,2.537442224753755,7.296875418095684,RandomSearch::Energy_Saving_Focus
2141,1182,0.2985293376829111,RandomSearch,Energy_Saving_Focus,1,66.59667205810547,2.577683448791504,7.548360347747803,66.0,2.577625021921533,7.528505839390757,RandomSearch::Energy_Saving_Focus
2142,777,0.2759834757769669,RandomSearch,Energy_Saving_Focus,2,66.0,2.6845974922180176,7.34357213973999,66.28011794610006,2.633629519877819,7.435845362199077,RandomSearch::Energy_Saving_Focus
2143,1004,0.3346278552866653,RandomSearch,Energy_Saving_Focus,3,66.66653442382812,2.7648513317108154,7.735791683197021,67.84272384420893,2.590994906170558,7.357103363602037,RandomSearch::Energy_Saving_Focus
2144,1700,0.3367293145693966,RandomSearch,Energy_Saving_Focus,4,66.59449005126953,2.534286975860596,7.653839111328125,67.7190319826095,2.6420093866710683,7.456694650302293,RandomSearch::Energy_Saving_Focus
2145,1430,0.3066404690125193,RandomSearch,Energy_Saving_Focus,5,66.29359436035156,2.6833481788635254,7.785713195800781,69.37987060477295,2.4481745714278977,7.270522982926916,RandomSearch::Energy_Saving_Focus
2146,1861,0.2620291914135396,RandomSearch,Energy_Saving_Focus,6,66.0,2.572404146194458,7.635336875915527,66.2318520202551,2.5065202353227627,7.403821655253039,RandomSearch::Energy_Saving_Focus
2147,134,0.3158317320942141,RandomSearch,Energy_Saving_Focus,7,66.38551330566406,2.6838319301605225,7.517304420471191,67.4826701317825,2.658688583609288,7.535931507815837,RandomSearch::Energy_Saving_Focus
2148,448,0.3474885604928156,RandomSearch,Energy_Saving_Focus,8,66.70207977294922,2.580933094024658,7.554978847503662,67.38848232886157,2.4837179845965704,7.235146046693519,RandomSearch::Energy_Saving_Focus
2149,1213,0.3229410591590547,RandomSearch,Energy_Saving_Focus,9,66.45660400390625,2.6720941066741943,7.721982479095459,68.3471912370933,2.537370620005687,7.072765965775123,RandomSearch::Energy_Saving_Focus
2150,180,0.2743572271014557,RandomSearch,Energy_Saving_Focus,10,66.0,2.7717854976654053,7.61516809463501,68.97905558717427,2.603631853880048,7.183306049961169,RandomSearch::Energy_Saving_Focus
2151,333,0.3248513754000577,RandomSearch,Energy_Saving_Focus,11,66.53592681884766,2.7925121784210205,7.683387279510498,68.12099388040454,2.585856977104543,7.258905298734768,RandomSearch::Energy_Saving_Focus
2152,1430,0.4042861014422081,RandomSearch,Energy_Saving_Focus,12,67.67616271972656,2.672309637069702,7.50713586807251,69.37987060477295,2.4481745714278977,7.270522982926916,RandomSearch::Energy_Saving_Focus
2153,372,0.2599000045738909,RandomSearch,Energy_Saving_Focus,13,66.7479019165039,2.7161879539489746,7.406237602233887,68.58270475693945,2.485674030704185,7.173153534307946,RandomSearch::Energy_Saving_Focus
2154,1449,0.3295490010229847,RandomSearch,Energy_Saving_Focus,14,66.85292053222656,2.7443342208862305,7.57271146774292,68.9030359434443,2.6318621795225403,7.184923143353784,RandomSearch::Energy_Saving_Focus
2155,455,0.3298490900094276,RandomSearch,Energy_Saving_Focus,15,66.66407775878906,2.7051713466644287,7.745049953460693,66.22334061240304,2.783621332016688,7.75708347236876,RandomSearch::Energy_Saving_Focus
2156,1003,0.2937554722035333,RandomSearch,Energy_Saving_Focus,16,67.12609100341797,2.7281718254089355,7.545709609985352,69.3931439279509,2.61441527790221,7.201334373475901,RandomSearch::Energy_Saving_Focus
2157,1938,0.3527562535588415,RandomSearch,Energy_Saving_Focus,17,66.91387939453125,2.7858457565307617,7.713509559631348,69.53370957603836,2.594913509640667,7.370143794128849,RandomSearch::Energy_Saving_Focus
2158,1931,0.3892992515540219,RandomSearch,Energy_Saving_Focus,18,67.12018585205078,2.6379408836364746,7.594614505767822,66.0,2.85,7.735186778274937,RandomSearch::Energy_Saving_Focus
2159,1560,0.3388943990431803,RandomSearch,Energy_Saving_Focus,19,66.71852111816406,2.7469372749328613,7.606518745422363,69.33090701883401,2.4545436844582005,6.945688685155002,RandomSearch::Energy_Saving_Focus
2160,432,0.3165173165658269,RandomSearch,Energy_Generation_Focus,0,67.76107025146484,2.8166487216949463,7.414211273193359,66.0460141505569,2.8293929045154385,7.672170875773044,RandomSearch::Energy_Generation_Focus
2161,1151,0.2510142740556975,RandomSearch,Energy_Generation_Focus,1,68.15461730957031,2.765983819961548,7.63183069229126,66.10265287145228,2.85,7.85,RandomSearch::Energy_Generation_Focus
2162,637,0.3762118222070262,RandomSearch,Energy_Generation_Focus,2,67.5902099609375,2.745206832885742,7.540459632873535,67.77750408364759,2.68279526021502,7.38072229005122,RandomSearch::Energy_Generation_Focus
2163,811,0.3432953911507135,RandomSearch,Energy_Generation_Focus,3,68.40875244140625,2.7938873767852783,7.446845531463623,68.45925008765295,2.764902241376545,7.273152721806975,RandomSearch::Energy_Generation_Focus
2164,6,0.4003305830486269,RandomSearch,Energy_Generation_Focus,4,67.70885467529297,2.7454073429107666,7.66748571395874,66.4831984979465,2.7473766974527734,7.570828673702016,RandomSearch::Energy_Generation_Focus
2165,1628,0.3493576226125225,RandomSearch,Energy_Generation_Focus,5,66.74765014648438,2.734224557876587,7.729801177978516,68.79959406323302,2.620461382558336,7.207983658883268,RandomSearch::Energy_Generation_Focus
2166,1299,0.3525569499356271,RandomSearch,Energy_Generation_Focus,6,67.2869873046875,2.786015033721924,7.665428638458252,69.93101679878026,2.563395117330647,7.075933667666654,RandomSearch::Energy_Generation_Focus
2167,502,0.2475909409720648,RandomSearch,Energy_Generation_Focus,7,66.71592712402344,2.8499999046325684,7.660396099090576,68.30944340062857,2.675314297036247,7.396896055881662,RandomSearch::Energy_Generation_Focus
2168,1,0.3328619909326837,RandomSearch,Energy_Generation_Focus,8,67.41517639160156,2.802755832672119,7.799239158630371,69.06871163540659,2.7067142634728056,7.452923754312093,RandomSearch::Energy_Generation_Focus
2169,101,0.3454599034384417,RandomSearch,Energy_Generation_Focus,9,67.94825744628906,2.792047500610352,7.610702514648437,70.2562394254027,2.537158050829037,7.14778811551529,RandomSearch::Energy_Generation_Focus
2170,1373,0.3183522114198077,RandomSearch,Energy_Generation_Focus,10,68.20084381103516,2.815088987350464,7.689764499664307,67.64309682680711,2.8311205055618687,7.843741220563018,RandomSearch::Energy_Generation_Focus
2171,1067,0.359140145751289,RandomSearch,Energy_Generation_Focus,11,67.49365997314453,2.78041934967041,7.6402907371521,69.41565824965946,2.547003481976056,7.204227058374525,RandomSearch::Energy_Generation_Focus
2172,492,0.2557457669819068,RandomSearch,Energy_Generation_Focus,12,66.41304779052734,2.754117965698242,7.360742568969727,67.85649285408782,2.705952738629579,7.310488137770665,RandomSearch::Energy_Generation_Focus
2173,200,0.280263229891534,RandomSearch,Energy_Generation_Focus,13,68.12335205078125,2.8474645614624023,7.430437564849853,66.96908991054327,2.8065930790182194,7.588883586715506,RandomSearch::Energy_Generation_Focus
2174,993,0.3648139091753963,RandomSearch,Energy_Generation_Focus,14,68.05269622802734,2.775596618652344,7.71021556854248,71.07753916856052,2.617087922586597,7.117143395650816,RandomSearch::Energy_Generation_Focus
2175,1091,0.3415306492518112,RandomSearch,Energy_Generation_Focus,15,67.19001770019531,2.7953872680664062,7.757904052734375,67.49772316988475,2.7027769130673605,7.46173681866505,RandomSearch::Energy_Generation_Focus
2176,1586,0.3474230208356473,RandomSearch,Energy_Generation_Focus,16,68.44692993164062,2.79037880897522,7.293589115142822,69.45355412580517,2.648384743354098,7.031591004442542,RandomSearch::Energy_Generation_Focus
2177,1716,0.3417427230911394,RandomSearch,Energy_Generation_Focus,17,69.83390045166016,2.72045373916626,7.642028331756592,69.10952689621543,2.6526654519520942,7.484420694541522,RandomSearch::Energy_Generation_Focus
2178,1399,0.3066558865342527,RandomSearch,Energy_Generation_Focus,18,67.43310546875,2.825031042098999,7.741753101348877,67.80720452563816,2.7136298957821734,7.492011302813574,RandomSearch::Energy_Generation_Focus
2179,1354,0.3522407431928829,RandomSearch,Energy_Generation_Focus,19,69.32308959960938,2.770918369293213,7.513348579406738,66.47114727794376,2.832480189403234,7.698188801194528,RandomSearch::Energy_Generation_Focus
