scenario,episode,n_seeds,reward_mean,reward_std,EUIt_mean,EUIt_std,EG_mean,EG_std,H_mean,H_std
Balanced_Performance,0,20,2.982057418062074,0.6842311095388101,77.59201683998108,0.21072716420785323,1.8314464282803236,0.015468804505361545,6.377987474473193,0.057758909511875824
Balanced_Performance,1,20,2.5527679988563756,0.5874117190311441,77.63546767115592,0.1404864181160152,1.8243623592890799,0.012399602220713775,6.330862654913217,0.06900335533380307
Balanced_Performance,2,20,2.7750122107978417,0.6444613965148692,77.65676523566246,0.2264480442960485,1.8241742692887783,0.012630103525652973,6.368677186332643,0.0586776912969577
Balanced_Performance,3,20,3.0001080230845725,0.5565660056375932,77.58884886354208,0.13724116176064383,1.827576342113316,0.012320939137418597,6.385153369065374,0.054536381148727955
Balanced_Performance,4,20,4.511957052837561,1.1254479943678202,77.35131282031537,0.19728445999536265,1.8577842599712313,0.025489079320708895,6.527443022299558,0.10734081474015256
Balanced_Performance,5,20,7.536790695717326,1.5234513478429883,76.49308987081051,0.4597273634991447,1.921904743127525,0.038509605279378946,6.722505473522469,0.0967407861725931
Balanced_Performance,6,20,8.433317710360907,1.4759930927475622,76.27310362786054,0.36352841550430454,1.9374995427206159,0.04093896466023952,6.7949262547492975,0.10866703649905389
Balanced_Performance,7,20,8.509763012704708,1.2230822349323984,76.19597200602293,0.46141072148286655,1.9389056075178086,0.029439654396674012,6.786838641650975,0.06975074761164464
Balanced_Performance,8,20,8.939167478538568,1.202018883293667,76.13092500418425,0.3908019865142008,1.9462655835971236,0.03282420611091877,6.829351155031472,0.06372374393612731
Balanced_Performance,9,20,8.919630038234276,1.1901964477064997,76.13125918835401,0.3998453818353904,1.9555723962932823,0.030591795983064333,6.801209469493479,0.07381767220957722
Balanced_Performance,10,20,8.816326950957885,1.0286309606604127,76.10579979747533,0.40516596813252564,1.950028193797916,0.026043160302127576,6.790423544030636,0.0641929250973023
Balanced_Performance,11,20,9.088199212270952,1.0737194923875322,76.02644031792879,0.41707914314920913,1.9541861530020832,0.02961359998152542,6.8134796969778835,0.06705986286258009
Balanced_Performance,12,20,8.792360890960055,1.1471323257445714,76.06040226384997,0.44684657670968403,1.9453279975429176,0.02479391405826868,6.789913326762617,0.07315414326479402
Balanced_Performance,13,20,8.777360797752142,1.5114544785863253,76.12660757243633,0.5256007319856434,1.948520245850086,0.03973258181406821,6.788787931688129,0.08324588312927382
Balanced_Performance,14,20,9.330963539835029,1.2384515870462303,75.98938326522708,0.42953634265418994,1.9610205525159838,0.03400473696505374,6.832338668014854,0.07518864392465105
Balanced_Performance,15,20,9.573375738382666,1.0873838483552691,75.8043735858798,0.405343803469998,1.9635160431079566,0.025560638521528425,6.827839135527611,0.06922072447929284
Balanced_Performance,16,20,9.659643271869664,1.3094819580512584,75.85791175454855,0.41794385610972384,1.9668642733432353,0.03677455463573503,6.844779587201773,0.081855478086002
Balanced_Performance,17,20,9.28404251045713,1.284104195165469,76.00971114009619,0.4461283851112182,1.9580539448745546,0.03328938090726826,6.831670154295861,0.07144438754698716
Balanced_Performance,18,20,9.304270229990152,1.397057715508947,76.0307669699192,0.4241622219360503,1.9644166255928575,0.032813823869782724,6.824560506362468,0.09898944348255352
Balanced_Performance,19,20,9.625289988958183,1.7159300263282051,75.90856251180172,0.5093523377471667,1.9697585269808768,0.041776021303002626,6.842084370870142,0.11238486097704561
Balanced_Performance,20,20,9.719146947081104,1.0883017940299278,75.93074973165989,0.4045762952709981,1.9712740696035325,0.02487503746912326,6.860489746909589,0.07385325855430036
Balanced_Performance,21,20,9.279363417899916,1.134611682346124,76.00504915773868,0.33441412056610753,1.9606392666324972,0.028716910945586163,6.824529179781675,0.07628658172540642
Balanced_Performance,22,20,9.1972740051125,1.2103416866835546,75.98731292396783,0.42049849432743824,1.958854421619326,0.0320987454532609,6.814239690098911,0.07220975953922865
Balanced_Performance,23,20,9.66421200210833,1.2103631518166473,75.92914942920208,0.4192396019511489,1.9705365578830243,0.029589543377376962,6.848721102010458,0.07509289966875297
Balanced_Performance,24,20,9.723035522273499,1.2462074154598006,75.94966002732515,0.43224734427109435,1.975911978147924,0.028314162921931087,6.850047013983131,0.07951925924166352
Balanced_Performance,25,20,9.590529354355324,1.4240093507244374,75.95739091545343,0.43729219724582075,1.9744593983702363,0.032228506101121115,6.834954476244748,0.0959075171073232
Balanced_Performance,26,20,10.075312847767725,1.4960516987254553,75.77440736830235,0.47991236035383894,1.97964038413018,0.03650099917780162,6.865342192277312,0.0861546599668402
Balanced_Performance,27,20,9.5430251530837,1.1618914778069314,75.92409600913524,0.37525982175472716,1.971221378557384,0.03218581941272438,6.826644526999443,0.0723782040472497
Balanced_Performance,28,20,10.337820235225319,1.1431753446029975,75.78784087091684,0.5316967450631154,1.995687441378832,0.028295935196024313,6.876920909509063,0.04448658866711981
Balanced_Performance,29,20,9.49728506112302,1.5038444644296258,76.0273070859909,0.5078658195093497,1.9733482867479324,0.036500418026414315,6.832965586390347,0.08688004708009348
Balanced_Performance,30,20,9.950507886108547,1.316065773308113,75.87504751622677,0.4842661716487158,1.9840985533595084,0.030029165649482135,6.856459132861346,0.07909776577692723
Balanced_Performance,31,20,10.142139866313254,1.534093321647378,75.7421445350349,0.4438189733616116,1.986926776310429,0.04105055056127461,6.8582812119740995,0.10123188851312846
Balanced_Performance,32,20,10.604035898341143,0.9445681007158874,75.74064300358296,0.3337671965889045,2.003025784380734,0.026389303670357155,6.895274253310636,0.051139422972014625
Balanced_Performance,33,20,10.049610011922093,1.522449630829789,75.85215064629912,0.5752031117811743,1.987244323026389,0.03873446659871067,6.863038546079769,0.0794129953919
Balanced_Performance,34,20,9.666546686743969,1.3023529489854169,75.95258703827858,0.45499559785787,1.977550859339535,0.03378567129106829,6.840281360736117,0.07205256094669465
Balanced_Performance,35,20,9.996133298270165,1.1773652249345725,75.969809371531,0.47377388631266665,1.9912822964601218,0.031197122923401512,6.866966095585376,0.06176670164680902
Balanced_Performance,36,20,10.381943634217723,1.3947272844086713,75.74643781512975,0.49599551715218254,1.9938921096920967,0.04264288400824201,6.882769395597279,0.06145197575846016
Balanced_Performance,37,20,10.068494552121107,1.6470830911953496,75.90903753429652,0.5726405887458038,1.9929171819984912,0.04322485934187314,6.8623142064362765,0.08211206075952761
Balanced_Performance,38,20,9.939215989214011,1.431892725235904,75.97814894288778,0.45111823259720857,1.9874889355525376,0.03581370931189142,6.866094268169254,0.08971349830081576
Balanced_Performance,39,20,10.12666717973709,1.1572887235092386,75.8864384791255,0.4270833232765343,1.9908873513527214,0.02816003683300497,6.8716013172827655,0.0765993829042493
Balanced_Performance,40,20,10.502069676783027,1.705814742957358,75.84141717731953,0.5972225496513626,2.002270988393575,0.03981245131188741,6.899741748571396,0.08853272907222388
Balanced_Performance,41,20,9.838376221768913,1.640183395885793,75.91399958610535,0.5156686545885225,1.9877912134490905,0.037624048365681416,6.836067609330639,0.10112368957924374
Balanced_Performance,42,20,9.96194574491622,1.3341395983803157,75.98501245677471,0.48366159677660836,1.9895046572200954,0.039210929261139754,6.867770416298882,0.060915537543472134
Balanced_Performance,43,20,10.500922578014487,1.348907582248184,75.76072606444359,0.4485742415868929,2.0066168114356695,0.03585061937584053,6.8726214947551485,0.07426635578836173
Balanced_Performance,44,20,10.91693955126989,1.408744090380532,75.6625402313471,0.479847338032385,2.0140576968342065,0.03375712450378014,6.904097614800557,0.08605288885604777
Balanced_Performance,45,20,10.58412185453313,1.335870135037878,75.82665043622255,0.4083229998523546,2.0053860648721455,0.0398534356590511,6.9045931696705525,0.07690988914744823
Balanced_Performance,46,20,11.156198861355815,1.246329309610048,75.62160817980767,0.4240389701569715,2.0234518761187794,0.02905727125054602,6.9180690898839385,0.08403066935210474
Balanced_Performance,47,20,10.979626617722431,1.5450355276939678,75.64329785764218,0.5002864767798464,2.0160376554355026,0.0421354647327152,6.909272570209578,0.08723399276563679
Balanced_Performance,48,20,10.877988671565472,1.4338681685306016,75.67384551256895,0.4937617813241944,2.0138573346659543,0.03464311106907644,6.901635949071496,0.08449773867875522
Balanced_Performance,49,20,10.832117781870497,1.4434276358200904,75.7373927333951,0.49246581686395713,2.0134643538482484,0.03833575937661305,6.910330129656941,0.07787050102315952
Balanced_Performance,50,20,11.004576870545852,1.1461511815443959,75.74069876670838,0.4232771571873348,2.0194270238280296,0.03202261293269381,6.922692700857297,0.06542240343140597
Balanced_Performance,51,20,10.91076501197342,1.303605889671717,75.72873186796903,0.4959561747226128,2.0180383600108325,0.03213271577925481,6.911685556136073,0.07064273896455239
Balanced_Performance,52,20,11.080301166740007,1.839191654872966,75.63413326650858,0.5757892209341879,2.0215816364251076,0.04668863946909127,6.912141713202,0.10192453250346344
Balanced_Performance,53,20,11.05294446789583,1.4425770415916892,75.63552511930466,0.42034700771433847,2.0241560631617905,0.039059632613214115,6.900505895679816,0.09877873760602719
Balanced_Performance,54,20,11.542696115858782,1.547547580076188,75.5364732080698,0.5449480197148167,2.0331892762891948,0.032158996125337555,6.941676318477839,0.09120958924564537
Balanced_Performance,55,20,11.54808132510254,1.6070865679151831,75.49390316337346,0.5556013849234335,2.0342106642201543,0.03978043206589322,6.928185832072049,0.08265631472366912
Balanced_Performance,56,20,12.092730948518476,1.7200233365738877,75.31978490188718,0.5528348980151511,2.050019769910723,0.04647005938599919,6.952966028125957,0.08636633721469578
Balanced_Performance,57,20,11.720142271025862,1.2016048694887185,75.50398321211338,0.4205891553343164,2.036935498183593,0.03151725647369712,6.956450801184401,0.058861282683059235
Balanced_Performance,58,20,12.07946018333571,1.627799212671072,75.28777057379484,0.47383854899423644,2.046559301633388,0.04033304037528201,6.94813654105179,0.10376259544998277
Balanced_Performance,59,20,12.209916277407878,2.07763029094706,75.25249390691519,0.5979841134167717,2.051590653266758,0.05474237429439571,6.952254855288193,0.12162670851973456
Balanced_Performance,60,20,12.073187638399862,1.5304970688723158,75.35196539849042,0.5107521909134162,2.0479992953129114,0.036994500385144506,6.959263939675876,0.09101792098951386
Balanced_Performance,61,20,12.347078169669956,1.2359622666873455,75.33690139591694,0.39803622704865466,2.056157505195588,0.035132150678287705,6.984920614827425,0.06811932982597238
Balanced_Performance,62,20,12.125588201577091,1.5064546064372264,75.32530821502209,0.5589994134038601,2.050810133563355,0.040484212817058746,6.956871902868151,0.06419927278435796
Balanced_Performance,63,20,12.788898437420604,1.7582650986405326,75.11193707421423,0.551590438138814,2.0672133762948213,0.04400600723622506,6.986898201857693,0.1039204170369567
Balanced_Performance,64,20,11.871398540947954,1.0381393700123827,75.43038266167045,0.3702749508945212,2.048084927685559,0.027768966562953058,6.943527812408282,0.06878825706583142
Balanced_Performance,65,20,12.255402130384196,1.6633448557044754,75.26747288450599,0.631961661657436,2.0531317264772952,0.04056323227474196,6.961500465702265,0.07762406144090522
Balanced_Performance,66,20,12.482819609268068,1.7690867906317032,75.24202350199224,0.579844764159093,2.0631416718289257,0.04883115516257661,6.971684858156368,0.08996680036713522
Balanced_Performance,67,20,12.724770867550074,1.9593213132172407,75.13946050435304,0.7166787743018646,2.0673290695901962,0.053362118019440546,6.979137346227654,0.07636941173498393
Balanced_Performance,68,20,12.53890707256797,1.1491579013119362,75.22416071161628,0.40939260765530405,2.0642065305821595,0.030350667769801228,6.972162534408271,0.07193887669021995
Balanced_Performance,69,20,12.420488813944512,1.6478024029477985,75.31069633692502,0.5546141561650717,2.062284487783909,0.04553218322899063,6.975967538598925,0.08493427631137512
Balanced_Performance,70,20,12.409994353274797,1.9919783701775244,75.30189095258713,0.6291710195819626,2.059434207389131,0.05660799121269227,6.978943034457044,0.0981072382258892
Balanced_Performance,71,20,12.599348380601402,1.6513063862564727,75.17544450342655,0.544487754467473,2.0681226040422915,0.04021553590259249,6.965163829978556,0.0976102000038542
Balanced_Performance,72,20,12.949600766691045,1.6426467425513545,75.08459772914648,0.5756032319588402,2.0743139857705684,0.04498764598387496,6.989310275418684,0.0795377552740666
Balanced_Performance,73,20,13.279022913888976,1.7310682837446405,75.00940002799034,0.5926737130961677,2.0844039575755593,0.0433487240551277,7.006262773787602,0.08806777196827748
Balanced_Performance,74,20,13.364697833732674,1.495445303504643,74.97922885894775,0.5488254320823155,2.086110410913825,0.0352955567724829,7.010908120628446,0.0864726864125266
Balanced_Performance,75,20,13.112831990001013,1.6825660295299754,75.0870104663074,0.5161511682697982,2.0856714909896255,0.044485969537883356,6.992475955393165,0.10532893237021083
Balanced_Performance,76,20,13.342822582422883,1.4200100666267987,74.99823842793703,0.5254898391254804,2.088072551647201,0.03879339703212961,7.007880440177397,0.07410218964509492
Balanced_Performance,77,20,13.669637893518603,1.725238402551443,74.89748720541596,0.5593403551061992,2.1015135845169426,0.04322947844654864,7.008841595910489,0.0990287600620637
Balanced_Performance,78,20,13.849546403637106,1.9834601841376784,74.82205533087253,0.6340713845709961,2.1005512920394542,0.05532460784961963,7.027287504756823,0.1094270137731082
Balanced_Performance,79,20,13.778307722680722,1.220341843240968,74.86219887033106,0.39834735217511336,2.099060103222728,0.03551435646627009,7.028270649183542,0.07021640085191069
Balanced_Performance,80,20,14.444895725296007,1.5845683749575632,74.6552130959183,0.4962567123134723,2.118296113451943,0.04432035408933537,7.05755622454919,0.10124358453966373
Balanced_Performance,81,20,14.335461604514004,1.8706239492886965,74.63608277261258,0.6122046061743244,2.1130279461294412,0.04514342889248512,7.043529031369834,0.10890426733403163
Balanced_Performance,82,20,14.424802793011775,1.6791568345618464,74.5990279109776,0.5604259972310006,2.1169603975396605,0.04350494963611473,7.0435235619195735,0.10797723558758374
Balanced_Performance,83,20,14.363667104793091,1.7049260103607202,74.65375216379762,0.5802722815157956,2.1138518604356795,0.044256798827736366,7.049583789212629,0.0893958936987316
Balanced_Performance,84,20,14.422545219589475,1.5663667421228005,74.69531937330962,0.4558435894020781,2.1223119124118237,0.043097951420026495,7.050491657061502,0.09179242953762501
Balanced_Performance,85,20,14.624265276332196,1.4644376841073583,74.61496320456266,0.49665833064085657,2.128658792069182,0.03656640124285352,7.050653989771381,0.08889106148778887
Balanced_Performance,86,20,14.856052824463607,2.1933490261132196,74.48632829889655,0.7754870494392828,2.130657249400392,0.05710977971943866,7.058476728023962,0.11094765637770271
Balanced_Performance,87,20,14.539321683826927,1.64275102138456,74.63024192452431,0.5903567189653193,2.1234342028945683,0.04086864815706823,7.052807299303822,0.09770772760060463
Balanced_Performance,88,20,14.61848752728034,2.0887321937880157,74.59819409713148,0.6534974980415782,2.1253266238886863,0.05580998635385395,7.0549857474630695,0.1155939032089291
Balanced_Performance,89,20,14.849760525034307,1.8078433283051194,74.57508927345276,0.5214589148645211,2.137423108229414,0.049487274021511644,7.060414666091091,0.09953010417267733
Balanced_Performance,90,20,14.952428013482196,1.8559451218646028,74.45783226922154,0.5738248863452212,2.136701825316995,0.04943814769369905,7.0557836429961025,0.10332902519627733
Balanced_Performance,91,20,15.203388070245058,2.366327009755996,74.35473284810782,0.7609484422422323,2.1406201169546692,0.0653805274446187,7.0656379903852935,0.11883900132080727
Balanced_Performance,92,20,15.11185668844941,1.5564683102711485,74.45518190398812,0.5839296168885877,2.134564890693873,0.03666811478495106,7.089035664005205,0.08227919577757585
Balanced_Performance,93,20,14.964237666113021,1.8298626822319863,74.48595623150467,0.6406809357963749,2.1376959019433706,0.044066904913018394,7.05974359402433,0.1040413769098079
Balanced_Performance,94,20,15.4220870493459,2.143872042859598,74.29076226174831,0.7317529845487224,2.1483069738326597,0.0558207552126281,7.074075305568985,0.11312616700497516
Balanced_Performance,95,20,15.979806265974492,1.9158262607271521,74.17965813107789,0.7393534715418575,2.168015543473884,0.0479687421334166,7.103117930577136,0.10268821990857417
Balanced_Performance,96,20,15.699177391693249,2.192955505933603,74.22538211941719,0.6561087539108471,2.1570176154654472,0.05649787079279475,7.083533595837653,0.13058941231589802
Balanced_Performance,97,20,15.670053500555621,1.9870508009791334,74.23775916382671,0.645224610885016,2.156430726349354,0.052236745103253,7.082874403609894,0.11090387266955128
Balanced_Performance,98,20,15.737770827193753,1.8775452511717947,74.1971876487136,0.7089177555686949,2.154331249371171,0.04612336021935392,7.090859331181273,0.10025497449768189
Balanced_Performance,99,20,15.918953492189285,2.1843136496997437,74.1492586529255,0.7216113365086453,2.160799665590748,0.05340912134740068,7.100100084859878,0.12786702132305297
Balanced_Performance,100,20,15.530083011789188,2.134634264897952,74.26200327903032,0.6056196289054174,2.153317892542109,0.053255766060690914,7.072993127647787,0.14572227729342901
Balanced_Performance,101,20,16.716322709850296,2.0746296580501653,73.90745064482093,0.6280836991286901,2.184031630912796,0.04883912140807059,7.134639592301101,0.13204156551486915
Balanced_Performance,102,20,15.909362077722449,2.496173502575134,74.17308408021927,0.8392447595946579,2.1609769980609417,0.06119529151372159,7.101798272929154,0.1338821537917074
Balanced_Performance,103,20,15.675321518059658,2.2186265767170132,74.24935170054435,0.7666430237795381,2.1555328405462206,0.05367304624809475,7.088628896865994,0.12050066951894176
Balanced_Performance,104,20,16.214577549113663,2.387708474050239,74.0201073267311,0.8451049662613249,2.1678918371349574,0.056757791585602756,7.10628117785789,0.14047243833968465
Balanced_Performance,105,20,16.002070252533628,2.454844816966056,74.0856146273017,0.7852330378494623,2.165622764239088,0.06001380765786445,7.088985865488648,0.14390962698428425
Balanced_Performance,106,20,16.76218988375893,2.132702484459199,73.88030607834459,0.8045545828753613,2.1839793166611345,0.046774350136194846,7.138511502128094,0.13109263477677655
Balanced_Performance,107,20,16.790562915925953,2.296683632588749,73.88976812809706,0.8391521998364371,2.1898584175435825,0.05383601988367535,7.125983804273419,0.1268515329966955
Balanced_Performance,108,20,16.833069350541766,2.1110762643942196,73.87675591111183,0.7095500704670328,2.18631520209834,0.05058814279298746,7.138045723130927,0.12798859554492586
Balanced_Performance,109,20,17.297464139017315,1.9313348655040934,73.73479932412505,0.8024812324639549,2.1969850917253644,0.039816392652367236,7.1656884383410215,0.12009309203586445
Balanced_Performance,110,20,17.04256731975442,2.080288318973178,73.80137166857719,0.802818686769458,2.1963591544423253,0.04742315723107007,7.138078780721408,0.12164930567494728
Balanced_Performance,111,20,17.431565294027948,1.9129610995937498,73.6678178280592,0.7558188708562782,2.2034326797071846,0.04011926425759828,7.159777655294166,0.11925330737753985
Balanced_Performance,112,20,17.416007591214647,1.9591448954956425,73.63153417788446,0.7953562330504654,2.2037964613037184,0.04388201537778923,7.1477877385588355,0.12160723116086719
Balanced_Performance,113,20,17.576353944169703,2.2642625045157434,73.62208014637233,0.9305152670941396,2.204664092939347,0.05349744260244201,7.173417162345723,0.12416843516371934
Balanced_Performance,114,20,17.445299271433175,1.7722320938165363,73.67740573100745,0.7807162154824923,2.2073952891491353,0.0379645940925509,7.153559037097731,0.09869672109165831
Balanced_Performance,115,20,18.098249537104895,2.5180412275737387,73.430043669343,1.055393574363812,2.223165428014472,0.0570536116268602,7.177603020602836,0.12210950361206453
Balanced_Performance,116,20,17.61825977984128,2.2037007761193,73.61522806897759,0.8901668855878988,2.211685494312551,0.05177126559885936,7.165064101798926,0.1358879580590862
Balanced_Performance,117,20,17.956727351603508,2.372755287536226,73.48245979905128,0.9178894226536907,2.218387228604406,0.053109570503642935,7.1775462662708005,0.1412528350162656
Balanced_Performance,118,20,18.632028549443536,2.335054822444292,73.3012695966661,0.8683581563996114,2.2370175083260984,0.06319204273637055,7.209416599730029,0.12809987179007865
Balanced_Performance,119,20,18.114740825474858,2.6572837104941502,73.406852510795,1.0458996109396275,2.225694985371083,0.0649205873137183,7.168729790155775,0.1302249871675782
Balanced_Performance,120,20,18.281533320667766,2.2952873669925453,73.38398956760764,1.0144279425093037,2.2300720517337322,0.052405501513035205,7.185251791477204,0.10980090676213394
Balanced_Performance,121,20,18.181889977595823,2.1501573741949938,73.39132562197744,0.8395269074827229,2.2282703675702216,0.05091471788305215,7.173283913740889,0.13828723676185278
Balanced_Performance,122,20,17.98692891329797,2.838252108911365,73.42540894217788,1.0588986534176417,2.2193965872284025,0.06612561728607784,7.165013239542023,0.15565236392942394
Balanced_Performance,123,20,18.741290525258457,2.4519328915259204,73.24012559786439,0.8705155093924574,2.2427531628031283,0.058537108979253315,7.20022687648423,0.1487485070395646
Balanced_Performance,124,20,18.948508699508253,2.2068812764049706,73.12063169270753,0.8366488656506136,2.2449200797546656,0.05747562747761909,7.208287621326744,0.1300136649783194
Balanced_Performance,125,20,18.769656768018468,2.782325424926199,73.23025073185563,1.0214373024595773,2.2449495966546236,0.07095136472437732,7.200423561958596,0.15743921547970144
Balanced_Performance,126,20,19.073640303034914,2.1580880774060778,73.05514702826738,0.7781282139822753,2.2469704964198174,0.056414054937539794,7.210659090690315,0.13101624919927152
Balanced_Performance,127,20,19.269404533217305,2.0612824721442093,72.95246092714369,0.8070982921273215,2.251647592354566,0.058730342432912426,7.213968408247456,0.1285080507352072
Balanced_Performance,128,20,18.962214087534317,2.26346269339754,73.16733505636454,0.9457604225577922,2.2462415370903908,0.05820370426736363,7.215484120408073,0.1238135114850235
Balanced_Performance,129,20,19.320974153123938,2.870006627193182,73.02423349574208,1.047306157750261,2.2547322572395205,0.07280589557798092,7.225837928769178,0.15594380077166983
Balanced_Performance,130,20,19.169845354452676,2.463981722231632,73.0420585332811,0.9577002930737225,2.2484152993839235,0.056376137274497924,7.220791057040915,0.1487433418966037
Balanced_Performance,131,20,19.269007322343462,2.5136906650638142,72.99987683698535,0.9153258253273898,2.2559150512702764,0.06280155803135225,7.205761104463599,0.1477521093727812
Balanced_Performance,132,20,19.502019736864842,2.515518377413678,72.90649545125663,0.8519911990353718,2.2587332272809,0.07051387521812569,7.223100261394866,0.15423904529852886
Balanced_Performance,133,20,19.76755809772433,2.554596172255752,72.84506135389208,1.0637233278913305,2.2677016408136117,0.06634733686561615,7.235608073184267,0.11847850203857674
Balanced_Performance,134,20,19.991500827840458,2.180237607995625,72.76366668783128,0.8679154762176158,2.2755232310527935,0.050058933197674356,7.237739859349094,0.1361179933284195
Balanced_Performance,135,20,20.12000723606228,1.9620249578185225,72.73510291665792,0.9599572061400777,2.2806265302188695,0.04853620316390564,7.244753357630688,0.11959441256068026
Balanced_Performance,136,20,19.801994004027847,2.258263852025247,72.8232400301844,1.0032601369246543,2.267012996315025,0.05492891386287281,7.238723134822211,0.12273145077886519
Balanced_Performance,137,20,20.29699830293432,2.2035133939983473,72.6966109097004,1.0316004305982531,2.284056322081015,0.05422411520145843,7.258342733653262,0.12184267664822068
Balanced_Performance,138,20,20.528065290645433,2.44032794646059,72.51782303564251,1.0300379616292383,2.288590362399118,0.05502480158815154,7.251791104805889,0.13953580201275692
Balanced_Performance,139,20,20.551301882849494,2.8494833392494603,72.62559282466769,0.951979222983683,2.2938407773617655,0.07466402583847032,7.26280072728172,0.16882338323925214
Balanced_Performance,140,20,20.186588790396495,2.3005497924160805,72.72919657342136,0.9807710044893878,2.2797631609253584,0.060742835626952464,7.254372147852555,0.1236114835536099
Balanced_Performance,141,20,20.23944483243462,2.9374864180262983,72.7042709685117,1.0120743843997555,2.285047382954508,0.07706860296476113,7.246719050833489,0.16923620447430837
Balanced_Performance,142,20,20.808300041247143,2.7248426839076125,72.55870513215662,1.0756667441314012,2.299311545575038,0.06508809643438272,7.279756337455474,0.15007787146619556
Balanced_Performance,143,20,21.253017784968275,2.3462485609913557,72.40793333508074,0.90191522065936,2.314685453152051,0.06386491329499469,7.288019424396334,0.1362293812823123
Balanced_Performance,144,20,21.066800866848368,2.875900547373918,72.4199183678627,1.0982999773277506,2.3059749429579823,0.0726426959763786,7.274756446452811,0.14089221098062546
Balanced_Performance,145,20,20.748300634315576,2.892254103561889,72.53241401858628,1.0750274397834174,2.2947643677517773,0.07454439560065454,7.272304090484977,0.15185736487380175
Balanced_Performance,146,20,20.723953444325684,3.125087298033783,72.57850986883044,1.1543494574901043,2.298617916405201,0.08302741326400839,7.2693521657516245,0.1653422638349633
Balanced_Performance,147,20,21.083452523759345,3.2275675308128386,72.45053187489509,1.1911941325209459,2.3053100508730857,0.08375279453801962,7.287734099747612,0.1571075271278658
Balanced_Performance,148,20,21.227287848156156,3.0083136874916216,72.35710166573524,1.0412538182574995,2.308166345785139,0.08133482417972537,7.286770284468657,0.16460618476771524
Balanced_Performance,149,20,20.86768340864976,2.953415124151237,72.55711543358862,1.0691739258677624,2.30587568977382,0.07581796900425934,7.275995178474114,0.16258630711324262
Balanced_Performance,150,20,21.798933141845733,3.128166119569594,72.24515871532262,1.1169227561413666,2.328638078570366,0.08048914132441232,7.3107868450460956,0.1512943492941921
Balanced_Performance,151,20,20.920910623203042,2.747308145377672,72.51099478401244,0.945220623742215,2.3026236558519306,0.07453957831152273,7.280282148653642,0.1605286249542273
Balanced_Performance,152,20,21.492067895218575,2.703066996179732,72.30412535555661,0.9712260988772454,2.321298831803724,0.07653498673997715,7.290255606980063,0.1497338270901151
Balanced_Performance,153,20,21.69300082717096,2.2377292263298356,72.25415073402226,0.8561508272469871,2.32340665245225,0.06170650829616416,7.3088610929231805,0.11809706408230931
Balanced_Performance,154,20,21.901146878761672,2.8017582663853786,72.1966358487308,0.9922204454744806,2.332983121741563,0.07707720156762207,7.3070128777390355,0.14325703856389538
Balanced_Performance,155,20,21.981336634185116,3.1756446931391205,72.16507560186088,1.1610372875692447,2.3368718840321527,0.07992349794088636,7.308634425874334,0.14942863358903288
Balanced_Performance,156,20,22.01916308901725,2.795463719499697,72.10112139903009,0.9876672042372937,2.3306285014376042,0.0746710391926163,7.315637887646444,0.15391155200349607
Balanced_Performance,157,20,21.848961114074907,2.9316899834143997,72.1736174363643,1.141556738721001,2.3268081312207505,0.0688800750570707,7.309012152266223,0.1512564656348805
Balanced_Performance,158,20,22.022747723062885,2.974251102280771,72.16054895743727,1.0926880776667969,2.3313539032917467,0.07619341142505338,7.32187619571574,0.1453591380354507
Balanced_Performance,159,20,22.052965254958647,2.7907771774813632,72.07361332312226,0.9600268731762326,2.330430168220773,0.06939109179514119,7.310606381660326,0.15404167141698943
Balanced_Performance,160,20,22.499525987145525,2.943361657247458,71.96335798218846,1.126885410071268,2.3453260812629013,0.07344953373343394,7.330216976429801,0.13794676978958526
Balanced_Performance,161,20,22.6156867353501,3.2733674165785214,72.01041349865497,1.1005074789396379,2.353375450321473,0.08529130292367612,7.341379161917139,0.16390047659210563
Balanced_Performance,162,20,22.541160709421373,2.8038786969578458,71.9750604698807,1.005982759150854,2.349943677727133,0.0721909883458812,7.327881974671035,0.15023386315848516
Balanced_Performance,163,20,22.587544463149136,2.8380446932042096,71.96463556304573,0.9849540813982756,2.3481027610599994,0.07455815056470132,7.338627035263926,0.14874826823366183
Balanced_Performance,164,20,22.666365689352588,2.9899335063253987,71.9166616512835,1.043093333503285,2.3519105520239103,0.07539252798241496,7.335374171058648,0.16509166850884296
Balanced_Performance,165,20,22.569580210229304,2.7485761856791346,72.01177015475929,1.0623574181575006,2.3469954404421154,0.06559698766117802,7.349396385513247,0.14231510699284053
Balanced_Performance,166,20,22.82613080603008,3.1668489446486228,71.85266066335141,1.0718377470526848,2.353032145136967,0.08212623904460861,7.342973455609754,0.16254690155838486
Balanced_Performance,167,20,23.045059517594552,3.174855383144833,71.83697824381292,1.1289818569492467,2.364007847360335,0.08469000782287378,7.3535189073183576,0.15874617193134793
Balanced_Performance,168,20,23.3841317823265,3.0897171183661793,71.71549660608173,1.038177566955004,2.3735445060767235,0.07769808414332126,7.363672338896431,0.16714920041922468
Balanced_Performance,169,20,23.559543141227504,3.098479137216611,71.6496535910666,1.04959811303631,2.375431948159821,0.08306787335552236,7.37647856268566,0.15604807413757413
Balanced_Performance,170,20,23.518834162199372,3.0458169603355034,71.6888735666871,1.0610145960203405,2.3778806918812916,0.07845615536942376,7.369060172471218,0.15189931311861446
Balanced_Performance,171,20,23.38431455211064,3.166941888387369,71.70909954071045,1.044587619570654,2.3703457214916126,0.08518976827748191,7.367090807664208,0.16267067894434148
Balanced_Performance,172,20,23.176894125370456,3.5170339632657,71.77419904232025,1.2874703372884826,2.3668640547432007,0.08912859763692998,7.356006597811356,0.16944641612920977
Balanced_Performance,173,20,23.22931630649029,3.219252791233244,71.7508799418807,1.2114223304412883,2.3688496116618625,0.08151198608450953,7.35427653843537,0.15281000556954913
Balanced_Performance,174,20,23.151021273009377,3.7179584233804883,71.76461459286512,1.2675927786975718,2.368004117461387,0.10325574272757153,7.349050171652342,0.18766074409669176
Balanced_Performance,175,20,23.072150258654478,3.408100555955738,71.80024688906967,1.211184445922591,2.368401515483856,0.0870340440502736,7.3397048870055,0.17804445540815309
Balanced_Performance,176,20,23.532962368309825,3.289750820474806,71.63720820575952,1.1808170603391959,2.379194496870041,0.08910840605878943,7.359997628335842,0.1605471197163477
Balanced_Performance,177,20,23.63364940349849,3.8000715270971726,71.56743537336588,1.4105624308911464,2.3806389217078685,0.09499416165193349,7.36218718359014,0.1801402930329495
Balanced_Performance,178,20,23.174692044910824,3.5747518696282032,71.7575374995917,1.2581846697337518,2.3668759678606874,0.09492595505888027,7.353178623148706,0.17666356720266777
Balanced_Performance,179,20,23.28681709479318,3.9886197172662836,71.70379837736488,1.3994207428156327,2.3679417318850757,0.11515910928240142,7.357909066935536,0.1698878749291628
Balanced_Performance,180,20,23.62454412016655,4.187483543360363,71.56682865835725,1.458560634685897,2.3741745087550954,0.12061402985228582,7.377111264062114,0.17708199389983795
Balanced_Performance,181,20,23.673135736544566,3.289078587683765,71.59239209361374,1.2037389049751313,2.379888363238424,0.08227435048400297,7.371611257996411,0.1716615384591192
Balanced_Performance,182,20,24.000278702061145,3.616479810928267,71.51045809872448,1.292647965460167,2.390553800542839,0.08831826116054933,7.3839314969722185,0.17347980104861055
Balanced_Performance,183,20,23.977296259242827,3.335067547345665,71.46942441888153,1.159369815900674,2.3889227290218695,0.08268034586282186,7.378707270524464,0.18191770659845713
Balanced_Performance,184,20,23.914408699210373,3.7470784622984885,71.49907983839512,1.2893481755210354,2.391373609877191,0.09204178007006072,7.371204770365731,0.19686526035183685
Balanced_Performance,185,20,24.1548825890848,3.3946436702817824,71.46741874843835,1.1715117576817873,2.4005730312364175,0.08314767720714168,7.380540018090978,0.182408899767268
Balanced_Performance,186,20,23.944389395773197,3.114664996133706,71.53450851738452,1.0238498225917942,2.3922728433273734,0.08363799182533721,7.377186874395702,0.16985466523266374
Balanced_Performance,187,20,24.24408840124611,3.2651773494399032,71.4216283466667,1.2007896587262592,2.4010625549871474,0.08033457292359862,7.386537599023431,0.1714609471095241
Balanced_Performance,188,20,24.436156300788888,3.1234887762551917,71.35836092419922,1.0530284376629953,2.405584095213562,0.08120389585272475,7.39412579734344,0.17108290542626828
Balanced_Performance,189,20,24.209789322476066,3.003642337518798,71.45325881615281,1.0751954807630422,2.3997412849217654,0.07627337037247062,7.388224644926376,0.15903051112231537
Balanced_Performance,190,20,24.848415350101245,2.793805976204276,71.20381365075707,1.012943067147681,2.4156542583042757,0.06935428866695793,7.407597946855239,0.15592481950306486
Balanced_Performance,191,20,24.452346603479583,3.1688088149994718,71.33897208236158,1.1219509136155696,2.406103697987273,0.07723431276482885,7.389698762474582,0.1679475609376514
Balanced_Performance,192,20,24.616981336508037,3.186601595904968,71.27922509722411,1.2334844670080942,2.4083834280548038,0.07695673519230767,7.402346586571949,0.1511893430384566
Balanced_Performance,193,20,24.59608921568283,3.1860884305715658,71.33203033268452,1.1941422358591827,2.4078960589179768,0.07847125713474126,7.4095008772332225,0.15766971441093997
Balanced_Performance,194,20,24.45643389833213,3.3505791810290115,71.44240708440542,1.2948923648482578,2.4037832877598704,0.07833121310234893,7.419844489982351,0.15796223503737486
Balanced_Performance,195,20,24.722363890844438,2.8506607561177315,71.29250537648798,1.0499912721401792,2.4112312165508047,0.07258906390159192,7.416606797389686,0.16233522997912536
Balanced_Performance,196,20,24.782770517719918,3.138162039541314,71.32430743977427,1.2125365368427512,2.413411371735856,0.07727332369427578,7.427638843269088,0.15222059121576195
Balanced_Performance,197,20,25.034568795440975,3.0112247148494973,71.26287078782916,1.1459368414557307,2.4201761312689634,0.07827609072911378,7.443076113234274,0.14105997152846647
Balanced_Performance,198,20,24.990280804085245,2.952625221401848,71.23403994508087,1.1179942792161899,2.41624800754711,0.07725147999809497,7.439591722008773,0.14197737605551752
Balanced_Performance,199,20,25.279045137938446,3.280556557952562,71.16462169960141,1.2363010479804923,2.4264861893234775,0.08441040507985151,7.449981318593491,0.15243846224293603
Balanced_Performance,200,20,25.319581051009475,2.810965959556653,71.14733966834844,1.0422533876206954,2.426887689670548,0.07569242749561775,7.454441407527774,0.14624830406822875
Balanced_Performance,201,20,25.293626967012685,3.3501411166620967,71.15948284700514,1.2094006486827404,2.4243768645613453,0.09651211326139493,7.458417295862455,0.15064639295436877
Balanced_Performance,202,20,25.159361692681674,3.223325442559639,71.18597572669387,1.1760411109442725,2.4189512922475114,0.09385575497468351,7.454156934088095,0.15180676739250754
Balanced_Performance,203,20,25.186652871886878,3.3728124228581535,71.20422369994223,1.2288701833475792,2.4202113661193287,0.09688855273397137,7.4601587318140075,0.145586873935438
Balanced_Performance,204,20,25.196413362782234,3.589669809089411,71.26475360929966,1.443230616775187,2.426043248971691,0.09993704333705057,7.464872623345582,0.14562474625156557
Balanced_Performance,205,20,25.10646747849764,3.4917299877225254,71.29869425058365,1.4945569498344542,2.423234042050317,0.09228967874401868,7.465986713063903,0.14175457718947107
Balanced_Performance,206,20,25.227747373692797,3.609175889452206,71.30879030257464,1.5465139899851412,2.427470898905303,0.09195324160818788,7.479731472227722,0.1471846401661306
Balanced_Performance,207,20,25.006036021632266,3.8054498810143187,71.40487462304533,1.716248287822968,2.4264982101833446,0.08963350032602409,7.473183143122587,0.15992641865695062
Balanced_Performance,208,20,25.20856879749242,3.35240040079404,71.31992721065879,1.5461931227099937,2.4310042683407667,0.0850807858038567,7.472824129704387,0.13311419582403375
Balanced_Performance,209,20,24.906852757430432,3.3602417136480174,71.45087838314473,1.495104757662467,2.4239112618778016,0.0855315080241915,7.468209971494798,0.15413227581918532
Balanced_Performance,210,20,24.999179388673358,3.5410152878761214,71.4161024992168,1.6035433559976955,2.426525353267207,0.08937050109279561,7.4686629558232385,0.1349417554013174
Balanced_Performance,211,20,24.363609531453655,3.5050648132868334,71.62297164931894,1.5133034429709629,2.4091282008076087,0.09152827968819433,7.442776188265998,0.15426465537967615
Balanced_Performance,212,20,24.44957237837901,4.128536867511321,71.55674785524607,1.642427265428199,2.4095522927399724,0.10934150768243406,7.439166915337554,0.1722694844999038
Balanced_Performance,213,20,24.525929899688386,4.253676901239735,71.58794737517835,1.7284081199010228,2.413444596836343,0.11016773190644312,7.447433368870989,0.16871571923646095
Balanced_Performance,214,20,24.834187674450032,4.280511481907888,71.46129715822637,1.7355560209803358,2.421237414723728,0.11218903731801777,7.4553850497654635,0.16454387928993747
Balanced_Performance,215,20,24.908820702721954,3.902085716298252,71.45428541898727,1.5825710755611277,2.4256842205161226,0.09963826356850007,7.457086262523663,0.16587053144027186
Balanced_Performance,216,20,24.96087452718768,4.066579559388078,71.46274079307913,1.6965753385682427,2.425266223368235,0.10440200634086307,7.470822561986279,0.15596089159145732
Balanced_Performance,217,20,24.332655345670137,4.046683614769692,71.65346544347703,1.6580362563571034,2.4073854607040994,0.10818951298048184,7.44231012215605,0.1591783384113047
Balanced_Performance,218,20,24.551321419253767,4.371322803204096,71.60342862859368,1.7810015067299496,2.412344569312409,0.11398825853766793,7.460591647096445,0.17113508384130027
Balanced_Performance,219,20,24.69709756774764,4.361385428604049,71.58677879795432,1.8352462590197927,2.420036780378723,0.1133627780872732,7.466780526406073,0.16120081064505992
Balanced_Performance,220,20,24.936813647413125,4.182589170619473,71.444704073444,1.7764537013044837,2.422229564236477,0.1089945745555184,7.472192187970504,0.15920184250615632
Balanced_Performance,221,20,25.0266260109562,4.091283945695408,71.45698598511517,1.670868924749923,2.428199318959378,0.10609863902772373,7.474032958652825,0.16868233580472483
Balanced_Performance,222,20,25.159909363998075,4.1274887489622785,71.37460118949414,1.7308802135635923,2.431986956926994,0.10522053032918746,7.469995646951721,0.16909189605373118
Balanced_Performance,223,20,25.23905058184308,4.080660300849177,71.37388789512218,1.6732385095233866,2.433192141491454,0.10658413579104296,7.479068976689595,0.16003243327061012
Balanced_Performance,224,20,25.224811197448187,4.123059911878881,71.37548473276198,1.7033756327342895,2.432832377087325,0.10709846954938854,7.479936969270929,0.1640582671290763
Balanced_Performance,225,20,25.420907544268708,4.244739670839498,71.30614589862526,1.768746833403588,2.439819867868791,0.10877819695165084,7.483872905119206,0.1679703294125219
Balanced_Performance,226,20,25.344527967712907,4.045329024848017,71.33721715822816,1.678860811199556,2.438171386338654,0.10391704751552455,7.480603363813716,0.17102512833432856
Balanced_Performance,227,20,24.935061220326464,4.066765226961461,71.4288577183336,1.692126935287367,2.424403607514687,0.10311786164726368,7.46057371973875,0.17176648274698206
Balanced_Performance,228,20,25.092128754918033,4.3166297278804775,71.40875402450561,1.8261456453873013,2.42962135468144,0.10981845420020313,7.472293650284409,0.16882226436957237
Balanced_Performance,229,20,24.84122525049667,4.4874963013927225,71.50100263051688,1.8673762815830017,2.421562474810053,0.11393357126859369,7.465674669637811,0.16971629301122182
Balanced_Performance,230,20,24.369073019594474,5.12124006807821,71.6605725133419,2.083662345455421,2.4039217576710508,0.13576443137048094,7.457261110488325,0.17210744133510197
Balanced_Performance,231,20,24.336529454913226,4.92689462905809,71.6664226834476,2.021733235478112,2.404327307660133,0.12597807651213586,7.452291967531201,0.17455389704150784
Balanced_Performance,232,20,24.04356622556694,4.772099305327592,71.77160815536976,2.0275450202991965,2.3967239924240857,0.12064150413878207,7.443728021862917,0.16880272848658406
Balanced_Performance,233,20,23.840159469398454,4.900214627614003,71.89886188052594,2.0494936849682293,2.391354876700789,0.12270247914387662,7.449149138876237,0.17290067708252185
Balanced_Performance,234,20,23.68183220996772,4.724828289893738,71.94932824410498,2.0085540383654954,2.385436867773533,0.11535196111892793,7.44581210005097,0.1627855806562476
Balanced_Performance,235,20,23.214754237358484,5.214993110639237,72.1599416834861,2.239155887957626,2.374603842338547,0.1245107646703367,7.441139171938412,0.17289807265071463
Balanced_Performance,236,20,23.148550497571836,5.048637733451909,72.16750504650176,2.1740713413708086,2.3724539139773695,0.11959291269143406,7.433641648222692,0.1690751592311072
Balanced_Performance,237,20,23.07119657362405,4.8333132858620855,72.1535630467534,2.1043264400832222,2.366150593515486,0.11522206995946785,7.43248656983953,0.1607338160039236
Balanced_Performance,238,20,22.595307434886607,4.811502709963665,72.19174300536513,2.032208688952429,2.3486652717133985,0.12100619356340432,7.398683543335646,0.1867675164371374
Balanced_Performance,239,20,23.03210682140914,4.916607257612064,72.0839611724019,2.0947617301280146,2.363997810734436,0.12325276254906085,7.414240071082022,0.18093869185408276
Balanced_Performance,240,20,23.175252469586184,5.06706047717777,72.06206006474793,2.1449685466107895,2.3698815802129682,0.12764506478978485,7.42241497266281,0.18349936870817596
Balanced_Performance,241,20,23.45308621812904,5.277481510785723,71.97852532975375,2.2380446405494516,2.3780616687843574,0.131145778233696,7.432959294933826,0.18959440375712736
Balanced_Performance,242,20,23.413065791827826,4.963457404456027,71.95290562495589,2.1279076812989857,2.3753262056107634,0.12176613415805679,7.425666054042521,0.1814683515126919
Balanced_Performance,243,20,23.558125021832858,4.569690704366719,71.90700661242008,1.9804166595565813,2.375455857901834,0.11109837576680012,7.440403523028363,0.165300052705806
Balanced_Performance,244,20,23.956538301722723,4.563456311339458,71.6843336419016,1.9139855029567485,2.3814272188732866,0.11612190661800055,7.443858302948646,0.1695052137108334
Balanced_Performance,245,20,23.903480332184746,4.795674970863111,71.69182282112538,1.9953409197850005,2.3794231489719824,0.12638594759808483,7.441688269693404,0.17323021327279095
Balanced_Performance,246,20,24.10993789388887,4.648849797426171,71.6072904804349,1.9322760048289014,2.386492467839271,0.12335772413384594,7.4412185634952035,0.1705452878393957
Balanced_Performance,247,20,24.031143977696978,4.772411134153102,71.695232212618,2.0376015765261997,2.3873526850668716,0.12393147980451773,7.447993755904027,0.16855064812709109
Balanced_Performance,248,20,23.83529032979466,5.129666947760261,71.72218829788268,2.11689686166531,2.3792846126644873,0.1396524655184681,7.441572859294247,0.187227977513523
Balanced_Performance,249,20,23.65687508466153,4.913461904860314,71.79440921835601,2.0564773426822254,2.3763322079787033,0.13019930454532885,7.433013108125889,0.18865932444499917
Balanced_Performance,250,20,24.063926936158502,4.845457298128458,71.64113324284554,2.0546708549967097,2.3881928323255854,0.12760730096728126,7.44063275736291,0.18234987130196503
Balanced_Performance,251,20,23.84912745469024,5.026561564997007,71.75616846427322,2.1063107930429417,2.3831913718115536,0.1320007875212757,7.4385251478222205,0.18291740404141837
Balanced_Performance,252,20,23.8583068246333,4.609104442167352,71.68342839486897,2.0176905308219757,2.378228085972369,0.11668543997461103,7.440905257202685,0.1798322362954468
Balanced_Performance,253,20,23.66765033393063,4.720954440625023,71.73016429446638,2.0468591511437557,2.3726955236354845,0.12196628411360041,7.426819663688074,0.17606027813021854
Balanced_Performance,254,20,23.59383458363374,4.712430954151162,71.73460566036404,2.0089229553553727,2.369314048220404,0.12332472636521377,7.423269926323556,0.1798786705542654
Balanced_Performance,255,20,23.76875159784722,4.932438439521617,71.71622711010278,2.1121989917110953,2.37411207631696,0.12549432043999031,7.440338559439406,0.183478114285189
Balanced_Performance,256,20,23.850258785497232,4.868332175305594,71.68991382576526,2.077245685113112,2.3789210454025307,0.12298122912015749,7.4356972557911645,0.18171982261671016
Balanced_Performance,257,20,24.123270134786726,4.478618689979441,71.57982009358705,1.9957764891951042,2.386989488468971,0.10870419089032121,7.438968113646842,0.1732192751714772
Balanced_Performance,258,20,24.8010507115319,4.613585197902888,71.44210744895041,1.9650202008789848,2.412423604452051,0.10956261198355759,7.463548415252008,0.18161095688228146
Balanced_Performance,259,20,24.741852585400625,4.484254595425113,71.44350589625537,1.9406360643532783,2.413387271706015,0.10688166321877073,7.453859997568652,0.18788455792763284
Balanced_Performance,260,20,24.69425469513265,4.480189983627423,71.42677973389625,1.8756266119626614,2.4083833696227517,0.11505788510743586,7.456271115760319,0.18805811102136713
Balanced_Performance,261,20,25.31243386303209,4.540514221635563,71.2008522132039,1.9160207976998977,2.426809988361783,0.11565936201504105,7.469555544948671,0.1865089706348005
Balanced_Performance,262,20,25.483924127465578,4.277664979028497,71.1765983838588,1.8830658701766092,2.4373961555259305,0.10604305499241497,7.473971015987918,0.18272686262251825
Balanced_Performance,263,20,24.485031866025643,5.943814499847714,71.5015129300207,2.303914104405945,2.4056073221797125,0.17241291828458621,7.443994014104828,0.21393514106878284
Balanced_Performance,264,20,24.219333623702703,6.102725632649919,71.55865817159415,2.3514401523298654,2.397949110348709,0.17622358801492435,7.428706586796325,0.22988487577662242
Balanced_Performance,265,20,24.0718043734573,6.064471093459077,71.58432179808617,2.377462493874853,2.393056332264096,0.17491429613185272,7.423938274115789,0.22668323236706273
Balanced_Performance,266,20,24.544957375730128,4.8805754831304755,71.44612100675701,2.1460675678350176,2.4103632352594286,0.12525555773286695,7.439280061237514,0.2058368330379686
Balanced_Performance,267,20,24.402045135080275,4.82528683206312,71.50905835740268,2.166840727291094,2.405088904374279,0.11941011980555968,7.443727498650551,0.20719452502120664
Balanced_Performance,268,20,24.342238814135897,4.531574272904527,71.51720956146717,2.08077717284583,2.40153223170666,0.11319296754298966,7.4402452608174645,0.19001023624781693
Balanced_Performance,269,20,24.318393023407776,4.543810695014876,71.51427038617433,2.066605954417248,2.3999744161777197,0.11538547336724016,7.442557946321321,0.2011170234773591
Balanced_Performance,270,20,24.41994615434254,4.601280398271426,71.42891849547625,2.0630417560020224,2.4019161633687327,0.11679418795501455,7.438939084520681,0.2138409731890385
Balanced_Performance,271,20,24.627738889304553,4.545631179092963,71.36491615757346,2.0978773926348078,2.40553871281445,0.12043425507421486,7.45019569741562,0.18226758361371628
Balanced_Performance,272,20,24.79652257044,4.428008680982443,71.33318789459766,2.0221900537334707,2.41285608606413,0.11598608902681502,7.454666872136295,0.18970519646987247
Balanced_Performance,273,20,24.714927952002554,4.339922631612441,71.34647281475365,1.9398451333610696,2.4084618867607785,0.11288751857898961,7.451371170349884,0.1925080929002545
Balanced_Performance,274,20,24.95149396132396,4.293465897793367,71.2997223162651,1.9320432208108993,2.4163701296248474,0.11218777945437661,7.464141735325102,0.18922933996157143
Balanced_Performance,275,20,25.103785969170797,4.229230535804085,71.2318327485025,1.8891931610230355,2.4193139514967337,0.11073032495171073,7.467975345818559,0.18808302935948437
Balanced_Performance,276,20,25.237344541395764,4.004806737471594,71.16301250107587,1.6763310717093782,2.4223076562630013,0.11258330211833882,7.469743934627623,0.19859143800803325
Balanced_Performance,277,20,25.36426252746051,3.98274098506502,71.1285383234173,1.666384409712879,2.4245418029659778,0.11353411398602375,7.4756287899994645,0.18517762633039614
Balanced_Performance,278,20,25.463644086600706,3.9722408932637476,71.03522870600224,1.6839942559457968,2.4243898170813916,0.11218693392657053,7.475434046273586,0.18854511108234495
Balanced_Performance,279,20,23.94823011483008,6.4899481897469835,71.61976239271462,2.086028263716976,2.386861460651271,0.17757052529911818,7.427109238468111,0.338417927465006
Balanced_Performance,280,20,23.79082006570762,6.619836443131098,71.62982824988663,2.1471875639380493,2.3793760088877756,0.17952312183773916,7.419135298486799,0.3418725581025049
Balanced_Performance,281,20,24.32336460107592,5.328782508079182,71.48957214348017,1.8783545997091262,2.392741166343913,0.15441113337609721,7.4493725159345185,0.25283750025740753
Balanced_Performance,282,20,24.465461572472883,4.724671368432404,71.45123793624342,1.7453021846469894,2.3940279497671875,0.13494017481793416,7.4596830571908495,0.2187657738740158
Balanced_Performance,283,20,22.893428480157418,7.128140318008305,71.91725983828306,2.112355496951293,2.3509192407899535,0.2014060876986038,7.390268824849045,0.37420691673195494
Balanced_Performance,284,20,23.549675291631775,5.623175320918584,71.72256228782237,1.7812176047012431,2.3661594367446375,0.1665648695695501,7.426283787726424,0.2844234851577636
Balanced_Performance,285,20,22.488079280711528,7.379937375707478,72.0754015006125,2.185538055297421,2.338441013144329,0.20447128378962526,7.383298581847922,0.3876393764067294
Balanced_Performance,286,20,22.40815271660545,7.350654860252077,72.05002952069044,2.096951740944537,2.3363033072371033,0.20675729318225905,7.367923695864155,0.39196221914590623
Balanced_Performance,287,20,22.543789308459633,7.3381525359611555,71.95767035603524,2.063218376643281,2.3375724269263447,0.20579048491727403,7.366648832298816,0.3948923513259336
Balanced_Performance,288,20,22.335753978003446,7.343310483143206,71.94881273210049,2.0887176496127062,2.327146891490556,0.20158277683738707,7.3508658120920884,0.3986435009253367
Balanced_Performance,289,20,22.259957218956636,7.2763694397263015,71.92586482509971,2.1330450859096044,2.3219749373104426,0.202038674729065,7.347568121720106,0.38878726830111987
Balanced_Performance,290,20,22.136904467810517,7.417762950860417,72.04118705302477,2.209437599955043,2.322849945537746,0.20595500531933245,7.3516471534059376,0.3955564483928277
Balanced_Performance,291,20,21.692028776764246,7.747589342563154,72.20374974124134,2.381424352978652,2.3128972140979025,0.21243337326757905,7.335349848750047,0.40897030955247754
Balanced_Performance,292,20,22.11808954837117,7.424052750149554,72.0546006848663,2.1734261906096535,2.3243013974139464,0.20756885361734603,7.347168218104635,0.3968851365129711
Balanced_Performance,293,20,22.323170598216784,7.228485924469994,72.03102379664779,2.148841754242691,2.3287901142565532,0.20360191488916413,7.365744395731016,0.37768650192735703
Balanced_Performance,294,20,22.384744553088087,7.525993282050208,72.001315741539,2.1652154464761852,2.3305071078171022,0.2119039662353546,7.365143780391664,0.3964172293515584
Balanced_Performance,295,20,22.27453952882111,7.472990930948116,72.09744874924421,2.1974149135573016,2.3241921298217494,0.20918535159262472,7.380702506153611,0.3848112867831574
Balanced_Performance,296,20,22.246659405511835,7.246435083542731,72.08739939063787,2.110057399867322,2.321058532651514,0.20544284644663227,7.383985560261644,0.37936528262721686
Balanced_Performance,297,20,22.362093928266138,7.220111466198652,71.99808114469052,2.065195100247507,2.322214750647545,0.20393039509777883,7.381394160329364,0.3821386494321824
Balanced_Performance,298,20,22.221707965953186,7.16457977873597,72.06750228583812,2.1349203210648855,2.3169067226722837,0.1958414671476343,7.385029999054969,0.3805510768069913
Balanced_Performance,299,20,22.255682448300107,7.281588772422814,72.02110610321164,2.221991070069739,2.315394310145639,0.19704581264051255,7.3881414361018685,0.38055415377717516
Balanced_Performance,300,20,21.89859350693518,7.127674081866553,72.15112592950463,2.2204444889613844,2.3054060514178127,0.19136618322167695,7.377353690164163,0.3724007700753328
Balanced_Performance,301,20,23.358707242545925,4.431400094235345,71.80946714006365,1.5905896288240717,2.3500820129737257,0.13544092594963883,7.456569111617282,0.20318896237026834
Balanced_Performance,302,20,22.140504653819665,6.825537326103093,72.0712196238339,2.04397715846858,2.3156567888800055,0.18039127577174194,7.378071262841113,0.37348459839961773
Balanced_Performance,303,20,22.40698116620576,6.928531338175271,71.98288469657302,2.0914130471623733,2.3218445833586157,0.18545728618558574,7.39029081184417,0.37189349577171527
Balanced_Performance,304,20,22.465130567689503,7.119319849837649,71.96929930470884,2.111350954664275,2.3236728110164404,0.19344760891572135,7.393144830465317,0.38071730477565724
Balanced_Performance,305,20,22.398211542329612,6.883056382608988,71.9614770424366,2.0268083125565965,2.3211441265698523,0.18678497732666016,7.386259019933641,0.3709112761670039
Balanced_Performance,306,20,22.167542743854845,6.936117862698401,72.07009235143661,1.967384692268931,2.3173869621474297,0.18475629838304272,7.376992060495541,0.3911233187932048
Balanced_Performance,307,20,21.800901114112637,7.243085481410246,72.23824508540332,2.0555015538899024,2.3099128250125793,0.19708640734446967,7.365506216054783,0.3993183463614465
Balanced_Performance,308,20,21.423994453708175,7.305232107452456,72.37250872544944,2.1042349314305966,2.2976726808864623,0.20016966787497195,7.3573321254458275,0.3957601786217313
Balanced_Performance,309,20,20.89980790680779,7.4072182723358315,72.59797810748219,2.2367948149247976,2.283755778539926,0.19984614288910568,7.345218826159835,0.39010249994786983
Balanced_Performance,310,20,20.696931244583297,7.389875115914401,72.66310406953096,2.3421239061663552,2.2784613843169064,0.19864649592948616,7.33736163381487,0.37426341746478337
Balanced_Performance,311,20,20.878967888882023,7.552880003723634,72.62126891955734,2.341045298425616,2.283722694516182,0.20539320374615438,7.343956532999873,0.3797989319499793
Balanced_Performance,312,20,20.770837222208822,7.755011881155137,72.6238892057538,2.4568461903727035,2.2807422562595456,0.20400174347652733,7.330343834958039,0.39384351041213983
Balanced_Performance,313,20,20.767286423480932,7.899183183489105,72.63696115359664,2.517600342876342,2.2812413480319083,0.2062972060739853,7.330338584198617,0.3962898515757757
Balanced_Performance,314,20,20.70696036945573,7.319048078719634,72.75566781401633,2.57740000883011,2.2747051586955784,0.20093663947686832,7.36111891544424,0.29707942674859805
Balanced_Performance,315,20,20.596881360535285,7.211422311011566,72.77643247887492,2.580515969315635,2.2703018545219673,0.20075494187581358,7.357357936706395,0.28689707476898324
Balanced_Performance,316,20,20.286146216244735,6.942167497004834,72.88789501778781,2.522346184769255,2.2603846457973122,0.1943146788822079,7.3525844781752685,0.2746902206529437
Balanced_Performance,317,20,20.413985919132067,6.975213451056799,72.80600404605269,2.495382403417674,2.2638851121533663,0.1933157611524226,7.344144859435036,0.27768316984665653
Balanced_Performance,318,20,20.105390854794774,7.062875616465132,72.89320265114307,2.464754829720135,2.257582162907347,0.19149195305401784,7.322018269710243,0.303709585256171
Balanced_Performance,319,20,20.34333509504212,7.1528021575733005,72.83077835455536,2.508544877615331,2.2663672048412264,0.19317592842419126,7.3319036304298795,0.30616782505357865
Balanced_Performance,320,20,20.463287469647973,7.205512860988909,72.7856243251264,2.4958410770404047,2.267619523191825,0.1999919455500758,7.342213360080495,0.30102631519849377
Balanced_Performance,321,20,20.331640992446957,6.296723380882877,72.90802153021097,2.2512730974036614,2.2723118339106443,0.18291862313982787,7.346519758142532,0.2709063668376054
Balanced_Performance,322,20,20.398006813676197,5.364634130308234,73.09274861246347,2.0805711078386517,2.2845347472280264,0.14775745180105923,7.378011979358272,0.247307211264179
Balanced_Performance,323,20,19.674431238666713,6.124757041640879,73.28003506340086,2.085400928370468,2.2590655680187046,0.18140941813360448,7.34719827116467,0.28021431349062964
Balanced_Performance,324,20,19.395567585439984,5.474729782658363,73.45904399119317,1.9662808697591072,2.2530400302261113,0.15911046101270046,7.353175697806291,0.2441715949396752
Balanced_Performance,325,20,19.77379270403722,5.646937704084678,73.37649352192878,1.975516832079987,2.2625632650125773,0.17000667851521475,7.377342120748945,0.22611553240562152
Balanced_Performance,326,20,20.159022481410396,4.780179214773354,73.31969276249409,1.741358291146839,2.2801252732332795,0.1427733197363689,7.39095602738671,0.20161694384888332
Balanced_Performance,327,20,20.09359206103634,5.10291112836168,73.28499225229025,1.7907034882961725,2.2795550463721157,0.14922488559744115,7.368988802991808,0.22907139258491563
Balanced_Performance,328,20,19.982234943226945,5.385067920542289,73.33699930645525,1.8427351137933565,2.272397964838892,0.1610804692587129,7.382592491414398,0.2317390523957887
Balanced_Performance,329,20,20.093137046715345,5.4354001856475715,73.31903327167035,1.912483393351289,2.2776754119154066,0.15605770282559508,7.387010164447129,0.23964779885854784
Balanced_Performance,330,20,19.925264197237095,5.745261541963496,73.3482219311595,1.9401007208609622,2.2731734247971325,0.17678515284256904,7.374726302139462,0.24292145173409413
Balanced_Performance,331,20,20.267372987425958,5.484432104883663,73.21060213625431,1.9866331746407684,2.2831076046824457,0.16903025009295364,7.381610025390982,0.22315981596668302
Balanced_Performance,332,20,20.44907191169691,5.47468949250586,73.15180385321379,1.959995134585473,2.281818137522787,0.1696953022501256,7.401129736891017,0.2035842756994323
Balanced_Performance,333,20,20.575424351843253,5.0427373107647195,73.06618081122636,1.8730299781618964,2.290134569518268,0.14935359087591937,7.383419659184293,0.21890459153194491
Balanced_Performance,334,20,20.570490056402427,5.329975357278362,73.06769758805633,1.9422448171433326,2.284521975410171,0.15936573345155855,7.394573916099034,0.20640242625624533
Balanced_Performance,335,20,20.64513490792064,5.199514475446128,73.04131515622139,1.9166662645197792,2.2821452797390522,0.1570166999243506,7.405719821006059,0.1794506544660075
Balanced_Performance,336,20,20.9478963624002,5.135128738784136,72.97770372450353,1.9102665566120793,2.2946984534710646,0.15768161775864728,7.419693543519824,0.17579736088008094
Balanced_Performance,337,20,21.04192522464049,4.849775869262992,72.95966496422886,1.879498944099145,2.299016859419644,0.1473271083807058,7.4239395837578925,0.1637493104212785
Balanced_Performance,338,20,21.13524657348812,4.824213584864025,72.91762486815453,1.8191846537996557,2.3020330087095497,0.14862168411587165,7.426053473148495,0.1773319388114598
Balanced_Performance,339,20,21.36943553044637,4.47471990050293,72.84547065630555,1.734398853328451,2.3114252522122114,0.13103327696325134,7.426318870093674,0.16693957374410412
Balanced_Performance,340,20,21.525756365297188,4.968604643569157,72.7507841166854,1.816095546658621,2.312112027909607,0.1575335382390822,7.428895304771141,0.17165386139748245
Balanced_Performance,341,20,21.797830246734616,5.019554263188021,72.62221283584833,1.8382527320870543,2.3187761326506733,0.15576250061564934,7.429855639953166,0.17570028567847965
Balanced_Performance,342,20,21.246555622469504,6.1209871033398535,72.7904881671071,2.0448956988858265,2.2974394878558817,0.18940897398003234,7.418459900049493,0.2328556561272885
Balanced_Performance,343,20,20.683239429832422,7.223457642441627,72.93964674353599,2.313248019599814,2.283909103013575,0.21032271783742124,7.38105954259634,0.3194231712214282
Balanced_Performance,344,20,20.91193894163542,7.646418259256384,72.79703170478345,2.4514068319459477,2.281632581651211,0.22333597366909375,7.390872228285298,0.3163547528084795
Balanced_Performance,345,20,21.148611208102647,7.870945599045929,72.70652307927608,2.599481149568203,2.2853576010279357,0.22705767238914637,7.400106275044382,0.305371215871123
Balanced_Performance,346,20,20.910614393308098,8.62705670009969,72.75323184549809,2.7906766339452647,2.2837970694340766,0.2417444550878781,7.367078381292522,0.36246282787471856
Balanced_Performance,347,20,20.708735276816864,8.541194567770486,72.79292820096016,2.726809751579003,2.278305850354955,0.23452922354292305,7.35553995278664,0.37979098289468094
Balanced_Performance,348,20,20.509036659795914,8.311328842636065,72.8499651581049,2.6616457944798566,2.2706278289481996,0.22831861170407813,7.351158167710528,0.36984126839451176
Balanced_Performance,349,20,20.397861283893867,8.465257906138566,72.8596800507605,2.722988625438169,2.2696183984261005,0.23454097663273943,7.336268746266141,0.3722700088495615
Balanced_Performance,350,20,20.03625619702463,8.791982318857816,72.92344123914839,2.7402369794238584,2.261648877710104,0.24199601558841058,7.305935377981514,0.4116495143954077
Balanced_Performance,351,20,20.1474584832687,8.604283886389263,72.83895271390676,2.7998858258337354,2.2622240679711103,0.23821969879525082,7.307351542767137,0.38546319413460794
Balanced_Performance,352,20,20.350838925887555,8.728025489477417,72.83163386970759,2.818369701079255,2.2711474477127194,0.24035770827724187,7.3188793318253005,0.3913859959063348
Balanced_Performance,353,20,19.93668783300341,9.411516003315716,72.81634521216154,2.882179202790856,2.2636518540326507,0.2575184134899102,7.265642241919413,0.46571886941591056
Balanced_Performance,354,20,20.18899124702749,9.721230586908314,72.72517349585891,3.0054513052803316,2.2695434584748,0.26819773777866257,7.2764340161904695,0.46715819629159966
Balanced_Performance,355,20,20.702663909924745,9.553175600945274,72.58641566947102,2.9517039896981956,2.283769840048626,0.26353885852886355,7.302684539817274,0.4581968481676943
Balanced_Performance,356,20,20.526586084141094,9.631398692316841,72.61886110007762,2.948540871448162,2.2807484449632467,0.26502332878862883,7.286954260393978,0.4693987897642236
Balanced_Performance,357,20,21.27555579352331,8.54842628465417,72.46687797948718,2.7737924732540282,2.294379454050213,0.24243616267657445,7.351576054217294,0.36138064864874314
Balanced_Performance,358,20,22.019426005517918,8.387363788070372,72.28758071616292,2.8154063046170807,2.3130089493002743,0.23922734217424987,7.3973655648902055,0.3277899994971387
Balanced_Performance,359,20,22.104144265168596,8.804510756916335,72.2445690278709,2.928992158861057,2.316962052863091,0.2493496978739278,7.396735105412081,0.35018195414290654
Balanced_Performance,360,20,22.13613781569307,8.531002521350084,72.26327018074691,2.89809111242673,2.317575113680214,0.24789659660897895,7.402512382897548,0.31523520489470447
Balanced_Performance,361,20,21.777050002935344,8.590123616132884,72.39504252798855,2.8518287726653564,2.311734125139192,0.24974676552340316,7.385066909920424,0.33981525305215643
Balanced_Performance,362,20,20.662488351653717,9.344498922109917,72.71090956941246,3.100599744367087,2.281376638491638,0.2591218670142348,7.325940593034029,0.40150068763398405
Balanced_Performance,363,20,20.155603914514906,9.410721759085868,72.94051305495204,3.1208266188328952,2.2695605710521343,0.25898703775964843,7.314894625358283,0.40532585792864534
Balanced_Performance,364,20,20.41722929372009,8.770914024863243,72.96144872382283,2.9563431540000074,2.281088967449032,0.24327958320275264,7.33946252466645,0.36719500457993665
Balanced_Performance,365,20,20.75435306427999,8.724760799766432,72.89599558666347,2.9838320970510455,2.2908736729249357,0.24519619130263012,7.36075230824761,0.3476171019579184
Balanced_Performance,366,20,20.139218188559813,9.111726549207713,73.06140271164477,3.0671627884659096,2.2703223505523056,0.25979247223895174,7.335885435040109,0.3611345447602377
Balanced_Performance,367,20,19.57904954755208,9.0355972181308,73.27416002407669,3.0583395800869284,2.254812260065228,0.2586289617489368,7.321617462607101,0.3529552251573303
Balanced_Performance,368,20,19.150171492268875,8.704780945727965,73.40264181658625,2.9822102000699067,2.242677927007899,0.25005980094218927,7.305859577767551,0.3383491121882282
Balanced_Performance,369,20,19.981237643161784,8.79635635371753,73.12026013463735,3.0818906134678676,2.2698393172025684,0.25586430918582503,7.327595985755325,0.3239332509161405
Balanced_Performance,370,20,20.327689560460247,8.453505507254375,73.0383560668677,2.958885989561024,2.282988993693143,0.2512773829244722,7.340581881464459,0.30342508858748024
Balanced_Performance,371,20,19.9382095635604,8.266289291083744,73.17624576345085,2.8613350212478608,2.2690739874914287,0.24342723932103738,7.329229192016646,0.2973509070624668
Balanced_Performance,372,20,19.888670973632404,8.110052532572121,73.20871555894612,2.79518896516342,2.2661080531962217,0.23849264565413913,7.335265533206984,0.29426969142773257
Balanced_Performance,373,20,19.82876037196277,7.974172703637683,73.1979932051897,2.7425479308274796,2.262069866787642,0.23334994951719792,7.330801300983876,0.29520963232444547
Balanced_Performance,374,20,19.224939533196466,7.878486158517715,73.39485343724489,2.69660926891776,2.244963429365307,0.23152733065624706,7.307546081766486,0.29790247290139776
Balanced_Performance,375,20,19.209922275510337,8.015393103350954,73.43808612674475,2.6988488272754627,2.248125559408218,0.2374875294949662,7.308989230515435,0.3093665212782653
Balanced_Performance,376,20,19.00245338430418,7.931218698915636,73.44058749318123,2.492377131623703,2.2449513821303846,0.2349274709472533,7.276216834736988,0.3399207488011221
Balanced_Performance,377,20,18.915552916395402,8.213012264401994,73.38629606962203,2.583919036094566,2.2388912981189786,0.23929700404990786,7.2584542844444515,0.34981484490663023
Balanced_Performance,378,20,19.40742602716981,8.546048043585103,73.26727274030448,2.6566405617225075,2.253827540045604,0.2500705191286512,7.286546942517161,0.3672649143907988
Balanced_Performance,379,20,19.173306202337358,8.526427901382156,73.3187401420623,2.6785079734050496,2.244445013040677,0.24880826477047724,7.2771789304493,0.3602826792541866
Balanced_Performance,380,20,19.269392851786925,8.590328122192021,73.30710290126503,2.6810587821236096,2.248226278740913,0.25322488905124024,7.2842735424265275,0.3626107090500502
Balanced_Performance,381,20,19.17443593174749,8.488690895940469,73.33302951991558,2.6351727066032393,2.2471483349823393,0.2521951965591744,7.2756264925678265,0.3593673866145467
Balanced_Performance,382,20,19.190660105593256,8.479493085449786,73.3485787204653,2.695598302087723,2.2491089063184337,0.2483529580954319,7.2771724971011285,0.355416871450396
Balanced_Performance,383,20,19.021999741323857,8.192915676470886,73.38710324302316,2.5837587909303044,2.240226466166787,0.2374229162159482,7.276179686163087,0.3511403752076845
Balanced_Performance,384,20,18.36727907743493,8.276760126507037,73.57064787104726,2.640357325027407,2.2184278554143386,0.2423938541613985,7.251481248456985,0.3414946809781312
Balanced_Performance,385,20,17.81414083601064,8.934444794388732,73.68248767197132,2.884593096597478,2.198228571866639,0.2636773559198711,7.224005146487616,0.3456638194786625
Balanced_Performance,386,20,17.44453993732112,9.166001889366411,73.78677990183235,2.945693753549952,2.1874257770739494,0.2687991641849438,7.2096601402992375,0.36448315816412274
Balanced_Performance,387,20,17.280846379022943,9.21013498541753,73.82185072556138,2.9388965633752058,2.1852555272378957,0.26813342942990825,7.19709064382594,0.38212334445713314
Balanced_Performance,388,20,16.620869216751913,9.04480826747824,74.00463342875243,2.898156132053923,2.1720683232229203,0.26267790791458306,7.151356019149534,0.382185128421874
Balanced_Performance,389,20,16.21975947226328,9.067316768517435,74.13007544904947,2.9055863327611573,2.159557729884982,0.2572487164349459,7.140059570986777,0.400655444749876
Balanced_Performance,390,20,16.37327639590947,8.981004347230401,74.1017768497765,2.907294966049863,2.1593061628378925,0.25680770351026916,7.161703897565603,0.3882181153455441
Balanced_Performance,391,20,16.467675538541954,9.133939379187149,74.0638098578155,2.9718765037904387,2.1594941975548863,0.25960440529818485,7.170543148610742,0.3940317099385399
Balanced_Performance,392,20,16.461136040601204,8.94882594057147,74.05229304820298,2.9433887638062166,2.1569514670595527,0.2522649159412002,7.172459665257483,0.3852203898643683
Balanced_Performance,393,20,16.65429486846957,8.900038484508723,73.98846418052912,2.8837389302610825,2.1611790280230343,0.25061648693780275,7.184578520897776,0.39239219191654606
Balanced_Performance,394,20,16.966353410693053,8.672079444616879,74.01667077422141,2.855865541488464,2.1732205030322076,0.2471631614582693,7.2151869008690115,0.36024173499324735
Balanced_Performance,395,20,17.26923141640385,8.959804740752137,73.9293243777752,2.8711325684842457,2.187180688548833,0.258041671067224,7.218362608561293,0.38824474339705506
Balanced_Performance,396,20,17.603167305085,8.821546312616718,73.87215109482408,2.8553737009404885,2.1960517334192993,0.2553189482467026,7.240028761606664,0.36818932152658573
Balanced_Performance,397,20,17.731750598730258,8.877221713166133,73.80830836296082,2.863900749686951,2.198580580223352,0.25597579122271336,7.240868547167629,0.3703733108710691
Balanced_Performance,398,20,17.678322503090094,8.518136879549742,73.81466830283404,2.8251485560532,2.1937225999683143,0.24829912975616208,7.243674712702632,0.33996887760273625
Balanced_Performance,399,20,17.969675863107803,8.598742792831429,73.72320621609688,2.85873372872315,2.2007996460981665,0.2518040700705209,7.25604011724703,0.3344938072733484
Balanced_Performance,400,20,18.09828442198324,8.865223678767434,73.61534856021404,2.8611291396888374,2.2048102585598826,0.25623038021214783,7.24359991629608,0.3686359560171038
Balanced_Performance,401,20,18.108486759737165,8.975254724686751,73.5984222561121,2.8937348379014547,2.2076425732299683,0.25911184740817844,7.233575860960409,0.3724853115467652
Balanced_Performance,402,20,17.747782722609735,8.629708478356132,73.75451384201645,2.8212505530343366,2.200467184148729,0.2531614803038922,7.222789265690372,0.3471418240255365
Balanced_Performance,403,20,17.24044849377861,8.591030550525954,73.98421432986855,2.9035008025028413,2.1814770848304033,0.2562082242478645,7.2373208027333025,0.3264024376539349
Balanced_Performance,404,20,17.509625032612487,8.701339601046515,73.87065252453088,2.951313555443512,2.1905534152686594,0.2567825602451749,7.237688371194527,0.3368759171820614
Balanced_Performance,405,20,17.449920530742762,8.525802361314064,73.88920643329621,2.896093938243607,2.1867456034570933,0.2543800759572577,7.241376679139212,0.3277755760869712
Balanced_Performance,406,20,16.63578678362242,8.923245224227973,74.17181355223059,3.015865637888985,2.1603693664073944,0.2655476010142457,7.2209660961851485,0.3330824041923622
Balanced_Performance,407,20,17.77407346327062,8.447726102038171,73.91403464242816,2.9037819540403644,2.197200303822756,0.25271693057077876,7.284062706334517,0.30749820899380587
Balanced_Performance,408,20,17.664360127048123,8.46096038008543,73.92845943957568,2.868335093774451,2.194429051838815,0.2517503684380815,7.268511670446022,0.30684525148455977
Balanced_Performance,409,20,17.09719990157094,8.646843026460264,74.12548700898886,2.912086893211687,2.179235286898911,0.258090876132707,7.245396141624079,0.31556940048244114
Balanced_Performance,410,20,17.210752396599954,8.722939489055179,74.08491989225149,2.9289614545430216,2.1834098922181875,0.2626138349330147,7.24824637609534,0.31898674807345956
Balanced_Performance,411,20,16.52456320873265,8.631966999113615,74.29503880798816,2.915969593116488,2.158348942063749,0.26001586887253386,7.234143943591043,0.3026185346035417
Balanced_Performance,412,20,16.974193791729988,8.347165238822567,74.17346896767616,2.8723252150579746,2.1647160905972123,0.26004229904671056,7.277671911716462,0.25641272297414247
Balanced_Performance,413,20,16.648819560015355,8.325431819185713,74.24665426701307,2.855863671989514,2.153247199896723,0.25860141128871816,7.265653373673558,0.2733756743815326
Balanced_Performance,414,20,16.87039540896719,8.488042429455776,74.14371986687183,2.939854000284589,2.1594963598251344,0.26627170482135293,7.264406739175319,0.2560452445554613
Balanced_Performance,415,20,17.082675516833497,8.101541088283087,74.09685827225447,2.896575303391584,2.161700815819204,0.252083338358513,7.291674455059692,0.22544415275626403
Balanced_Performance,416,20,17.37932063520038,8.180455525514084,73.97820306748152,2.9027308379432286,2.172404549885541,0.25223414870095306,7.293398154862226,0.24597944529576043
Balanced_Performance,417,20,17.187622471050506,8.350247825306386,74.08513272449375,2.907587549296159,2.169108627587557,0.2552286737481571,7.289687964133918,0.26682567166067195
Balanced_Performance,418,20,17.684777633521524,8.246888732764178,73.93874906778335,2.8838691876184748,2.1815515788272024,0.2514113114359918,7.317990176416933,0.25649290387039936
Balanced_Performance,419,20,18.422536237244323,8.528538935660151,73.65796749725938,2.9535043510059285,2.2028745971526953,0.2591775121568903,7.332034990629181,0.26986330484119897
Balanced_Performance,420,20,17.12488850201029,9.481592294402022,73.983239775002,3.1117085442593457,2.1715223299339415,0.27661599171666235,7.24483162118122,0.3855218456949527
Balanced_Performance,421,20,18.065771170594157,9.310103680730888,73.69735926002264,3.0791099932440926,2.198404763750732,0.2712568975341346,7.284998074769973,0.3712242918733038
Balanced_Performance,422,20,17.443333742912902,9.771044346266256,73.85521823480725,3.1955398139605067,2.184352465812117,0.2834470495266407,7.241548449741677,0.403954100276489
Balanced_Performance,423,20,16.711783543417546,9.455344376931606,74.10558384492994,3.07382354943853,2.1643597426824273,0.27259183497112227,7.217513968569692,0.4085066399265376
Balanced_Performance,424,20,16.581082215944235,9.34909801917854,74.21173925891519,3.059131524124818,2.162970486460254,0.27464468577311774,7.223570588519797,0.3955667237052561
Balanced_Performance,425,20,15.504444078981573,9.54876812425868,74.56269217252732,3.070593864081765,2.1303691154625266,0.2745334102272954,7.191054333625361,0.43171634970837913
Balanced_Performance,426,20,15.71041590927419,9.480398533593341,74.5034344097972,3.0496857966736557,2.1400435288809243,0.26954287212640493,7.193765349555761,0.44011221508423803
Balanced_Performance,427,20,16.04743962372766,9.15372187102695,74.463896625638,2.955642871671577,2.153708006031811,0.26209996133365465,7.213524040468037,0.4234269349198323
Balanced_Performance,428,20,17.257257293596783,9.177778415977858,74.0885542973876,3.032969689656827,2.185989578180015,0.2680462229253932,7.268789067417383,0.3898582986812555
Balanced_Performance,429,20,16.809125767220955,8.789276906859602,74.21976464003325,2.9257349754840627,2.1742866104096175,0.25155988597311774,7.243952914774418,0.3865486091176367
Balanced_Performance,430,20,16.835426276155342,9.248307028421083,74.21374986320734,3.029158561289361,2.172583275139332,0.26474557318950825,7.251747180819511,0.4090664630342652
Balanced_Performance,431,20,16.954273528671088,8.798292427127699,74.20530852049589,2.884942978750282,2.1778992826677857,0.2528775511352985,7.260593071579933,0.3935522660762038
Balanced_Performance,432,20,16.31419457010205,8.550352882315641,74.44736289262771,2.8132806940226334,2.159982149209827,0.24629866236960468,7.243785847611726,0.3855637705088175
Balanced_Performance,433,20,15.931045266578135,8.822270972552257,74.59156636476516,2.866257746080291,2.145366110503674,0.2548228347975298,7.242880784561858,0.391936555744299
Balanced_Performance,434,20,15.665978323116729,8.75138836712155,74.72553602308035,2.8694874129154506,2.140997836627066,0.24904036311956054,7.237071362864226,0.39488707649253696
Balanced_Performance,435,20,15.172465801225618,9.228673339138973,74.75117731928825,2.9429895119424447,2.127117545837536,0.2584314854881395,7.181275499514304,0.42591006670595605
Balanced_Performance,436,20,15.035596275364508,9.39862927073513,74.71489209607243,2.9282263050822004,2.1221715764515103,0.25921825259103853,7.158791194036603,0.4591104724514987
Balanced_Performance,437,20,15.13954652236365,9.119944655027854,74.6702773296833,2.8277171833095704,2.1269420638959855,0.24415640140096287,7.157506655305625,0.4678530919925753
Balanced_Performance,438,20,14.868984560024199,8.816067345339256,74.78199127942324,2.778758047404749,2.114523492958397,0.23683959897218096,7.168155313655734,0.45373229594498027
Balanced_Performance,439,20,15.348962510663522,8.824082143424754,74.65046536222101,2.787187369659369,2.129433981999755,0.23778165893020609,7.190447030812502,0.4522762768302037
Balanced_Performance,440,20,15.374983822710183,8.77803884092895,74.63836934179068,2.7210243401602803,2.129118004068732,0.24206766887636683,7.195113319568335,0.450840037754705
Balanced_Performance,441,20,15.477395793956223,8.770040408319154,74.60353237807752,2.728246306359867,2.1321036734059455,0.23953260177076413,7.19616550033912,0.44880349859875934
Balanced_Performance,442,20,15.44178417329623,8.701819939335518,74.62578923493624,2.699443293939611,2.134372666729614,0.23252087348920497,7.187504442296922,0.4549092026522756
Balanced_Performance,443,20,15.428366178794406,8.66390431096822,74.64090272583067,2.6444448935577727,2.1348276137094944,0.23652422040365167,7.189302369169892,0.45455967453247337
Balanced_Performance,444,20,15.702720203107111,8.716829074901606,74.54215986803175,2.6437788281788577,2.140390384225175,0.2388946459462186,7.203664774247446,0.4562766926273142
Balanced_Performance,445,20,15.755353020566195,8.773462820656734,74.5191918361187,2.715397623951124,2.1415985691640524,0.23778229881722696,7.201826941845939,0.4501306225663741
Balanced_Performance,446,20,16.15708547970234,8.832889623217072,74.33123643629253,2.7421399631028445,2.151950051402673,0.23896276729070823,7.202457616797183,0.4468650406431041
Balanced_Performance,447,20,16.728768780877065,9.065485078166423,74.10899837970734,2.8698067660662994,2.168327303845435,0.24567447708695472,7.210631856899708,0.44028423622651286
Balanced_Performance,448,20,17.097927352007243,9.171755364702348,73.98348664134741,2.921999128502413,2.176519550764933,0.24765962708363887,7.227998386640101,0.4381661887141142
Balanced_Performance,449,20,16.656499097926282,8.644021974023758,74.14632165431976,2.837675267889431,2.1651850733160973,0.23151595723333185,7.214242578139529,0.41345674384109443
Balanced_Performance,450,20,16.836456987870047,8.582890676501536,74.057985278368,2.8302356775716118,2.1702006340399387,0.22811202228390765,7.214666231106966,0.41698060480064164
Balanced_Performance,451,20,16.834202900243557,8.591702241575534,74.03734525799752,2.8104625842059234,2.169500616118312,0.22913133735271068,7.210637591797858,0.4200041107212376
Balanced_Performance,452,20,16.70288982722518,8.405716043822203,74.074454433918,2.760210311173143,2.165152767505497,0.2244142272393596,7.204528204491362,0.4096996324712042
Balanced_Performance,453,20,17.13455534837305,8.482785965055726,73.93910141900182,2.7884842529291562,2.1773845220170918,0.22976082071435308,7.219624792970717,0.4005454746895969
Balanced_Performance,454,20,17.5031193423404,8.48190051642464,73.84197026982903,2.783811855000448,2.1889312753640118,0.23076291766793736,7.235557470903731,0.396040070350342
Balanced_Performance,455,20,17.90796542150015,8.495646037546651,73.70419940471649,2.795428547430125,2.20263782100752,0.22841283146481323,7.24212617191486,0.39817164633502833
Balanced_Performance,456,20,18.309786811384647,8.798555665156814,73.58053580239415,2.9065596024566114,2.2145400093216447,0.2379650923604442,7.2565688377385955,0.40019185794340856
Balanced_Performance,457,20,18.934137333418917,9.506155226879118,73.36205944180489,3.1682537070515746,2.234257220448926,0.2595884688613265,7.269875114578754,0.41269489116629343
Balanced_Performance,458,20,19.091715033912717,9.652863231404103,73.32181925624609,3.2294834129645706,2.24035175726749,0.26426667500420725,7.275181098412721,0.4142788945650256
Balanced_Performance,459,20,19.07508329683943,9.582034426610988,73.32614970199764,3.1786140416343027,2.2412236208096146,0.2632765769729218,7.273224290478974,0.42001065390590947
Balanced_Performance,460,20,18.031742538359264,10.269822884350528,73.63016241639852,3.331864496864077,2.211776542281732,0.2770927998541076,7.227132562589832,0.4710955659726034
Balanced_Performance,461,20,17.25853318118923,10.303950634028096,73.88218514963985,3.2741094123450845,2.1933956395462153,0.2731951591993518,7.1938638943806295,0.5010262637886996
Balanced_Performance,462,20,17.217737700553055,10.174860280033927,73.96214577376843,3.218254497940266,2.195296330852434,0.27122887784013766,7.2003487419895835,0.4950881367395432
Balanced_Performance,463,20,17.13240616461775,9.937690950391548,73.9731588549912,3.1195703363865075,2.192974008657038,0.26396706056124764,7.190894579589367,0.4897241457465577
Balanced_Performance,464,20,16.73377987540771,9.51895305390147,74.07808039188384,2.9749781900049976,2.176693051084876,0.2506529715192994,7.184241933468729,0.4801219896890283
Balanced_Performance,465,20,16.683497544781282,9.41872919094682,74.05487071245909,2.9599173877909664,2.1726164286304264,0.2458328160557001,7.180519653754308,0.4779925273362123
Balanced_Performance,466,20,16.560057868806524,9.433327025609568,74.08211853593588,2.977324105511215,2.170163800446317,0.2476889098225856,7.1713659399654714,0.4784007649513226
Balanced_Performance,467,20,16.684778793664897,9.496318147257403,74.05029379278422,2.994004198682783,2.171279316842556,0.2500534494772429,7.185145340934396,0.4778944474145348
Balanced_Performance,468,20,16.788908639700075,9.394190005511183,73.99337108001113,2.9394437212948072,2.1739786331914366,0.2474397255299471,7.182942596059293,0.47516166607071086
Balanced_Performance,469,20,17.133208976718098,9.519875907500854,73.86801748976112,2.9330994172344274,2.1821019539656117,0.2497797434330165,7.19456598833669,0.48383713793096356
Balanced_Performance,470,20,17.055516861116697,9.509565240532849,73.81359838336707,3.0024396399876823,2.179066364467144,0.2478446998815311,7.1750287332385785,0.4776844901279189
Balanced_Performance,471,20,16.902253085796165,9.395789294842599,73.88580745726824,2.9441944341822106,2.175530275506899,0.24415584204647672,7.172386832069606,0.4761146604420538
Balanced_Performance,472,20,16.706283176822296,9.093164758150763,73.93647697657346,2.858939875335726,2.1674174747616055,0.2328222603641827,7.170145150460303,0.4724313474923712
Balanced_Performance,473,20,16.84391358825323,9.25621310141404,73.89755749881267,2.9305488060908322,2.170278825033456,0.23735464256373093,7.180048288484104,0.4759045095963551
Balanced_Performance,474,20,16.781637879266082,9.136513386072647,74.01736218988896,2.7724591048366403,2.1728997541032733,0.23803181739989188,7.1881179692223665,0.47800466029514604
Balanced_Performance,475,20,16.94225759588685,9.322035790479594,73.95566698543728,2.8615967498982857,2.1757063502492384,0.24218624240286943,7.198018285739235,0.4832029898056492
Balanced_Performance,476,20,16.501771492201403,8.990387140407238,74.13088822945953,2.711613777123034,2.16489594402723,0.23339727637959262,7.182886795056985,0.47639328823290017
Balanced_Performance,477,20,16.62009389775428,9.053735618720037,74.07965007759631,2.745612647586408,2.1680908991023897,0.23406703488396147,7.184168297955766,0.47749993686669895
Balanced_Performance,478,20,17.18318300449931,9.040823090419105,73.85769435353578,2.737694636481287,2.1831855166703464,0.22918916729062797,7.198658689358271,0.48291833378137694
Balanced_Performance,479,20,17.756153841103295,9.088583118646568,73.64731156498195,2.7252979035119216,2.2012404515221715,0.23054835981777885,7.208718938417732,0.48585762466115195
Balanced_Performance,480,20,18.040370562339184,9.24001490038684,73.5493808925897,2.7577458255199003,2.211000433033332,0.2368438615131899,7.211564311366528,0.4871141613433373
Balanced_Performance,481,20,18.12821361393013,9.224887075396854,73.5201831650734,2.745422191233198,2.2132582373917105,0.23608045384308865,7.2140523992571985,0.48598643298578614
Balanced_Performance,482,20,18.032412769511996,9.156387616874445,73.5587795445323,2.7186102303485526,2.211220220094547,0.23486296400818246,7.209980737026781,0.48320147674571273
Balanced_Performance,483,20,18.191214798401898,9.179330904453584,73.49847792968154,2.718541484478165,2.2174634463805707,0.23702560719468738,7.209557047775016,0.48317676695909084
Balanced_Performance,484,20,18.170127067429487,9.223632131036647,73.50254836022853,2.736815768359532,2.217946716826409,0.23946392655257603,7.205427305018529,0.483268392276743
Balanced_Performance,485,20,18.25867462535382,9.387854141714813,73.45695585384965,2.8124137688697273,2.2187994308769703,0.2442502321631365,7.209688963778317,0.48608422981955735
Balanced_Performance,486,20,18.619686101371144,9.73754941614766,73.3213669449091,2.9536025049934262,2.225943735446781,0.25350739188104604,7.226703166086227,0.49356988591985795
Balanced_Performance,487,20,18.770820468691266,9.946295219607334,73.26272986680269,3.0437948450015107,2.2302171697281303,0.25996214101517057,7.2303224741667504,0.4970346196837647
Balanced_Performance,488,20,18.615738002799382,9.623075699350467,73.35261669829488,2.9208201391540047,2.2251664893887937,0.250262021154104,7.236083113690839,0.4907389525254738
Balanced_Performance,489,20,18.07704909942586,9.674426198488696,73.51839004009962,2.9481540934791806,2.2081414945982396,0.25113068564603946,7.216443277169018,0.49143839540335577
Balanced_Performance,490,20,18.318479693974602,9.868804737185961,73.42419250905513,3.020486899735429,2.216795798055828,0.25623174929248377,7.216308661438525,0.4962052108046206
Balanced_Performance,491,20,18.249083929090737,10.042337737653307,73.45422852039337,3.0948527134938306,2.2144502686336636,0.2624881388046557,7.216893383869902,0.4977347629202178
Balanced_Performance,492,20,17.989733726888335,9.99054416816563,73.53192746639252,3.106909517863991,2.2079554523993283,0.2618735636808002,7.205235495613889,0.4925108280627453
Balanced_Performance,493,20,18.08250083517307,10.174675404318762,73.46356820851564,3.196356739736227,2.2126973299123347,0.2713430937361469,7.1942274225689475,0.4890648753227629
Balanced_Performance,494,20,18.07546652545578,10.204793601639405,73.43582043796778,3.2098503781881895,2.2144547706842426,0.27380474965061086,7.1837145495135335,0.49042581017044395
Balanced_Performance,495,20,17.967528892210492,10.036452272846136,73.48987511903047,3.1296295476074345,2.2093734974600374,0.2671453012432106,7.187126898141578,0.4867292821201432
Balanced_Performance,496,20,17.749989887722695,9.772354536729575,73.60213266685605,3.006112727733931,2.1985059331730006,0.25467248493263267,7.200329342996701,0.48993627501505055
Balanced_Performance,497,20,17.796895928821794,9.835514719703124,73.58412172317506,3.022132601965731,2.1991676249541343,0.2561742395490585,7.204057362833991,0.4937932068753887
Balanced_Performance,498,20,17.829283955587137,10.521744213505865,73.55067661993205,3.2204949274044696,2.2032002030825244,0.2739244912367394,7.192310614434537,0.5273630032164254
Balanced_Performance,499,20,18.08937766107067,10.8868508080824,73.46461513146758,3.350759162624395,2.2105661993287504,0.28503154653938517,7.20169987525791,0.5360561479286096
Balanced_Performance,500,20,18.831275407444227,10.50267648255477,73.28870197743177,3.2828637253467376,2.2296016456279903,0.27819550922418984,7.250030926885083,0.5040393821414687
Balanced_Performance,501,20,18.598654262658375,10.321609846067204,73.42687348484993,3.263371732225614,2.2256182245444505,0.27064544909129445,7.253604003489018,0.5019500245289633
Balanced_Performance,502,20,18.354869329422264,10.16660976101438,73.51668044403195,3.22782351831203,2.2172165042813865,0.26509286293206047,7.251872447999195,0.4982313389090976
Balanced_Performance,503,20,18.205007347210422,10.257643873937736,73.51963032975793,3.226893729066577,2.210528435688466,0.2697640433187591,7.237283710250631,0.49684392159986834
Balanced_Performance,504,20,17.753435140643205,9.86410667910587,73.71225285679103,3.0628451254895097,2.1991426009126007,0.25922294196738127,7.228913614582271,0.49040260114811585
Balanced_Performance,505,20,18.0329651929628,10.042017526434483,73.61961891442537,3.129383790760761,2.2072731749340893,0.26507218687710715,7.239505128972231,0.4940476765509831
Balanced_Performance,506,20,17.368014757235056,9.527706307917295,73.85910379350186,2.935721932116209,2.198111431458965,0.25208444792489604,7.1999832417815925,0.4916024326937545
Balanced_Performance,507,20,17.4702426262059,9.376666058355395,73.8057497383654,2.859051567039114,2.199866309342906,0.24808021421018195,7.202379942312836,0.49072975010010056
Balanced_Performance,508,20,18.018844515065783,9.648242091363342,73.60669786512851,2.9553860638348923,2.2153918684087692,0.2588206733609423,7.216815640060231,0.48791862399762675
Balanced_Performance,509,20,18.6197041136029,9.694685625086574,73.51182328492402,3.149239996632616,2.2269219769351185,0.2567519100225608,7.2708424182562155,0.45246182509000554
Balanced_Performance,510,20,18.505724237552776,9.731408878279934,73.52062779277563,3.1776747635737657,2.22268111879006,0.25876568938890304,7.26051125456579,0.447505601665277
Balanced_Performance,511,20,17.937099101885323,10.115876007317501,73.62212127238512,3.1894068165906955,2.2048383909091354,0.26846794723262407,7.229260058766231,0.49085389442354366
Balanced_Performance,512,20,17.71082127520629,10.059095588900954,73.70585777804256,3.17573721696536,2.1974810311757027,0.2667059633639114,7.226433618403971,0.4899905391061578
Balanced_Performance,513,20,17.258489931489812,9.808822593789968,73.89852364450692,3.072828476153903,2.1841305307112635,0.26133950782052895,7.22437881173566,0.4850287518116641
Balanced_Performance,514,20,17.325871878749275,9.517850901190227,73.97947512477637,3.1241347733032234,2.187845344301313,0.25456416619550876,7.242875920273363,0.44309000417004124
Balanced_Performance,515,20,17.04372694356789,9.838641353132592,74.00498767107726,3.0957014160375937,2.17951907068491,0.26352268970177894,7.222036957829259,0.48502814664932015
Balanced_Performance,516,20,17.218801760436623,9.552592720988534,74.01594693869353,3.108410452864755,2.1871669818647206,0.2558876106928824,7.234671888723969,0.4522292615771728
Balanced_Performance,517,20,17.252118953330104,9.708672216364393,73.99882417008281,3.1673577434466136,2.19086962018162,0.25841910170842636,7.226703014420346,0.45806518382995676
Balanced_Performance,518,20,16.96079366343701,10.231321910970854,74.02085737988352,3.2354784994269625,2.183375048097223,0.2726789822198286,7.200309322467073,0.5010808439236044
Balanced_Performance,519,20,17.322297990863458,9.943793333590726,73.97417620375752,3.270117466805455,2.1948471679445354,0.2655991575444214,7.222461343798787,0.45961220463340663
Balanced_Performance,520,20,17.609308581364804,10.036201624623285,73.86098726555704,3.2873074758025322,2.199671738203615,0.270040264652766,7.235055320085958,0.4571790720483535
Balanced_Performance,521,20,17.636375805605255,9.798498254303643,73.86377874687314,3.2092067774617155,2.200313824024051,0.2645587536314038,7.23887297090143,0.44551692532211884
Balanced_Performance,522,20,17.277448465545316,9.319569065923991,73.8973084680736,3.0169132472893283,2.186809957511723,0.2486010519375977,7.217900353176519,0.4484444775635957
Balanced_Performance,523,20,17.824629258045142,9.261880028095728,73.7733142645657,3.187992921383826,2.2008146912697706,0.2502618504203244,7.2564828798268,0.4044010876766974
Balanced_Performance,524,20,17.444858623455126,9.736146366997653,73.82539826497435,3.3258228804012893,2.186061278199777,0.26559801775506053,7.239725508484989,0.43027319516986456
Balanced_Performance,525,20,16.96712926345545,9.94890613747531,73.94198892951012,3.405872775394342,2.168415185455233,0.27200122384376774,7.225257662013173,0.4385997760758596
Balanced_Performance,526,20,16.904155251066424,9.888602988844966,73.97657715007662,3.365755592002196,2.1653748850151895,0.2697693421024412,7.231455975016578,0.4443163557473888
Balanced_Performance,527,20,16.257435864765124,9.204994396511083,74.21301706016064,3.0829107564509153,2.1481735035497698,0.24920863071373345,7.211105305813253,0.43884244505716896
Balanced_Performance,528,20,16.081442783063615,9.554848660083918,74.17774157583713,3.0103454812765635,2.151327207190916,0.2542977852176115,7.161117457170039,0.49030733205409727
Balanced_Performance,529,20,15.545439544567994,9.850752190605062,74.27228704452514,3.053823084150674,2.136879261992872,0.25731915885153683,7.122924781031907,0.5263333083091651
Balanced_Performance,530,20,15.6998099189265,9.913660012294095,74.22590627729893,3.009134042025291,2.141441089063883,0.26115131192318464,7.127860493538901,0.5315760259763235
Balanced_Performance,531,20,15.554144319950401,9.346628761319932,74.3539590987563,2.889024128318816,2.1395328090898693,0.24218813503399167,7.13157680076547,0.5001897791172142
Balanced_Performance,532,20,15.536064940642927,8.685154467115465,74.43156571477651,2.791113607699076,2.13208444560878,0.22723673355354174,7.1601347219944005,0.44526785220690435
Balanced_Performance,533,20,15.66144575421546,8.84800729444233,74.38796049937606,2.817014561557426,2.1345288335438815,0.23457633460581864,7.1669865172635765,0.4493742619560112
Balanced_Performance,534,20,15.206220841811364,8.622502205200576,74.57281641378998,2.749429956354527,2.122156208641827,0.2312398018228237,7.155651746001095,0.43376516467704274
Balanced_Performance,535,20,14.835600347547691,8.264819133990537,74.77958590477705,2.7376453113191057,2.1133509081136435,0.21510924204786522,7.15865420180373,0.41292040002560576
Balanced_Performance,536,20,14.791909912089755,8.085881519440674,74.83038579136134,2.7033913088169066,2.1132474838476627,0.20945429123261786,7.164503981163724,0.4076072997924145
Balanced_Performance,537,20,14.822917475501953,8.079457796858659,74.805866163373,2.6814813511531153,2.1126514168642463,0.21128856166943766,7.164058528030291,0.40453492707401995
Balanced_Performance,538,20,14.492536590058304,7.605380329722761,74.87678097501397,2.544484865244859,2.1010227981582283,0.1990767178205454,7.146339579485357,0.3855816650634091
Balanced_Performance,539,20,14.103461950923153,7.631394240049038,75.00186279475689,2.510605761576671,2.087619160534814,0.20139971883385238,7.138190380511806,0.3909444580962034
Balanced_Performance,540,20,14.37375251476087,7.986047576519939,74.89914942353964,2.6216319667251873,2.0935893283318725,0.2117909204569728,7.148089312352241,0.39833288511306547
Balanced_Performance,541,20,14.411556958197966,8.039381700296316,74.83057290494442,2.6266763522196497,2.0913732468616217,0.213587469855612,7.144897710522637,0.4032618571462767
Balanced_Performance,542,20,14.378267732824984,8.076588028393388,74.83358381688595,2.6752512898395824,2.0904722461011263,0.21389700483022928,7.141402384522371,0.3971797278553535
Balanced_Performance,543,20,14.107557926953678,7.707907806005224,74.92300403073429,2.4901976015660203,2.0828030885290354,0.20125589578716044,7.134078143863007,0.40149040190998847
Balanced_Performance,544,20,14.19423501445571,7.595481517727613,74.92622272536158,2.4359435107159384,2.0863899708911777,0.19713494461430714,7.141783409826457,0.40277453089085175
Balanced_Performance,545,20,13.74341088209909,7.527693363658314,75.0790092331171,2.392179598410793,2.0729503230936825,0.19308284113906837,7.129880089703947,0.4119245932397789
Balanced_Performance,546,20,13.39499942250435,7.581286228649291,75.18482426792383,2.427322586069153,2.0600636459514496,0.1963788038871751,7.122706965673714,0.40910695167880085
Balanced_Performance,547,20,13.400853196933104,7.808369682754616,75.2216385602206,2.5065837951965433,2.061460513640195,0.20484177984760396,7.12906944682356,0.4110670333543462
Balanced_Performance,548,20,13.475446121647305,7.983584626279298,75.17125751726329,2.5669436435013653,2.0627136142924427,0.21010791413808097,7.128233901159838,0.41421376034180796
Balanced_Performance,549,20,13.675836832355463,7.699711504929553,75.1174802865833,2.449945419828418,2.072681299606338,0.2008055853139577,7.128990577401128,0.4152649327743753
Balanced_Performance,550,20,13.986981055912256,7.614275763052596,75.01341784603895,2.4024113493460963,2.0864081714698113,0.20075881939615733,7.1281730312202125,0.4163684786983546
Balanced_Performance,551,20,13.821353336208466,7.729854192639021,75.01767972953618,2.392616723461169,2.0872854536026715,0.20390482515286254,7.098685420337134,0.43992277963191495
Balanced_Performance,552,20,13.92041396028834,7.7921692861886385,74.94734606429935,2.407748205437564,2.0892539374739862,0.20519584337248342,7.096554562073433,0.44792710754583726
Balanced_Performance,553,20,13.970463024700564,7.852061572780505,74.9592876122147,2.418207342181208,2.0923212342429904,0.20711948862738186,7.100766385543393,0.44946586873835265
Balanced_Performance,554,20,14.197737033277033,7.875728258560907,74.90316918939352,2.436108133529893,2.0993649492715485,0.20749665534818132,7.1131063882517624,0.45065385503402267
Balanced_Performance,555,20,14.387441198391556,7.888466016653418,74.83902344085276,2.4385118028443333,2.1051668158301617,0.20877785575656,7.11998701008677,0.4518837231017765
Balanced_Performance,556,20,14.09747159547529,7.621303292467941,74.91205269284546,2.386497995394902,2.092887351292884,0.20106566649750035,7.119353976569838,0.4482443273012626
Balanced_Performance,557,20,14.01399613803311,7.509031671865916,74.96353599198162,2.3773305114879824,2.0908771340281236,0.2000121287901097,7.123366694708238,0.4425305226223224
Balanced_Performance,558,20,14.11936241741007,7.64604188234709,74.93755229517816,2.4285030382311,2.092190427232999,0.20559188051483634,7.133312765142182,0.4398984152571368
Balanced_Performance,559,20,14.091335541511295,7.599811277894132,74.95822302475571,2.3998242059949755,2.0918759511108513,0.2037973465920222,7.134568153775763,0.4427073152558764
Balanced_Performance,560,20,14.199295521180028,7.761361348592221,74.91245201602578,2.4277431295241594,2.0954635159111783,0.20965711054986555,7.134671615274056,0.4451640163008173
Balanced_Performance,561,20,13.790027153667362,7.633710696324198,74.97911828182637,2.362926806470988,2.084133767028688,0.2036867013701558,7.106455940415908,0.45072728361209086
Balanced_Performance,562,20,13.45359013838252,8.108166186600164,75.01356027081609,2.4287044403518867,2.073587129767984,0.2135302336837015,7.0754632753296764,0.4873768906466276
Balanced_Performance,563,20,13.372744202007425,8.217791877552497,75.03194322019814,2.4459277747057557,2.071246684696525,0.21401434125280255,7.06984476370737,0.49515168970347706
Balanced_Performance,564,20,13.493350864927269,8.227693207924423,74.99373734943569,2.480902342755592,2.0750171357020735,0.21298258838199882,7.073663087273016,0.49523162003342686
Balanced_Performance,565,20,13.310786661328677,8.04970883549977,75.09149900905788,2.4675643380096295,2.0664784984011204,0.20943599599931859,7.088616372416728,0.4823506097093163
Balanced_Performance,566,20,13.514028102650931,7.927980432985215,75.01296311303973,2.418943368836046,2.073556277472526,0.2000922285522527,7.094418164584786,0.5001060665971189
Balanced_Performance,567,20,13.48915646461162,7.9186864765479426,75.04234747052193,2.3655182965533488,2.0739066619053483,0.20054510744691773,7.0952130085648975,0.5018371895346275
Balanced_Performance,568,20,13.507195828587829,7.723367182701282,75.04730380311608,2.3042548289648663,2.073086170116439,0.1943016100103617,7.101159105431289,0.49372412941104593
Balanced_Performance,569,20,13.527905582291407,7.769271098880107,74.97338699445129,2.248121583030145,2.073380369003862,0.195102037684945,7.087287266212516,0.4973827576448184
Balanced_Performance,570,20,13.381367311063354,7.694381446112434,75.0939643073082,2.276474740841367,2.0701125960610804,0.1918182122073341,7.098230914128945,0.5001069779098719
Balanced_Performance,571,20,13.616050970374086,7.890606281142028,74.89610188819468,2.248709160100455,2.077448333567008,0.1989375326777666,7.074395420583896,0.5091174179354716
Balanced_Performance,572,20,13.627393265822358,8.024019099574916,74.88970175623894,2.3236266177998566,2.076844902355224,0.19865711781536943,7.0748156848177315,0.511894192692424
Balanced_Performance,573,20,13.816641123646557,8.25409382731321,74.95212078139187,2.517143974616397,2.0821474752388895,0.20649781280157326,7.112515713889152,0.5060741647883275
Balanced_Performance,574,20,13.909107162146956,8.36356742596071,74.95926884174347,2.5628671517547335,2.0812882641889154,0.2112821513097381,7.128783380035311,0.49632052190630643
Balanced_Performance,575,20,14.114684276543608,8.380301502199863,74.80271892279386,2.4721566328642552,2.085250291246921,0.21276830190032042,7.116783306486904,0.4969819816607937
Balanced_Performance,576,20,13.782030376544247,8.199233788569504,74.92483777999878,2.3974233392790403,2.0769926636852327,0.20593013206255173,7.106052580364048,0.49827173735225905
Balanced_Performance,577,20,13.87009463282007,8.24756389033765,74.95488604009151,2.48899390701954,2.0837169719859956,0.2068152510154774,7.115466563403606,0.5025569732347424
Balanced_Performance,578,20,13.826515668431373,8.380509141148977,74.83814617604017,2.4538025476999112,2.076204938981682,0.2088934153496501,7.0932209168560805,0.5051827454487686
Balanced_Performance,579,20,13.463272380066758,8.440762652857467,74.96808622956277,2.476935457198502,2.0640075368061663,0.20963193371362618,7.086106205899268,0.5071806848076746
Balanced_Performance,580,20,13.607172856654127,8.628857566693153,75.04426001161337,2.612939945434057,2.0711999898031355,0.21754165837997347,7.113630835209042,0.5054295616816931
Balanced_Performance,581,20,13.417068057432209,8.569792483464076,75.08808045208454,2.5683093026454284,2.066249239705503,0.21572293339428747,7.100458486881107,0.5061181079736977
Balanced_Performance,582,20,13.452151488066056,8.815049448196453,75.03362378388644,2.653328477244658,2.067145901024342,0.22410974290944555,7.090005193278193,0.5049659290276673
Balanced_Performance,583,20,13.87445398223225,8.838712995722434,74.936382868886,2.6797262108522415,2.0775317627936603,0.22627157882888765,7.121601624246686,0.5063015562742794
Balanced_Performance,584,20,13.94192677811383,8.921580659819865,74.90390365302562,2.6760209804836377,2.079903524965048,0.2304321392211846,7.120566971860827,0.5108397610224946
Balanced_Performance,585,20,13.920475066818767,9.438348629230715,74.91926318883895,2.9137244260880233,2.080578416567296,0.24838956627913542,7.118256428726018,0.5143114068234023
Balanced_Performance,586,20,14.056238251716545,9.272398585493614,74.88848510473966,2.8317390587011824,2.0869413692131635,0.24206428112283532,7.118078760672361,0.5111522036215365
Balanced_Performance,587,20,14.38038461404752,9.235648144392112,74.79791622251273,2.79233451895864,2.09656925085932,0.23943400124455216,7.130188798811287,0.5106759370307876
Balanced_Performance,588,20,14.706228203093934,9.332540480467232,74.69265515327454,2.824207358384268,2.106991414539516,0.2434240394537191,7.138051236346364,0.5090329459913745
Balanced_Performance,589,20,14.924467878089462,9.222200434874214,74.5983726170659,2.7884347072288453,2.1117367137596013,0.23775788110546192,7.145441839210688,0.5088035650859016
Balanced_Performance,590,20,15.183766273946457,9.22225712725678,74.50666368424893,2.8096639256535347,2.1188230967894195,0.23581193762469538,7.1543386059440675,0.5082289776185196
Balanced_Performance,591,20,15.372295629587658,9.39379462347247,74.43610629230737,2.8746412799557066,2.1247217267751695,0.24128205125035618,7.157695248480886,0.5109956125605281
Balanced_Performance,592,20,15.415404819182168,9.592869459637509,74.42414249032736,2.9481291338619475,2.1267570848204196,0.2493875467661307,7.156012764442712,0.5107453088842655
Balanced_Performance,593,20,15.100024226700004,9.464640436720657,74.53319123744964,2.8771974393334228,2.116523843407631,0.24766013722128485,7.147785996422172,0.5059293031127754
Balanced_Performance,594,20,15.261570970966613,9.425459155477785,74.474526180923,2.847903902205057,2.121768697593361,0.24937240469476915,7.150831744838506,0.5005902492591504
Balanced_Performance,595,20,14.861423368607344,9.241387276724792,74.62600213587284,2.7730798490688593,2.115123043078929,0.2457211320299106,7.129302554875612,0.501470710613887
Balanced_Performance,596,20,14.721818018719869,9.259014910486815,74.72235998839139,2.7557535056326006,2.108686017990112,0.24776460021522784,7.141636266801507,0.49958766570122104
Balanced_Performance,597,20,14.765990052530068,9.165785845390326,74.69570296972991,2.7407351676556613,2.1066854909062385,0.24469275586476388,7.151864791158587,0.498057335949413
Balanced_Performance,598,20,14.828084907348787,9.096665827999182,74.60855333864689,2.693968762157984,2.1100103995762765,0.24422745831053877,7.1339882978796965,0.498800571316443
Balanced_Performance,599,20,14.652432570146875,9.308728220564904,74.60080041795969,2.701360006263093,2.1061392402276398,0.24354247878515747,7.112329590227455,0.528630400451776
Energy_Generation_Focus,0,20,1.7676688227242496,0.5935837150532577,77.59201683998108,0.21072716420785323,1.8314464282803236,0.015468804505361545,6.377987474473193,0.057758909511875824
Energy_Generation_Focus,1,20,1.457365323289541,0.477140568333715,77.63546767115592,0.1404864181160152,1.8243623592890799,0.012399602220713775,6.330862654913217,0.06900335533380307
Energy_Generation_Focus,2,20,1.509986731591117,0.5049800855082172,77.65676523566246,0.2264480442960485,1.8241742692887783,0.012630103525652973,6.368677186332643,0.0586776912969577
Energy_Generation_Focus,3,20,1.675549718857798,0.4813039329596637,77.5862804159522,0.1395450735042042,1.8278474883362652,0.01235309292704936,6.386691532172263,0.05503381002057246
Energy_Generation_Focus,4,20,2.923200008476601,0.9988404346069651,77.36272421449424,0.21016839660096714,1.8585790749453008,0.025690606828982897,6.525773336999118,0.10723800306801089
Energy_Generation_Focus,5,20,5.629101811242559,1.3673467737415388,76.6216990906,0.3847147841437689,1.9278325029462575,0.03633254807585423,6.716707342835143,0.09377472505232977
Energy_Generation_Focus,6,20,6.289748118520117,1.5709499538720049,76.51827282696962,0.4144466798432775,1.9446269426867366,0.04183630623648357,6.782262319158763,0.11229387006905178
Energy_Generation_Focus,7,20,6.227970228474183,1.1188273219592053,76.47486360698937,0.42788982600864595,1.9426158336363735,0.029373678260846036,6.771457701697946,0.07224571864341055
Energy_Generation_Focus,8,20,6.579004275259028,1.0305439885977166,76.35816679179668,0.3615367373158246,1.9505572623945775,0.026762291388578063,6.813382171057166,0.06733134828319472
Energy_Generation_Focus,9,20,6.6885805538027885,1.1625626705717858,76.39427275925875,0.4257390899055431,1.9556950482726099,0.03063797276873463,6.7820882581174375,0.0788605094537578
Energy_Generation_Focus,10,20,6.625751841976831,1.018740630240203,76.31343967050313,0.45530497516022506,1.95326364653185,0.02606981592817955,6.7729645420052105,0.06706419276143237
Energy_Generation_Focus,11,20,6.67219523552574,1.1723030879928433,76.2892991709709,0.5060407631777188,1.9536820583604275,0.03100394354896032,6.792444128086791,0.06983257550249242
Energy_Generation_Focus,12,20,6.384037908650907,1.0096316316134968,76.31688090056181,0.5253069083064746,1.9458364000543953,0.024831795975125043,6.774164854604751,0.08030297485757734
Energy_Generation_Focus,13,20,6.408178825345087,1.4586887129921144,76.41246337175369,0.47093617801625043,1.947442226540297,0.03932749767320273,6.770144102908671,0.08252184040618636
Energy_Generation_Focus,14,20,6.838384258156959,1.2676061968383827,76.31507450640201,0.4569732897953174,1.958384471219033,0.03373340840788366,6.8102979576960205,0.07374634214690089
Energy_Generation_Focus,15,20,6.947132130657782,1.1926931740966245,76.1801829725504,0.4436280483296676,1.960668457560241,0.03120250338078899,6.8043442034162585,0.073257147978076
Energy_Generation_Focus,16,20,7.002742147074552,1.2722637731146809,76.17247343480588,0.5014222665046855,1.961412714216858,0.034485219321085676,6.824449587501586,0.07236370655195923
Energy_Generation_Focus,17,20,6.6121051449218555,1.241388541620101,76.38505906492472,0.440749023453036,1.951736965496093,0.03356412141498669,6.813116950578987,0.07261351757047692
Energy_Generation_Focus,18,20,6.697225839290394,1.1866241783387044,76.41065093934536,0.4354323500721171,1.9551884448528292,0.03113651199125273,6.8037237812485545,0.0890172865446139
Energy_Generation_Focus,19,20,6.955440935280353,1.5626566939885618,76.27559037238359,0.48057295841069814,1.9612128210067747,0.04104883171222858,6.821601006910205,0.10861620629814688
Energy_Generation_Focus,20,20,6.973020774771598,0.8628290085655345,76.33182952880858,0.3111270045497547,1.9614948586001995,0.022433519661661527,6.839299132470042,0.06810275723903529
Energy_Generation_Focus,21,20,6.402322309776584,1.2261609242263192,76.43719295024871,0.4091240730806467,1.9463458060100673,0.03219743936992439,6.798665705565364,0.07847417123104991
Energy_Generation_Focus,22,20,6.478565797341138,1.162881077748054,76.3705388239026,0.4323542586645354,1.948434664029628,0.030545038579359193,6.792587683852761,0.07286921375759339
Energy_Generation_Focus,23,20,7.111635234292871,1.3723838482082966,76.26165255397558,0.4881758776442795,1.9654691885225475,0.036245588555246094,6.829092742148786,0.07672871325459124
Energy_Generation_Focus,24,20,7.141995841800262,1.299439556163195,76.27393655091524,0.5374393148454987,1.9664909100718795,0.03340870230935211,6.8310271537862715,0.07894759323204538
Energy_Generation_Focus,25,20,7.008997168204682,1.0736311589170977,76.32732979208231,0.37123549148909635,1.9636995530594141,0.027508341252742024,6.814835473764688,0.0935770941474324
Energy_Generation_Focus,26,20,7.210115138885671,1.3005406259235408,76.20825939342379,0.424576665822887,1.9674707854539157,0.034375196013143795,6.84395891154185,0.08911811657052074
Energy_Generation_Focus,27,20,6.8312185399483285,0.9010449305759167,76.3237633961439,0.3970118435511409,1.958651292696595,0.024361968209675632,6.80208398481831,0.06953106908337967
Energy_Generation_Focus,28,20,7.6749541552915685,1.2114122323909344,76.17514827072621,0.4981376545923963,1.9813932469487192,0.03256915775846921,6.852371969521046,0.056110863321729335
Energy_Generation_Focus,29,20,6.870479672550512,1.1607028125540872,76.41063939660788,0.4053866891157385,1.9602518679946659,0.03095889072462288,6.808396886792034,0.07736035933333904
Energy_Generation_Focus,30,20,7.21756040814868,1.350350703172876,76.29546395361425,0.5768528080067109,1.9689941851794721,0.03422135361740334,6.836917451918126,0.08743346439309534
Energy_Generation_Focus,31,20,7.56774287439534,1.4255392715969704,76.0816738307476,0.4549588376740417,1.9780553071200848,0.03794295365798685,6.837045763917267,0.09034861209250586
Energy_Generation_Focus,32,20,8.041299244767114,0.9970729615234498,76.09551167339086,0.3044861371839262,1.9911191439256073,0.027290990907729795,6.875727314203978,0.0597660080269585
Energy_Generation_Focus,33,20,7.4134634418593155,1.3621425540900591,76.2341022311151,0.531494842201643,1.9743913668952882,0.036268100620125795,6.840252783857286,0.08182450545113527
Energy_Generation_Focus,34,20,7.098622016306818,1.2962455582652677,76.27691699147223,0.46804698412921936,1.9656396838091315,0.03435819875054263,6.8223833487555385,0.06974161281622937
Energy_Generation_Focus,35,20,7.538611810355375,1.1878551270449602,76.2569792854786,0.5291357846005519,1.9781918477267026,0.031586089091067956,6.848766267783939,0.06375140777972149
Energy_Generation_Focus,36,20,7.8634049176769,1.2708987331029988,76.03175914943219,0.5484673868254949,1.9853799993172287,0.03415436939160363,6.869474560543895,0.0583905310643355
Energy_Generation_Focus,37,20,7.729241775714709,1.1654348720226748,76.1783144697547,0.4499385522601513,1.9836856400035323,0.031636415103564804,6.843267610892653,0.06674244326065133
Energy_Generation_Focus,38,20,7.49286215869042,1.4687825682076001,76.26427500635386,0.4594671918107477,1.9769100445508958,0.039754115060385266,6.844803866110742,0.09285525825525916
Energy_Generation_Focus,39,20,7.432330220514238,1.3566446046835134,76.20620518237352,0.5083750968729108,1.974707722906023,0.03597625246333226,6.837060166113079,0.08361871083518185
Energy_Generation_Focus,40,20,7.872958859533884,1.361123365458691,76.16763955771924,0.5278797802230137,1.986765571422875,0.036627390419487836,6.872058941870928,0.07084527459172377
Energy_Generation_Focus,41,20,7.525133854483744,1.0584920681162513,76.12922129899263,0.36898741117129463,1.9778709920868276,0.028488968615253272,6.817254793606699,0.0790066677480237
Energy_Generation_Focus,42,20,7.514258367123714,1.2619433539466458,76.24528521627187,0.45357036746049584,1.9773513923957942,0.03502281570025415,6.844822070496157,0.05681277260305795
Energy_Generation_Focus,43,20,8.083477516988575,1.3989898391304678,76.01988484129309,0.38195135715271755,1.9932381924521176,0.03878935408287826,6.8424294523615385,0.08301538702661893
Energy_Generation_Focus,44,20,8.331330014579398,1.2111790914044507,75.92548953145743,0.5526277342738178,1.9989612518250943,0.03210263834324772,6.866863962262869,0.072413364395045
Energy_Generation_Focus,45,20,8.09608526808313,1.5308206961449236,76.06769310042262,0.48580606457673237,1.9927234322018923,0.041509584733128234,6.874478667834774,0.09572343804039606
Energy_Generation_Focus,46,20,8.662576157410674,1.2439817732004717,75.9288987569511,0.5482495262252175,2.008648100756109,0.03208639228636814,6.885853210659699,0.09319277976518206
Energy_Generation_Focus,47,20,8.717824548600195,1.4285838533051782,75.86302594661711,0.4991092252828542,2.0099283610098064,0.03809464021996791,6.882972578685731,0.08847960775328373
Energy_Generation_Focus,48,20,8.393052422381144,1.2826073598203658,75.96464062094688,0.40937605243005054,2.001293108742684,0.034981896233453935,6.866252731522545,0.08882244180577974
Energy_Generation_Focus,49,20,8.387809651462039,1.5862427540034159,76.07077901184559,0.47798773949811324,2.0017937171272933,0.04267195199655972,6.877115485453979,0.09595206744799607
Energy_Generation_Focus,50,20,8.596710199497288,1.1943395527134057,76.01268996044993,0.4796047921504356,2.006967446953058,0.03213376001902085,6.891379801006988,0.07518039560395766
Energy_Generation_Focus,51,20,8.31163043334123,1.1310447666853392,76.08929153859614,0.42999963151612597,1.9996329415962102,0.03059414891607215,6.876587720979005,0.0646713742344064
Energy_Generation_Focus,52,20,8.34886333456629,1.4623929616999491,76.00923419773578,0.4841349385461867,2.0000432438589635,0.03917217023240715,6.874306319318711,0.08061390111588379
Energy_Generation_Focus,53,20,8.498966597604445,1.2611518775114583,75.98817175805569,0.37906026919152913,2.0050787745602427,0.034503581614042475,6.8650227357819675,0.08465888690197611
Energy_Generation_Focus,54,20,8.841887960121669,1.143437071255322,75.94492585480214,0.3811011799996852,2.0135101946629583,0.030550079280170405,6.904867929657921,0.08275336763733285
Energy_Generation_Focus,55,20,8.831541098760017,1.7411199832322808,75.89297097802162,0.5693500170100467,2.013298367317766,0.04591961740313466,6.884253594242037,0.10462165011093615
Energy_Generation_Focus,56,20,9.588863960903396,1.6611861541468864,75.76375571429729,0.492009349636188,2.0347232768684624,0.04423619801042159,6.919289814131335,0.10578195867418984
Energy_Generation_Focus,57,20,9.145440443145107,1.5511067560577887,75.91184597998857,0.5211001821647356,2.0218814084865153,0.04139834274639936,6.921957896426321,0.08803669265036845
Energy_Generation_Focus,58,20,9.574711895303096,1.5930929757800762,75.68350273966789,0.5518665186493352,2.0333824386447668,0.041353668789777184,6.916803359389306,0.11908776666252611
Energy_Generation_Focus,59,20,9.642215310415361,1.9397800907787204,75.70784367620945,0.6131887775482615,2.0355263782292603,0.051457331389693585,6.9233131418842815,0.1093207867008291
Energy_Generation_Focus,60,20,9.597406039302781,1.7087601842875781,75.7737333214283,0.6002145397435428,2.0347749533876778,0.04462761566524287,6.9245756882056595,0.10518369597995714
Energy_Generation_Focus,61,20,10.033604805211443,1.7057263821831536,75.70080758571625,0.5640109762427646,2.046048729615286,0.045692094840404034,6.963995152637362,0.09634146289946194
Energy_Generation_Focus,62,20,9.847456878237988,1.4680383251134066,75.72875659376383,0.4798572777696907,2.041743241418153,0.03919205149652228,6.938478691130877,0.09448946595409728
Energy_Generation_Focus,63,20,10.35510072786397,1.5187221220265614,75.51197661124169,0.44488107993610854,2.053854334605858,0.04071294962382308,6.97318703067489,0.10477390916721757
Energy_Generation_Focus,64,20,9.60422622823772,1.3377458712796686,75.80052140906453,0.3946606321868999,2.035753747075796,0.03492794943864451,6.916508273957296,0.10780756338321479
Energy_Generation_Focus,65,20,10.02683326989369,1.5200464747178266,75.65112234711647,0.6160127676207096,2.046400704421103,0.03960414503330567,6.946213676072657,0.09869679425518588
Energy_Generation_Focus,66,20,10.201348643833928,2.0982244254753906,75.651875243783,0.6001813954518568,2.051615213472396,0.05682277883988232,6.9491273909620945,0.12130125335068861
Energy_Generation_Focus,67,20,10.339857976413644,1.6372628322305225,75.51108123205601,0.656170368778127,2.0539488579332827,0.04395445452559383,6.95723473938182,0.07258272011705079
Energy_Generation_Focus,68,20,10.18541304276331,1.5373737227832265,75.62072311580181,0.5430785224311631,2.050525096859783,0.04002930502714129,6.9504498790949585,0.10932285346798193
Energy_Generation_Focus,69,20,10.641756898774753,1.673944265004944,75.54944903686643,0.5704551029847271,2.0634566553821787,0.04496915566464214,6.969633534210734,0.08438211134850501
Energy_Generation_Focus,70,20,10.082695598982086,2.1723774942725367,75.70831800729036,0.5863541120531613,2.0477738327905533,0.058041797908816445,6.959517733771354,0.12834642573513055
Energy_Generation_Focus,71,20,10.525877277099003,1.3195754033276705,75.52928061276674,0.47994402595143465,2.060435877898708,0.03452089266257724,6.954472284670919,0.10610902661101038
Energy_Generation_Focus,72,20,10.653567830825049,1.66688793421001,75.43335916228592,0.5909436720222819,2.0626019703876226,0.04450896874909576,6.9654171834606675,0.08359459013702535
Energy_Generation_Focus,73,20,11.224471051690589,1.7037082709343125,75.36702967226505,0.5715853537131735,2.0787862092629075,0.044298736746577916,6.994179027751088,0.11730622824487037
Energy_Generation_Focus,74,20,11.10894569405352,1.7379845458997152,75.36195787638425,0.6927552763771008,2.0752805488742885,0.04548822863438454,6.990710346372798,0.1033800976084799
Energy_Generation_Focus,75,20,11.00601631453923,2.128780369846836,75.4476881761849,0.5918936924760259,2.0737354218401016,0.05683152081779526,6.971501803817228,0.1257632234364379
Energy_Generation_Focus,76,20,11.434068809811272,1.6451148063587606,75.32995532512665,0.5080092973399104,2.0847944238130003,0.04510305417331218,6.99880496531725,0.07839351070114406
Energy_Generation_Focus,77,20,11.57786589466875,1.6682901033429958,75.30329188108445,0.5372664313450599,2.089282237198204,0.043539966913289846,6.992400770690293,0.12369008650582089
Energy_Generation_Focus,78,20,11.657716070353333,2.023463838353976,75.25980197668075,0.7158817451883805,2.0904383543413134,0.053830297624619126,7.014756619101391,0.10948578311197975
Energy_Generation_Focus,79,20,11.624448658488468,1.549478857543684,75.26439319998026,0.5571831914867172,2.0897716676676645,0.04196501694763617,7.010572800752707,0.09105854818762342
Energy_Generation_Focus,80,20,12.479474976324358,1.7928563737712513,75.06927221804857,0.6043012170808086,2.1133122821897268,0.04691386457998824,7.045509590348229,0.13382456050982486
Energy_Generation_Focus,81,20,12.146300944205333,1.6819822772679256,75.0533702391386,0.6800305002861569,2.1028999684192238,0.0432090681473333,7.035039611244573,0.10177931733057438
Energy_Generation_Focus,82,20,12.284701157251481,1.6291541033747743,75.090697953403,0.6279804367656312,2.108403454488143,0.04273888258733598,7.02497055646032,0.13062300147043615
Energy_Generation_Focus,83,20,12.647029898976019,1.2051510444252136,74.97471249654889,0.4800318946455571,2.117575503084809,0.031334820050111144,7.045668031387031,0.10391297038916411
Energy_Generation_Focus,84,20,12.33753937295765,1.8904478256286694,75.1204589112103,0.6327994912324261,2.1095676259882747,0.05100221724881627,7.040220439145341,0.10307258623137963
Energy_Generation_Focus,85,20,12.792620714470257,1.3464922331843978,74.99764700889588,0.5965373014104016,2.122110349787399,0.03522338589947354,7.050611928217113,0.10194788397739504
Energy_Generation_Focus,86,20,12.771463600081578,2.055008380449593,74.91316243544222,0.8135511888803982,2.120377557426691,0.05382997702668804,7.050777893671766,0.1026723951718829
Energy_Generation_Focus,87,20,12.469414358929352,1.8868434522645992,75.04661476910114,0.6823697827469991,2.1127695967350157,0.05016757361912423,7.0407393359858546,0.11003685562091975
Energy_Generation_Focus,88,20,12.825036952557317,2.0822265017913817,74.9381093378365,0.7284042486578021,2.122061490993947,0.056126646708181044,7.060483651347458,0.10809126290077643
Energy_Generation_Focus,89,20,13.132251284078247,2.173935385403743,74.9128094522655,0.7223115902481108,2.1317257665190845,0.05807151664282854,7.055714692045004,0.12497999509389676
Energy_Generation_Focus,90,20,13.077119846421658,1.9464965283167306,74.84294491171838,0.6754072967408817,2.129547211183235,0.05254828159175853,7.048713870849459,0.11028219160904251
Energy_Generation_Focus,91,20,13.116554282744763,2.4820408091474397,74.75014634653925,0.8191478018685305,2.1295310930721465,0.0661565353769331,7.0533989439904685,0.12925391098667804
Energy_Generation_Focus,92,20,13.056285298144894,1.4830757213440176,74.86791736721992,0.5733017264707212,2.1281493088044225,0.040651049067682764,7.076352788433432,0.09019448456856392
Energy_Generation_Focus,93,20,13.040130783499183,1.8137139458153189,74.88321233168244,0.6300868108555047,2.1285279457829893,0.04847974269020646,7.053079706029966,0.11112964019280487
Energy_Generation_Focus,94,20,13.561732943653539,2.3613268901669318,74.58982387036085,0.8760022790529658,2.141688729887828,0.06256553858709217,7.062092041121796,0.12907615373911005
Energy_Generation_Focus,95,20,14.062524232171748,1.5239708323015593,74.60646890431642,0.7245945579713658,2.1564443097636103,0.04017057846287282,7.094569345517084,0.09790259533272186
Energy_Generation_Focus,96,20,14.067604302359694,1.71464938116832,74.51145341739058,0.5562372844240728,2.155900530433282,0.04573500217265489,7.082106094392948,0.12736096549473921
Energy_Generation_Focus,97,20,14.013016695459658,2.076740619852623,74.56235118858515,0.7629969918191518,2.1549583853641527,0.055682590584782816,7.078881338923239,0.11308893566194402
Energy_Generation_Focus,98,20,13.928154097246255,1.553776154342193,74.55958048924803,0.6872844700185199,2.1517673085443674,0.04257257190838878,7.084230240173637,0.1022880226592895
Energy_Generation_Focus,99,20,14.04836627031045,2.0518597004474652,74.52464174628258,0.7254060006108922,2.154879871457815,0.05349280914520412,7.096685913382098,0.1348023693932378
Energy_Generation_Focus,100,20,13.826217756648688,2.2940640146623315,74.5664515196532,0.6979357172891163,2.149412091365084,0.06133604366747907,7.066352413612185,0.14537721519275792
Energy_Generation_Focus,101,20,14.693345479398872,1.9869521609940162,74.3951159246266,0.6649709909298136,2.1729601389728486,0.052726804148592266,7.117935145944356,0.1336447330148896
Energy_Generation_Focus,102,20,14.287023148507625,2.1910723268066272,74.53013249926269,0.770642484003358,2.162411130797118,0.05831813322073717,7.100518307620659,0.13316192809689034
Energy_Generation_Focus,103,20,13.982757443118706,2.451832867526857,74.59533268421889,0.8930388074375455,2.1539427909906954,0.06507969562903583,7.082227701906814,0.12664884300537688
Energy_Generation_Focus,104,20,14.476544003071746,2.152321080180874,74.38256562344729,0.7242024478234896,2.166610650252551,0.057612718611423384,7.1014107778528714,0.1388059661077056
Energy_Generation_Focus,105,20,14.229500314449737,2.0853108190866663,74.49256735876203,0.6932976937211606,2.1613548161182554,0.0560543530394004,7.074943293342367,0.1375992924290968
Energy_Generation_Focus,106,20,14.95370406820786,1.7065923350003747,74.33545735016466,0.6903031206039519,2.1805544519238174,0.04441762310842585,7.120971432691439,0.13799736404692622
Energy_Generation_Focus,107,20,15.18071763081743,2.4500610359534623,74.22405768767,0.9348071172793959,2.1867791073117404,0.06437092051754945,7.112482310151681,0.13437727486000342
Energy_Generation_Focus,108,20,14.839660807509162,2.1414945330466137,74.34960108548403,0.8947455638973034,2.177081215502694,0.05554552609002561,7.1194656609604134,0.13236618490109214
Energy_Generation_Focus,109,20,15.573532570528954,2.186257993801733,74.16414373777806,0.8113872118433751,2.196996472300962,0.058882307222449186,7.148480518907308,0.12582081449494922
Energy_Generation_Focus,110,20,15.537504625748372,1.6277718558658942,74.2260405729711,0.7564367652173541,2.1977038430795073,0.04214059210639009,7.123978749010712,0.11783203233491842
Energy_Generation_Focus,111,20,15.52866013858934,1.7653298853767296,74.27723188892007,0.8441371304278239,2.197420626748353,0.04592658093069873,7.1347366638109095,0.11775564517855575
Energy_Generation_Focus,112,20,15.860063705986747,1.629890421498435,74.09525469541549,0.7559269191051238,2.2061167935375123,0.04208335897065235,7.1336116480827325,0.12618585865056198
Energy_Generation_Focus,113,20,16.162474825702734,1.90873261361239,74.03182092621923,0.7724557144640553,2.213375561740249,0.05013099743367359,7.167002679407597,0.1333158629565403
Energy_Generation_Focus,114,20,15.9894594113903,1.8766718298784626,74.12007086187602,0.8196479701288589,2.210286331428215,0.04948721818783487,7.138215386383235,0.10644442512449535
Energy_Generation_Focus,115,20,16.41232296795531,2.5555911280014363,73.92444088675082,0.9560962479627465,2.2208164651971307,0.06725734177397434,7.153678207132034,0.13990892127719368
Energy_Generation_Focus,116,20,15.807847860928078,2.182338598990657,74.12086551338435,0.9191066556331831,2.2045490172598514,0.057014932011190934,7.13927923163399,0.12400163552116444
Energy_Generation_Focus,117,20,16.455610561666074,2.3821628869714986,73.92804919041694,0.9896436341568914,2.2221144886128608,0.06130910900784087,7.156742736422457,0.15297658992800317
Energy_Generation_Focus,118,20,16.518790126970455,2.4410015205048805,73.93428972452878,1.090298000314775,2.2234545391052962,0.06271830335379616,7.1701146173011505,0.1432505670485228
Energy_Generation_Focus,119,20,16.32134181622484,2.3577060826455276,73.96388310208917,0.9028824443542869,2.2186686069425194,0.061408909287964025,7.146820512022823,0.15350057857749555
Energy_Generation_Focus,120,20,16.690216313341136,2.5270201391915466,73.83227098196745,0.9691133251570646,2.228546055124607,0.06689436122983644,7.161265252174344,0.13980489792504056
Energy_Generation_Focus,121,20,16.538642971887164,2.4011042157298816,73.86542986594141,0.8664521185606224,2.224311949424446,0.06357045154884654,7.148251028796658,0.13672428759721575
Energy_Generation_Focus,122,20,16.385586847528693,2.8242601605085182,73.91888734519482,0.8471808169911007,2.2204013602621853,0.07569343107733893,7.142945496831089,0.1794463696375498
Energy_Generation_Focus,123,20,17.42748418457551,2.8780936933456274,73.65013124570251,0.9794346889623189,2.2485471885371955,0.07660835962361115,7.1871474613389,0.16558196113404572
Energy_Generation_Focus,124,20,17.258547678880582,2.6049402196659686,73.66307831197977,0.9498186860156699,2.2431844947114588,0.06894199406874252,7.186473369644955,0.14573497938715324
Energy_Generation_Focus,125,20,17.37885635882981,3.1895397484686057,73.7194317996502,1.0406423541293617,2.248029391360469,0.08549677555845574,7.183803025439848,0.17277622605036266
Energy_Generation_Focus,126,20,17.43626853546669,2.52086203393919,73.60571952320636,0.9560770964664207,2.248206355543807,0.06732419637940439,7.190192221682518,0.13315202139645077
Energy_Generation_Focus,127,20,17.97294705921354,2.7091676025833324,73.42177431106568,1.0723837095302355,2.263145194100216,0.07023367191725159,7.193966985016596,0.16441587181075612
Energy_Generation_Focus,128,20,17.46749450033844,2.8064400355564976,73.60590924501419,1.0685064155070403,2.248827961059287,0.07401918353712528,7.200096712596715,0.1584822077667161
Energy_Generation_Focus,129,20,18.14885591861399,2.946917830696945,73.36522106304764,0.9781289808920133,2.267142660245299,0.07878803076141268,7.2154181726183735,0.16652503374278588
Energy_Generation_Focus,130,20,17.666229392451633,2.9187767598033005,73.48493290930986,0.8602555707418891,2.254119766447693,0.07753202926223851,7.193263561744243,0.183795626404608
Energy_Generation_Focus,131,20,17.505199949943623,2.632199237901663,73.53074276722967,0.7935550467227519,2.2498393223341555,0.07095187097570459,7.183950583720579,0.1695222773693555
Energy_Generation_Focus,132,20,18.173676925399153,2.3466949551048897,73.30679218783975,0.7546282947340385,2.267583716646768,0.06315396497338506,7.207022038917057,0.1627959085987705
Energy_Generation_Focus,133,20,18.350346032821538,2.158850776866569,73.36111041747033,0.7974780458327143,2.273464180827141,0.05726924323525681,7.214446066566742,0.14470027352735418
Energy_Generation_Focus,134,20,18.70039344166264,2.7268000140262925,73.146279040277,0.9052182359118859,2.2821814368199558,0.07216030481589654,7.22516529542394,0.1754696400411855
Energy_Generation_Focus,135,20,19.1459706389669,2.3424381473669658,73.10501160360873,0.8845977069120958,2.2951742782769724,0.06150886418253599,7.233324172776193,0.15421211072292634
Energy_Generation_Focus,136,20,18.619638586363543,2.7063270591564703,73.21858723372222,0.9957440398488712,2.28065484078601,0.07062987145614394,7.2097429479379205,0.17537816046363344
Energy_Generation_Focus,137,20,19.363143647717163,2.4176488114226573,73.0357016287744,0.8847776760536025,2.300519242910668,0.0641002513685475,7.246317098680883,0.14573956445765612
Energy_Generation_Focus,138,20,19.13370915285882,2.8956786705239064,73.01967962786554,0.9512620630607214,2.2941986420564353,0.07683970271985795,7.226222420679406,0.18300778284503869
Energy_Generation_Focus,139,20,19.829986309946516,3.2636275154554775,72.88652093403041,1.138170824210269,2.313849940020591,0.08584666597416865,7.251219003954903,0.18296031287117612
Energy_Generation_Focus,140,20,19.13929028989974,2.360976229995203,73.10500862762332,0.9084667328226925,2.294692286895588,0.06250177152707544,7.237405344173313,0.15491847499284156
Energy_Generation_Focus,141,20,19.04921335764318,2.9991060118156736,73.12920779772102,0.9070506985393741,2.2924698561104018,0.07912032518237841,7.230461863414385,0.19844296100554873
Energy_Generation_Focus,142,20,19.914459228262444,2.531477036113133,72.90743361763656,1.0274287654553362,2.316140559818596,0.06569067034326018,7.268485488267615,0.17024231622761313
Energy_Generation_Focus,143,20,19.98395211962883,2.973463976744441,72.9100832324475,1.0646348174744695,2.31798298579175,0.0787265378583138,7.270587022630498,0.17292962336430903
Energy_Generation_Focus,144,20,20.15447068024959,2.5619937688938195,72.82241910763085,1.1211738224091494,2.3222417084500195,0.06580119261221799,7.271221031923778,0.1492829723428855
Energy_Generation_Focus,145,20,20.083879762857,2.8434754305753116,72.86848293870688,0.9490170012444507,2.3201057109422982,0.07579121273298874,7.279729197826237,0.16904175640274793
Energy_Generation_Focus,146,20,19.997402650512775,2.3758588390852378,72.96299552246928,1.0313069010498337,2.318503301786259,0.06320190057249733,7.279227267676033,0.13156438479538385
Energy_Generation_Focus,147,20,20.06773954353763,2.6553848439548964,72.89043036177755,0.9848866565668642,2.319812479391694,0.07105092629477383,7.282326460327022,0.15090446161597385
Energy_Generation_Focus,148,20,20.393973901968607,3.00576042980884,72.74688847534358,1.0616009742347314,2.3280956987384704,0.0811565826418814,7.296223480408079,0.15383432185020987
Energy_Generation_Focus,149,20,20.156459204649938,2.653115401449521,72.91707019478083,0.9755796076952346,2.3233860438503324,0.07124104011391283,7.28121808343567,0.15646986791270873
Energy_Generation_Focus,150,20,20.765137256687073,3.104295631924683,72.65894514136016,1.0961556220848818,2.337798470938578,0.08398814945098781,7.317722189128399,0.14073307848480748
Energy_Generation_Focus,151,20,20.281415258230254,2.3642002166090736,72.92487856552005,0.8726698675461095,2.3266207419801503,0.06425297449340663,7.292601691675372,0.12406343861196924
Energy_Generation_Focus,152,20,21.028085747467912,2.3631227211155017,72.68251897335053,0.9791372146550849,2.347189355441369,0.063370786035328,7.309454545835033,0.1380876837024164
Energy_Generation_Focus,153,20,21.10284746260523,2.802473740220825,72.65371557228266,1.052749970945134,2.348403956242837,0.07564913896859733,7.320558380936272,0.1341426990295344
Energy_Generation_Focus,154,20,21.30680667728156,2.926905996941741,72.51276170790194,1.0616734330254032,2.3538776194723323,0.07929995537130445,7.314954901244491,0.1499113673930942
Energy_Generation_Focus,155,20,21.27463066604251,3.2719732305376104,72.53333795562386,1.1186192626864138,2.3532847366295755,0.0881037656841292,7.30983622236643,0.16185608561757034
Energy_Generation_Focus,156,20,21.46175884969933,2.7033135504042987,72.51326310515404,1.1343915117706658,2.3583106537070124,0.07343122327031065,7.326426202962175,0.12399282557805161
Energy_Generation_Focus,157,20,20.911520013533178,3.3425639355069454,72.6408655113727,1.1689629796241416,2.3431353914015927,0.08969234930533626,7.298073927405058,0.1566182999211637
Energy_Generation_Focus,158,20,21.266923861157192,3.3701599831473397,72.59896261878312,1.1924651972121372,2.3533183673582974,0.0913078763452036,7.320478663258254,0.15949932295006006
Energy_Generation_Focus,159,20,21.18349677552513,3.234788429242699,72.61996340036391,1.1444324926222647,2.351164066861384,0.08682693494212998,7.310300054238178,0.15849210485695753
Energy_Generation_Focus,160,20,21.610909752826323,3.1388820459235496,72.43224730499088,1.1281677900711493,2.3620506690302863,0.08451820509421894,7.323764978097752,0.1457060198550136
Energy_Generation_Focus,161,20,21.29218840409741,3.1674087429365643,72.63373018555343,1.175592820036135,2.3539322599465957,0.08589316646830603,7.329249307815917,0.13665689263904837
Energy_Generation_Focus,162,20,21.412238519722074,2.6388676991777835,72.58641595467925,1.0219139892897922,2.3577911884710194,0.07163155777986058,7.317353922938928,0.12498644635457785
Energy_Generation_Focus,163,20,22.028822391357608,2.949690578890499,72.38362474896014,1.0956153571492988,2.373825053939363,0.08014057191703465,7.3443080916756305,0.12741830691894016
Energy_Generation_Focus,164,20,21.87831529584522,2.874312881684638,72.43146804004907,1.0995940512189153,2.37025367555907,0.07781511827944136,7.3359316772478635,0.13697208256978405
Energy_Generation_Focus,165,20,21.91661084242837,3.168460258467779,72.42546503297984,1.2557890796308646,2.370471112909727,0.08501243935867808,7.352744295449229,0.13584394219526302
Energy_Generation_Focus,166,20,21.948822401862625,3.0246226200574973,72.32949595093727,1.060628800449412,2.3706854057265447,0.08283731154487596,7.343740297905169,0.1291640718883274
Energy_Generation_Focus,167,20,22.363961170394486,3.3536219041399824,72.29021909423173,1.1041307966064522,2.3830054119369017,0.09200102415556008,7.36026556306053,0.14541322981506435
Energy_Generation_Focus,168,20,22.075382909632182,2.970479863018543,72.3436961698532,0.9894623931065579,2.374692221139558,0.08196875992981376,7.347324131564237,0.13822080880284832
Energy_Generation_Focus,169,20,22.50654916294281,3.3840502553924425,72.1705204051733,1.2082702266672642,2.3854159377515316,0.09303587795117198,7.3738907178770745,0.11255701658123031
Energy_Generation_Focus,170,20,22.454802862492013,3.245847041954216,72.26844420716166,1.165781138563052,2.385197800239548,0.08881561821851994,7.3652166948607185,0.12084578983082246
Energy_Generation_Focus,171,20,22.03449031636848,2.9939443343855023,72.34153109446167,1.034805234595654,2.373445598478429,0.08154628556673228,7.346631110571325,0.1500319518584449
Energy_Generation_Focus,172,20,21.85143157350867,3.3874582668736175,72.37370987437666,1.1536195121342747,2.3684751527570187,0.09224312969082205,7.336914274794981,0.1572174482142916
Energy_Generation_Focus,173,20,22.10646058093111,3.0579166327804974,72.36314772769808,1.1302239494512816,2.376467540198937,0.08344928052185564,7.342499659927562,0.14333933016759245
Energy_Generation_Focus,174,20,22.096532461475498,3.6529461540681667,72.37173555761576,1.3752350839727066,2.376076233568601,0.09862885227565878,7.346706525459885,0.1604631363824059
Energy_Generation_Focus,175,20,21.784033173953787,3.2802709822962886,72.51993305630982,1.1775379017027123,2.3684682347788475,0.088351961438508,7.327358155110851,0.1688871825313542
Energy_Generation_Focus,176,20,22.113486337245288,4.07009915567609,72.34485024295748,1.3730718347711481,2.376229256046936,0.10955521862155918,7.345047840934713,0.18678838504302406
Energy_Generation_Focus,177,20,22.229912099113655,3.6602443717305615,72.28637771107256,1.2190991806206857,2.3792916965018955,0.09916416623639994,7.342704970180057,0.16737581728122786
Energy_Generation_Focus,178,20,21.43029199090092,3.7885098012042713,72.5806324802339,1.259502776472063,2.358560631703585,0.10234368104956058,7.313249825560487,0.1900051461593092
Energy_Generation_Focus,179,20,21.814193908687194,3.9308059876901424,72.46352876879276,1.3458315463654036,2.3689487308776007,0.10664787803126026,7.327351410468109,0.16596428140626981
Energy_Generation_Focus,180,20,21.8355677056397,4.111196192732378,72.46175118044019,1.4047957844556298,2.3689324394613505,0.1110756332081735,7.341255396064371,0.18614704831733417
Energy_Generation_Focus,181,20,22.0690015042807,4.464372055808883,72.43048260331155,1.4238451317113963,2.376036647995934,0.12133942010913144,7.341549180299043,0.2062064821138604
Energy_Generation_Focus,182,20,22.168031999583757,4.429521602437631,72.41697838425637,1.4159563170170977,2.37898013128899,0.12021350389437352,7.341014809836634,0.19803986897808237
Energy_Generation_Focus,183,20,22.00857342559134,5.046456240105339,72.41944781415165,1.544096001471097,2.3746861758781597,0.1384637432740059,7.330949750134023,0.21139156211701918
Energy_Generation_Focus,184,20,21.640711787641397,4.652114764278507,72.54891200825571,1.3701323325885268,2.365310751702636,0.1271792663862797,7.308561145171988,0.221812013519225
Energy_Generation_Focus,185,20,22.027678033110483,4.814164186587972,72.49056268930435,1.4906110373017742,2.3761550525529307,0.13081188131232457,7.325514468657784,0.22011852227035128
Energy_Generation_Focus,186,20,21.49479314218286,4.742636564274953,72.64788687676192,1.480480985398153,2.362489396865713,0.12871029156411887,7.296492022324237,0.23191094528102518
Energy_Generation_Focus,187,20,21.551743478645683,5.155905101950123,72.54915511325001,1.5405569497264162,2.363492761645466,0.13955006964298475,7.290077942516655,0.26542135121264204
Energy_Generation_Focus,188,20,21.655333872521794,5.175131305734525,72.61454348661006,1.6026578886398621,2.36661598472856,0.1390146622252202,7.30324071356794,0.25364033176976164
Energy_Generation_Focus,189,20,21.58534840281612,5.545956487317882,72.56059648148715,1.729483250770684,2.364943485409021,0.14801136763677655,7.278609325948636,0.28555340569567206
Energy_Generation_Focus,190,20,21.58867172746715,5.678246477836891,72.61945202574134,1.671496413634697,2.3658707875711844,0.1523827138645245,7.280874729278731,0.29618535686263686
Energy_Generation_Focus,191,20,21.144665033331094,5.834616156062858,72.78797243766488,1.7138769917566954,2.3545186217688023,0.15661724899753418,7.261837978267576,0.3119556378266491
Energy_Generation_Focus,192,20,21.37067532502987,6.280856371317288,72.5846573510766,1.9376813177967476,2.3588257399434225,0.16789647116345607,7.274297562157736,0.3165028978493027
Energy_Generation_Focus,193,20,21.897123823516615,6.374457860314868,72.40152686595917,1.8934763990152166,2.3727818601415493,0.1713187031109861,7.288910826031352,0.31066064037147784
Energy_Generation_Focus,194,20,21.98968622090552,6.10418085174493,72.4125715868175,1.8164462989559798,2.375026706268545,0.16483947653946637,7.309003747563111,0.29914499956376706
Energy_Generation_Focus,195,20,21.949388502428445,5.856302746155248,72.41592788428068,1.7817198511646497,2.3747757261269724,0.15799669815770842,7.297455745093757,0.3086477762539695
Energy_Generation_Focus,196,20,21.576432419635108,6.062019851860367,72.55402849525214,1.8685112554896515,2.364719987421995,0.16208714763698992,7.286730713780271,0.32699347061405554
Energy_Generation_Focus,197,20,21.502723742085497,5.726752579877354,72.52349494196474,1.7975432626886056,2.3614628865092526,0.15325143426433332,7.297623771653744,0.31093541134022856
Energy_Generation_Focus,198,20,21.6076424420342,6.212346005967829,72.54093944631516,1.9535016355572785,2.36434349833522,0.16670480832758242,7.3101812862441875,0.3063407598868421
Energy_Generation_Focus,199,20,21.69807206134942,6.067384183932019,72.51725638017058,1.8915466916290604,2.367407322833315,0.1628507169284658,7.307172819816624,0.3201394406811346
Energy_Generation_Focus,200,20,21.727598522331835,6.299001829947997,72.5156031794846,1.9384630654556538,2.368562859729864,0.16929931441358806,7.3020454029541,0.32726897182530096
Energy_Generation_Focus,201,20,21.76627016133687,6.285244768772021,72.48287777930497,2.018764134444977,2.3695672710984943,0.16889434412374704,7.300660489057191,0.3214731485666898
Energy_Generation_Focus,202,20,21.686931685812354,6.326399999022955,72.53893725953996,1.980623184988875,2.3675041641507413,0.17032850435610447,7.305928605485678,0.32316141487445865
Energy_Generation_Focus,203,20,21.618970205289667,5.699432595786352,72.58031083732843,1.8210701458124783,2.366164948279038,0.15408655268937138,7.297519437170122,0.291292211270166
Energy_Generation_Focus,204,20,21.558606548084153,5.753013782163048,72.59964803144337,1.8316646128329743,2.3638350137509407,0.1556702405075135,7.307664252375252,0.2920208512284189
Energy_Generation_Focus,205,20,21.799577937287157,5.7923244815750525,72.59859040483832,1.9779918549611102,2.371045476673171,0.15513637499500657,7.318856026050635,0.29063885974939685
Energy_Generation_Focus,206,20,21.728683267478715,6.170884983836408,72.66798776850104,2.054499395273014,2.3691918053629344,0.16520187088911134,7.322917691624025,0.3032875728413479
Energy_Generation_Focus,207,20,21.39954560817636,5.889315245649701,72.86142733782529,2.0158463943861213,2.361438577242079,0.15760987032780083,7.314130989950499,0.29517117109553953
Energy_Generation_Focus,208,20,21.24601497137835,6.379793821814666,72.78896343156696,2.049748128498276,2.355479275509715,0.17258640118521706,7.317343752079178,0.3007884740654176
Energy_Generation_Focus,209,20,21.163469337017958,6.187084447629103,72.78799093097447,1.9795286052049617,2.3532163339713588,0.16808349291038824,7.3110650553694,0.28978891527502953
Energy_Generation_Focus,210,20,21.370254029481348,6.449500874831567,72.72580292485654,2.0428660552945312,2.3591275385883637,0.17524707141436613,7.315508873285144,0.30280089377288505
Energy_Generation_Focus,211,20,21.082450124429602,6.080788672736963,72.84826424919069,2.016521137669774,2.3521350123779845,0.16491068719705199,7.295159992519766,0.29101600975303865
Energy_Generation_Focus,212,20,21.3865553937357,6.167822096680486,72.69742498666048,1.9938137679703722,2.359910795318428,0.1667136324820666,7.30177438367391,0.30334862245875116
Energy_Generation_Focus,213,20,21.919946204062278,5.973150951497665,72.5717224947363,1.956933102300939,2.3744238587003204,0.16133388520054484,7.323212055452169,0.2932637646051913
Energy_Generation_Focus,214,20,21.720979865336382,5.93536118140305,72.65491201847792,2.00979458539826,2.369557652878575,0.15998042791747863,7.312845122227445,0.28436301439332357
Energy_Generation_Focus,215,20,21.025244575296018,5.97825257842483,72.81154923580587,1.9488980021203504,2.3502623162418605,0.1615824097673714,7.286903579183854,0.29361138056618247
Energy_Generation_Focus,216,20,21.496570421251114,6.320510835782915,72.7086596466601,2.138701161368276,2.3628755384963007,0.16833046772549376,7.304363843887113,0.3088131776609755
Energy_Generation_Focus,217,20,20.95028600367852,6.617902301805212,72.87549537532031,2.172922011662836,2.3482423337816725,0.17828646616162566,7.2873349603114175,0.30182031799817743
Energy_Generation_Focus,218,20,21.54826895874534,6.139971339501411,72.70653001703322,2.0070872980009566,2.3650093938698413,0.16503999680989873,7.3024451825124554,0.3021882561533715
Energy_Generation_Focus,219,20,21.326168949759257,6.801007024481125,72.7428662481904,2.138331145798261,2.3584729929221795,0.1823669969967736,7.297773949708789,0.33127013442682135
Energy_Generation_Focus,220,20,21.83698866133222,6.386231492279088,72.65075747847557,2.1295565422502585,2.3731918806908654,0.17046593456113673,7.310361308869906,0.32173433198474627
Energy_Generation_Focus,221,20,21.5327457847705,6.236202203830131,72.81264941073954,2.1947394362287094,2.365450202561915,0.16588986213348655,7.3075022778962735,0.30954747093704216
Energy_Generation_Focus,222,20,21.129978118024688,6.922068244979239,72.83848817259073,2.2530633102665205,2.3538709382223897,0.1845509323705885,7.287247935507912,0.36029279199815506
Energy_Generation_Focus,223,20,21.324385810553288,7.042316948742313,72.74636954158544,2.321306395649049,2.358909243802773,0.18704011428579828,7.28974521671771,0.36334713378730266
Energy_Generation_Focus,224,20,20.88441803744319,6.642465954900834,72.87253624744713,2.1747257072043302,2.346777688978473,0.17700214116932075,7.280256687233923,0.35918447749392585
Energy_Generation_Focus,225,20,20.85809964882061,6.784777718175007,72.9622047560662,2.2996024432786855,2.346922780068126,0.17943715056132814,7.2782483625225725,0.36732486270956594
Energy_Generation_Focus,226,20,20.94507991775979,6.93341202828717,72.92575244456529,2.2161505340229652,2.3491547498625005,0.18475593768917842,7.280629361882748,0.3717860608571829
Energy_Generation_Focus,227,20,20.98968298449652,7.009110619958964,72.85559022508562,2.1532795513715115,2.350646650222043,0.18737264929406336,7.262355330576102,0.3778549198513968
Energy_Generation_Focus,228,20,20.655704530369114,7.038736972216963,72.9483733561635,2.1551573886137283,2.3415278838621454,0.18908769640439269,7.257051839656197,0.3768212293402356
Energy_Generation_Focus,229,20,20.91002653282826,7.024038736110771,72.89319023154675,2.1043161228025524,2.347992964191362,0.18838025400938002,7.272191938082687,0.37947648791794836
Energy_Generation_Focus,230,20,20.94186278364086,7.26192095132654,72.9033879185468,2.1801368313458402,2.3493940121866763,0.1945168118364954,7.269922194147948,0.39131330743231724
Energy_Generation_Focus,231,20,21.016912988780355,6.993699960911006,72.87986897826195,2.134005217196381,2.3511975892167536,0.18683151915502286,7.2763035846594715,0.38228051587388
Energy_Generation_Focus,232,20,21.066790170602083,7.3091155324167945,72.8800050342828,2.1645002882696938,2.3526913101715037,0.19559178968884408,7.279941342467209,0.39949465320355465
Energy_Generation_Focus,233,20,20.93890737719643,6.925137333631509,72.94783465869725,1.9969532376562822,2.348423227146268,0.18594429061351217,7.29722297607921,0.3827058659831974
Energy_Generation_Focus,234,20,20.941561926712563,7.406910085083204,72.981751723513,2.195149132130641,2.3488061454147102,0.198768190756997,7.300558646037243,0.3921068323466746
Energy_Generation_Focus,235,20,21.3442297081627,7.466936895378102,72.91764906972647,2.2188565815456265,2.360303281135857,0.20036085989562086,7.314915435810107,0.3938664010010841
Energy_Generation_Focus,236,20,21.25739862764747,7.580348539962897,72.88950703032314,2.1884272995908534,2.357971919463016,0.2043799743585879,7.3044936343352305,0.3986644269421648
Energy_Generation_Focus,237,20,21.384225703810678,7.722248341665275,72.80735464192927,2.3605805012098036,2.36114328947966,0.2073302098339658,7.307668091554078,0.4075343439570412
Energy_Generation_Focus,238,20,21.648513550432455,7.944223638801379,72.69189033560454,2.358801730328512,2.368051149812527,0.21350354719893141,7.306552286546212,0.40514257791991737
Energy_Generation_Focus,239,20,21.568050602907654,7.784260591108746,72.80320262007415,2.3738418740844254,2.366922056566691,0.21016293669740774,7.311441680152202,0.3921409602879623
Energy_Generation_Focus,240,20,21.98518219334101,7.780163778698154,72.62686031229794,2.438756657759813,2.3774079273873943,0.20898497350227052,7.327744634328409,0.39090033613264813
Energy_Generation_Focus,241,20,21.710921551270093,7.806202452236343,72.78241479054093,2.5213442292476502,2.3710595672950148,0.20955653949734826,7.316515546683222,0.38790714974883267
Energy_Generation_Focus,242,20,21.734949984155556,7.843562722783428,72.80472923532128,2.4029004532837255,2.3727358781115617,0.21122193854388532,7.304176415483235,0.40249773152476453
Energy_Generation_Focus,243,20,21.946297676898844,7.794764761347611,72.70721454821526,2.393830653662083,2.3775767650594934,0.20916382691533286,7.316788297449238,0.40269351594183794
Energy_Generation_Focus,244,20,21.857950096741842,7.859302538281139,72.65349855586886,2.417079785867796,2.374348620933015,0.2107245287287088,7.313507809641888,0.409208124144919
Energy_Generation_Focus,245,20,21.52218854506511,7.774157939257673,72.81656328067183,2.426950533583578,2.365821608736178,0.20880326361856516,7.305356747443321,0.39991842378673526
Energy_Generation_Focus,246,20,21.924860936724958,7.904320402433206,72.68398890331387,2.4249658844106774,2.3765446320315826,0.21301251881084343,7.31876123328926,0.39302582914030554
Energy_Generation_Focus,247,20,21.994602699754104,8.050298144935061,72.68504918001592,2.4988246966940024,2.3784746453096157,0.21673756134393773,7.32596247095149,0.39668642498400863
Energy_Generation_Focus,248,20,21.59970380616479,8.041194915019164,72.87132324501871,2.5373050637875245,2.3680311411991717,0.2163316304196874,7.320674459859728,0.39271511227325906
Energy_Generation_Focus,249,20,21.814649813344825,8.055702127644375,72.7516187966615,2.542968238669973,2.3729477064264937,0.2163377723931141,7.329648903964554,0.39235216415317753
Energy_Generation_Focus,250,20,21.747293450690183,8.300393481856297,72.72059209242464,2.642338281422259,2.370076152367983,0.22235861455469622,7.333716543547344,0.3990304438878422
Energy_Generation_Focus,251,20,21.372782003615946,8.438850762969949,72.83651796907186,2.7332909931269618,2.359254640294239,0.22606064776263857,7.3363539934600706,0.3959947277510019
Energy_Generation_Focus,252,20,21.311971128209883,8.534769470954856,72.82417804375291,2.716697313992966,2.3569444914651103,0.22908653372438129,7.339356863588037,0.39518763207167656
Energy_Generation_Focus,253,20,20.947589328984666,8.901711333898879,72.9906632309407,2.792371544313542,2.3476416180469095,0.23951133755660042,7.331018805364147,0.4044748016352151
Energy_Generation_Focus,254,20,20.428015519786562,9.232537473581273,73.07319553852082,2.9376467610385935,2.3328053264669144,0.2473823033811547,7.309062047363258,0.42098287171353493
Energy_Generation_Focus,255,20,20.29333713651333,9.300090286977914,73.12527160048485,2.923871198974259,2.328947062753141,0.2492129447244304,7.312770687458105,0.4282831709989746
Energy_Generation_Focus,256,20,20.36149741521291,9.153640590875273,73.16180396087468,2.915226665646989,2.331386444512755,0.24500044770483806,7.317105503843632,0.4233936766929967
Energy_Generation_Focus,257,20,20.5356896085085,8.951651256875813,73.14414704978466,2.816062015099142,2.3364552092528905,0.23926058649639922,7.321336034864653,0.4254825135551446
Energy_Generation_Focus,258,20,20.98366678667609,8.597667662611,73.05078636549413,2.7405144180259207,2.349065888924524,0.2290782007712631,7.337003599205055,0.4187384858695968
Energy_Generation_Focus,259,20,21.01444101778947,8.809960286118878,73.11507299214603,2.786119160654881,2.350840893560089,0.23582781050303805,7.338861237197416,0.416090788032327
Energy_Generation_Focus,260,20,20.886751513395474,8.567576221934818,73.16476589620113,2.7064992950267617,2.3476882859133186,0.2292533173355027,7.335391638164874,0.4168724608270568
Energy_Generation_Focus,261,20,20.866068241345925,8.397025621003039,73.21850186832249,2.676436546056346,2.347220208237413,0.22500948182608707,7.3458930801239335,0.405678851422415
Energy_Generation_Focus,262,20,21.56920549445254,8.621076016941618,72.93531192600727,2.764354368022036,2.365304732685909,0.23006721579557,7.366842107423581,0.4105641747195414
Energy_Generation_Focus,263,20,21.50634443172232,8.700588900094619,72.96707512937486,2.7880352195803697,2.3637914725777227,0.2313500088644011,7.3608913372282405,0.4214442125872677
Energy_Generation_Focus,264,20,21.67907824141513,8.797216089233793,72.98570585161448,2.858988563334404,2.369642297630198,0.2332844394922458,7.361794764488005,0.432784585649192
Energy_Generation_Focus,265,20,21.642059038179404,8.955783139881547,72.99274429917335,2.8868075758617713,2.3690466413688407,0.23780680040129534,7.355062437094238,0.44417435897519686
Energy_Generation_Focus,266,20,21.751030113218594,8.903736140201753,72.94832027107478,2.866543900731721,2.3716873779473824,0.23635050527807341,7.355666469295974,0.4375506944710353
Energy_Generation_Focus,267,20,21.621825376396135,8.93159182009649,72.99115570031105,2.8182763310522314,2.367597926002927,0.23755013873853623,7.359602492810227,0.4317933556593322
Energy_Generation_Focus,268,20,21.321640336577836,8.690864191212409,73.03178675033152,2.749002279747823,2.358637685934082,0.23070574575470082,7.351007333705202,0.42524384842796537
Energy_Generation_Focus,269,20,21.354326144847395,8.880540535945789,72.97108051910996,2.8546781180855083,2.3589914104808125,0.23547139186299365,7.350159748757724,0.4291862096089692
Energy_Generation_Focus,270,20,21.118231666826542,8.631587721092359,73.08736640125514,2.721917420921681,2.3528517664503306,0.22899312716730705,7.347578498469666,0.4245639877542237
Energy_Generation_Focus,271,20,21.237260074464754,8.932951807795861,73.1204480124265,2.760587820951049,2.35701868920587,0.2378162478916807,7.352545360275545,0.4311908550994623
Energy_Generation_Focus,272,20,20.774106883023716,8.742664420252803,73.2593880008161,2.6959488998670813,2.3438556967070325,0.23314496802262125,7.3485948695219125,0.4159461148012477
Energy_Generation_Focus,273,20,20.454315029240075,8.937698348886322,73.34827020555734,2.8358330327233756,2.3359636796358973,0.23966401035278587,7.323685114958789,0.40105922769174257
Energy_Generation_Focus,274,20,19.90449626587155,9.227193577928038,73.52739847689867,2.914955248104942,2.3211070264782756,0.24731634913474326,7.311138489255681,0.4206135362079526
Energy_Generation_Focus,275,20,19.883583942223694,9.60070937053549,73.60605016022922,2.978687965196782,2.3215726792206985,0.2572857774291768,7.304731898587197,0.4338697020714355
Energy_Generation_Focus,276,20,19.6681310644246,9.9525770130683,73.70627641089261,3.1174031801693434,2.3161735253361986,0.26676839061061314,7.301897547305562,0.4466611626476508
Energy_Generation_Focus,277,20,19.751611001616805,9.846194682349067,73.67267646625638,3.052115623678859,2.318762614838779,0.26420299581193807,7.294700327704194,0.44718363829404145
Energy_Generation_Focus,278,20,19.929190920838288,9.698990883777151,73.51365060947835,2.9492610836650526,2.321753004938364,0.26138081231478594,7.3121690803021195,0.43124826763059176
Energy_Generation_Focus,279,20,19.726832918652036,9.548702995659776,73.56532167352735,2.8648820256995156,2.316589858867228,0.2568693660343514,7.290747497333214,0.43713109275497514
Energy_Generation_Focus,280,20,19.380502020340536,9.303260912630115,73.54892358019949,2.7692780811099764,2.3056619897653583,0.2512127939213062,7.284311106068489,0.4165161878357894
Energy_Generation_Focus,281,20,19.483113438241936,9.147243657741775,73.54209379732609,2.827984074831948,2.308166035572067,0.2466086954738419,7.298774179024622,0.39896464589628294
Energy_Generation_Focus,282,20,19.543837935459585,8.99044731767437,73.47802476562559,2.8211829342301664,2.3087572760810144,0.24144253238328015,7.311681658474262,0.40104543831794687
Energy_Generation_Focus,283,20,19.18752749488855,8.909646510829221,73.48073916979135,2.7821089055825188,2.297401452874765,0.23962456727261675,7.308302970174699,0.3943759451481541
Energy_Generation_Focus,284,20,18.748713158693217,8.444445534733877,73.62422709688545,2.681915843573472,2.2857037919573484,0.22683737689516098,7.296308568855747,0.3896137696863494
Energy_Generation_Focus,285,20,18.50104613226217,8.426910519750605,73.78761419177056,2.6927103522467846,2.2796235925669315,0.22565672063082726,7.297708757376531,0.39866585291366124
Energy_Generation_Focus,286,20,18.14929361578023,8.749278210553163,73.85889253273606,2.843045937821827,2.2699506832286716,0.234005255152134,7.277260003387928,0.39835121709827026
Energy_Generation_Focus,287,20,18.040719416879487,9.178821318602518,73.92362081617117,2.8339278379417867,2.267772088127676,0.24836727818202403,7.2727443294948895,0.4036147006614485
Energy_Generation_Focus,288,20,17.724070742854884,9.35055981304845,73.99241237848997,2.7938915030101277,2.259426565915346,0.253359954220516,7.250485560046509,0.42218156267416995
Energy_Generation_Focus,289,20,16.870013166324288,8.940215251377623,74.24779273107649,2.7193589042579767,2.236544004557654,0.24133280324162984,7.220289974291809,0.43782927780416614
Energy_Generation_Focus,290,20,16.45209943887772,8.609019957053839,74.3040555755794,2.6762276878315423,2.2242159353196618,0.2318893701290861,7.208414073036984,0.4303515588367369
Energy_Generation_Focus,291,20,16.35298662893043,8.707365630318144,74.43406415499746,2.566560368415934,2.222839762987569,0.23606954133111874,7.203714125740808,0.43133311033593336
Energy_Generation_Focus,292,20,16.491611909907597,8.646269931898031,74.384322437495,2.4887289257129614,2.226296032080427,0.23429403501536655,7.215583374826238,0.4401724752106714
Energy_Generation_Focus,293,20,16.74688171271162,8.519846195820742,74.1791914664954,2.489101648369883,2.23126468423754,0.22939036473271532,7.225502008819021,0.4380778999717679
Energy_Generation_Focus,294,20,16.719139197445305,8.6019045014818,74.10425897859037,2.557580584853319,2.22971426199656,0.2311329418095559,7.224107472794131,0.4370515530737481
Energy_Generation_Focus,295,20,16.95195194259124,8.800440736520608,74.02820147320628,2.6013411768925705,2.2360340642649676,0.23623273679712206,7.229266262133606,0.4421690207077439
Energy_Generation_Focus,296,20,17.056515764952216,8.745248805170881,74.033763544783,2.5159801093306373,2.2394181168917564,0.23483056251384718,7.227884456557222,0.44253369995335573
Energy_Generation_Focus,297,20,17.06057381463926,9.017314826486897,73.93165359035135,2.585650427490486,2.238479327764362,0.24238020096921872,7.226550645856188,0.4512262938656001
Energy_Generation_Focus,298,20,17.00406570584194,9.194998325849078,74.07523304790259,2.5780255268977594,2.239078397222329,0.24858574606745268,7.2125845636893064,0.44938350503334407
Energy_Generation_Focus,299,20,17.05931590523905,9.212856291906867,74.13116951875388,2.5904379394129116,2.2414289509027734,0.24876075977680112,7.214270407689473,0.4540377185273315
Energy_Generation_Focus,300,20,17.280066501918594,9.623733564239101,74.19739571139216,2.6586499434748867,2.249268502187915,0.2616457751780883,7.216452322620898,0.456719487215245
Energy_Generation_Focus,301,20,17.515584442494976,9.746977946385853,74.13508798800409,2.6436005278075974,2.2561129126744346,0.26555985494460993,7.216574682435021,0.45562866786119083
Energy_Generation_Focus,302,20,17.250884774801207,10.181820472094374,74.18198913656175,2.7130903545893386,2.2489694263832645,0.27816491113705466,7.2027603985182935,0.4678668690067723
Energy_Generation_Focus,303,20,17.373700757316215,9.853666849930477,74.09652520053089,2.6573434032628858,2.2517919618904125,0.26836008028570413,7.2033420687855685,0.4631124379157589
Energy_Generation_Focus,304,20,17.357478793987603,9.852237888238317,73.96440795764326,2.753517571832634,2.2497855761833487,0.2680455820501331,7.2042234489298425,0.4539191417035467
Energy_Generation_Focus,305,20,17.388859970789632,9.707718991651111,73.91961354836822,2.7364361424830275,2.2499139834055675,0.26528750628544256,7.214432178110583,0.4342623987442436
Energy_Generation_Focus,306,20,17.551506674302942,8.958019890053933,73.86909286081791,2.6089391442131866,2.2548523218533956,0.24414608917439734,7.211907048099674,0.4229068147105036
Energy_Generation_Focus,307,20,18.23154515683129,9.005042074461434,73.71500124007464,2.676639349567401,2.2728786865202713,0.24512023401299077,7.248852207150776,0.4073509945452606
Energy_Generation_Focus,308,20,19.00314548003734,8.85042222670007,73.40533928006887,2.6141622608953856,2.2931016047135926,0.23961484417085252,7.2646673855371775,0.4160280512457333
Energy_Generation_Focus,309,20,18.80471494353301,9.153296852234249,73.42392968155443,2.811792739686338,2.286787843536003,0.24824149793170935,7.271617588719236,0.40235850035973575
Energy_Generation_Focus,310,20,18.059271101019494,9.282854441224368,73.61116653352977,2.826319820527259,2.2666624679043887,0.2535207631198637,7.244249703832902,0.40429340197706354
Energy_Generation_Focus,311,20,17.794878077330218,9.095714472631421,73.69076833315194,2.717551450364032,2.2606172779190823,0.24935690146604972,7.220506964179222,0.40975953011959537
Energy_Generation_Focus,312,20,18.083219143447405,8.84364304731036,73.50016561999917,2.6366143471697527,2.267720931044314,0.24186021402898988,7.216514624550473,0.41327329453972206
Energy_Generation_Focus,313,20,18.626470926989438,8.876662690876435,73.42732050321996,2.7302881116900304,2.2836213528155347,0.2414122611128898,7.232891088710167,0.42369876249435684
Energy_Generation_Focus,314,20,18.325345250544075,8.77819655730273,73.5283059515804,2.767033773818937,2.2754001865157627,0.2380820656221606,7.227083368214953,0.4203365928182757
Energy_Generation_Focus,315,20,18.4441921697972,9.010666233028084,73.48542899549008,2.8004978684148636,2.2795659467675433,0.2445079213812364,7.208343956147291,0.4246998912139994
Energy_Generation_Focus,316,20,18.3639248644605,8.875331463777535,73.44886702530087,2.7958467225487085,2.276122038725298,0.2404627987845539,7.212635429956717,0.41553599977188316
Energy_Generation_Focus,317,20,18.18102632424175,9.080260111570249,73.41705925501883,2.7945445942395923,2.270100938937976,0.2469046382648188,7.205673619726731,0.41413987789848355
Energy_Generation_Focus,318,20,18.433337733926443,8.816818566014918,73.36602865710854,2.7755031983538063,2.2770992665400263,0.23874362818268965,7.218326423413819,0.4122732339973795
Energy_Generation_Focus,319,20,18.50209407026717,9.000294850853894,73.40111259132624,2.8813299491496513,2.2781440616573674,0.2423804077416898,7.238992096896982,0.40667963600336415
Energy_Generation_Focus,320,20,18.329167349033447,9.027617732523037,73.42242005459964,2.9706246961862632,2.2731308095064016,0.24230227348634498,7.23259980762261,0.4042880737117138
Energy_Generation_Focus,321,20,18.59965982511048,9.807463677745783,73.37055213190615,3.222366720569408,2.280443392479792,0.2625542766665802,7.243628202506807,0.4293945703875586
Energy_Generation_Focus,322,20,18.710336719108263,10.200998372760639,73.30114499755203,3.255252317797202,2.2830978519003837,0.2740131100015646,7.24622738991282,0.4454523098499567
Energy_Generation_Focus,323,20,18.76075770850948,10.368502311142972,73.26028159089387,3.2636043251280586,2.2842708727414722,0.27887909116628573,7.245430715561379,0.44591090681308615
Energy_Generation_Focus,324,20,18.344769813743135,10.153642079701184,73.45794069945812,3.2059340574186774,2.2735484598239415,0.2730553211131274,7.23846751614241,0.44227275297337404
Energy_Generation_Focus,325,20,17.885912257915475,9.82956726707486,73.66176242388785,3.0937374012441805,2.2621362593141385,0.264780822706146,7.2214497264008966,0.43692792491428023
Energy_Generation_Focus,326,20,17.630494454548465,9.766101735922811,73.67412855826318,3.052610916693566,2.25317353956867,0.26151002542525653,7.23494641879457,0.45561803732059736
Energy_Generation_Focus,327,20,17.79306101232845,9.434642907075139,73.66120158553124,2.9808324271454683,2.2580047323927284,0.2529179630241972,7.244343252540565,0.4352515904205243
Energy_Generation_Focus,328,20,17.912582701639263,9.057417467487056,73.63067615330219,2.784528230224363,2.262439575237222,0.2437659443149824,7.222940873284824,0.42791223931070993
Energy_Generation_Focus,329,20,17.994165300854693,8.904806883149037,73.64499338500202,2.719207103254454,2.265202756998042,0.24022260320858527,7.226877838794826,0.4247081353516355
Energy_Generation_Focus,330,20,18.295424766751267,9.082143394303289,73.48671010412275,2.7190650152063927,2.2719411086384205,0.2447590848496784,7.248986698046792,0.43079703837800165
Energy_Generation_Focus,331,20,18.33477421175908,8.700649175143152,73.52135378055274,2.5473016072997674,2.273752390212612,0.23512495086357846,7.247983431509928,0.4265676079691429
Energy_Generation_Focus,332,20,18.31128953442208,8.715422460476386,73.41759611204267,2.6122944809907613,2.2717710313911086,0.233626951020914,7.250248152693966,0.44264339432835165
Energy_Generation_Focus,333,20,18.2653026675805,8.75205646755542,73.45010609216988,2.594704261600678,2.2712225869705436,0.23484232827056878,7.245174031249481,0.45054163946485914
Energy_Generation_Focus,334,20,18.497864974913202,8.530528550549615,73.42823606543243,2.5095728052318806,2.2776163057331,0.2284950036829948,7.258793234471232,0.44778654002287377
Energy_Generation_Focus,335,20,18.97678475603265,8.750404928920211,73.29092197023331,2.5336376199736885,2.2905943739078793,0.23466710420574305,7.269605347580727,0.4515065634480425
Energy_Generation_Focus,336,20,18.688178754493112,8.382720067701012,73.45206992864608,2.342641508344817,2.2837731054006145,0.22511902551411914,7.2570898224134,0.4522245378315589
Energy_Generation_Focus,337,20,18.575328454382596,8.83708663389268,73.36340137206018,2.5447426593025146,2.2808624797686936,0.2377005715242277,7.224948199796491,0.45665769436909576
Energy_Generation_Focus,338,20,18.273177861372393,9.264936146265304,73.3691487315297,2.70500583347963,2.2725517244124784,0.24933711742100592,7.202134627550841,0.4748146645275027
Energy_Generation_Focus,339,20,18.15725646957454,9.639318139385988,73.46686130814254,2.86075307656115,2.2688080836011797,0.2573967110612128,7.217217879646341,0.4896848083155089
Energy_Generation_Focus,340,20,18.09750128152889,9.97006173789133,73.44202244780958,2.896122792824018,2.26786989449407,0.26675059244210214,7.198168544702931,0.5144528852802667
Energy_Generation_Focus,341,20,18.230163323463024,10.064240596172782,73.4593119673431,2.9263197022708187,2.2727976834913717,0.26966746588331025,7.191245688507334,0.5154572608632416
Energy_Generation_Focus,342,20,18.250806856579754,10.306581686176337,73.46216782867909,2.9881380195019083,2.273530329351197,0.27705019099399664,7.187862340115825,0.5081212380799198
Energy_Generation_Focus,343,20,17.552707592458237,9.937757077239812,73.65309042662382,2.880732632721852,2.254366672586184,0.26910352801007753,7.16458190044621,0.47258015573210194
Energy_Generation_Focus,344,20,16.56072428649623,10.028670716240313,73.90168928101659,2.812535231705251,2.2270667282195062,0.27175834557863016,7.120560887216416,0.4789123671966216
Energy_Generation_Focus,345,20,16.095515224481904,10.329533619930823,74.02547635003924,2.8211286236660467,2.2145598835125564,0.28048350014966095,7.098963295677677,0.4936985988221546
Energy_Generation_Focus,346,20,15.015229592492474,9.9382151788996,74.33705479316413,2.702605656335228,2.1856091268180173,0.27029284008718696,7.056508621429676,0.48738896454267233
Energy_Generation_Focus,347,20,13.858013916610242,9.089616426016134,74.60563911207021,2.5267335312095605,2.152701658140868,0.24409168454258445,7.026277904491872,0.49175316770928595
Energy_Generation_Focus,348,20,14.279948299872185,9.192583192323985,74.47060526587069,2.63032244535616,2.164179250858724,0.24533896549382223,7.032282196301966,0.49554789575811453
Energy_Generation_Focus,349,20,14.43538524972403,9.628534751956503,74.42540010422468,2.759521305020841,2.1691612291056663,0.25630281585001374,7.025654578134417,0.5170124454060661
Energy_Generation_Focus,350,20,14.486217612036437,9.654650025000178,74.40996466726065,2.7598363135445823,2.1715078658657148,0.2560162012729108,7.006530026192777,0.5350555422386558
Energy_Generation_Focus,351,20,14.899275152384325,9.97017933833038,74.24236369363965,2.856218609404428,2.1826462195499334,0.26386039020119073,7.014682324219029,0.5536751386924526
Energy_Generation_Focus,352,20,15.173092294195616,10.13348476974748,74.10484812140464,2.834651333509732,2.189252377524972,0.2689757688646757,7.028193296715616,0.5592809001880886
Energy_Generation_Focus,353,20,15.312666557454026,9.83441849272036,74.14302686221897,2.7623233835800605,2.192766444773879,0.260141630901654,7.058892066057306,0.560260722981402
Energy_Generation_Focus,354,20,15.12420973031609,9.662499121854314,74.18838769547641,2.5723161330767423,2.1879616652199183,0.2580158113558112,7.055290725321102,0.5552676725377762
Energy_Generation_Focus,355,20,15.250953845393889,9.28926756450586,74.03565733112394,2.5808466097293614,2.1899538162210956,0.2483791355675309,7.068492811447941,0.5344325762316575
Energy_Generation_Focus,356,20,15.235670356392168,9.366821966682348,74.01684323228895,2.6475643003404987,2.1890564970683775,0.24917362153431902,7.072774671817896,0.5465007913093173
Energy_Generation_Focus,357,20,15.304549104166886,9.475985735654698,73.95549129039048,2.6436361296070205,2.1904049939592367,0.25208931798428796,7.071363854319789,0.5490870689468575
Energy_Generation_Focus,358,20,14.944084706777328,9.36633560646508,74.03417843423783,2.536422164290407,2.1806377635151146,0.24886191307902963,7.053805772573687,0.5620545016742017
Energy_Generation_Focus,359,20,15.076048698108817,9.406955198152556,73.93356100462377,2.5466071162107107,2.1837562843225897,0.24979313386677943,7.053753007180058,0.566175720317611
Energy_Generation_Focus,360,20,15.501993905325113,9.743849690288883,73.81541035212577,2.5721917882428817,2.1943908042181284,0.2611095163532838,7.087154580455971,0.5489522513780815
Energy_Generation_Focus,361,20,15.417745326675984,9.8001147848196,73.93505936741829,2.4733739404282575,2.1961805710010234,0.2627513524128269,7.034246314750052,0.5876949608684157
Energy_Generation_Focus,362,20,14.895485584233944,10.370708078511973,74.11542441546916,2.5856865432386558,2.1820841236645356,0.28005725333002734,7.02352896456141,0.595105337307357
Energy_Generation_Focus,363,20,14.55402440255131,10.11697548761541,74.26837919101119,2.584394239708484,2.1718405712302777,0.2753048461341253,7.037552530672402,0.5464209014862605
Energy_Generation_Focus,364,20,14.006536026821175,9.88091261646368,74.49763736605644,2.5819956507396493,2.1580761257745324,0.26658178866814475,7.013458443218842,0.569479837979975
Energy_Generation_Focus,365,20,14.004321280686915,9.828785002932028,74.48399283945561,2.5563626923060974,2.1564507029764353,0.2655843148589991,7.035806201184168,0.5504305907649352
Energy_Generation_Focus,366,20,13.867834298701748,9.779360685853014,74.46206447020174,2.651529822139035,2.1522549263294786,0.26168478338995677,7.021927702901886,0.5590659800689407
Energy_Generation_Focus,367,20,13.936297870461038,10.437183404976382,74.36412129640578,2.816636804159266,2.153484097886831,0.2784579573931809,7.019860805580393,0.5928658410691439
Energy_Generation_Focus,368,20,13.848494035325519,10.494145681570387,74.38893008083105,2.836228112455874,2.1507726248167454,0.2806793982096147,7.022500976286828,0.5824163172917536
Energy_Generation_Focus,369,20,14.083866751792772,10.549572007382048,74.3519874933362,2.8719196003085288,2.157476487727836,0.2830923434162746,7.035027959248983,0.57507418425115
Energy_Generation_Focus,370,20,14.633414642842936,10.625965606472494,74.14821508534253,2.9026557004601177,2.1721400601789354,0.2856873992458362,7.0539544938597825,0.5722901282734651
Energy_Generation_Focus,371,20,14.624067557816932,10.658113803017782,74.14253370128571,2.942697588968784,2.170719934888184,0.2862970871250591,7.070617217044346,0.5624829016476635
Energy_Generation_Focus,372,20,15.088905058618767,10.816230187185031,73.94077981866897,3.0422054726906453,2.182175334681524,0.28957043200604593,7.09189293048461,0.5657468370363767
Energy_Generation_Focus,373,20,15.414858788444059,10.98646362227619,73.83582623668015,3.1057047429764317,2.1900983558408917,0.29430544951468895,7.123600528975949,0.5694615228835375
Energy_Generation_Focus,374,20,15.434663154261097,10.976105058307155,73.82282632544636,3.0937722418372373,2.1902989668259396,0.2944566211037655,7.131976414234377,0.5657358431069757
Energy_Generation_Focus,375,20,15.522814538337604,10.955668014189701,73.75831455379725,3.101046272412997,2.1919505896931515,0.2935212019115173,7.137772530165966,0.5645774404904034
Energy_Generation_Focus,376,20,15.314469851468393,11.273483365706106,74.02776435047387,3.209030291640979,2.1884245078545064,0.3013292703490326,7.124223111635073,0.5712175483587049
Energy_Generation_Focus,377,20,15.251756309683216,11.546320666993521,74.10591686189176,3.323009592783201,2.18727987928316,0.30849157813270117,7.121395967993886,0.5782972508091816
Energy_Generation_Focus,378,20,14.80178828347908,11.233401905505199,74.26081964507699,3.2701435662416163,2.175165225919336,0.29941773491322865,7.108917844472453,0.5726054618035814
Energy_Generation_Focus,379,20,14.778108852167453,11.276797827211889,74.23780022993684,3.313108978738399,2.1742142672743645,0.30001031806201167,7.106692267050967,0.577213204458366
Energy_Generation_Focus,380,20,14.444048458536694,11.240682041779444,74.38394894614815,3.3206336465984965,2.165714135784656,0.29889279426606835,7.095866669891402,0.5780777073950001
Energy_Generation_Focus,381,20,13.474156351909244,10.703779835483857,74.63415917873382,3.154716506261053,2.1386231574602426,0.284519549224632,7.074903936367482,0.5683894444788284
Energy_Generation_Focus,382,20,13.405952106766412,10.63643506473784,74.62042104795576,3.232168582237489,2.136459246687591,0.2816717397739345,7.069754456607624,0.5641708614739631
Energy_Generation_Focus,383,20,13.815727195535024,10.861874940899353,74.42985523745418,3.28516573006689,2.146866891924292,0.28765800876860703,7.078075745264068,0.5651909800110774
Energy_Generation_Focus,384,20,13.81472773045422,10.854099348312017,74.4178372746706,3.296993392668319,2.1468787379562855,0.2873253019386398,7.074499532869086,0.5651105764782551
Energy_Generation_Focus,385,20,13.827223283216508,10.543292200667949,74.41124481320381,3.16620262188036,2.1469746066257356,0.2788480931492565,7.079071827605366,0.5608789490856676
Energy_Generation_Focus,386,20,13.36393553279729,10.15938010151209,74.58025566786527,2.996812991036473,2.1348629139270634,0.26870353352386633,7.059642966715619,0.5528408640724807
Energy_Generation_Focus,387,20,12.249462389500332,10.488466869846713,74.77875437565147,3.1017065475836687,2.10295829412702,0.2781422104181393,7.02814223640773,0.5509869325354879
Energy_Generation_Focus,388,20,12.051766653607046,10.625351736274219,74.85913127556444,3.0975521561513237,2.098555242810398,0.2812394468514062,7.006477555893362,0.5723073216059519
Energy_Generation_Focus,389,20,12.649984781000894,11.035169032466762,74.73626932926476,3.2051319658506774,2.1157023363607004,0.2923515225244482,7.018611323325895,0.5862366652913623
Energy_Generation_Focus,390,20,12.07457054787483,10.750342912495876,74.96064788103104,3.1139108774429123,2.100644431356341,0.2848902196716413,7.002332530478016,0.5801344408297543
Energy_Generation_Focus,391,20,11.840822305158737,10.649608210932467,75.00586025625468,3.106714015211512,2.094046390717849,0.28165747234413446,6.995071053979919,0.5811494207269784
Energy_Generation_Focus,392,20,11.092399199657361,10.22220864690711,75.17463693395257,3.018285673359972,2.072453161012381,0.2700659540559584,6.994573643626646,0.5777563398450264
Energy_Generation_Focus,393,20,10.892085478777219,9.935673701716828,75.3078429095447,2.9521201253717906,2.0673264137562364,0.2625239892390032,6.995258912798017,0.5597395379473539
Energy_Generation_Focus,394,20,11.015611889620342,10.178901484450895,75.2361946696043,3.016303956421452,2.0707902194000782,0.2687476465543972,6.991414876952767,0.57752212879061
Energy_Generation_Focus,395,20,11.122695055893391,10.178869598953538,75.2095237082243,3.0459258736335757,2.073854337837547,0.2679308283357318,6.989216361930593,0.5789437062491023
Energy_Generation_Focus,396,20,10.75603317825565,9.850710532579457,75.25121675252915,2.9537550586995125,2.063032292518765,0.25905033388268456,6.98491504575126,0.5742792851157675
Energy_Generation_Focus,397,20,10.862823954687105,9.709910176012905,75.14769321247935,2.8602467910162956,2.064899050891399,0.2550645506432839,6.993214725200088,0.5747391933813644
Energy_Generation_Focus,398,20,10.564427825329124,9.729352957266011,75.4064843185246,2.9180985990869424,2.058608004190028,0.2559807840986155,6.986844904283062,0.5736989653515359
Energy_Generation_Focus,399,20,10.942461655096643,9.763284700303979,75.35338360488414,2.909898193639811,2.0694118722155688,0.25677726236161325,7.002456199992449,0.5817090331973904
Energy_Generation_Focus,400,20,10.55219083580049,9.170816584845388,75.52603154718875,2.6870215584087718,2.0589739060215653,0.24080726587973944,6.999618843663484,0.571178221044999
Energy_Generation_Focus,401,20,10.385309397939135,8.976234629461098,75.55823897182941,2.6313814002876454,2.053916610497981,0.2358124055737169,7.003424058314413,0.5643368342814097
Energy_Generation_Focus,402,20,10.433786158592914,9.040246962266338,75.52736589252949,2.6499052478710237,2.0551214552856982,0.23751173233755501,7.002543599102646,0.5648183393841667
Energy_Generation_Focus,403,20,10.697359387471371,9.273452430378535,75.48343763381243,2.677665078646139,2.062701456472278,0.24428261678964738,7.009939776342362,0.5706844038530582
Energy_Generation_Focus,404,20,10.619363413648797,8.94079401031123,75.59314799189568,2.5063679454237073,2.0615527540259064,0.23571491771904815,7.005845566941426,0.5633589669951662
Energy_Generation_Focus,405,20,10.554311711714792,8.768233973112311,75.6063218086958,2.5015698627385707,2.059967186171561,0.2304415996984175,6.997828131355345,0.5606485005124238
Energy_Generation_Focus,406,20,10.975528267732594,9.56740085166314,75.40105837360025,2.7875847506833216,2.070803617257625,0.25270874822810885,7.007810619734228,0.572069114607246
Energy_Generation_Focus,407,20,10.826620017783846,9.62479854788841,75.41900757178664,2.8276958677715296,2.067154794437811,0.2542006093512127,6.98618414756842,0.5669871543652256
Energy_Generation_Focus,408,20,10.256675747277628,9.5963145698711,75.46794070124626,2.898633985907278,2.0515158314164728,0.25333267747482635,6.948637342997827,0.5678906563638149
Energy_Generation_Focus,409,20,9.90509679875693,9.715401292201705,75.47147004842758,2.898776349311035,2.041656763628125,0.25739366941851644,6.926965292841196,0.5802281844713055
Energy_Generation_Focus,410,20,10.143151011478777,9.847422480462441,75.40419647678733,2.9609143766849675,2.0487260388582946,0.2600987305401701,6.9200499778613445,0.5866361431615856
Energy_Generation_Focus,411,20,10.460364547579537,9.868527795362102,75.37593105018138,2.999267018099683,2.0579001724720003,0.25950339675948414,6.928496675807983,0.5841664748873855
Energy_Generation_Focus,412,20,10.639955737490004,10.198572642579899,75.46931917347014,3.0260314083985587,2.0633653641771525,0.26872608328676906,6.946632829527371,0.586210576887357
Energy_Generation_Focus,413,20,10.733381965712635,10.254310467910374,75.43681529790163,3.0917302608362522,2.0657390229403974,0.2696968195617328,6.954144333377481,0.5910156672856599
Energy_Generation_Focus,414,20,9.398420226531872,9.985361394437975,75.58020457535983,3.0339408173979248,2.0280618262663483,0.2642343826227591,6.89195419775322,0.5762000654560943
Energy_Generation_Focus,415,20,9.63833470005194,10.080402031518082,75.49498881593347,3.015322136761371,2.033769020624459,0.2671627241586767,6.912477666446939,0.5711717849716317
Energy_Generation_Focus,416,20,9.845429234682008,9.728689213788543,75.43869070261717,2.9441943074546337,2.038434429662302,0.25785138104591454,6.945262644281611,0.56230413065491
Energy_Generation_Focus,417,20,9.824861269062156,9.60351988420006,75.5106000997126,2.873368911994439,2.037727567460388,0.2544748504980439,6.959642472825945,0.5556585982389011
Energy_Generation_Focus,418,20,9.999921735047813,9.501083735365576,75.52841693356633,2.8889388235629494,2.0433215859718623,0.2513104602456774,6.964077749112621,0.5561320535522971
Energy_Generation_Focus,419,20,10.066732829976914,9.687435084400873,75.53491550147534,2.9662265637569694,2.0451738650817424,0.256840460666439,6.970791172515601,0.5478031690370433
Energy_Generation_Focus,420,20,9.995909514736653,9.597517928234947,75.61801373288036,2.9706746672527693,2.0438992164283993,0.2541472184037089,6.965128022725693,0.543390067760467
Energy_Generation_Focus,421,20,10.130537875232996,9.98855367744795,75.66076386868954,3.0297789995641717,2.048944287030026,0.264376100035876,6.955012406539171,0.5620065350013496
Energy_Generation_Focus,422,20,10.11077168788059,9.904781423486888,75.6934588561952,2.9848676368233478,2.048402283154428,0.2625076857354679,6.962957817623392,0.5575827917760594
Energy_Generation_Focus,423,20,10.659534186758682,9.950281112285412,75.59279979236423,3.026803348811373,2.0638938592979685,0.2656032820951346,6.984870609245263,0.5330249332441923
Energy_Generation_Focus,424,20,9.794824177048955,9.654021921804128,75.64275714486837,2.914533508331901,2.037631054362282,0.25655300498679634,6.962874882398173,0.5274489945256362
Energy_Generation_Focus,425,20,9.738713847690356,9.624032565673524,75.65411002844573,2.8320171878187845,2.0355309293046595,0.25716198824506364,6.970470059569925,0.5160388835285875
Energy_Generation_Focus,426,20,9.25443452394946,9.346093902400716,75.74752498954534,2.755582027428256,2.0224946534540504,0.24834264723246643,6.938001444414257,0.5181080405536291
Energy_Generation_Focus,427,20,9.079952395031892,9.406201637540308,75.81306199371815,2.7942156019292943,2.0173358958773315,0.2502548213847881,6.9444871144182985,0.5129039540778696
Energy_Generation_Focus,428,20,9.522301565240024,9.30403613911999,75.8340797072649,2.704186511206678,2.030839124396443,0.24751522345749882,6.960085536185652,0.5174070318450658
Energy_Generation_Focus,429,20,9.561302436776687,8.999118705254622,75.98517417103052,2.447876236456481,2.0335164138674733,0.2412146624006829,6.969134960882366,0.5183561638929259
Energy_Generation_Focus,430,20,9.532842599866957,9.22548099413567,76.03259553670884,2.5101893023872455,2.0336953234300017,0.24727572878380186,6.9541557927057145,0.5253054561200411
Energy_Generation_Focus,431,20,9.494183288027862,9.460971195556517,76.02390184283256,2.566669454078564,2.032441871035844,0.2537959619393126,6.951873605251312,0.530994346774431
Energy_Generation_Focus,432,20,9.40152608120576,9.83757513675917,75.96348072379827,2.684866273396331,2.0295276020094755,0.2627463930134236,6.936787800025195,0.5538624178961382
Energy_Generation_Focus,433,20,9.296257577143916,9.41082312553517,76.02934268295765,2.5635159798814127,2.0257424771413204,0.2514563653747032,6.961803502049297,0.5377171117975869
Energy_Generation_Focus,434,20,8.876873065715923,9.126831121406843,76.14358008742332,2.4610157823730794,2.015275352112949,0.24293531319576037,6.9318093569763,0.5547156716307987
Energy_Generation_Focus,435,20,8.886109782519542,9.296495155448433,76.14383859902621,2.500512500153805,2.015573104210198,0.24804489292298004,6.932509592436254,0.5581464479797068
Energy_Generation_Focus,436,20,8.531688082964845,8.834059593633905,76.23764461487532,2.3709500544531674,2.0050144665688276,0.23575961477413007,6.935766476932914,0.5347337701159629
Energy_Generation_Focus,437,20,8.539077273036686,8.700088434512699,76.23076711058617,2.3610196732845177,2.0052878431975842,0.23150893126944258,6.9346975482627755,0.5391788881448524
Energy_Generation_Focus,438,20,9.063391503446555,9.078488763509647,76.09337972730398,2.5177850196423006,2.019916739426553,0.24097007395003694,6.946649205125868,0.5526449250615695
Energy_Generation_Focus,439,20,9.329210810129219,9.552235582807462,75.97934713691473,2.6968331007725075,2.0273118451982737,0.2530594436090136,6.943711973372847,0.5709647919263032
Energy_Generation_Focus,440,20,8.613021914984197,9.212072060452911,76.12728596508502,2.5562971823930165,2.007763546779752,0.24426738223917097,6.906440993566067,0.5592181375279306
Energy_Generation_Focus,441,20,8.279900635842385,9.221294560359928,76.23401710405946,2.5566611737723806,1.9990066159982234,0.24443653158663958,6.891522957319394,0.5633821051752335
Energy_Generation_Focus,442,20,8.439102730979727,9.258556361812667,76.17953321695327,2.562438291920958,2.002844663597643,0.2459188449630688,6.902927934061736,0.552239731298989
Energy_Generation_Focus,443,20,8.646443725433306,9.379238248282865,76.07378788143396,2.556225427776006,2.0082815039157866,0.24951701375599414,6.905237892027944,0.5570786804374214
Energy_Generation_Focus,444,20,8.99830454419644,9.624168826711948,75.96406994611024,2.6737281927780856,2.0183588800579306,0.25517060326229324,6.901961526293308,0.5663019706071852
Energy_Generation_Focus,445,20,9.163875599036897,9.811813899348765,75.96470213592053,2.7613090670066227,2.0248107132688165,0.25850445697310726,6.876424182578921,0.5878700832940853
Energy_Generation_Focus,446,20,9.256411778981617,10.134755061739327,75.95929124027491,2.81413846384993,2.0288674794510007,0.2675052335082481,6.855323677062988,0.6025300540754671
Energy_Generation_Focus,447,20,9.247893713384485,10.057327017856318,75.96760491460562,2.809643626809094,2.0286255202256145,0.26513752130869367,6.855298906993122,0.5985229579607412
Energy_Generation_Focus,448,20,9.705693551492496,10.262277586031722,75.85435285121203,2.9207179869533357,2.041568632889539,0.2700633698209011,6.8668078271858395,0.6093924108901244
Energy_Generation_Focus,449,20,9.815455705509057,10.442479742305315,75.82089168459177,2.9802520035670343,2.0443308244273064,0.2751194403167268,6.874550434425473,0.6106597746662736
Energy_Generation_Focus,450,20,9.865061664952643,10.585366642348559,75.82187425941228,3.015799191009318,2.046033169403672,0.27913801948672706,6.872638932075351,0.6138295835730423
Energy_Generation_Focus,451,20,10.324636166218948,11.250673861123971,75.64350781083107,3.2180067022381884,2.0581455616280437,0.29789854222731355,6.883429823368788,0.6194219761912126
Energy_Generation_Focus,452,20,10.580231483848525,11.365714350890945,75.53695055246354,3.2408493327369636,2.0646786696463826,0.30188323568847814,6.894289476815611,0.6177456058224498
Energy_Generation_Focus,453,20,10.56060300225543,10.970795455251038,75.56676682204008,3.0980796914744433,2.0643212812580165,0.29167990041806746,6.894830735214055,0.6048152991914152
Energy_Generation_Focus,454,20,10.551062700145192,10.873792952826014,75.55692058801651,3.0928340793672504,2.064255441650748,0.28904186109428437,6.889455301910639,0.6020623379657334
Energy_Generation_Focus,455,20,10.967524573876164,10.803759271698693,75.49981562763453,3.0723091870146755,2.076162047367543,0.28716691677773215,6.903630539942533,0.5970240922766153
Energy_Generation_Focus,456,20,10.872344481979201,10.57563606429967,75.52928348571062,3.0624896054379844,2.074028852730989,0.28004975587063985,6.889914106521755,0.5961337389864698
Energy_Generation_Focus,457,20,10.815066860322014,10.792957318512943,75.56848612174392,3.2181363666591607,2.0731728297099474,0.28551136662966314,6.880767881572247,0.6016005348917113
Energy_Generation_Focus,458,20,10.50929074756228,10.727614699771271,75.70172664880752,3.2270976768592554,2.065317137194797,0.2836678654899155,6.871861003646627,0.6003407617579551
Energy_Generation_Focus,459,20,10.107746912951537,10.391693252506997,75.80206502780318,3.159645738758512,2.0542152561433613,0.274239047038133,6.8579304807353765,0.5897602273884054
Energy_Generation_Focus,460,20,10.00510684141283,10.415378183044606,75.81713574558496,3.1598016521161396,2.0512013694364577,0.27412115465229203,6.854667314458638,0.598673622119779
Energy_Generation_Focus,461,20,10.390520500905797,11.13075474963214,75.65995252385736,3.379772892777049,2.060805374551564,0.2924451832451188,6.87454155229032,0.6287014868384702
Energy_Generation_Focus,462,20,10.183171192699913,11.026013764126878,75.70008012831211,3.31841396291564,2.05512786867097,0.2900285622511671,6.865131405629218,0.626449160293929
Energy_Generation_Focus,463,20,9.489094039860927,10.731079355353069,75.86449551582336,3.1795089223172477,2.036323106698692,0.28294181955294917,6.8331926573626705,0.6153061439482921
Energy_Generation_Focus,464,20,10.372674793565448,11.003322901248705,75.69789636731147,3.2901336849163667,2.061171496324241,0.2894786428989847,6.869798005307094,0.6348694042907703
Energy_Generation_Focus,465,20,10.79317397815114,10.70482552017614,75.48871724873781,3.26274000389818,2.0719453060813247,0.2818349825126986,6.884853756194934,0.6228813734868939
Energy_Generation_Focus,466,20,10.810246472332668,10.522018260449606,75.43387813985348,3.197306703277151,2.071707532983273,0.27712373250314287,6.889582588085905,0.6151622203954478
Energy_Generation_Focus,467,20,10.978682358363361,10.531567620402368,75.41390574589371,3.2206368620445693,2.076773605681956,0.2783051593529046,6.8982295779045675,0.6144699076048485
Energy_Generation_Focus,468,20,11.215975823790576,10.836485606338046,75.32334993213415,3.2201626679903677,2.0826101775839923,0.2877582362775587,6.913618771210312,0.6181709289921652
Energy_Generation_Focus,469,20,10.965123989654055,10.806492956231297,75.35006199792028,3.18809468713103,2.0754424371011555,0.2867279622654254,6.902967327944934,0.62475874136619
Energy_Generation_Focus,470,20,11.002281184606336,10.86831853504798,75.33638455003499,3.2321071187848998,2.0764175288937983,0.28881372055004334,6.904896947089583,0.6190331627759442
Energy_Generation_Focus,471,20,11.441651899791792,10.589229919410526,75.32486562758683,3.1844838419596067,2.088207660894841,0.28147786884928266,6.9524072542600335,0.6107075720727586
Energy_Generation_Focus,472,20,11.479990278232524,10.531455874884095,75.38085908263922,3.177251386990171,2.089906000997871,0.27983369239097483,6.9538409393094485,0.6081041106205451
Energy_Generation_Focus,473,20,11.698614618446978,10.95323848008132,75.28957172110677,3.350894033721509,2.0958113746531306,0.29141371467612054,6.956818396616727,0.611294324649969
Energy_Generation_Focus,474,20,11.766423869354155,11.085564376262086,75.21586372360586,3.450640576899794,2.097709559947252,0.295340279902164,6.951343342298642,0.6118617366131917
Energy_Generation_Focus,475,20,11.656323603619771,10.97611692552971,75.26464889779687,3.4162417849706137,2.0949551228806373,0.29256502778831767,6.947706819074229,0.6104149258633552
Energy_Generation_Focus,476,20,11.663050871351174,10.924213482514483,75.27215930715204,3.412789910990546,2.0953103027865287,0.2910585080773428,6.947888632211834,0.6111364591121806
Energy_Generation_Focus,477,20,11.520350577983214,10.757396879385466,75.31017105147242,3.307968100633323,2.091152296261862,0.2863297023111675,6.9440911518037325,0.6105155490004303
Energy_Generation_Focus,478,20,11.46377256138477,10.820517763759803,75.34863146975637,3.36200745974913,2.090273618418723,0.2879402864553477,6.936531903278083,0.6145279293172441
Energy_Generation_Focus,479,20,11.42755777548796,10.765300098236938,75.38111816167832,3.2497503102001524,2.0894906659796835,0.28634665805952497,6.9308992033172405,0.6172499724944588
Energy_Generation_Focus,480,20,11.313955215798687,10.665248698085726,75.41731559425592,3.2066512896301527,2.0863237565848975,0.2835722152445465,6.928818935249001,0.6162506596564609
Energy_Generation_Focus,481,20,11.378175598896558,10.617013032734276,75.42431413397193,3.1633093624554434,2.0883421487919986,0.28259484762997256,6.9320460656192155,0.6159023426709476
Energy_Generation_Focus,482,20,10.78788625095456,10.155625776986605,75.6345979975164,3.1378786779876724,2.0722758498508482,0.2702233156062403,6.9216599510936065,0.594617725240503
Energy_Generation_Focus,483,20,10.758250317032957,10.07053381905711,75.63733480073512,3.146307646959549,2.0713492660503836,0.2681776795979684,6.92468676589895,0.5902402226635222
Energy_Generation_Focus,484,20,10.825784607278326,10.16105247129341,75.66701005637645,3.1751003124068964,2.0736993520054967,0.2705744518013231,6.928781244968995,0.5953070325219603
Energy_Generation_Focus,485,20,10.737406602861256,9.925211137780204,75.73133279718459,3.062881857667442,2.0717995466198773,0.2647071173630144,6.925868495698087,0.593405987158445
Energy_Generation_Focus,486,20,10.514755441451943,9.486182211067087,75.8263908329606,2.840200651451855,2.0663943123724313,0.25369013983338445,6.909418809423224,0.580465174673858
Energy_Generation_Focus,487,20,10.000480249938406,8.832863430536776,75.8635108499974,2.753131106069078,2.0508989069983365,0.2342974178869484,6.898045950381201,0.5713900468247417
Energy_Generation_Focus,488,20,9.720121527652067,8.90674627248323,75.82205010890961,2.899503984664294,2.041498867832124,0.23448417732538135,6.891001564273611,0.566320754464828
Energy_Generation_Focus,489,20,9.57260891689016,8.52576404173483,75.8162981416285,2.823034381461956,2.0367453086376193,0.223879753856744,6.892110204491765,0.5578135342476842
Energy_Generation_Focus,490,20,9.259721375281469,8.111276015193866,75.92599699988962,2.6848081188943955,2.028141075549647,0.21274408990621296,6.887546028150245,0.5482621104539999
Energy_Generation_Focus,491,20,9.129437888582695,7.958311857299644,75.96693921595812,2.653457645475125,2.0246098689897916,0.20871275956247431,6.884703721951228,0.5438476975809695
Energy_Generation_Focus,492,20,9.502463244805266,8.332292760899564,75.80532402172685,2.7620426641376823,2.0344914050400256,0.2193887129153426,6.893685311829904,0.546077252109264
Energy_Generation_Focus,493,20,9.783188472558567,8.711316604836485,75.72424887239933,2.8697659263334554,2.0429922167910264,0.2303051706223225,6.890045594607946,0.5497875595988102
Energy_Generation_Focus,494,20,10.072283198444012,8.771263675154636,75.53924119472504,2.808174415144701,2.050049826889299,0.23131303428787603,6.891260660160333,0.5602721015830386
Energy_Generation_Focus,495,20,9.92988493218423,8.609620838278435,75.5290617480874,2.830720145940222,2.045667256815359,0.22612100257274356,6.884961774894036,0.5571366631860927
Energy_Generation_Focus,496,20,9.74748927357422,8.4419067613786,75.57276374220848,2.7722772216520046,2.040312304692343,0.22106243763415726,6.880890216147527,0.5566772863015876
Energy_Generation_Focus,497,20,9.84180971689135,8.519710624350676,75.58594367042184,2.746905827970438,2.0428017540089787,0.22299784593541772,6.888549439487979,0.5601401714805738
Energy_Generation_Focus,498,20,9.767149663819756,8.519034094695902,75.58544003665448,2.76800420447219,2.040543013531715,0.22261196202294461,6.886030179094523,0.561893457461832
Energy_Generation_Focus,499,20,9.845628391599025,8.741597179104117,75.52754837632179,2.8725321066180567,2.0425883769243955,0.228364439739461,6.883654570169748,0.5652609508842994
Energy_Generation_Focus,500,20,9.730996974398208,8.552641364711995,75.53492839872837,2.8699977946787163,2.0391573829390106,0.22389604760579832,6.8830736442562195,0.5471416398948198
Energy_Generation_Focus,501,20,9.860411755162621,8.557813993249761,75.51461582317948,2.8443817662297928,2.0431998710893096,0.22343871098831133,6.880606314586475,0.5580040501046077
Energy_Generation_Focus,502,20,10.037307687111154,8.28648634426814,75.57387097768485,2.7553725028608054,2.04896081215702,0.21563292927577732,6.891021840549074,0.5600107510677785
Energy_Generation_Focus,503,20,9.85937585221036,8.111365307401766,75.63203252382576,2.6581341442786766,2.0438690438866614,0.21097359900094168,6.890650894092396,0.5598644260725468
Energy_Generation_Focus,504,20,9.527833985008956,8.08491733359718,75.67386352360248,2.6538973038020104,2.033963797586039,0.21027510407553734,6.888299292298034,0.5566693916286264
Energy_Generation_Focus,505,20,9.605785021190826,7.752678386449737,75.74136883944273,2.6083083573239514,2.036630051191896,0.2002906671998871,6.907279290994628,0.571385198299884
Energy_Generation_Focus,506,20,9.659863747220824,7.885384319629913,75.6670504951477,2.692160589663055,2.0384929614607246,0.203714396646831,6.887177252080292,0.5649201121388591
Energy_Generation_Focus,507,20,9.510462031194391,7.864303087508125,75.69249042116105,2.6762702143383112,2.0340940973162653,0.20303297682349092,6.886696989359334,0.5693952032583677
Energy_Generation_Focus,508,20,9.799092958154816,7.964227383672175,75.61065648525953,2.7004862337870597,2.041958766616881,0.2053847727055538,6.895674116313458,0.576201339165076
Energy_Generation_Focus,509,20,9.668813626531255,7.889270469976042,75.69000839680433,2.6073120776680354,2.038505229111761,0.20374142476730603,6.898277081809939,0.5799204280554435
Energy_Generation_Focus,510,20,9.704279030970582,7.994531291905909,75.61512838393449,2.709367561462901,2.0388971639610824,0.2068908441251408,6.900858838148414,0.5768928989393053
Energy_Generation_Focus,511,20,10.03939952840011,8.325301122983971,75.58885998502373,2.6842350753430213,2.048824002034962,0.21681546994085443,6.907675038836897,0.5826317072221093
Energy_Generation_Focus,512,20,10.317399472264523,8.581371178291356,75.5291757157445,2.756835934878698,2.0570269480720165,0.22363844795699553,6.907182680414989,0.5869892369708384
Energy_Generation_Focus,513,20,10.282512298420611,8.570384919975725,75.56755802839994,2.789791077870611,2.056447114124894,0.2245673836088788,6.914450741838664,0.5902273966410545
Energy_Generation_Focus,514,20,9.992634929784433,8.391781493232333,75.69253348365426,2.6993303903680363,2.0488780884817244,0.21993190132987725,6.9054748979117715,0.5845178143171343
Energy_Generation_Focus,515,20,9.632380454695138,8.407261098342358,75.78367435783147,2.6298296034197723,2.0389136019721628,0.22066948504928047,6.889253908265383,0.576860573402676
Energy_Generation_Focus,516,20,9.650932162637329,8.479267921688109,75.73598250776529,2.6628030842368515,2.0394564963132145,0.22315552777443282,6.8762573225609955,0.5694893993756888
Energy_Generation_Focus,517,20,9.493267948708588,8.262939883960836,75.79754578977824,2.612873785135372,2.0353699373453855,0.2170598096057811,6.869901472255587,0.5672890688103173
Energy_Generation_Focus,518,20,9.347877038606676,8.198598415485485,75.81291507005692,2.57490223225896,2.031308212354779,0.21538681443750357,6.862076890058816,0.5684373097036937
Energy_Generation_Focus,519,20,9.375575416346098,8.277692208355596,75.78281618267297,2.579374743600296,2.0317926621064544,0.21758297684787894,6.864441104866565,0.5701821431258925
Energy_Generation_Focus,520,20,9.420201724750225,8.366905121075702,75.7754935118556,2.6119524090587767,2.0331486875936386,0.21973312354602303,6.862062808778137,0.5717129406205762
Energy_Generation_Focus,521,20,9.383996508627616,8.257354134014276,75.80226249933243,2.591651942945267,2.032204159833491,0.21688180397550277,6.865782898981124,0.5699579296498968
Energy_Generation_Focus,522,20,9.21490516170618,8.321653209918336,75.83941324174404,2.5670806007753035,2.027298265360296,0.2189059733028772,6.864306884482502,0.5712868251450953
Energy_Generation_Focus,523,20,9.146543041504799,8.349776538430534,75.87949695110322,2.5316051091511853,2.0255501376837493,0.219553053583124,6.860140114407986,0.5718780228222643
Energy_Generation_Focus,524,20,9.16891217723488,8.247541255136015,75.86470713049172,2.5406803564211544,2.0260207721404733,0.21690599657923756,6.86363271649927,0.5661952527576115
Energy_Generation_Focus,525,20,9.146089092172675,8.378776260744653,75.84463116914034,2.559944370913149,2.0251852173171936,0.22016992092920343,6.86073903305456,0.5727949121169369
Energy_Generation_Focus,526,20,9.3789119315709,8.522227638862324,75.8108290836215,2.5755314381851213,2.0317112706787883,0.2240540602430075,6.867591214040294,0.5756722690366778
Energy_Generation_Focus,527,20,9.951002270223285,9.050818753493994,75.81864921212197,2.6625982933316816,2.049058218747377,0.24004080563444494,6.893817738238722,0.595345279565606
Energy_Generation_Focus,528,20,10.072511892185096,9.34070723956739,75.77944849759339,2.721006200295976,2.0523158547468485,0.24863675620140718,6.901678145620972,0.6019507345183023
Energy_Generation_Focus,529,20,9.86978677521924,8.977016723273143,75.85317181661725,2.789273002458068,2.0469945732317862,0.2372177469307782,6.8918867046013474,0.5891487342786936
Energy_Generation_Focus,530,20,9.820131793099485,8.786707585180688,75.81342633932829,2.8104522620996977,2.0448233446851374,0.23094302038447137,6.891112540364266,0.582560590402686
Energy_Generation_Focus,531,20,9.3907381766786,8.530297601365344,75.9249218839407,2.7373588536708366,2.032685839086771,0.22417299670083002,6.88432344943285,0.5768461165637961
Energy_Generation_Focus,532,20,9.20002925770844,8.611583577436441,75.97783278256654,2.7219765798883984,2.0275226303935048,0.22720560246143132,6.877905874662102,0.5753180136339896
Energy_Generation_Focus,533,20,8.979368180281474,8.624420129617965,76.01257748246192,2.6991668986813147,2.0213460364192724,0.22739010067142948,6.8668857216089965,0.579449741761869
Energy_Generation_Focus,534,20,8.970837690020437,8.734719606271826,76.01402027487754,2.711917645908002,2.0210233566910025,0.23055242594159864,6.867491468712688,0.5806709238730784
Energy_Generation_Focus,535,20,8.840439742949455,8.620130920864456,76.0547487014532,2.664002381257473,2.0175307193025946,0.22759061457422616,6.861620663907379,0.5772420081278509
Energy_Generation_Focus,536,20,8.71788206069745,8.632973555188967,76.05159311115742,2.672221100132362,2.014786970242858,0.2269785048297364,6.836458912231028,0.5877556291684041
Energy_Generation_Focus,537,20,9.479574141857686,8.575483239873297,76.02001007318498,2.6124492261405248,2.0364387144893406,0.22688708298517826,6.894917144663632,0.5852604580454727
Energy_Generation_Focus,538,20,9.586448832723265,8.495534288463862,76.0470281253755,2.524115331352233,2.0392644870467485,0.22539659580279486,6.917108226371928,0.5960396200316361
Energy_Generation_Focus,539,20,9.478011511889425,8.397738323895505,76.048482645154,2.464197776006518,2.035751764848828,0.2230303216317795,6.917648401446641,0.5915488877866864
Energy_Generation_Focus,540,20,9.542256709228678,8.313547128768036,76.03237830638885,2.4593238971748863,2.0372240139916538,0.22111752643385982,6.926211991719901,0.5820897178294291
Energy_Generation_Focus,541,20,9.656661539049376,8.190292675581317,76.03885162264109,2.4324809937749037,2.039767242092639,0.21930290571004665,6.949611982014031,0.5573609363028548
Energy_Generation_Focus,542,20,9.832087335674304,8.40322586538257,76.00043311089277,2.4542355016676067,2.0444369362853467,0.2256474734191449,6.960565820019693,0.558548721617338
Energy_Generation_Focus,543,20,10.063850317661554,8.496542906433906,75.91965052768589,2.5233764432319705,2.050833267364651,0.22826555193461945,6.958737703971565,0.5476827781121296
Energy_Generation_Focus,544,20,10.17298840199998,8.65372573092858,75.87036872535944,2.5071190807062065,2.053501764498651,0.23255919580943094,6.9617081000097105,0.5516066199115378
Energy_Generation_Focus,545,20,10.213459532323938,8.970776069746352,75.78061760723591,2.603368991151261,2.0539055194705726,0.24151734596516014,6.959786758571863,0.5515326186230006
Energy_Generation_Focus,546,20,10.111902436482882,8.965088248423005,75.7397014260292,2.6281894618022124,2.0504286109283565,0.24144489780507133,6.956413597613573,0.5498292066911045
Energy_Generation_Focus,547,20,10.116279049432496,8.949220397923952,75.67894356876612,2.6039690414411467,2.050004443470389,0.2408318423370871,6.954003555998206,0.5498194553641478
Energy_Generation_Focus,548,20,10.382413050966234,9.10270535972972,75.69808695092797,2.567957425347339,2.058481172453612,0.2458385195656029,6.95923712419346,0.55427118662849
Energy_Generation_Focus,549,20,10.57358565519323,9.279509588664776,75.64386213093997,2.614532856960816,2.0637630025297407,0.24988659940711952,6.958787118401378,0.5567643703417945
Energy_Generation_Focus,550,20,10.705180733282889,9.505902589114848,75.57019339054823,2.6631689486198145,2.067743111550808,0.2548948385376475,6.944079703930766,0.5721447101538487
Energy_Generation_Focus,551,20,10.78546884016896,9.73287995728781,75.54714319676161,2.7191300320155714,2.070710229743272,0.26026173769317185,6.934406163115054,0.5954201102985011
Energy_Generation_Focus,552,20,10.54010696791135,9.557923163279577,75.69529742002487,2.7453292283446924,2.0644167365878823,0.25511398424189585,6.938185388166457,0.5946186757935666
Energy_Generation_Focus,553,20,10.365768265534081,9.449330664565876,75.72525430500507,2.7315531269993945,2.059698298238218,0.25172625721645986,6.923463857173919,0.5897237547685091
Energy_Generation_Focus,554,20,10.307507061418967,9.416601428104684,75.73410229116678,2.7424295846842384,2.058094386868179,0.2505974882263694,6.918895473070442,0.5876086422687717
Energy_Generation_Focus,555,20,10.18394750249274,9.588767446370689,75.62957920581103,2.7158055734678963,2.052928063739091,0.255727288404979,6.919560517435893,0.5888637435483375
Energy_Generation_Focus,556,20,10.418466375419221,9.702210131722184,75.5935171815753,2.741248306847757,2.0597370490431786,0.2590601461605921,6.928404188808054,0.5933762817266645
Energy_Generation_Focus,557,20,10.46718521903971,9.849863119453731,75.56976170226932,2.782779022979408,2.0613003370538356,0.263487475394568,6.92291176551953,0.593123122698205
Energy_Generation_Focus,558,20,10.347625652314745,9.717135888611402,75.60524418696761,2.724449402651274,2.05826571084559,0.2598698902560269,6.914046124122106,0.5925135519721895
Energy_Generation_Focus,559,20,10.289885631974714,9.717389845137301,75.61620160624385,2.7424476436209244,2.056652016476728,0.2595488595296614,6.909858978111297,0.592038546986362
Energy_Generation_Focus,560,20,10.396899014336963,10.012759873270092,75.47287130594253,2.9789307527534827,2.0580591980554166,0.265803252969004,6.917585798306391,0.5973422664599376
Energy_Generation_Focus,561,20,10.966196760242873,10.560650689077422,75.20529149487615,3.155965543509793,2.072796500660479,0.2795792457004906,6.9273876149347045,0.6086309438787754
Energy_Generation_Focus,562,20,10.825039590490729,10.685941363541152,75.22446264877915,3.207410557266881,2.0685221063159407,0.2825713123210225,6.9246306483075015,0.6102972266814973
Energy_Generation_Focus,563,20,10.285906968878695,10.134664585006318,75.35513512060047,3.093597723167871,2.0533472280576825,0.26681414873811776,6.9114281828980895,0.6025936692826236
Energy_Generation_Focus,564,20,9.823924210889771,9.827723808159327,75.47857625886797,2.98680265953634,2.0410397165082395,0.25851732270505523,6.891711032474413,0.5999108047488179
Energy_Generation_Focus,565,20,9.57950611196887,9.896682029941454,75.55802382022142,3.015930555510011,2.0343595375213774,0.2608659233692266,6.886903339736163,0.5978653619981891
Energy_Generation_Focus,566,20,9.60677092342697,9.832116189235332,75.54983764022589,2.9967088852455137,2.035018738545477,0.2590520804991235,6.888454689811915,0.5948628968057033
Energy_Generation_Focus,567,20,9.095317451830406,9.19554818735924,75.72156932592392,2.8510663754970764,2.0209829180315135,0.24218045764805715,6.883845896879211,0.5840431815756348
Energy_Generation_Focus,568,20,8.662706550942525,9.482208634477487,75.81113946601748,2.9602430246439293,2.008915968351066,0.25098210787813874,6.873765361756087,0.5861790500814978
Energy_Generation_Focus,569,20,8.52757121919674,9.309774788638709,75.8638902786374,2.908362967641959,2.005670003090054,0.2461530456452346,6.858944544149563,0.5811489251637424
Energy_Generation_Focus,570,20,8.50653425261535,9.348775614729664,75.8616176778078,2.901475262890063,2.005249656699598,0.24742028980507536,6.857577829575166,0.5816390174519335
Energy_Generation_Focus,571,20,8.229341049448852,9.29599447475888,75.98361870288849,2.8252119687786896,1.9983081633597615,0.24766098813933834,6.845193299241364,0.5757418503573595
Energy_Generation_Focus,572,20,8.113196754229689,9.053070998268261,76.08100982397795,2.7118404131938036,1.996319586755708,0.24222969988407694,6.839476817380637,0.5738229825608081
Energy_Generation_Focus,573,20,7.992828852577634,8.745227887639835,76.11941839843988,2.6261355322545685,1.9929517566226422,0.2335941836441578,6.836366660567,0.5702032944798731
Energy_Generation_Focus,574,20,8.178772517044532,8.448022757019165,76.14159054890276,2.515020053257917,1.998188675828278,0.22541300436198217,6.855948046743871,0.5752907818608234
Energy_Generation_Focus,575,20,8.199996540840797,8.574844968806222,76.13902608573437,2.5568929612432716,1.998760572504252,0.22887032176653013,6.85711200395599,0.5758089147108612
Energy_Generation_Focus,576,20,8.405596775680944,8.786608591101942,76.10028374850751,2.605055364004344,2.0043151414860043,0.23487824496553897,6.868380502760411,0.5750687832087333
Energy_Generation_Focus,577,20,8.556889246985909,8.779717471477355,76.09054733425378,2.5934755021805476,2.007745748013258,0.23518739046460718,6.89451561646536,0.5661040845527199
Energy_Generation_Focus,578,20,8.418515969959973,8.63156946538482,76.11278695374727,2.5698312549403166,2.0034792283177376,0.23148008720127136,6.897146119438112,0.5582403653382944
Energy_Generation_Focus,579,20,8.26914470870162,8.597034740406249,76.16949871227146,2.571306981379141,1.9994997367262841,0.23119705748134606,6.89743029827252,0.5568309197121669
Energy_Generation_Focus,580,20,8.243113832459752,8.201722006781846,76.23516659736633,2.377468195634596,1.9992612710595132,0.2201169047853928,6.89521933070384,0.552154663725359
Energy_Generation_Focus,581,20,8.148991237368062,8.16221961913358,76.33338446110487,2.1929464834324026,1.9971392555348575,0.2205602502119971,6.897291123801843,0.5502335442873441
Energy_Generation_Focus,582,20,7.74642632852228,7.7568386461009435,76.42375658869744,2.04655666391918,1.9859864595532417,0.21008465587917735,6.882027153968811,0.5383915595133367
Energy_Generation_Focus,583,20,7.303602737946906,7.054206502939844,76.50113840162754,1.9729573951593948,1.9732412190362811,0.1891813712447675,6.8706953886523845,0.5283960057243535
Energy_Generation_Focus,584,20,7.54603246705351,7.541348288943828,76.47169172942638,2.1501800209688424,1.9805819838307799,0.20141355692364907,6.868887895978988,0.5427896472342225
Energy_Generation_Focus,585,20,7.357920454562963,7.770579628520619,76.4790742212534,2.2623782680904867,1.9753288454562425,0.20668022959509116,6.855094481352717,0.553141927292319
Energy_Generation_Focus,586,20,7.352069088104544,7.875533044831722,76.46339089661836,2.280836483924543,1.9751702667959035,0.209348696763345,6.851038109716027,0.5594559618171034
Energy_Generation_Focus,587,20,7.567096185437869,7.940440130390437,76.40160085767508,2.271743532176007,1.9815329163894055,0.21185991925362352,6.846800454407931,0.5567099320926112
Energy_Generation_Focus,588,20,7.359239290494415,7.580486433632162,76.43471459388732,2.166168945447218,1.9752513334527613,0.20157309396986542,6.8485643494874235,0.5558981059823946
Energy_Generation_Focus,589,20,7.258346253723568,7.408432487142251,76.42444611936807,2.097577853529018,1.971813308056444,0.19713091324514365,6.8528731890954075,0.5548767420813497
Energy_Generation_Focus,590,20,7.578744752306764,7.64740698453617,76.30539218455553,2.226683239593307,1.9805551889911293,0.20375738296037882,6.858809586707503,0.5580076109426355
Energy_Generation_Focus,591,20,8.228725770323232,8.122920295520464,76.14299674957991,2.4001461636374586,1.998863036520779,0.21657768860093637,6.874474123977125,0.5679110802052139
Energy_Generation_Focus,592,20,8.263159857227434,7.739477664816033,76.22353819876909,2.360078319215935,2.0002730147726835,0.2048270001376006,6.888918973524123,0.5724228889366257
Energy_Generation_Focus,593,20,8.433064978681934,7.747153805174412,76.22015246540307,2.3799090266082743,2.0054807275906206,0.20505040696314458,6.895019804537296,0.5758265291138513
Energy_Generation_Focus,594,20,8.618270022986517,8.31605392405658,76.15260018318892,2.487286094238783,2.0109321992844342,0.22206525652071535,6.890175437107682,0.5745108062322155
Energy_Generation_Focus,595,20,8.59805883046057,8.698915790772194,76.16533789843321,2.497353266828936,2.0115777115151285,0.23480925317474538,6.868009347058833,0.574521117293383
Energy_Generation_Focus,596,20,8.351147488565228,8.316624143551426,76.23997457504272,2.499492310074519,2.005113583020866,0.22252816405675524,6.850274813994766,0.5690137526930078
Energy_Generation_Focus,597,20,8.214999954103163,8.139415040359744,76.25360390484333,2.4844698479332923,2.0010197161883116,0.2173094498754763,6.847355889361351,0.5648013717907681
Energy_Generation_Focus,598,20,8.476777574503483,7.913444742592683,76.22813445597887,2.442649213818944,2.0078933161869648,0.2112705284372737,6.8712325089611115,0.5515395215218324
Energy_Generation_Focus,599,20,8.919858468249465,8.107888281673434,76.15313905000687,2.4468402229057165,2.0200307540036735,0.21709700102125012,6.89683223100379,0.5561215934773621
Energy_Saving_Focus,0,20,1.9342110776882522,0.6645665156713408,77.59201683998108,0.21072716420785323,1.8314464282803236,0.015468804505361545,6.377987474473193,0.057758909511875824
Energy_Saving_Focus,1,20,1.714193785952674,0.45177090315024077,77.63546767115592,0.1404864181160152,1.8243623592890799,0.012399602220713775,6.330862654913217,0.06900335533380307
Energy_Saving_Focus,2,20,1.7253364323808036,0.690201689210594,77.65676523566246,0.2264480442960485,1.8241742692887783,0.012630103525652973,6.368677186332643,0.0586776912969577
Energy_Saving_Focus,3,20,1.9640544906273696,0.4536163348092344,77.58307680577039,0.13791925467489305,1.8274494260177014,0.012211111101635511,6.384299468342215,0.055871472626685265
Energy_Saving_Focus,4,20,3.0978816332654153,0.7565683666831233,77.27818557858467,0.20512718825806822,1.8558300750888883,0.026704808349774588,6.516913350000978,0.10671037986311964
Energy_Saving_Focus,5,20,6.183255610932809,1.486922357638203,76.32652266323566,0.4585196052563987,1.9143969911709426,0.039848381723308506,6.70259138289839,0.08997197214322773
Energy_Saving_Focus,6,20,6.7580875605232364,1.1724681555392478,76.17610646754504,0.3407791217998609,1.927777742613107,0.04115164377686432,6.7784173575043685,0.11319769707951108
Energy_Saving_Focus,7,20,6.8572736433181465,1.2023494913480648,76.14172435045242,0.36912992910183623,1.9275910316500813,0.033006503864785056,6.773451014775783,0.0803486010603418
Energy_Saving_Focus,8,20,7.178021329590751,1.2052867654457469,76.06265590071678,0.37387720883808356,1.938352190256119,0.03366566206926436,6.809801398236305,0.07136449349097335
Energy_Saving_Focus,9,20,7.234000369857621,1.3719423694587054,76.04247063726186,0.4330514289306902,1.9480291150324045,0.034778790860451284,6.788661206178366,0.07391938240694089
Energy_Saving_Focus,10,20,7.13232003734357,0.8725263892576313,76.06600820422173,0.2783950418747709,1.9415882354602219,0.024559821380353057,6.776939034406095,0.0655577508097971
Energy_Saving_Focus,11,20,7.337245125248174,1.2055833733407773,76.00444422334434,0.3887373384434266,1.9443624067120253,0.03213574654825997,6.8007659961096945,0.07551473593479545
Energy_Saving_Focus,12,20,7.322631621811158,1.434379806293554,76.00136864468456,0.46489969902182887,1.9435972897708418,0.02708464226445412,6.785858718780801,0.08728654693929482
Energy_Saving_Focus,13,20,7.010195823422764,1.6828188572499836,76.1123812571168,0.5373838868684898,1.9426354719884693,0.039640775086005775,6.775139833884313,0.0979077305285106
Energy_Saving_Focus,14,20,7.601955803867121,1.5191565198701587,75.92641241326928,0.4818362513575142,1.9557474506273866,0.036835296001063354,6.815802609072998,0.09357725062575976
Energy_Saving_Focus,15,20,7.990937224825933,1.103592539239223,75.78295724660158,0.36101784771984924,1.9550235321372746,0.023798638829037985,6.802720037251712,0.08785089725024992
Energy_Saving_Focus,16,20,7.962640037996126,1.479070853694784,75.80988080978393,0.4780463371397994,1.9616291265469044,0.037291571865382386,6.821533879018389,0.10052482559149652
Energy_Saving_Focus,17,20,7.609183776850604,1.2843492925142992,75.92358341306448,0.39066002166347646,1.9569647196121516,0.0424862406000725,6.806006956156343,0.09284457302334244
Energy_Saving_Focus,18,20,7.47018042954975,1.423486881430282,75.96973235547543,0.42914065015937886,1.9572204339131711,0.039388484165954044,6.792055887132884,0.12500267140418694
Energy_Saving_Focus,19,20,7.818738239705721,1.2438576553290182,75.8542396569252,0.3661998400283831,1.9617605125904085,0.03818579153426003,6.801174334641546,0.11128197195557867
Energy_Saving_Focus,20,20,7.577940913539675,1.4417951214957616,75.94430542439223,0.465615797507258,1.9602058853022755,0.030794382743454377,6.810255389362574,0.10701244113356105
Energy_Saving_Focus,21,20,7.210763509842215,1.4117123932961073,76.03273309081793,0.4223583227459014,1.9461212475411593,0.03906431926996633,6.764906833861024,0.12046102286715672
Energy_Saving_Focus,22,20,7.138643740290147,1.30267765630302,76.05126058101654,0.4007352506300579,1.9462823866307737,0.03601314241901506,6.753746842108667,0.10534105785119105
Energy_Saving_Focus,23,20,7.309175406675237,1.194474145059311,76.01819480895996,0.39473704877323035,1.9550344473868608,0.029959321625182937,6.780387872615829,0.0887921910307628
Energy_Saving_Focus,24,20,7.311527639003456,1.4664281592047688,76.02435440927744,0.4611374267304453,1.9598992067947982,0.034701909528266614,6.774475784432143,0.0971672870478145
Energy_Saving_Focus,25,20,7.201768573626599,1.3026470639816994,76.0559542298317,0.4147016115457753,1.9580909768305719,0.028152496000902794,6.76889817295596,0.10772145578144574
Energy_Saving_Focus,26,20,7.635573007879539,1.5530371481166303,75.91766677945853,0.4787869570557328,1.9612391835171727,0.03716757318593255,6.7910534358397125,0.11757680166989193
Energy_Saving_Focus,27,20,7.209133425438256,1.1888689588371883,76.03565855324268,0.37947879940891793,1.9541061103902755,0.031115605266058364,6.7475960663706065,0.09529010304067245
Energy_Saving_Focus,28,20,7.899277732084856,1.8834209040038263,75.8444487529993,0.6156742556118308,1.9770766775496305,0.04271519598073826,6.799118597395719,0.07862931768551355
Energy_Saving_Focus,29,20,6.982070696690004,1.3318001258252132,76.1295921444893,0.42286669077743794,1.9565856659598648,0.03386378146991191,6.753630809653551,0.09963343052664074
Energy_Saving_Focus,30,20,7.758689813653251,1.3320480486651436,75.88817396759987,0.42898400667546077,1.9710434279590845,0.02925479037941391,6.792640658263117,0.08170976955206573
Energy_Saving_Focus,31,20,7.980696822042096,1.1785671444111707,75.79158582001925,0.3585921067280808,1.9680064686760308,0.036192842928691266,6.7913907276466485,0.11027341066631911
Energy_Saving_Focus,32,20,8.09596294047609,0.9071107700365764,75.800355758667,0.2916353898044024,1.986183106340468,0.02668171437514425,6.827423705765978,0.06588439884682605
Energy_Saving_Focus,33,20,7.645871366037371,1.464814519733572,75.91746931381525,0.462650580201499,1.9690460855793208,0.03725105463912168,6.78707637428306,0.09885924694269561
Energy_Saving_Focus,34,20,7.280976908070009,1.1417453826446726,76.02729319870471,0.35115922417049916,1.9586168209090828,0.03889685297516126,6.77231699555181,0.09591343579791663
Energy_Saving_Focus,35,20,7.627129913907976,1.4446181027908993,75.94760849475861,0.4593892704199832,1.975559856984764,0.037857191635417335,6.804065999351442,0.08325229264905593
Energy_Saving_Focus,36,20,8.189133293368865,1.4384976133662322,75.74656999498606,0.4674435932399759,1.9761194462887943,0.03963611239464131,6.8215840143524105,0.08876167136185241
Energy_Saving_Focus,37,20,7.796654203150022,1.3871188308791365,75.88054291814566,0.43724273482405235,1.9775947705097496,0.03866378396185676,6.794732639882713,0.08472765085109868
Energy_Saving_Focus,38,20,7.711639081185901,1.2617972243049507,75.90905187025666,0.39104831823148795,1.9741638997010889,0.036992020115194965,6.799973907442764,0.12384345033748226
Energy_Saving_Focus,39,20,7.881551577512075,1.1750137777959364,75.84754116624593,0.3873163538418522,1.973852828256786,0.029294344670307705,6.799735558535903,0.08279668615823779
Energy_Saving_Focus,40,20,7.979588868564788,1.3307187238853861,75.84287763834,0.41757303531657924,1.9824802160263062,0.035849635176990614,6.830190185345709,0.09168504595863444
Energy_Saving_Focus,41,20,7.690728592902436,1.5251294643924906,75.89036700621247,0.4638479863162101,1.9689043201692402,0.0417953776587719,6.7649487004056565,0.10538900984985913
Energy_Saving_Focus,42,20,7.660059002029044,1.2076215672999073,75.93088910683989,0.39322320814523043,1.972959941616282,0.029396724858818724,6.803101569637656,0.06179014843621357
Energy_Saving_Focus,43,20,8.19104093062829,1.4715244842747606,75.7487225626409,0.48775751152564484,1.9842652213573455,0.03721959780781413,6.797512260405346,0.08762923558049986
Energy_Saving_Focus,44,20,8.436266754185208,1.50270961046717,75.6803369499743,0.4869413077555378,1.9900194641947746,0.03806583701080837,6.824765742402524,0.08706235395606013
Energy_Saving_Focus,45,20,8.033233500115799,1.4600503653393735,75.804069378227,0.465363760633968,1.979449602747336,0.04488321094733772,6.8128473976161334,0.11119256563813543
Energy_Saving_Focus,46,20,8.702781033235919,1.6097008982942964,75.59575227558614,0.5212764925491631,1.9984402876254173,0.03850258735770962,6.829028376056813,0.11337962663590397
Energy_Saving_Focus,47,20,8.63736532485655,1.6003470024751218,75.6134851950407,0.500350484034792,1.9940324297547343,0.04309096041552399,6.830594822401181,0.10286907761851335
Energy_Saving_Focus,48,20,8.350895084495612,1.2004298662940707,75.70228791236877,0.37814395475942436,1.9867226575687529,0.03371218953400714,6.81143200263381,0.0903507751749062
Energy_Saving_Focus,49,20,8.20091706710925,1.531592867673216,75.76646978110075,0.4756939777384396,1.9905118802934887,0.04146420883998111,6.826512110652402,0.09751583175840109
Energy_Saving_Focus,50,20,8.428256668380005,1.4555509682499017,75.71100845336915,0.4513008747279318,1.99921926965937,0.04229222173840602,6.842020386029034,0.08555962742309624
Energy_Saving_Focus,51,20,8.399151206729496,1.5423696911425304,75.69660731166601,0.5170008638572361,1.9923909701965747,0.036895559682920756,6.8268988722935315,0.08915557864978356
Energy_Saving_Focus,52,20,8.510806166405779,1.6297590811708047,75.65800626784564,0.5202313275918226,1.99454213924706,0.03677603862948073,6.821602609781548,0.09859576411435372
Energy_Saving_Focus,53,20,8.587658396856979,1.2986084400333422,75.62539999485016,0.3924266567742386,1.9981278044544162,0.04715296495961485,6.810304427514784,0.12068614860234755
Energy_Saving_Focus,54,20,8.867983496939546,1.4610671607758583,75.56205787323415,0.45123678070160106,2.0068779848050324,0.041529448860939684,6.8519334039092055,0.12586482325089454
Energy_Saving_Focus,55,20,9.050845529003277,1.3395861043449429,75.48417191416026,0.43436385979966713,2.004166969042271,0.03988731447185163,6.8341599442530425,0.11404427681685457
Energy_Saving_Focus,56,20,9.71381592361133,1.7830957415203914,75.287837202847,0.558934420436861,2.0229447954613713,0.04516434386437543,6.873166069881991,0.11358898146850846
Energy_Saving_Focus,57,20,9.062595693342416,1.3665328041223153,75.50429567992687,0.45446304925888414,2.009496447741985,0.035198895087503686,6.864936590893194,0.08104684199602392
Energy_Saving_Focus,58,20,9.536600561072229,1.4902568908960288,75.3282908129692,0.4956280071927964,2.0133812353387475,0.030556223468470905,6.846847389275209,0.08407921139260967
Energy_Saving_Focus,59,20,9.76505781778628,1.584758879799997,75.26398276090622,0.505680043045757,2.0216166922822594,0.04200250556318864,6.8670979139767585,0.09616809085058818
Energy_Saving_Focus,60,20,9.437673877307825,1.3569745272357483,75.37334934204816,0.4604131925714272,2.0176500024273993,0.03161645706045318,6.857027709800749,0.10311226656221144
Energy_Saving_Focus,61,20,9.745278470509438,1.4848388107234536,75.28653979167342,0.46079945693429497,2.0253299412410706,0.045884274048580774,6.890813047536649,0.12729673707813222
Energy_Saving_Focus,62,20,9.52936985872002,1.2379152247183736,75.33918045252561,0.43200883031901205,2.017249963078648,0.03558572118490019,6.8656231284793465,0.09396107033542361
Energy_Saving_Focus,63,20,10.15501495769316,1.685071640352422,75.1465598115325,0.5569939710602765,2.0304356376081705,0.046800309883730004,6.894666565954685,0.11158639634654524
Energy_Saving_Focus,64,20,9.180499632586784,1.2444661882594863,75.45073125720025,0.3881802112720393,2.013283726470545,0.044551502240935056,6.845175536340102,0.10805286155143909
Energy_Saving_Focus,65,20,9.835220796449502,1.4354255244538594,75.2404606384039,0.4994795346280236,2.021381990900263,0.03570149929302689,6.872347548031248,0.08792428873277636
Energy_Saving_Focus,66,20,9.715613185071135,1.3372674921602505,75.28022803604603,0.4576199632152295,2.022202873304486,0.04317020552161225,6.871883409693837,0.1166547291563596
Energy_Saving_Focus,67,20,10.131007049476807,1.964712235723376,75.1407524727285,0.6217206772370024,2.0285591160226613,0.06218578597720512,6.872041659820825,0.11568467390906818
Energy_Saving_Focus,68,20,10.059376178279289,1.7396576363748575,75.17630148798227,0.5436486865719682,2.031747384807095,0.05439879892313827,6.877635307828896,0.13680693093367685
Energy_Saving_Focus,69,20,9.854617995774888,1.6157019740515723,75.24510107353329,0.5392086625578959,2.0292884262278674,0.05001697061003273,6.877165025994183,0.11117986227754915
Energy_Saving_Focus,70,20,9.73617918213724,1.7169818979963065,75.29567662477493,0.5138972777368339,2.027451117280871,0.0587551173568776,6.886792367966845,0.12289518520681343
Energy_Saving_Focus,71,20,10.271469389786576,1.5192201688293485,75.09904535919428,0.4586879769422,2.0322490468993784,0.04867348192318305,6.8778884293884035,0.13433076484449297
Energy_Saving_Focus,72,20,10.39432282697357,1.5647701435727026,75.05634307444095,0.5201651728624717,2.0343837083783,0.04814772651700632,6.880518995327876,0.1092720062409606
Energy_Saving_Focus,73,20,10.511451065056596,1.936736874615255,75.04680917978287,0.6192088473993527,2.0433135306462646,0.056392710854506305,6.908100628098472,0.13044424957857684
Energy_Saving_Focus,74,20,10.876041776733047,1.751716903960992,74.9157198178768,0.5512718159606205,2.046470409631729,0.05029493648406517,6.9066546592209495,0.11429396485258092
Energy_Saving_Focus,75,20,10.427753372031258,1.5449715042664984,75.06035820871591,0.4786483413171182,2.042486652582884,0.053123481590993955,6.886474947901442,0.13396586295288743
Energy_Saving_Focus,76,20,10.65867827259132,1.4538069243142766,74.99378141805529,0.4312073315094662,2.050946477465332,0.06252171001738432,6.897506313482299,0.1352344929323678
Energy_Saving_Focus,77,20,10.875580578429188,1.7186815284375392,74.92458920821548,0.500838763574763,2.0576048987638207,0.061942372005296696,6.8949613077100365,0.1473788665233155
Energy_Saving_Focus,78,20,11.341852387601772,1.9302850777117473,74.77347011759878,0.5977916126404733,2.0608964848332105,0.06345450308633607,6.9221808079350735,0.12744228188060144
Energy_Saving_Focus,79,20,11.235256217272115,1.456611217723824,74.80338564008474,0.4541310240725245,2.060099441641942,0.0555624057171265,6.9103518228558825,0.11099768110254433
Energy_Saving_Focus,80,20,11.776224352164794,1.805029563433157,74.64039957180619,0.5253103806634595,2.0733870118670166,0.06710010718556016,6.943850177405402,0.158041321669931
Energy_Saving_Focus,81,20,11.678930327194948,2.039514034647313,74.65174415424465,0.6048884524942203,2.0618311368115245,0.0708084701061619,6.92350275487639,0.16965790977199433
Energy_Saving_Focus,82,20,12.177355711429596,1.616015641547765,74.49033364348114,0.5368676032277115,2.077291447222233,0.05393074591431111,6.935173784778454,0.16685831651997188
Energy_Saving_Focus,83,20,11.973936267068034,1.5984286705666284,74.561300149858,0.507152947005688,2.0702729316148907,0.052597868429848635,6.933675079876556,0.13610998081203005
Energy_Saving_Focus,84,20,11.615196634413662,1.6981162258591453,74.68751622393727,0.5436342162661344,2.06946098171873,0.05927971941368496,6.932088133029174,0.12066172744913121
Energy_Saving_Focus,85,20,12.188718910315867,1.319449838127114,74.51087611399592,0.40084627340668855,2.086086595943198,0.0528075084363255,6.9408105871919545,0.13940230401626236
Energy_Saving_Focus,86,20,12.297242942952654,2.2671496534111952,74.46133334591984,0.7238129156939209,2.0792851996235546,0.06724069969009606,6.948404208291322,0.13942060399910614
Energy_Saving_Focus,87,20,12.004767427090474,1.5815529090238187,74.55411379292607,0.5009276261584705,2.075973989404738,0.05669744922900222,6.93273893753998,0.14647346238835204
Energy_Saving_Focus,88,20,12.364885238911238,1.550352170586126,74.43801020413636,0.48987698860517087,2.081746770804748,0.061025619844692715,6.948536967812106,0.13615382082376912
Energy_Saving_Focus,89,20,12.134951998148532,1.8291000595022253,74.52984186589717,0.567792619778456,2.0868013765290376,0.06823406595874487,6.946648598350585,0.14479229053117987
Energy_Saving_Focus,90,20,12.386108716817077,1.6359525391446006,74.42667773470282,0.5164578654470918,2.0824875410553068,0.0642659694842817,6.930498715881258,0.12372259683648201
Energy_Saving_Focus,91,20,12.834470461333447,1.877988607725983,74.27863905020058,0.5637356186233926,2.0905877500865606,0.06923152552042883,6.9415849508461545,0.15800331611261356
Energy_Saving_Focus,92,20,12.56322926387543,1.87322273480581,74.37085561975837,0.5754919339920309,2.0819088988751173,0.06708863488592003,6.9535384916700425,0.14923532814503693
Energy_Saving_Focus,93,20,12.615604888813877,1.7180878756556754,74.35238435298204,0.5259183880693551,2.087261439226568,0.06589852151458594,6.93774280291982,0.143275574328233
Energy_Saving_Focus,94,20,13.193407489979299,2.374844363757817,74.15327929265797,0.7713468046819508,2.092785793845542,0.06473810344704618,6.951570014622993,0.14632907361510222
Energy_Saving_Focus,95,20,13.471510140212482,2.11384959521169,74.07585936039686,0.70460483196841,2.101653211293742,0.05681961455231148,6.967172174109146,0.12939638851062266
Energy_Saving_Focus,96,20,13.534684682975751,1.7306149897353789,74.05007500857116,0.5171172830215606,2.104682838469744,0.06489151699729567,6.957968736251351,0.15849641410479193
Energy_Saving_Focus,97,20,13.36715835767177,2.253027915199266,74.09617478862404,0.6962876517412029,2.100386247634888,0.07489572005934997,6.945246176086366,0.15008738184007883
Energy_Saving_Focus,98,20,13.956433787653955,1.9678848273078053,73.91161860145628,0.6509986774172881,2.109574426794425,0.05486768546749739,6.970331798270346,0.12648571765126645
Energy_Saving_Focus,99,20,13.835096856607976,2.182204262841407,73.94064484097063,0.7086388883641835,2.1047310744784773,0.060764657241215665,6.965723873418756,0.14083958008941366
Energy_Saving_Focus,100,20,13.392750809043264,2.018897697624933,74.08023013353348,0.6217455466340963,2.0953381631802768,0.07092886535128352,6.937926258957013,0.1541872862950344
Energy_Saving_Focus,101,20,14.657488846465549,1.9804874861576016,73.69933051496744,0.6455033236118686,2.1290343561023475,0.06435476341753454,7.008342968202196,0.13661555074727028
Energy_Saving_Focus,102,20,14.136109968456072,2.2336193105308615,73.85515413962305,0.6918315605689115,2.114152925265953,0.07661877038837789,6.978875357080251,0.1576771183948308
Energy_Saving_Focus,103,20,13.81810859059729,2.53727048494479,73.96268066793681,0.815198378376418,2.113071753187105,0.06978766033319761,6.965228170505725,0.13790533050084092
Energy_Saving_Focus,104,20,14.392041460221634,2.219207492399638,73.76427949100733,0.7069176684042867,2.1159876010753216,0.07793636292584719,6.983354878993706,0.16250428615452947
Energy_Saving_Focus,105,20,13.949911557290596,2.1310671106324004,73.8977459087968,0.667791075363295,2.1075761335995047,0.07360103550214618,6.9520327792875465,0.15422973480221092
Energy_Saving_Focus,106,20,14.9675673306942,2.172950766199688,73.60683931663633,0.6950264279385872,2.140250869737938,0.0683989346232226,7.018336202087229,0.15964252839767468
Energy_Saving_Focus,107,20,14.994427469265597,2.0999907213658537,73.59246207974851,0.6880312379037298,2.1416993682249448,0.07162380749486204,7.00224592565326,0.1321405328229927
Energy_Saving_Focus,108,20,14.837316647598234,2.445500917322941,73.64228049747646,0.7812262533884672,2.1333530856180003,0.07063046641953455,7.006110812572297,0.15899392186614197
Energy_Saving_Focus,109,20,15.211348673794465,1.7649921960939454,73.5348361082375,0.5401271676931216,2.145832473896444,0.07646839852993223,7.031652870001271,0.15925748851179852
Energy_Saving_Focus,110,20,15.010513253281422,2.356755245568139,73.57356148265302,0.78347099037348,2.135105917893816,0.07608305405382726,7.000922162050847,0.1484379523581237
Energy_Saving_Focus,111,20,15.607340535957306,2.4273549484782255,73.40732455976307,0.8203936991230809,2.157026569945738,0.0677647450700475,7.038309215717018,0.13562719834949108
Energy_Saving_Focus,112,20,15.720278931613095,2.2530193586909864,73.35615095943213,0.7384571306902875,2.1540107274614275,0.068263208536319,7.024537403173744,0.1558059596679131
Energy_Saving_Focus,113,20,15.656066312774438,2.3788367454804233,73.38717155396938,0.7756743879507908,2.15792378552258,0.07374909530854272,7.03394755685702,0.16544781410032428
Energy_Saving_Focus,114,20,15.370152777143577,1.9840941106491334,73.47569676965475,0.6484354156846462,2.1525077740196137,0.06825166063026039,7.011314556859434,0.1500989024145284
Energy_Saving_Focus,115,20,15.989895875860046,2.4546448128572997,73.26799367047846,0.7835395883363026,2.1614181842189284,0.08184435104388878,7.023264359254389,0.18007925775208533
Energy_Saving_Focus,116,20,15.688300211431264,1.973794537690896,73.35441743336618,0.6704436835923608,2.1523379315575584,0.07590852549077458,7.016228903583252,0.1652662271206905
Energy_Saving_Focus,117,20,16.120188824924448,2.252787069681203,73.23238076157868,0.7378965128298295,2.1659064081683757,0.07274969890665443,7.035768139292486,0.1666104813839746
Energy_Saving_Focus,118,20,16.81264330346423,2.511042606878536,73.01832731768488,0.7762174386781178,2.1816758790695894,0.09133778313609874,7.063147573572569,0.17826983485944636
Energy_Saving_Focus,119,20,15.752126267235292,2.6630013662669856,73.34246197760106,0.8533045242680013,2.157304666801356,0.08494001101441663,7.0178073679958475,0.17583719852219398
Energy_Saving_Focus,120,20,16.4462507900286,2.680925514087388,73.11625061772763,0.8284415766624592,2.16915531037841,0.09223200387826411,7.0345987907191745,0.16934169173983663
Energy_Saving_Focus,121,20,16.288090262637024,2.498697106454987,73.17371518462896,0.7934543278600792,2.1736502205301074,0.08051461989343246,7.027902909815312,0.18072321881687387
Energy_Saving_Focus,122,20,16.099716511254805,2.599179102744198,73.22666397988796,0.785920963441948,2.1638287850283087,0.09168176302939296,7.0123764520930125,0.19248824491652866
Energy_Saving_Focus,123,20,17.052706193602237,2.4970662738465994,72.92685195192695,0.8006693110070126,2.1848120844876395,0.08396309963491949,7.05336051223334,0.16863212075104342
Energy_Saving_Focus,124,20,17.123128867185933,2.483189076984154,72.9117892908305,0.787407361028094,2.185993442432955,0.07696062807325296,7.065063577420078,0.16744613945482778
Energy_Saving_Focus,125,20,16.98155791242128,3.0406439319069616,72.96576792955399,0.9340891636165773,2.1883108632965014,0.09448063028502651,7.057247539449017,0.18243653559536802
Energy_Saving_Focus,126,20,17.569378419421405,1.9780937889665282,72.7631157270819,0.6242290789352868,2.1967914772406223,0.08868542583834461,7.07665972486604,0.1594317018006775
Energy_Saving_Focus,127,20,17.76445550481552,2.755042177598488,72.70755515567959,0.9343698978541859,2.2039049807935953,0.08060344741314017,7.087775999684818,0.16236694414430886
Energy_Saving_Focus,128,20,17.53050581507539,1.8947032541360724,72.78697811216117,0.6666246398192263,2.1971327822934836,0.07442231465810074,7.088026143102907,0.14707344190141777
Energy_Saving_Focus,129,20,17.81953020857177,2.451820987488655,72.70695854403078,0.7095212602988271,2.2093260115012527,0.10040746818849898,7.09074996097479,0.19999763278729532
Energy_Saving_Focus,130,20,17.762533649600577,2.5182417445818146,72.72163331724703,0.7770810506527208,2.2105307013588025,0.09046541290163722,7.085943939220161,0.17717416134277952
Energy_Saving_Focus,131,20,17.72397562689602,2.5265473943884196,72.72739995911718,0.8154429573510356,2.207751387916505,0.08832656094264921,7.073074451889843,0.1565290263345936
Energy_Saving_Focus,132,20,17.865997596459557,2.8467363940262715,72.68208050265909,0.9230025207536626,2.207957138512284,0.08654625668062979,7.089000345384702,0.17879977836009384
Energy_Saving_Focus,133,20,18.08067322073446,2.602056043353904,72.63614576533436,0.7658537493256625,2.2211388021707537,0.09646561008998224,7.105904367719776,0.19760805591958142
Energy_Saving_Focus,134,20,18.066572438131324,2.9382116957466673,72.63485872268677,0.8772107936144936,2.220689747817814,0.09773034497605755,7.094575268165208,0.2077372202046638
Energy_Saving_Focus,135,20,18.717530077104385,2.9522331087294353,72.43091120362281,0.9421756495431737,2.2363437857804818,0.09057430416615728,7.115852722711861,0.17485643682523921
Energy_Saving_Focus,136,20,18.330188788966165,2.979630129874362,72.55146725460887,0.974180437254004,2.225672443783842,0.08947631310028095,7.104705567895435,0.16717850009635177
Energy_Saving_Focus,137,20,18.829237822094793,2.4866290524246693,72.40530554316938,0.8233101475441948,2.2409218258969483,0.08280361403085466,7.1311767034977676,0.14693641911730973
Energy_Saving_Focus,138,20,19.03236990486032,2.534521689348193,72.30400952808559,0.786981313169808,2.2370214966405184,0.09490349864428631,7.107361371261068,0.18881323136588654
Energy_Saving_Focus,139,20,19.05420774208762,2.8127427583754203,72.3197413598746,0.9079635479127471,2.2453805033210665,0.09298453967998797,7.1310958866542205,0.16820792594355138
Energy_Saving_Focus,140,20,19.142626761422406,2.5859700933645176,72.29694689579307,0.8233116559921468,2.2456897977087644,0.0908304058995878,7.129692694614642,0.154226764171212
Energy_Saving_Focus,141,20,19.162926726480773,2.450961317618275,72.28532741464674,0.7230919609270086,2.2458491688221693,0.09967036470537163,7.128148935544305,0.19165926222353374
Energy_Saving_Focus,142,20,19.486827913974516,2.3503719669171117,72.1935614182055,0.7320325616754212,2.2571586514692172,0.08345170089838527,7.144766278724127,0.17380399634380403
Energy_Saving_Focus,143,20,20.108496754204683,2.4668256520250202,72.01704111009836,0.7262527616852604,2.2785267802793534,0.09590002898575513,7.172579576983116,0.18628299237483212
Energy_Saving_Focus,144,20,20.22573406250561,2.5516534339881694,71.98457553528249,0.7850504270663843,2.2828200353030117,0.08672862511055032,7.178319132364122,0.17349417096126504
Energy_Saving_Focus,145,20,19.82956935699392,2.2130665515280876,72.10563666529954,0.6895550977782058,2.2718780348496512,0.08529570273819814,7.168652687789873,0.1712914703192864
Energy_Saving_Focus,146,20,19.778100065677776,2.113619628053013,72.12101641304791,0.6811998831868654,2.274524073638022,0.08741287897196204,7.156948443865403,0.1727540963032587
Energy_Saving_Focus,147,20,20.043278704867596,2.8675792567995018,72.044640506953,0.8925350947703843,2.279475633543916,0.09426067985210995,7.1743009010935195,0.17645042618954337
Energy_Saving_Focus,148,20,20.438855007202157,2.4115760423343757,71.90094553507865,0.759394044559945,2.2829210619349034,0.0889333850131548,7.1796281549055125,0.17107730736110335
Energy_Saving_Focus,149,20,19.84043351580061,2.7982724107996844,72.10046190455556,0.8779074167352499,2.2739803819032387,0.09604365999771312,7.172062301582192,0.18755635914567664
Energy_Saving_Focus,150,20,20.497139483519295,2.48725499530447,71.89906980246306,0.7798879799389927,2.2898938653280494,0.08628796432952637,7.189163051455981,0.18465344524890426
Energy_Saving_Focus,151,20,19.899655106259747,2.7156237499047315,72.0791685191542,0.8634992396726693,2.2768709383299575,0.08410604938110637,7.159625957463868,0.17953967766685794
Energy_Saving_Focus,152,20,20.68753952561009,2.288282880030057,71.8397331764549,0.7334666396736326,2.2985239789821206,0.08125623016268607,7.185387332295067,0.17065193675123108
Energy_Saving_Focus,153,20,20.307755622058597,2.2001933629157078,71.95349209032953,0.7314910449476674,2.2846164128079542,0.07551444623664724,7.187237463643541,0.161812795577153
Energy_Saving_Focus,154,20,20.762454123866103,2.4744375684369664,71.79623917251826,0.7737791306560667,2.2924690150562674,0.09726000597046293,7.180115675377893,0.1799308452729671
Energy_Saving_Focus,155,20,20.96143215468641,2.616858722537411,71.72338066704572,0.858309917500642,2.2974123431369664,0.08705624611628165,7.1755312030017375,0.1787898580510511
Energy_Saving_Focus,156,20,21.130286757593808,2.1631131325774025,71.67460364148022,0.6985017440193203,2.298308204598725,0.08812787142165841,7.196930158855393,0.17697264070332572
Energy_Saving_Focus,157,20,20.787051903600236,2.4482327244282405,71.78585369348527,0.7899354500734797,2.294274001531303,0.08513189557946808,7.173704068302177,0.17692608069698953
Energy_Saving_Focus,158,20,21.324512078099346,2.822912909069721,71.61632041014731,0.8946221860091496,2.3026554707996545,0.10087694647627311,7.212284867735579,0.19159164655723487
Energy_Saving_Focus,159,20,21.663376223652705,2.505134505871962,71.49454691395164,0.783371557395331,2.3087757339840755,0.09253453484573416,7.1964138833456675,0.19832206033339153
Energy_Saving_Focus,160,20,21.3162114028319,2.637571954624859,71.60464245595037,0.8557746957831354,2.300514558282448,0.09232920010582713,7.191590763801942,0.18101522072346143
Energy_Saving_Focus,161,20,21.58792040736581,2.3266119176489704,71.53863058671355,0.730350382811343,2.3112995490059256,0.09540414571994107,7.21150622447487,0.19162931127378016
Energy_Saving_Focus,162,20,21.55394397974111,2.3223767517799727,71.53949702903628,0.7660602573032401,2.3087103798636237,0.0757005950770886,7.200659185558325,0.17129911001992432
Energy_Saving_Focus,163,20,21.61510590157527,2.3492744074225924,71.52485336646438,0.7558501545216793,2.3108819177607076,0.08809883026658112,7.20948483476357,0.18511000619053689
Energy_Saving_Focus,164,20,21.458341677971227,2.6401962654232167,71.55603939510881,0.8337933793100047,2.3021877625957132,0.09505109638259845,7.185745932401623,0.1849771607793451
Energy_Saving_Focus,165,20,21.558083980166323,2.2791209200492717,71.51054947189986,0.7445884693884083,2.2998270541895183,0.09137999941307916,7.184544503078795,0.1704985629166832
Energy_Saving_Focus,166,20,21.802475631963052,2.1439376399510874,71.43511562094093,0.7172096003143918,2.3090872889244927,0.08526110924241245,7.18817549125757,0.18092542136376838
Energy_Saving_Focus,167,20,22.031344207463444,1.639320716505029,71.37681787915528,0.5348580384006782,2.3196743947826324,0.08395108707986632,7.208546341294422,0.1811085086270542
Energy_Saving_Focus,168,20,21.833319075935453,1.9346705776884257,71.43586168609559,0.6761538065877852,2.312176681407727,0.08706660280487231,7.204834408308379,0.1753198567493697
Energy_Saving_Focus,169,20,22.208865589722677,2.1067812411501383,71.30039298072458,0.7185361160398789,2.310457889093086,0.08773657372322229,7.212754995282739,0.17407867402448318
Energy_Saving_Focus,170,20,21.893311377084874,2.4604734393949714,71.42878353767097,0.8627548984572149,2.320207347618416,0.0853524226506195,7.211653161139694,0.16467667473943204
Energy_Saving_Focus,171,20,21.629760401513497,2.2239394461514608,71.49861287593842,0.7180838584086754,2.3068183988006785,0.1055245413997448,7.194335532809491,0.20462324968644868
Energy_Saving_Focus,172,20,21.640872878592766,2.2990634215239685,71.47329147018493,0.8081547839952706,2.304647119012661,0.09507864734549681,7.178088911673986,0.18472135000498216
Energy_Saving_Focus,173,20,21.502624516375473,2.7326628730066553,71.52735170736909,0.9213750328751517,2.3074279539077542,0.10779914349736185,7.1746723550627935,0.18685238516362626
Energy_Saving_Focus,174,20,21.3909653663407,3.1940491446415797,71.55780056871474,1.036217533969433,2.3018003127770497,0.12429939056033702,7.171257937233895,0.22781966578727011
Energy_Saving_Focus,175,20,21.132998528993916,3.161015262217356,71.64352333955466,1.0308328792727133,2.294989691241644,0.11973861195657648,7.166021030670963,0.19141369831561622
Energy_Saving_Focus,176,20,21.810691097517488,2.7097030842099197,71.4380799625814,0.8531967538023301,2.315796000454575,0.11634779784706803,7.19118306256947,0.21981511974409457
Energy_Saving_Focus,177,20,21.546470418878307,2.3260663094946485,71.52114428117872,0.760272041852148,2.3101795136323195,0.09634472592485269,7.176000337963925,0.2051937237233822
Energy_Saving_Focus,178,20,21.327030986254442,2.8584213798035716,71.61065831266345,0.9361895669156204,2.3095892448700033,0.10707807233092108,7.184495113389566,0.1989060536310055
Energy_Saving_Focus,179,20,21.746738826690247,2.3537416614094404,71.46893955469132,0.8082749157325038,2.318747037658468,0.0989626186665712,7.196662823995576,0.21291631395534535
Energy_Saving_Focus,180,20,21.988572922619987,2.3985596441666335,71.39169746190309,0.7759483357760889,2.3173328302102165,0.10170844184369546,7.212567880814895,0.22025870214938686
Energy_Saving_Focus,181,20,22.217171275820004,2.665265894200996,71.30900332853199,0.8346562368115193,2.3203979333397,0.11220834646338311,7.216613041101955,0.23706809008536897
Energy_Saving_Focus,182,20,22.038384437653725,2.777834063008724,71.36616885334254,0.8422683076930761,2.3141770453331993,0.1182330053728611,7.205737755480223,0.23709735340979396
Energy_Saving_Focus,183,20,22.056946265933007,2.5347677333424237,71.34469602234661,0.8194336190344262,2.31138153844513,0.11754001350105528,7.204609744618646,0.23842403374460908
Energy_Saving_Focus,184,20,21.738937820441016,2.505652805729481,71.43795159481466,0.8235244382706165,2.3040379633230623,0.1153399126596063,7.178586205471075,0.22425052761935066
Energy_Saving_Focus,185,20,22.030147579630246,2.7148986931007495,71.35391929514705,0.8246727857886845,2.3103443859552497,0.12336704151392272,7.195080822709715,0.24412833358527744
Energy_Saving_Focus,186,20,21.799740110510065,2.9568581969615613,71.41065959230066,0.9036278290549721,2.3043188702873882,0.13584198838870012,7.178907265090383,0.2713325799315606
Energy_Saving_Focus,187,20,22.25765343127034,3.027914067882972,71.25501938596368,0.9152208353956549,2.3112661757721797,0.14018995796410572,7.190105872003478,0.2761859657082613
Energy_Saving_Focus,188,20,22.10308134877672,3.007063123653599,71.32267820075154,0.9422605392206306,2.3154258450679484,0.12873975648810607,7.193523835777304,0.26963928260018566
Energy_Saving_Focus,189,20,21.777057345895653,2.759447536286721,71.40694834209978,0.8442736263244928,2.2999684336222708,0.12816506127901173,7.164106904007494,0.2786208929951272
Energy_Saving_Focus,190,20,22.199584624783853,3.172521085895112,71.29461218170822,0.9416051805421863,2.315187921449542,0.139480430564153,7.1993629985908045,0.29427743926330946
Energy_Saving_Focus,191,20,21.936516734572837,3.179459874304121,71.36064022436737,0.9812410702168721,2.304075953811407,0.13653917228415746,7.176837380626239,0.2719070054671273
Energy_Saving_Focus,192,20,21.95416942495796,3.0883911036287697,71.37293516822159,0.9237566803408489,2.311032825290458,0.12786847170482923,7.185354461990646,0.2834944191425802
Energy_Saving_Focus,193,20,22.05088577821453,2.8792244870690062,71.32133804492653,0.8979312420233391,2.305740454635816,0.12523914731464422,7.175509675980138,0.270253998149119
Energy_Saving_Focus,194,20,22.105387916018646,3.3320479543505535,71.31710148923099,1.030228178504526,2.309423940759152,0.1350269387046841,7.191291763172485,0.2771586401698938
Energy_Saving_Focus,195,20,22.066074908358967,3.492566587292485,71.32902652911841,1.117099574881424,2.3063901094440373,0.1357874980044222,7.193075974124949,0.2621552506287361
Energy_Saving_Focus,196,20,21.85479872133957,3.625824977620554,71.39750050991773,1.1384288287302764,2.3011363663338122,0.14838703927034028,7.203788692629897,0.2785549916133754
Energy_Saving_Focus,197,20,21.862430058609682,3.815905697279589,71.39525292560458,1.1474767296023871,2.3022867208794926,0.1509471868268515,7.193711504323874,0.29636705133400193
Energy_Saving_Focus,198,20,21.888045906158066,4.164765913245355,71.39005932874977,1.2866950028748807,2.305818607369438,0.1572159553695568,7.193246897533536,0.2831793980952062
Energy_Saving_Focus,199,20,21.68260538195829,4.150454751239596,71.44245653711259,1.3326670872594224,2.2980963534209877,0.15132701065247903,7.181477711163462,0.27107955930659783
Energy_Saving_Focus,200,20,21.495960993971064,4.271264970713368,71.4950516873598,1.3768299486813445,2.2900687300076243,0.1562326097348287,7.173066475464729,0.2819704157442404
Energy_Saving_Focus,201,20,21.350026916972226,4.52315674534785,71.54265991441905,1.4865361640397392,2.284799912336748,0.15414159215725878,7.183802101186011,0.2716351675248303
Energy_Saving_Focus,202,20,21.506191931951932,4.888949996831692,71.50318376518786,1.6023971773845325,2.2881735138152726,0.15709646358062718,7.203550659078173,0.27504106043402665
Energy_Saving_Focus,203,20,21.50795037707381,4.60409179556543,71.47959511950611,1.5043622012581381,2.283104915390722,0.15435801539883595,7.187434807838872,0.30328595039374634
Energy_Saving_Focus,204,20,20.9889732473027,4.845900414272671,71.64342732772232,1.548068284153314,2.2717580585670656,0.1631725750044686,7.171430089822971,0.3273216989280994
Energy_Saving_Focus,205,20,21.477218144489555,4.84250418640056,71.48469208240509,1.5868165257162499,2.2875301843788476,0.15949007094794768,7.180134251220151,0.30841659945396893
Energy_Saving_Focus,206,20,21.09008939763794,4.406068110713372,71.59404717251658,1.4341474012347732,2.2702578932140023,0.15817959347770125,7.159919172353111,0.3159878087076377
Energy_Saving_Focus,207,20,21.22799462487571,4.752362017715164,71.54297312229872,1.5259367884136048,2.2694999406766145,0.16794827969496828,7.1697187075577675,0.3131615016868704
Energy_Saving_Focus,208,20,21.383044052026925,4.727035582308349,71.47993239842356,1.5132184959585353,2.2649154231278223,0.1766528088335502,7.170599186392501,0.3163387318852912
Energy_Saving_Focus,209,20,21.293446396220595,5.013440194209402,71.51905669905246,1.6043992710081247,2.2644340553693474,0.17514188488954757,7.1728029938414695,0.30859311602398565
Energy_Saving_Focus,210,20,21.419994429351966,4.623240797506572,71.48070530496537,1.4847165454905906,2.2696074263728225,0.1682929489358439,7.176230792367133,0.29947681074346255
Energy_Saving_Focus,211,20,21.70782515701311,5.150378737812346,71.35954589687287,1.5898790624526546,2.2696706355613423,0.186867973504956,7.159808099034126,0.3578673952675863
Energy_Saving_Focus,212,20,21.445795251167535,5.070666949434299,71.42453327313066,1.5594624501603493,2.264477935889736,0.18688485715317038,7.136891430974939,0.38176425994197494
Energy_Saving_Focus,213,20,21.896700805978874,5.594842727798411,71.28427806019783,1.723353528456161,2.2722584800678307,0.19124596473896083,7.148267910104478,0.38149470321406787
Energy_Saving_Focus,214,20,21.558541677017597,5.676768780024109,71.43410336382688,1.7500841759714467,2.27673402141314,0.18862766908555967,7.166651403452269,0.37556861358431193
Energy_Saving_Focus,215,20,21.48067761676642,6.052092514259745,71.4480072823167,1.8792561376227452,2.271692202927079,0.19288798613599903,7.157710434972541,0.3733499545500035
Energy_Saving_Focus,216,20,21.24328786316701,6.27175619389061,71.52885262787342,1.9465074656123051,2.2639357830630615,0.19883521715881267,7.158759461833396,0.39262103315402264
Energy_Saving_Focus,217,20,20.761320471868498,5.917977188271038,71.66913459740579,1.8281849463991966,2.252909729043022,0.19598465027594542,7.127917725781444,0.3978114771688754
Energy_Saving_Focus,218,20,21.072750402361297,6.306866211723217,71.57643155291677,1.9315188400746854,2.25998833572492,0.2066811521038704,7.1440925733000045,0.4042103386211281
Energy_Saving_Focus,219,20,21.091770562409604,6.177671127410367,71.57020033732057,1.883017210629435,2.2567149771377446,0.20284800107672013,7.146591985241976,0.3928975006374228
Energy_Saving_Focus,220,20,21.11926714567857,6.086962748344873,71.54036519266666,1.8831570966624143,2.2535572556685657,0.1999841440178068,7.134122173127253,0.39692624452843805
Energy_Saving_Focus,221,20,20.818777859754327,5.864219379840565,71.6532687035948,1.8167601079054492,2.2503349660430105,0.19367753384212666,7.138490469474346,0.37912976261660575
Energy_Saving_Focus,222,20,20.504666825496336,6.16228416204951,71.7479561507702,1.9004643558612613,2.24438687027432,0.20143005362365451,7.112593460606877,0.38745272733810837
Energy_Saving_Focus,223,20,20.586829085735793,6.014202986282538,71.72875224076212,1.850577713113175,2.2462896029883996,0.19906160105913415,7.121406608977122,0.38587002512174146
Energy_Saving_Focus,224,20,20.434812521811114,6.090918684294741,71.79464257165789,1.9031329652603384,2.2456049972353505,0.1918470563104011,7.144000642900354,0.380521836693195
Energy_Saving_Focus,225,20,20.35539856236455,5.891751453984675,71.82260715618729,1.8313097618746605,2.2475369786052033,0.19076150482157464,7.13640887077665,0.38252457625313563
Energy_Saving_Focus,226,20,20.865779578740195,6.141344282914802,71.67402045071125,1.9255249419889278,2.265349055440165,0.19699157962858224,7.163222841189709,0.38210237548145837
Energy_Saving_Focus,227,20,20.905251657510483,6.120586463373423,71.63136039905251,1.9284434673187507,2.2581388601008805,0.19205500871521133,7.136554575883784,0.3763307905859197
Energy_Saving_Focus,228,20,20.783078545683374,6.060463709629039,71.68046393059194,1.903458198484551,2.257242513622041,0.19247592146457743,7.144180261531728,0.37981605442279726
Energy_Saving_Focus,229,20,21.072652537795243,6.122250346568635,71.568982687518,1.9255783974028897,2.2549767262034583,0.18707024075427406,7.1459694608848086,0.3796659748489239
Energy_Saving_Focus,230,20,20.93223312364467,6.166983497084488,71.63380625329911,1.9312158144358857,2.2596265257522465,0.18244539726338727,7.144975183927454,0.390117002794522
Energy_Saving_Focus,231,20,21.12400453646963,6.839876973320486,71.59589817494154,2.150347540529362,2.278728999758605,0.18887759687876265,7.14993851884501,0.37589770264783273
Energy_Saving_Focus,232,20,21.05623294746436,6.710232374846987,71.63092906199395,2.1206891599986895,2.2848358530690893,0.1846879296157244,7.156765773897059,0.3761785345590278
Energy_Saving_Focus,233,20,21.036264924742635,6.667881644148086,71.62873344935477,2.105146389777799,2.2739540972560643,0.18498278234075805,7.155978563798127,0.3700727281821736
Energy_Saving_Focus,234,20,20.8350487729626,6.57134998001419,71.70256040073932,2.0749883754068406,2.273081188161159,0.1811692553865368,7.155885147876106,0.35504001142275265
Energy_Saving_Focus,235,20,20.82539843864842,6.307368392257367,71.70255889691413,1.9800970751374862,2.2723415167717027,0.17828333043668357,7.148022285580518,0.3654946770361915
Energy_Saving_Focus,236,20,20.722977396563657,6.253761777107818,71.73619715757668,1.960531339338709,2.2694006638019344,0.1820044441999399,7.146918346042511,0.3610914018546075
Energy_Saving_Focus,237,20,20.921215504243083,6.304150108688999,71.6892675346136,1.9534904943676483,2.275635894436855,0.1847921874568214,7.158936828037258,0.3707420084221529
Energy_Saving_Focus,238,20,20.91082153957928,6.318563490892003,71.67596574142576,1.9788738992733823,2.2704451439762487,0.18620382741314975,7.149604180033785,0.35950251961801005
Energy_Saving_Focus,239,20,20.866205957326372,6.453431748123048,71.69375130303203,2.0101727433410312,2.2698848026664926,0.18950596474397502,7.147060460988432,0.35368579028233116
Energy_Saving_Focus,240,20,20.857007578893775,6.456322892475368,71.68380707323551,2.0343861950357223,2.2661546933470524,0.18645337542718066,7.1394738450794835,0.34752048851624856
Energy_Saving_Focus,241,20,20.816874690836876,6.032157783572712,71.68678864791988,1.8890437831569176,2.259106702176796,0.17826774509234913,7.133194439612271,0.3476777608359062
Energy_Saving_Focus,242,20,20.85022134670553,6.218008792119,71.68066709302366,1.9368111588094468,2.2621449503838087,0.18121282424161306,7.127722893476021,0.35339834086386723
Energy_Saving_Focus,243,20,20.536260521438926,6.028211514639998,71.7514558365196,1.873616919374633,2.247814620374702,0.1806329927769319,7.096727051589406,0.3569914622095146
Energy_Saving_Focus,244,20,20.47817256101785,6.079817102268274,71.76626237891614,1.9109692823220217,2.244148523518816,0.18174455979856335,7.099562971564009,0.3577186462997273
Energy_Saving_Focus,245,20,20.624078798229107,6.214480487683459,71.71573081031441,1.9212266258848447,2.247445328589529,0.18884982162641095,7.0945742837083525,0.37760322410696257
Energy_Saving_Focus,246,20,20.806291470143133,5.9376488698577905,71.64151480682195,1.8579643469740574,2.2519531019823624,0.1844683018578942,7.090963147794828,0.38151827434668634
Energy_Saving_Focus,247,20,20.586589964528972,5.8588406761449106,71.73055993929505,1.8183832148293988,2.2486799205595163,0.18120050629609988,7.101401229923359,0.39676983324088344
Energy_Saving_Focus,248,20,20.7474028507097,5.801147370291239,71.66952894799411,1.8043463572389,2.2501539116632197,0.17958579829298144,7.099224476856179,0.39382117179424103
Energy_Saving_Focus,249,20,20.725316825102478,5.820727746469063,71.69518125779926,1.7991756822972178,2.2553106511058285,0.18361627885391787,7.104685263752472,0.3824922202067472
Energy_Saving_Focus,250,20,20.79543497452593,5.862227758025218,71.68280507542192,1.7928644477163427,2.258888792491052,0.1845997837681742,7.109050095583079,0.3807038183497874
Energy_Saving_Focus,251,20,20.049497132186264,6.150630080610188,71.93920171260834,1.861545957067266,2.245486165033653,0.1931117057885383,7.101200972595253,0.40413847922546786
Energy_Saving_Focus,252,20,20.49699471306877,6.507867419647729,71.8016000919044,1.9907150589334557,2.2638106162426994,0.1985336694238958,7.10852470163023,0.40693268996947546
Energy_Saving_Focus,253,20,20.609219121832474,6.519348127271094,71.75446881748736,2.0009582165273287,2.2666954382963014,0.1985919621894706,7.100893874388421,0.41781513277866195
Energy_Saving_Focus,254,20,20.676952059727796,6.540153023247084,71.72692748598755,2.016860223411738,2.2650827434042005,0.20092039477748824,7.112658767899265,0.4214850458242603
Energy_Saving_Focus,255,20,20.788010488535168,6.671345718828234,71.70158633999526,2.0307932745385884,2.2662849357840607,0.20790605904687853,7.121361148103605,0.4220789147392186
Energy_Saving_Focus,256,20,19.860105736501406,7.770774438766837,71.98347233027219,2.4140091035968094,2.2360951785673384,0.22730775410117254,7.094879367263056,0.42806064569379554
Energy_Saving_Focus,257,20,19.403321157693547,7.951722455200495,72.13654099546372,2.4733101681682736,2.2298153675766663,0.2283901425321616,7.0902284819213675,0.43843640977465775
Energy_Saving_Focus,258,20,19.751034366738804,7.808348857799519,72.03680622160434,2.408476740530756,2.242242635637522,0.22413306082457107,7.0979279892402705,0.4430803484999823
Energy_Saving_Focus,259,20,19.725871297888595,7.853506381713608,72.03538195014,2.4148521330615025,2.2374256119364873,0.2269358060620728,7.089472765487153,0.45160036428066735
Energy_Saving_Focus,260,20,19.893848347079533,7.725393949071972,71.96468722827733,2.385002722604143,2.2392129974236012,0.22338522774685546,7.0866037746571235,0.45227835657132454
Energy_Saving_Focus,261,20,19.871484995079165,7.766895486232607,71.98066115371883,2.3839852080517074,2.236372413330246,0.22090118556372926,7.092867723369272,0.4485055639138826
Energy_Saving_Focus,262,20,20.736455810114077,7.193581145541163,71.70955056205392,2.1798755817717255,2.259446168532595,0.20978627837002384,7.12082519441843,0.455218803839313
Energy_Saving_Focus,263,20,20.572937794985712,6.9068147490826055,71.76811573073267,2.1071442755284915,2.265561450840905,0.19883875918012506,7.115638807506767,0.4529406719759597
Energy_Saving_Focus,264,20,20.718080545486877,7.167065616383949,71.73889985352756,2.1663633737218513,2.268952494338155,0.20969237822299577,7.129905106201768,0.4485901685964777
Energy_Saving_Focus,265,20,20.50453230788537,7.1006932155362525,71.80346589408815,2.166394830776488,2.261265597827733,0.21784077727021686,7.125745233814231,0.4352229933289709
Energy_Saving_Focus,266,20,20.47975816518789,7.150997144283325,71.79961893364786,2.177104799246066,2.256187421474606,0.22398348677922253,7.127002225467004,0.45182522808026815
Energy_Saving_Focus,267,20,20.285255155496802,7.287841438351575,71.85137642331422,2.2099685409205514,2.2491674964502453,0.23118305186245247,7.119712136264425,0.4648888490077582
Energy_Saving_Focus,268,20,20.02206983432968,7.465919636763742,71.96756283052267,2.2521889272473414,2.245085308842827,0.23563662432311344,7.144185061051976,0.45952285311552765
Energy_Saving_Focus,269,20,19.7898597848198,7.594385895189331,72.01571874223649,2.303421167285902,2.236622493434697,0.2387728258980746,7.116983197834342,0.4720826719137193
Energy_Saving_Focus,270,20,19.95471678831538,7.962180751678074,71.95955055050551,2.430066191010747,2.240812759147957,0.24372066051017102,7.119517301460728,0.4733949980040366
Energy_Saving_Focus,271,20,19.458052243309886,7.6945354188427535,72.1070870064199,2.3381310914334885,2.222554596075788,0.24302581535574783,7.098761855871416,0.4610418065701333
Energy_Saving_Focus,272,20,19.106936023528437,7.946162391065517,72.25369183428586,2.395637267521322,2.2228694571089003,0.24970587590610302,7.114187000864186,0.4709223940863086
Energy_Saving_Focus,273,20,19.30140738201323,7.702423782947736,72.17007696315646,2.314991912341753,2.2220169844012707,0.2520913985693718,7.109145325664431,0.47721517741878294
Energy_Saving_Focus,274,20,19.597194755916348,7.56850228637643,72.06630271472036,2.2355350824358813,2.22448844270315,0.2599210140473383,7.111961252386682,0.489564731844283
Energy_Saving_Focus,275,20,19.867849952509893,7.710034742738527,71.9973987647891,2.2878159652654158,2.23661315491423,0.25624124905529744,7.123908491543261,0.4724671203939443
Energy_Saving_Focus,276,20,20.191306732077443,7.670370517577966,71.89504877105355,2.281629702317623,2.244309845864773,0.2541881081114954,7.129546349090523,0.45408124999550736
Energy_Saving_Focus,277,20,20.56023549073303,7.5801865551089245,71.77304902508855,2.259186689815927,2.2491373242624104,0.2549901956498516,7.142793183466419,0.44796707971873534
Energy_Saving_Focus,278,20,20.796382554674828,7.394941427797259,71.71955376952886,2.1696425765295286,2.2609184693847784,0.25499953287316757,7.166119019959588,0.4651662603782664
Energy_Saving_Focus,279,20,20.87632244692885,7.178736706661928,71.70714658513666,2.115017950793282,2.2647473767586055,0.24815775851483388,7.181337040085346,0.44385839722933207
Energy_Saving_Focus,280,20,21.376485605991824,7.144599638657943,71.54714486837386,2.1082923771306747,2.272277876380831,0.2544594962639764,7.212082395558245,0.43984978579757156
Energy_Saving_Focus,281,20,21.348173805735932,7.043941471676903,71.57179431349039,2.1018326095818365,2.2743983083264903,0.24323828473753217,7.221180034230929,0.4239157171211502
Energy_Saving_Focus,282,20,21.713060763105027,6.974388279274884,71.4908400312066,2.0791513384582974,2.2922930446034298,0.23606708060777593,7.255467192223295,0.4124266209884056
Energy_Saving_Focus,283,20,21.43714068683215,7.082804625369125,71.55978711873293,2.1022763629024332,2.277754815123044,0.24434107376907324,7.243321779128164,0.43564225828913505
Energy_Saving_Focus,284,20,21.81233835873762,6.9591086428133755,71.42614589579404,2.0558587968788404,2.282414009679342,0.24694416361534685,7.249289155663573,0.44560209754367736
Energy_Saving_Focus,285,20,21.776422178202978,7.116872838893895,71.42937391512096,2.102795623536133,2.279790100315586,0.24787512789149482,7.238358579217456,0.4524976631498424
Energy_Saving_Focus,286,20,21.979045455693274,6.9916175582926225,71.3385713429749,2.065757184206239,2.27674852672033,0.25037533193127576,7.236829764945432,0.464382657371263
Energy_Saving_Focus,287,20,21.85395044579149,7.373567944897603,71.40088162831962,2.180773528138383,2.2797384024504574,0.2510191160028925,7.243046789951623,0.4745629054787268
Energy_Saving_Focus,288,20,22.1182688337933,7.46264129791947,71.3157990590483,2.2177701350102104,2.283739058712381,0.24887247790603195,7.258105715410201,0.47578763053679435
Energy_Saving_Focus,289,20,21.811858356976806,7.4825287712871065,71.40988535679877,2.2293496457203106,2.278419739245437,0.24451517415527566,7.240198698728345,0.47805769260877223
Energy_Saving_Focus,290,20,21.601595783309122,7.8349018857904005,71.49264848574997,2.3599939196336,2.28157751810737,0.24006843837575298,7.236739339446649,0.4876402668894613
Energy_Saving_Focus,291,20,21.879992926534094,7.831183108513522,71.40537478134036,2.3611685046036572,2.299188009267673,0.2411800497885306,7.2323742777341975,0.502815019083097
Energy_Saving_Focus,292,20,21.790619045395093,7.9439327608332935,71.43514866627753,2.4177644423914346,2.29762156335637,0.23359182817288154,7.228477132166736,0.49966973495873623
Energy_Saving_Focus,293,20,21.67685556852445,8.014928078566022,71.46697297140956,2.4493658372928135,2.2968973443098366,0.23497734928862277,7.222944757838268,0.503951373912023
Energy_Saving_Focus,294,20,21.780053768737027,8.272538626890329,71.44057418569922,2.5354951599583027,2.3028851543739437,0.23674027416628526,7.229357371674851,0.5078831385911503
Energy_Saving_Focus,295,20,21.750911898734635,8.114448592080048,71.46422240436077,2.4559476534037237,2.3023429435910656,0.23739746234913406,7.236470141538885,0.5069771031178453
Energy_Saving_Focus,296,20,21.578620266825695,8.315379366496312,71.54104341492057,2.5220711377980156,2.304201990775764,0.23917289389607807,7.24520309196785,0.501734273841765
Energy_Saving_Focus,297,20,21.246441039247948,8.246006204173874,71.63884495794773,2.529725973023811,2.29362639487721,0.2314329225702137,7.236002427740023,0.4905217604728601
Energy_Saving_Focus,298,20,21.04183876287719,8.322877185772823,71.70812400564552,2.546160681354501,2.289594945460558,0.23678846811204385,7.228813039385713,0.4894479329565486
Energy_Saving_Focus,299,20,21.01903263869298,8.782997059443138,71.73288757562638,2.6779477101580613,2.2912644745828583,0.24837242027753328,7.237721328360495,0.4849904797643419
Energy_Saving_Focus,300,20,20.654796117552003,8.830112523989177,71.8308005362004,2.710749428969166,2.2798006906197408,0.253409730023521,7.214187585654436,0.48140645385168945
Energy_Saving_Focus,301,20,20.04002373779758,9.417731467607105,72.0017803002894,2.8855894031540283,2.253153763944283,0.28067308184973616,7.185203479067423,0.4843232187201924
Energy_Saving_Focus,302,20,20.072604334244375,9.81005209945064,71.98818878293038,3.0074990957892145,2.258172679198906,0.29028765514364496,7.16723147564102,0.48726771054534335
Energy_Saving_Focus,303,20,20.076835747614986,9.782428589981727,71.9791358602047,3.0035273172150787,2.2569957999419423,0.28636050828257836,7.160623980023665,0.4912151001029996
Energy_Saving_Focus,304,20,20.451616558318854,9.782593181608462,71.85634590387345,2.9948865151223076,2.2641421403118875,0.2913069483526996,7.167926362658617,0.49097560065027
Energy_Saving_Focus,305,20,20.693495743227118,9.958340403463202,71.78269706360996,3.0461221643748813,2.2702585030370392,0.2941080589783522,7.171737634821329,0.4960707275497689
Energy_Saving_Focus,306,20,21.01907985345351,9.604764226281771,71.70620784744621,2.9219334360421105,2.29110957512632,0.2771297806365914,7.188939183931798,0.5087037612013389
Energy_Saving_Focus,307,20,20.746966423025892,9.450691850213644,71.80038537606598,2.8831157127258162,2.2876695841457697,0.27042553205423564,7.185849505788648,0.49677512424573006
Energy_Saving_Focus,308,20,20.979907298391602,9.139211016153245,71.73014412112533,2.8331906971023337,2.293776224129833,0.2595197756011798,7.206573898545466,0.44580882653902254
Energy_Saving_Focus,309,20,20.601701975787968,9.083926746416992,71.83685297340155,2.8086145003451843,2.277198499701917,0.2632158508287346,7.186896755634807,0.4436731667398398
Energy_Saving_Focus,310,20,19.783843548421324,9.006845529908311,72.09045513831079,2.7747707405527686,2.253788819471374,0.26514928693988404,7.162249969178811,0.4572382428320209
Energy_Saving_Focus,311,20,19.120764157812786,9.198787316187099,72.30332323551178,2.838517089971043,2.2376943440549075,0.2657001932160379,7.150094222724438,0.4659640072604475
Energy_Saving_Focus,312,20,19.411710707175537,9.06880880427714,72.19919619701803,2.8218973643195637,2.2408051181165503,0.26293046111564544,7.157028601751664,0.4477136688217247
Energy_Saving_Focus,313,20,19.661027251643482,9.106418778702832,72.11879536516965,2.8388035070399593,2.2464332214649767,0.2617547313458687,7.165205088877118,0.4495749679803417
Energy_Saving_Focus,314,20,19.752577457549563,9.291718682655326,72.08104284085333,2.9042433903622276,2.247062482982874,0.26392901597533225,7.164521263428033,0.45776460006075786
Energy_Saving_Focus,315,20,19.62447121106007,9.197294014416643,72.08531409926712,2.928504951945506,2.233353640977293,0.25050037881566833,7.145639385115355,0.43455670462505297
Energy_Saving_Focus,316,20,19.846194925181226,8.826752703619803,72.03677149482071,2.821477116205001,2.2394518903316927,0.24854753429563498,7.187386807710864,0.4091669035240146
Energy_Saving_Focus,317,20,19.831381444779108,9.25112827463731,72.05016949035227,2.9591756389097994,2.242726121279411,0.2550952826500129,7.19199426539708,0.4063333073639378
Energy_Saving_Focus,318,20,20.117208435927463,9.290323985439839,71.96989749774336,2.9484237768505266,2.250745335640386,0.25799566799079604,7.202205654690042,0.41194827506812376
Energy_Saving_Focus,319,20,20.565210970443466,9.032637349133953,71.83432179778814,2.8286234500418685,2.262299359822646,0.2623061922975642,7.211395860975609,0.4213337197239829
Energy_Saving_Focus,320,20,20.186213471827045,8.755722532525875,71.94938176609575,2.7326186007185376,2.251325422301888,0.2591821052696239,7.193507223753258,0.41674325281370217
Energy_Saving_Focus,321,20,20.106606484711893,8.88743219615624,71.95723695106804,2.7964667410069346,2.2462910834606737,0.26087624258054415,7.181172067252919,0.41525461788555196
Energy_Saving_Focus,322,20,19.88659264284586,9.530875682379072,72.03703863710165,2.9814493056960267,2.2476646369695663,0.27423866052146073,7.165975430887192,0.4348176018358262
Energy_Saving_Focus,323,20,19.976107182128892,9.380858105785869,71.99300019852816,2.958095232149189,2.2497389068547635,0.27012249640802405,7.160386132884305,0.4294175023774442
Energy_Saving_Focus,324,20,19.924683052560745,9.566660865011112,72.02654268227518,2.9979954381493417,2.2524681875854733,0.2711477827321815,7.159980850317515,0.43766953292694355
Energy_Saving_Focus,325,20,19.699713368558744,9.298735685955727,72.09745604664087,2.918799289435333,2.2454041863325984,0.26110315265662576,7.157309193888213,0.4352128456246549
Energy_Saving_Focus,326,20,19.329602474486045,9.153852019835588,72.21465762965381,2.886162309979448,2.238387991003692,0.25973551042525755,7.150187008595094,0.4286067876408916
Energy_Saving_Focus,327,20,19.272260348104982,9.008522932310925,72.23351982690394,2.857886004362761,2.235304586123675,0.25323127602608625,7.158598932330497,0.4168766464103415
Energy_Saving_Focus,328,20,18.98161094581959,9.149093436101673,72.34175570823251,2.9013554632096166,2.229563884427771,0.25476490768285726,7.172803564984352,0.4173400935491133
Energy_Saving_Focus,329,20,18.643654855620817,9.336825426187954,72.44251046024263,2.9634015119362136,2.2183588338131086,0.2581133108357243,7.161829713508487,0.42320350146181507
Energy_Saving_Focus,330,20,18.671596453658424,9.361848030800317,72.44012449890376,2.968231226090341,2.2233544415887443,0.2617345013687619,7.157480406421238,0.4091638700653604
Energy_Saving_Focus,331,20,18.33898998993099,9.395931521519143,72.57485976450145,2.9350930941860156,2.215125529631041,0.2696290810674645,7.180300968787632,0.42103226356076007
Energy_Saving_Focus,332,20,18.186613537650565,9.68958035277992,72.63063819795846,3.0336272572211125,2.2151686860760673,0.27119933463782747,7.181552182179876,0.42975445633168735
Energy_Saving_Focus,333,20,17.70023578701818,9.610030311994459,72.7559286814183,3.031890679423012,2.2024133031629027,0.26053910411734893,7.133159823664464,0.449492578628651
Energy_Saving_Focus,334,20,17.88777756553882,9.752620698219499,72.75310345739126,3.042826724319887,2.2204564769379793,0.2632651608034006,7.173532091975213,0.43991592254616646
Energy_Saving_Focus,335,20,17.653931516432166,9.441051347992822,72.8127778081596,2.9695428526683307,2.212061206540093,0.2502166972869355,7.160904815820977,0.4330990443450353
Energy_Saving_Focus,336,20,17.807775878665836,9.017468870350173,72.8069237099588,2.792690930391178,2.2269097626022996,0.2458562154988004,7.19808930106461,0.4367239906601547
Energy_Saving_Focus,337,20,18.132006378633143,8.32762270004216,72.68909071370959,2.6019029107649567,2.225218093506992,0.23706323350668568,7.213833246575669,0.3999275456845616
Energy_Saving_Focus,338,20,18.28472178400217,7.9841656139377735,72.64227967798709,2.5208360852281344,2.230123696746305,0.21958234525116935,7.2286666657216845,0.3960551542659766
Energy_Saving_Focus,339,20,18.72088772159331,7.545763744181969,72.49555606737734,2.4192477991573127,2.2394502731226384,0.19702185867961086,7.2392175936792045,0.3861052309847962
Energy_Saving_Focus,340,20,18.837247944322204,7.921398790063199,72.47733626037837,2.5626211582331533,2.242113918941468,0.19023543867590675,7.266816550204529,0.35325516372182997
Energy_Saving_Focus,341,20,18.953033866413257,7.574854927979305,72.44872567087411,2.4194195845692223,2.243820541892201,0.18918327784154823,7.27160751095973,0.3536951336924632
Energy_Saving_Focus,342,20,19.186047029427268,7.368494894362502,72.38530824840069,2.3300481542375797,2.250569100305438,0.1886764733858119,7.280396351981908,0.3521924822206772
Energy_Saving_Focus,343,20,19.13045938819607,7.27260930981654,72.40413517206908,2.300693945532593,2.251346812900156,0.184274113589499,7.272821836322547,0.3437953195039924
Energy_Saving_Focus,344,20,19.63446973016942,7.854871282602157,72.27298455193639,2.4633488701094413,2.2722534037567677,0.20670124969898537,7.305229114107787,0.3292023583994606
Energy_Saving_Focus,345,20,19.587116906898082,7.9086857980786025,72.31322335466743,2.4543652734710233,2.2751650648005306,0.211474509124574,7.331314302636311,0.3376996908805979
Energy_Saving_Focus,346,20,19.402045649571505,7.7392477638275485,72.37355349570512,2.391591938048477,2.269186088051647,0.20779793888309425,7.332008377900347,0.34068376719014726
Energy_Saving_Focus,347,20,19.80478267196667,7.942660424375825,72.2461975826323,2.45937636971757,2.278750720638782,0.21238101168494164,7.3481721965782345,0.346516256396953
Energy_Saving_Focus,348,20,20.011422525411163,7.935011022204342,72.1833547899127,2.4494755581860432,2.2858354038372637,0.2140706567927936,7.348505376800896,0.34787227424418843
Energy_Saving_Focus,349,20,19.98575058492675,7.875220862450072,72.18682957336307,2.4284579745967227,2.2849566696397963,0.21669548845049233,7.342482258137315,0.3467529867784733
Energy_Saving_Focus,350,20,19.645017707722808,8.335733373865258,72.29599426075816,2.5895296717146867,2.278624284276739,0.22536800447953337,7.33141067028977,0.341274161526612
Energy_Saving_Focus,351,20,19.1995186128438,7.895768772622947,72.43679601848126,2.452446167155022,2.2668027481250466,0.21390996949809601,7.320183553453535,0.3278377165697919
Energy_Saving_Focus,352,20,19.336365742214728,7.6694426662600215,72.36637699842453,2.4201900795466806,2.265355210471898,0.2008107658482768,7.298605411052703,0.32304290230393723
Energy_Saving_Focus,353,20,19.17218814275401,7.723058595800286,72.41099673986434,2.434048150175339,2.2594917742349208,0.20382435339556712,7.29045386498794,0.3357991838829205
Energy_Saving_Focus,354,20,18.55134129136769,8.624008869536617,72.58118753671646,2.6731777155184027,2.245695793442428,0.2365181100984467,7.242039977945387,0.4409390776571954
Energy_Saving_Focus,355,20,18.487030600001823,8.370985591279316,72.57280931547284,2.6174086401850483,2.23546194777824,0.23215600054570332,7.221804197048769,0.4338257574398863
Energy_Saving_Focus,356,20,18.39337552686974,8.334258036245963,72.61026246026158,2.6180582913159967,2.2387251036334783,0.22689806196132412,7.2272577495407315,0.43581730651632694
Energy_Saving_Focus,357,20,18.655656983344272,8.926699768593727,72.53758181989193,2.810986078937674,2.249514207858592,0.2421433358260253,7.237624471066519,0.4230400026126762
Energy_Saving_Focus,358,20,18.71048173433692,8.667402115288636,72.51511211946607,2.7249040162948357,2.2450094765983524,0.24521961240254692,7.246494495803491,0.41222784223418935
Energy_Saving_Focus,359,20,17.93013970423628,8.643991334996018,72.75634387120604,2.7347196514410492,2.2229643224272877,0.23622723290350756,7.222524445243179,0.40727930748275
Energy_Saving_Focus,360,20,18.270045832091455,9.047678196206185,72.6560138978064,2.846386446033016,2.234365127701312,0.24387114338260674,7.227411557780579,0.4170753797805985
Energy_Saving_Focus,361,20,18.616914222910708,8.840545281703763,72.56558972999453,2.763254855896018,2.249810134060681,0.23845090021424978,7.247026097392663,0.4232150361775055
Energy_Saving_Focus,362,20,18.34365617812836,8.780756707000709,72.65753435969353,2.7493834867205007,2.24267807206139,0.23529375458825985,7.24871551129967,0.41267308031661465
Energy_Saving_Focus,363,20,17.739350907370486,8.572546327634578,72.83531779944897,2.6761301074303456,2.223801010195166,0.23129889681038415,7.220404459927231,0.42751157389318317
Energy_Saving_Focus,364,20,17.27239150407649,8.446107629482789,72.95776790231466,2.668898838010882,2.205626169703901,0.22485024800374076,7.190661991117523,0.4194263788574005
Energy_Saving_Focus,365,20,17.224153274807893,8.564046744783763,72.98823236495257,2.671898762345073,2.2070465329661966,0.2376588706110905,7.201951921815052,0.42743699435594534
Energy_Saving_Focus,366,20,16.79508551348361,8.088028984719427,73.09706382155419,2.536253813067643,2.181062962003052,0.22702404277801597,7.188163556279615,0.4223207470435589
Energy_Saving_Focus,367,20,16.99957968277729,7.914872042440709,73.0132654467225,2.4978272741279572,2.1771588073670864,0.22628511427626788,7.189754357766359,0.41216780312564577
Energy_Saving_Focus,368,20,16.334737911834765,8.144381088977498,73.20986272886395,2.5783413371801926,2.148959707096219,0.22331803646261986,7.173108054371551,0.4131034006354495
Energy_Saving_Focus,369,20,15.685248759720617,7.443846154909918,73.41647046267987,2.3640208702497785,2.134576087780297,0.2028621452305259,7.155318821202964,0.40548889757491907
Energy_Saving_Focus,370,20,15.832545714258606,7.2185281106547405,73.37529162108898,2.2728677732222873,2.139724686006084,0.20639135940031214,7.1656036708503965,0.4122746385480494
Energy_Saving_Focus,371,20,16.272704122737075,7.191388996304698,73.2455552725494,2.2657540283183453,2.154247038010508,0.20064116762871767,7.182127230353653,0.4062802958074387
Energy_Saving_Focus,372,20,16.502332237474864,7.518630046841384,73.17964467376471,2.37210671101612,2.162278175018728,0.20690530674243118,7.193768765050917,0.4065208311686215
Energy_Saving_Focus,373,20,16.40416827171631,7.514277657604194,73.19890382707119,2.385391976528682,2.156970614306629,0.20508187505890813,7.184742210358381,0.4089900543608428
Energy_Saving_Focus,374,20,16.727349757502605,7.240405239829469,73.10243368059398,2.292983111801293,2.174001715481281,0.2092224008627312,7.196344998963177,0.42566361008623577
Energy_Saving_Focus,375,20,16.959118666872527,7.37642188364473,73.01995131194592,2.33081701357601,2.1764703875780107,0.21550644662643043,7.194403343908489,0.430639111485006
Energy_Saving_Focus,376,20,17.309233156962055,7.355783680724358,72.9012148012221,2.334762536554604,2.1852617145702244,0.20950150441459348,7.192628783946857,0.4332846363718964
Energy_Saving_Focus,377,20,17.02451191110605,7.179828212071183,73.01408723890782,2.243180861585492,2.1830291738919914,0.20463344193316246,7.193986669555306,0.4381063263271389
Energy_Saving_Focus,378,20,16.353271931068782,7.202096162150321,73.25407254710794,2.1968222877247987,2.177084845257923,0.21196110050379824,7.188036193344741,0.4533208155762038
Energy_Saving_Focus,379,20,16.29245662292894,8.200936790085166,73.2638103479147,2.513447699621705,2.1709983626194296,0.23577211329563727,7.181578111927957,0.47550307505131834
Energy_Saving_Focus,380,20,16.14849322687312,8.533140318509265,73.31391686677932,2.6200588645930316,2.1678868070058526,0.23263750743172434,7.1844861067365855,0.4959514836969449
Energy_Saving_Focus,381,20,16.655130508199804,8.972040014302747,73.15393747508526,2.736677614192569,2.18160583935678,0.24855557764911096,7.185519310999662,0.5043247888901606
Energy_Saving_Focus,382,20,16.81570965886406,9.28747484173753,73.10396249502898,2.8149178800197445,2.1857571054063736,0.2584867804994584,7.184094302747399,0.519162547306876
Energy_Saving_Focus,383,20,16.668899624307468,9.456192039086025,73.15265687674284,2.8454425533836907,2.186966869868338,0.2686653728597872,7.171543798800558,0.5378061751220644
Energy_Saving_Focus,384,20,16.491246911578138,9.332349998049603,73.21303768336773,2.7973960390465336,2.1830485101230446,0.26587586885450865,7.172998221684248,0.5448225426248973
Energy_Saving_Focus,385,20,16.128014611140017,9.50989444950361,73.31827264636755,2.8538794826718212,2.174779382124543,0.26729195251018495,7.152232646476477,0.5641309440279063
Energy_Saving_Focus,386,20,16.111978049470913,9.760341829876795,73.32455169945955,2.928721652538368,2.173236617781222,0.27371743262976667,7.156371834017337,0.5749812715611161
Energy_Saving_Focus,387,20,15.926954538996721,9.726396524530012,73.3799655380845,2.932508597868651,2.169346161987632,0.2668411724487821,7.149005428459494,0.5718875168068401
Energy_Saving_Focus,388,20,15.556448889607031,9.434507521803734,73.4484396147728,2.8902457211553334,2.1487229708768427,0.26704257650866225,7.1124098981358115,0.5658150839621597
Energy_Saving_Focus,389,20,16.33915870132669,9.037623543374139,73.1649716770649,2.8189595314510303,2.157276122905314,0.26031292708696196,7.1215202455595135,0.5376492122677334
Energy_Saving_Focus,390,20,16.615370960332065,9.287823603864961,73.08422531396151,2.8762007779459506,2.164456417709589,0.26611580727818807,7.124288020096719,0.5386576172353043
Energy_Saving_Focus,391,20,15.893686958435788,10.095777963312884,73.3237129330635,3.1282608269714967,2.152095041796565,0.2762441734876413,7.105163531377912,0.561674112613882
Energy_Saving_Focus,392,20,16.234094219363875,9.592710040725098,73.20856690883636,2.9690472049708645,2.154810781460255,0.26847284328773097,7.112967844419181,0.5374812804757425
Energy_Saving_Focus,393,20,16.323996983276295,9.49504198735466,73.17238206580281,2.9524441657419778,2.1523542287386954,0.26690879481419655,7.118429011972621,0.5294154819322028
Energy_Saving_Focus,394,20,16.40230347051364,9.488887224531094,73.16445268452168,2.9385959754613085,2.1578831491060555,0.2650110785034473,7.1270204442832625,0.5206851556425386
Energy_Saving_Focus,395,20,16.17074804961116,9.68400129551636,73.26092794686556,3.0096032793362237,2.159911440573633,0.26277531934025633,7.135286741964519,0.5089143707642377
Energy_Saving_Focus,396,20,15.763126553756951,10.230711873052242,73.41701525613665,3.185199264605439,2.1597904253378513,0.27343374745627114,7.144506843797862,0.5081734046876063
Energy_Saving_Focus,397,20,15.313400081621953,9.967360841168116,73.55714701712131,3.103065507293391,2.147726354021579,0.27536543307766187,7.1411512438301,0.5073827416644314
Energy_Saving_Focus,398,20,15.469791025473038,10.054630813111423,73.49507103860378,3.151677380044919,2.148046752978116,0.2697367042266818,7.139995793635026,0.5078312793606161
Energy_Saving_Focus,399,20,15.599219591883037,10.205775135725165,73.43374695390463,3.2024511852679423,2.1451733057945965,0.2804886276242752,7.133385505294427,0.515630222927534
Energy_Saving_Focus,400,20,15.478446532685876,10.305174410200605,73.42587169274688,3.2632620785469486,2.132593210414052,0.27579975635464943,7.083191316211597,0.5096056616719848
Energy_Saving_Focus,401,20,15.134064196546547,10.396794927190422,73.48702128008009,3.3215622089234382,2.116396189965308,0.26903721602065817,7.028090614685789,0.5353455984684942
Energy_Saving_Focus,402,20,15.254007035560486,10.283896564727625,73.46471822023392,3.275903866050939,2.1188133106939495,0.2649859170562756,7.04776668121107,0.5262963046872737
Energy_Saving_Focus,403,20,15.08961602461099,10.459877090229867,73.51404925718904,3.3351394978162046,2.1184100506827237,0.2659280276421827,7.0326247910130775,0.5278496013406186
Energy_Saving_Focus,404,20,14.423659800970265,11.086311701821865,73.75369205117225,3.5279917746719804,2.110860201045871,0.2779348879097392,7.027456115745008,0.528634735072451
Energy_Saving_Focus,405,20,13.51258332148841,10.627733512162914,74.08216288000345,3.327189098675359,2.1010284574516116,0.2712380937580452,7.02158694128506,0.5353451565051304
Energy_Saving_Focus,406,20,12.913829375971996,11.037163885611573,74.29763762772083,3.440278559162498,2.0944233414158226,0.2777267782574654,7.01258905432187,0.541995574964253
Energy_Saving_Focus,407,20,12.804161353980152,10.824568025927647,74.34301858738066,3.379900794700861,2.092249150853604,0.2753166724440714,7.024218060504646,0.5177549979186123
Energy_Saving_Focus,408,20,12.945030768392579,10.128882164207592,74.28104068115354,3.1745261862462284,2.092930856179446,0.24819178214562532,7.014097028477117,0.5245778820048417
Energy_Saving_Focus,409,20,13.085039375428602,10.255776495381925,74.25391153663398,3.217802416269119,2.0945036205463112,0.2529618257686694,7.038267913507298,0.48840572480328676
Energy_Saving_Focus,410,20,13.12339252120035,10.201346451272425,74.22570612102747,3.193045774143678,2.0887503355555235,0.25193005859442646,7.0235034283343705,0.4924193395497206
Energy_Saving_Focus,411,20,13.423112469644986,10.150800158712526,74.13265103518964,3.163025292384744,2.0994996351003645,0.2510660496782221,7.029565299283713,0.5177276352369378
Energy_Saving_Focus,412,20,13.43148999933328,10.094482605576951,74.15162506341935,3.128243290563422,2.1040591992065307,0.2516940353747335,7.048846076438204,0.5180149060542026
Energy_Saving_Focus,413,20,13.957379516389455,10.344995723245292,73.99085613846779,3.193615298630895,2.1182851021550597,0.26265397835674814,7.066093484517187,0.5225676230114972
Energy_Saving_Focus,414,20,13.69430787056012,9.93761876690835,74.08701671093702,3.0612686401116713,2.1171798138692974,0.2531057831449722,7.069373687040061,0.5206117182746339
Energy_Saving_Focus,415,20,13.389998547375686,9.900856866217326,74.19718087852002,3.028449819665762,2.1143816766515373,0.2538789250679468,7.069613842517137,0.5287142409116489
Energy_Saving_Focus,416,20,13.520184763140094,10.406179115181759,74.1512287375331,3.1954726011867014,2.1172912214696407,0.2659663105323342,7.061041088979691,0.5247095624999157
Energy_Saving_Focus,417,20,13.399403987533844,10.035113706418427,74.19967304974794,3.090720275832308,2.1107705847173928,0.2581404170005501,7.081260408945381,0.48502288167874225
Energy_Saving_Focus,418,20,13.096799077548251,9.969547560787008,74.27813289731742,3.0640193609402204,2.1045974666066467,0.25034275283447366,7.047750361487269,0.5225335392958927
Energy_Saving_Focus,419,20,12.91186025226433,9.804554448922099,74.33043915510177,3.01536950874766,2.1026115852966902,0.2527501129576035,7.033590770307929,0.5243578540927282
Energy_Saving_Focus,420,20,12.664094591878307,9.759778610477658,74.41313996434212,2.9943570124284937,2.0965329476073387,0.24667222116349982,7.036010251734406,0.5341740850103188
Energy_Saving_Focus,421,20,12.26329748909044,10.081237404273006,74.53755482196809,3.0789280811441784,2.094973183460534,0.24841168629457389,7.00143762787804,0.5745220142476065
Energy_Saving_Focus,422,20,12.027587676489725,10.111706059934441,74.6190811702609,3.1078298143537353,2.086883095856756,0.2527148300742565,7.004198925290257,0.5354131852063244
Energy_Saving_Focus,423,20,12.141753373496154,10.11639930043256,74.59053883790969,3.086858474520868,2.093387217950076,0.2619291692291694,7.008395197018982,0.5402681338069381
Energy_Saving_Focus,424,20,12.201435106714701,10.534504113146935,74.55981868207455,3.1982752252953683,2.0985941107757387,0.2736766219668668,6.979920975584537,0.5752074263571691
Energy_Saving_Focus,425,20,12.147700960901487,10.834203759945256,74.56797448337078,3.310666588615062,2.0904354081489145,0.27494835791453665,6.978552688471973,0.5702929109132364
Energy_Saving_Focus,426,20,12.008554541001521,10.182439632215766,74.61058001369238,3.112772893412168,2.0813823944702743,0.268073636331614,6.979944086922333,0.5235959557485723
Energy_Saving_Focus,427,20,12.75720075377143,10.711027803449223,74.372650180161,3.2840695863714573,2.0971705587394536,0.2786228413617867,7.0024785653501755,0.5294342227700128
Energy_Saving_Focus,428,20,12.373485597587491,10.289011674100934,74.5023428118229,3.1328271293240926,2.092256826106459,0.2748427318005406,6.995976626034826,0.5313419760477117
Energy_Saving_Focus,429,20,11.846544491040358,10.229420964707753,74.65982132643461,3.110246853390295,2.088088684380055,0.26681539949919014,6.951611909717322,0.5585498604451418
Energy_Saving_Focus,430,20,11.508931716293706,10.345406071249437,74.75615039825439,3.1594180651700974,2.0734610792994497,0.267042421728466,6.94116193935275,0.5551616359142325
Energy_Saving_Focus,431,20,11.493895922238456,10.436867564773564,74.75361309111119,3.192282482726717,2.0711713200435042,0.26905919058189215,6.934315585875884,0.5567909740461779
Energy_Saving_Focus,432,20,11.157477077274606,10.247891302098463,74.84679664343597,3.1814551473364294,2.048984697405249,0.24911455561293447,6.935069635417312,0.5167358100677457
Energy_Saving_Focus,433,20,10.908981651051942,9.976583415832522,74.93421493470669,3.0784263937860206,2.050752254985273,0.23727030300497,6.930695058675482,0.5493150145296252
Energy_Saving_Focus,434,20,10.75354326813784,10.210383653055446,74.99117576688528,3.167128275881728,2.0447745046764614,0.24404092963923785,6.942346590720118,0.5285491304157949
Energy_Saving_Focus,435,20,11.117662454801707,10.07441383265378,74.86056309580803,3.111550819113605,2.0521066600270568,0.23893923907143402,6.934105537701399,0.554918622778291
Energy_Saving_Focus,436,20,11.006397568016478,10.129284518650396,74.91147320210933,3.109100003798255,2.0566433839686216,0.2472984253939962,6.940327637344599,0.5645253829298593
Energy_Saving_Focus,437,20,11.065746533139592,10.059536841157982,74.88963577985763,3.0865995572905853,2.0523426216840743,0.2415315793823243,6.945057212468237,0.5548353655410456
Energy_Saving_Focus,438,20,10.951467553920022,9.972255172293647,74.93052603900432,3.0481022771598316,2.0510927625745534,0.24300004659229316,6.94729633551091,0.555674329116366
Energy_Saving_Focus,439,20,10.895969636309873,9.977084185406092,74.95392773449421,3.0304303399775168,2.0548725814558564,0.25155169250288373,6.939709161864593,0.5642103009263314
Energy_Saving_Focus,440,20,10.857971798056301,9.88104071740476,74.97146054536105,3.00710931951105,2.059132831990719,0.2494262819341782,6.9460905652865765,0.5685325345634025
Energy_Saving_Focus,441,20,10.734219630808408,9.590065145130326,75.00627097934485,2.9115556939435403,2.0538487834483385,0.24059342616588764,6.938869862128049,0.5673449265536755
Energy_Saving_Focus,442,20,10.797702204963459,9.532064777945335,74.98555180341006,2.8955899297682124,2.0545100602321327,0.2366603979029932,6.942812184020878,0.5660589281849451
Energy_Saving_Focus,443,20,11.072357514170532,9.920103545417692,74.91563623487949,3.004353071685838,2.0709495690092448,0.2525116854716327,6.953158897738904,0.5720035973122275
Energy_Saving_Focus,444,20,11.080752431542038,9.72503767723117,74.91835039883851,2.9407508076102626,2.0768174980394543,0.25279958193539054,6.953975065350532,0.5701005446138852
Energy_Saving_Focus,445,20,11.09942425161,9.701161225430997,74.91005094081163,2.9235774453742818,2.0783297273144123,0.25137996107066635,6.942396801896393,0.5708468355125339
Energy_Saving_Focus,446,20,11.075018839495929,9.619100484961074,74.9166122224927,2.904230134775073,2.0827592665888366,0.2428424136972329,6.927623053044082,0.5767275893978107
Energy_Saving_Focus,447,20,11.452485686674287,9.642072332995149,74.8184009411931,2.9375959337701545,2.090207733772695,0.24681369384731058,6.98213566698134,0.5432252665493941
Energy_Saving_Focus,448,20,11.774777470854948,9.48060342420859,74.71167663156987,2.8613108284114497,2.1009738493710755,0.24456642620571148,6.984551362600177,0.5852440583671344
Energy_Saving_Focus,449,20,12.754187804106554,9.710647678396125,74.41085093408823,2.9383217265940487,2.1215895215980707,0.2543677015156561,7.0285756849683825,0.5684263381167015
Energy_Saving_Focus,450,20,12.896351249351019,10.258723102644852,74.3610727980733,3.091370068640038,2.1347878460027276,0.2666722494745219,7.001776035949588,0.6044189771524724
Energy_Saving_Focus,451,20,12.429771075934728,10.236267390869072,74.52252956658602,3.111465951619691,2.127575229536742,0.2675171315113723,7.009497637469321,0.5756358669163854
Energy_Saving_Focus,452,20,12.643665429015138,10.575480529784487,74.43680018365383,3.223075701882495,2.1300917740352454,0.2721322184178403,6.99705464951694,0.6024541204085554
Energy_Saving_Focus,453,20,12.548903132477765,10.552952695636947,74.47159101456404,3.2152188720729162,2.1266819136217237,0.27101292654037695,7.001757777817548,0.5962664300507009
Energy_Saving_Focus,454,20,12.416995349648015,10.286974920887719,74.49638996750116,3.127458194988866,2.1215250401198866,0.2707967217320823,6.985663446635007,0.6076965510686687
Energy_Saving_Focus,455,20,12.700998349405218,10.363153968805971,74.38608050227165,3.155315466605355,2.122765515502542,0.27602841152873164,6.980899395886809,0.6212538887171271
Energy_Saving_Focus,456,20,12.950063887390574,10.361548592332765,74.28875943213701,3.1607231524220585,2.1162569251656533,0.2734766576109949,6.986622327417135,0.6190725568177262
Energy_Saving_Focus,457,20,12.594718251695491,10.186947481873789,74.39234294712544,3.118711830010577,2.100905147306621,0.26384687780754645,6.9814275686629115,0.6156315259737044
Energy_Saving_Focus,458,20,12.321707805831036,10.081920320604985,74.48215494513512,3.08373798193504,2.0949283334426583,0.2654010555284566,6.980009139291942,0.6136241173527498
Energy_Saving_Focus,459,20,11.487378076953402,10.570209631527618,74.73848709344864,3.238287197546145,2.07422939715907,0.2758781105805899,6.940486049205065,0.6202902818715826
Energy_Saving_Focus,460,20,11.483329743833798,10.649873697812106,74.74456671476364,3.263854378412874,2.0777092063240707,0.2734661859794685,6.939353748541325,0.6259937827418153
Energy_Saving_Focus,461,20,11.39282891880699,10.426559548609513,74.8050589850545,3.166070117153877,2.076429765019566,0.2739086704240415,6.9702776577137415,0.6013739077875808
Energy_Saving_Focus,462,20,11.139646447678244,10.606574577805837,74.86925404101609,3.1984201783640014,2.070903418008238,0.2744457797586935,6.93326766461134,0.6372003587804789
Energy_Saving_Focus,463,20,10.92822741560956,10.519311903838501,74.96474257916212,3.19145237504793,2.0695678502880037,0.27661265759038056,6.971399607136846,0.6048874673751933
Energy_Saving_Focus,464,20,10.970989694015255,10.40316199966175,74.9478624778986,3.1476751354880426,2.0686049499362706,0.2760171520974634,6.968924621809274,0.6034704995804702
Energy_Saving_Focus,465,20,11.01459309412336,10.486790388918829,74.91737266212701,3.152374621935815,2.0711643028631803,0.2759661226815258,6.938433702569455,0.6363796436901838
Energy_Saving_Focus,466,20,10.766378432380053,10.232357564657022,75.00277101397515,3.0696396118839493,2.0704688655026255,0.27159968223153164,6.933864091616124,0.6326875922707142
Energy_Saving_Focus,467,20,10.891108083948962,10.215733175556675,74.99040384083986,3.1035018558276057,2.072324094045907,0.2676701823416444,6.983536068163812,0.5752609078853558
Energy_Saving_Focus,468,20,10.879278789978684,10.108351479079019,75.01596530884504,3.0554917242688027,2.08833914199844,0.2624199263131595,6.987992939446121,0.5999191647109621
Energy_Saving_Focus,469,20,11.289131214813787,10.045484222774649,74.89244095146657,3.0205116638425573,2.103663379698992,0.2691524585064042,6.999800408836454,0.6006460708474161
Energy_Saving_Focus,470,20,11.743366254268796,9.371344628947972,74.70990988105535,2.8657549507788986,2.097684007938951,0.2532523886814683,7.005547665404156,0.5794489182955017
Energy_Saving_Focus,471,20,12.200424330355773,9.437496798472166,74.5584289854765,2.9455188563076145,2.1087516906671224,0.2366271977062582,7.022881215456873,0.571661097784703
Energy_Saving_Focus,472,20,12.096688914946363,9.593549823964581,74.57322699666022,3.014609354163419,2.093654987756163,0.2276438287688259,7.014830164536834,0.5686311727737489
Energy_Saving_Focus,473,20,12.126498182575748,9.71397163327455,74.56183903902769,3.0488653101244547,2.0901782523468135,0.22684422436804536,7.018900776319205,0.5735072519489325
Energy_Saving_Focus,474,20,11.89435534454076,9.777147313839794,74.63466116130351,3.0704605444472115,2.0825393723696473,0.2270955449435773,7.017396327070893,0.5741787842306718
Energy_Saving_Focus,475,20,12.00008241385177,9.85925658820966,74.59244258701801,3.0892421239025274,2.0787444979697467,0.23068487387538378,7.0126260458678,0.5715199516859479
Energy_Saving_Focus,476,20,12.215262512421926,9.819981555092903,74.52678238183259,3.0788617990197125,2.0842022763565184,0.22547093240274999,7.022154472973197,0.5720017882085717
Energy_Saving_Focus,477,20,12.456140285369006,10.4714881749844,74.4614391478896,3.2779366218317496,2.0944361330196264,0.24885580618405453,7.03583605857566,0.5797688459056172
Energy_Saving_Focus,478,20,12.007613763529733,9.896041140261936,74.6089358997345,3.109401096166649,2.085985900443047,0.2261745246187997,7.037700391169638,0.5776903939982908
Energy_Saving_Focus,479,20,12.124498936817936,9.93770492702741,74.55545990005136,3.1282520022158984,2.0861905063316226,0.226799018340932,7.025167880216614,0.5824226996002604
Energy_Saving_Focus,480,20,12.558871445817221,10.445047564695905,74.42038902938366,3.2781703191857106,2.097124298606068,0.24972987235661034,7.0300866682268675,0.5783471355218713
Energy_Saving_Focus,481,20,12.761388160744339,10.400923241588211,74.34637715995311,3.267784037021413,2.0988975694961844,0.23969823994238754,7.018323439788074,0.5589750032180663
Energy_Saving_Focus,482,20,12.948410616759585,10.465099469980252,74.32602433085442,3.2983348143384115,2.1106358914636076,0.24587221704484707,7.07165939476341,0.5217795847430201
Energy_Saving_Focus,483,20,12.426070041312803,10.116213906696013,74.4339903473854,3.219329940503574,2.07967255525291,0.24380057252859788,7.024193170554936,0.5337032073470086
Energy_Saving_Focus,484,20,12.354186750301773,10.191265694151042,74.45373542487621,3.2449571987887684,2.081266297865659,0.24451852821426232,7.018617248572409,0.5663495304686937
Energy_Saving_Focus,485,20,12.255842242642144,10.152506770441928,74.48589438229799,3.2048121350168617,2.077952577546239,0.24904085443017365,7.013676180914044,0.5757136530158609
Energy_Saving_Focus,486,20,12.14388005531205,10.180960252344718,74.50070981770753,3.2203687065565845,2.067212557122111,0.2495200183462256,6.997336388863623,0.5796819272561269
Energy_Saving_Focus,487,20,12.082604759144244,10.174929995173555,74.52093970656395,3.1985553655832066,2.0636424094438555,0.252118956946412,6.988865047618747,0.5809836187332027
Energy_Saving_Focus,488,20,12.309320496987063,10.099680855766271,74.4389345279336,3.1647067683804635,2.0674418072402476,0.2584638244770149,6.9838235333748155,0.5804491355765632
Energy_Saving_Focus,489,20,12.21363102646719,9.845366975931901,74.4827574145794,3.116152201090554,2.0629328424856066,0.2510069595010646,7.0057391003705565,0.5396603481989007
Energy_Saving_Focus,490,20,11.87695132084409,9.445872016170341,74.58030477970838,3.002841033475808,2.0537959138676523,0.2435384650586269,6.989685655497015,0.5371919470509268
Energy_Saving_Focus,491,20,11.152009524915604,8.6315763499499,74.815764529109,2.7610052937754697,2.0388569182902576,0.2160863034070126,6.9692094829492275,0.5163317062053695
Energy_Saving_Focus,492,20,10.560374810764689,8.35496825841917,75.00718799710273,2.685313540440555,2.029513464532793,0.20893869029789514,6.950704027414322,0.5117737390667281
Energy_Saving_Focus,493,20,10.763677661021058,8.452491031222722,74.93840960681439,2.7223699960101393,2.032697165347636,0.21276008288806586,6.954946174025535,0.5086268958150483
Energy_Saving_Focus,494,20,10.334838226245168,8.24777340385877,75.04245366752147,2.6834504959835703,2.0166168724000455,0.21145300186231508,6.924785908684134,0.519342380706781
Energy_Saving_Focus,495,20,9.759816199925714,7.8788538621808435,75.20144601047039,2.6151447389365554,1.9987711479887367,0.19506630657220406,6.899085539598017,0.5219658533036744
Energy_Saving_Focus,496,20,9.61939038373183,8.517223808430423,75.23913068920373,2.786652652638928,1.9935706330090759,0.20767911354964733,6.877441488001496,0.5393772423381274
Energy_Saving_Focus,497,20,9.88993184215911,9.054761355667328,75.16250904113055,2.931255197274848,2.0042980019375682,0.22443661151665611,6.885034682508558,0.551644761214785
Energy_Saving_Focus,498,20,10.016941773300653,9.191518223862943,75.12580471158029,2.9592631472139828,2.010495482161641,0.23409526747653409,6.88508389979601,0.5565133802354868
Energy_Saving_Focus,499,20,10.200041334063547,9.416125904793414,75.05067748308181,2.9974781998765643,2.013113468531519,0.24130020273406874,6.859000122211873,0.5800329884295391
Energy_Saving_Focus,500,20,10.493836342119417,9.601722056822368,74.98371571034193,3.0650317375288822,2.0171788201667367,0.2514744083259597,6.912992353774607,0.548025348501398
Energy_Saving_Focus,501,20,10.456942773171786,9.657512077184593,74.99516304150224,3.0784890152128774,2.016757323509082,0.2532307494970466,6.908995290026068,0.5475055450582839
Energy_Saving_Focus,502,20,10.431197197100595,9.490161906725685,75.01150425970555,3.039997441599522,2.020965883713216,0.24703338925283705,6.92240543333799,0.5513450786897092
Energy_Saving_Focus,503,20,10.027999828884871,9.386708248830443,75.12611140489578,3.0368789860546133,2.002494299914688,0.23819694475974326,6.9105639875400815,0.5398704433232737
Energy_Saving_Focus,504,20,10.222331640633739,9.78126590380294,75.026833114326,3.2065649401991605,2.0044040540233254,0.23387374492973353,6.879131968691945,0.5675650863968549
Energy_Saving_Focus,505,20,10.069369549697786,9.790950454475437,75.09648745894432,3.251618972010204,2.0023062017560003,0.23178358383440886,6.91753249604255,0.5362303679654022
Energy_Saving_Focus,506,20,9.424693365365282,9.40006248039758,75.3257146024704,3.0560309903930167,1.993657952416688,0.23361384876290459,6.904002430420368,0.5473694578801127
Energy_Saving_Focus,507,20,9.410924214370917,9.36441759791494,75.32943582862615,3.0483657205124555,1.9939219592697917,0.23317174210111116,6.898017275594175,0.5377488707670675
Energy_Saving_Focus,508,20,9.757288204827926,9.513014274601332,75.20651442497969,3.1261807178208,2.0001853652857244,0.23640505887135949,6.899475613888353,0.5305013253080156
Energy_Saving_Focus,509,20,9.825834080661869,9.637037776215823,75.19169047176838,3.1578790003080455,2.0055852359347046,0.24005636312487,6.902870540730655,0.5288546155959837
Energy_Saving_Focus,510,20,9.73435985069366,9.568522568572092,75.23324509739875,3.13731069673244,2.0083204514347015,0.2375375534134621,6.910956898755394,0.5287499219461257
Energy_Saving_Focus,511,20,9.293918675315947,9.338567790590837,75.3665511956811,3.0105814532245665,1.9994995177257806,0.2332465937576019,6.873501414293424,0.5601132634737449
Energy_Saving_Focus,512,20,9.080741832803103,9.0869157252249,75.46305795222521,2.9226922675906537,1.9948462901823223,0.23388549096552647,6.904147627074272,0.5297723571724993
Energy_Saving_Focus,513,20,9.072588494747013,9.008138494559534,75.44279874056578,2.874630077181426,1.9949705637432635,0.23287527795747354,6.862218021973968,0.560399996195655
Energy_Saving_Focus,514,20,8.912607781750546,8.95005278413258,75.5291032770276,2.8518085093483774,1.9961351121217015,0.23502268687104377,6.905548340454698,0.5341033928245529
Energy_Saving_Focus,515,20,8.69467387738906,8.87649776663096,75.5884318780899,2.8454465457804825,1.9867508207820357,0.23245984643194398,6.89865476211533,0.5272292920554587
Energy_Saving_Focus,516,20,8.99048262865394,8.696268183882768,75.49848482429982,2.804772607066081,1.9955807393975555,0.2250911281183897,6.912632258450612,0.5179787965138734
Energy_Saving_Focus,517,20,9.021820773054987,8.992368858566303,75.48083821117878,2.9170042202365623,1.9910533568635582,0.22927045408650348,6.912748873904347,0.5092351395099659
Energy_Saving_Focus,518,20,8.959498436093545,8.516305557128385,75.51870914757252,2.788862006023695,1.9938536859862506,0.2231096483637976,6.933026199135929,0.46564949631802444
Energy_Saving_Focus,519,20,8.711893986228676,8.190014298187348,75.59918481439351,2.668538042867676,1.9893309080414476,0.22159782000015416,6.921741638928651,0.46308897119746134
Energy_Saving_Focus,520,20,8.59549882096565,8.112606859639094,75.63191418945789,2.647682444441494,1.9835658910311758,0.21957506420550635,6.916307022459804,0.4586686340473871
Energy_Saving_Focus,521,20,8.967378500553481,8.296427891560471,75.48694694191218,2.791735916803115,1.9782201753370465,0.20608752470730113,6.925114921238273,0.4315819397479507
Energy_Saving_Focus,522,20,9.41175069287632,8.611437639788566,75.34611510008574,2.9135596527854526,1.991206163689494,0.20817836212987975,6.942656644172966,0.4307977209340322
Energy_Saving_Focus,523,20,9.59823375816712,8.533978677389584,75.27256518930196,2.911714397209052,1.9909157219715419,0.19613465556946688,6.933995215613395,0.4143115476981673
Energy_Saving_Focus,524,20,9.951600955176312,8.290548245410298,75.15180417835712,2.831742131742339,1.9963613105937839,0.18903109732613202,6.931667695678771,0.4163913807374352
Energy_Saving_Focus,525,20,9.918640527817605,8.428125174922268,75.15311072558164,2.8304101921303646,1.9962868029624226,0.19181760054753144,6.908090790230782,0.4635674141263201
Energy_Saving_Focus,526,20,10.218666619752891,8.536954224313492,75.08860770344734,2.8631763634698095,2.002860257104039,0.19483251893778733,6.972023366000504,0.44692348783776437
Energy_Saving_Focus,527,20,10.820432818937233,9.02424329559526,74.88552492037415,3.0005448882672296,2.027229875084013,0.2104224748235187,6.95242832259275,0.4924713610583366
Energy_Saving_Focus,528,20,10.449086700958805,9.209973544970154,75.01954641588033,3.094570004776191,2.020348375891335,0.22172530003305432,6.974258801697287,0.44770111265574847
Energy_Saving_Focus,529,20,10.585835989938563,9.008344117813527,74.94185512445867,3.015991056505413,2.0153158348985016,0.20179090644334854,6.936430021063424,0.4941012578860089
Energy_Saving_Focus,530,20,10.620853510293172,8.833408665251588,74.92543585836887,3.0072222039680967,2.0093488548928873,0.20058201176219478,6.958657941494603,0.45399153928879177
Energy_Saving_Focus,531,20,10.713376151783809,9.206899623131111,74.88402631364764,3.141188269672961,2.0069689567014573,0.1994364651342468,6.95176320609171,0.4520767249877944
Energy_Saving_Focus,532,20,10.730966558032948,9.45512923478224,74.84671489350498,3.260749942413515,2.00063369021751,0.20615741712048674,6.9410099271405485,0.46285480169774323
Energy_Saving_Focus,533,20,10.87381652761827,9.550580733807278,74.78207820177079,3.3007309525692627,1.9982992588286286,0.21286700320969879,6.936455012712395,0.4694159913917079
Energy_Saving_Focus,534,20,10.830880236114057,9.545891646503744,74.79011076696217,3.296802893448634,1.999573322897777,0.21959129595700944,6.925708443650509,0.4811843202103551
Energy_Saving_Focus,535,20,10.917378903319182,9.539182579704434,74.74292155556381,3.2526081614228786,1.9975121105462315,0.2219701882362819,6.894315764843486,0.5227010159522772
Energy_Saving_Focus,536,20,11.398780610985273,9.951225651753205,74.5732923129946,3.320282142706233,2.0068353116791693,0.23100233886212027,6.869195713456721,0.5625468849498836
Energy_Saving_Focus,537,20,11.454889165953166,9.833256912267053,74.55731020346283,3.2948212591178954,2.0088782354071735,0.2266993049477811,6.875140527118928,0.5576475858788175
Energy_Saving_Focus,538,20,11.203887477058881,10.016377660336769,74.65881584987044,3.350628339478818,2.003192128110677,0.2335782745815665,6.888572983830235,0.5251850375834882
Energy_Saving_Focus,539,20,11.297792021576544,10.1820563015492,74.6277965068072,3.386685008299526,2.0080242307903244,0.24250908415330694,6.880602828050033,0.5337109383520242
Energy_Saving_Focus,540,20,11.46042312488607,10.393022538199187,74.5370185777545,3.468041491926392,2.0094001128466337,0.239567508012066,6.844459651879734,0.5600631604448914
Energy_Saving_Focus,541,20,11.347990195014157,10.566317257051754,74.58471641279758,3.506144904466223,2.009570068451576,0.24460486075170226,6.847551788020937,0.5659463584469315
Energy_Saving_Focus,542,20,11.42963617206488,10.60680719583087,74.59688755385578,3.5190756059325157,2.0136354450353244,0.2506416141769023,6.9012642801828035,0.539752824656833
Energy_Saving_Focus,543,20,11.491406380964026,10.135924966185996,74.58991453811527,3.385932405971405,2.018840667646582,0.23751310583494697,6.915276182687975,0.5199143393349701
Energy_Saving_Focus,544,20,11.544031613538902,9.770112606057829,74.57953836590052,3.257612043093388,2.0208767402451486,0.23129383578793267,6.913983038412407,0.5102451531372515
Energy_Saving_Focus,545,20,11.475833891486023,10.006301315322041,74.59262323498726,3.30622436344958,2.019264165563509,0.22898120157701982,6.879107858790084,0.5199225419721034
Energy_Saving_Focus,546,20,11.365165242919755,9.916675575740541,74.62566435351968,3.2855936775309895,2.0145016631577164,0.23617998811862911,6.887017445508391,0.5209977713702595
Energy_Saving_Focus,547,20,11.232022807831935,10.319731166550884,74.69057142332197,3.4258489915839347,2.012338973330334,0.23782812655434546,6.909132580547594,0.48710243470050285
Energy_Saving_Focus,548,20,10.614662487257288,10.37941095217005,74.8423196773231,3.4305894360902602,1.9955156118236481,0.24478566104965305,6.832662601377815,0.5322260971838244
Energy_Saving_Focus,549,20,10.748395431937631,10.206861895530999,74.85276729770005,3.3481918916149955,2.0139607379352675,0.24089051813321874,6.8761543039279065,0.53204845635357
Energy_Saving_Focus,550,20,10.763415424049155,10.16099430835098,74.83667369343341,3.309390072527481,2.0180835122568532,0.24465411192031708,6.84787659835536,0.5599638685026254
Energy_Saving_Focus,551,20,10.624104046977923,9.863909852763518,74.923311842829,3.1769366966189105,2.021502409754321,0.2496098823828582,6.881301904916763,0.5365001463953817
Energy_Saving_Focus,552,20,10.253859602735695,9.888127672984952,75.0355097311735,3.1853910504669045,2.011284961225465,0.24005127191061304,6.8536921953689305,0.5387928209350368
Energy_Saving_Focus,553,20,9.900121957999973,9.524198645367527,75.12646084293723,3.0241438048185576,2.000289291171357,0.23989037315911796,6.800583811681717,0.5572694938649156
Energy_Saving_Focus,554,20,9.943979536758091,9.41310111320959,75.1192929353565,3.0351637747830083,1.996923853093758,0.2339881083096836,6.835230422173626,0.5321602686485212
Energy_Saving_Focus,555,20,9.530188433163403,9.396831166295993,75.22747754514218,3.0238702645740774,1.9838899596035482,0.22551817024132545,6.792235538810492,0.5540608856623864
Energy_Saving_Focus,556,20,10.069310871088286,9.462541050656702,75.06887783400714,3.0983813124868615,2.0014233581951704,0.21397539399809473,6.827263467004232,0.5184848668181092
Energy_Saving_Focus,557,20,10.001249856281504,9.168238234194323,75.08616663321853,3.0568817034864475,2.0003503660112623,0.21047857219119231,6.836393925212323,0.4967794981383434
Energy_Saving_Focus,558,20,10.048822242954607,9.23266751670288,75.06101964712143,3.1003332843127422,1.9972509595192967,0.2051864150715826,6.839763968023472,0.4929721564115538
Energy_Saving_Focus,559,20,10.333371498393857,9.019025641524744,75.00033478602766,3.039863795381876,2.011089832019061,0.1927716646960651,6.877165553579107,0.479465107736065
Energy_Saving_Focus,560,20,10.22844023894289,8.626631339546163,74.99099293351173,2.895845833650573,2.008468006961048,0.20060461444131245,6.823660161830484,0.5462288604545106
Energy_Saving_Focus,561,20,10.72034056944224,8.73280161040702,74.83223613142967,2.932478871611091,2.0196580106019972,0.2088345493358837,6.845309975147248,0.5562801612050687
Energy_Saving_Focus,562,20,10.817645529126853,8.876301572348954,74.81925225913525,2.975157351936203,2.0194913448020815,0.20341993873026157,6.865720004439353,0.5290534497420846
Energy_Saving_Focus,563,20,10.875143808929167,8.989656289383461,74.79719483077527,3.049165048930059,2.0147524120844897,0.21197324313633478,6.896065174099059,0.5164748770910259
Energy_Saving_Focus,564,20,11.028220637636233,9.427697414243495,74.71173095926642,3.2544473873286703,2.0179776671715084,0.2152393696922724,6.870802977578714,0.49982593334641356
Energy_Saving_Focus,565,20,10.761166461061755,9.374395359504078,74.80598578497768,3.2269912300375125,2.018830730523914,0.21440043519177984,6.863238270422444,0.5125049891499788
Energy_Saving_Focus,566,20,11.442570235438065,9.717905985210818,74.58017969623208,3.3198893477699465,2.0365782056003807,0.2136970018712294,6.855236803833395,0.518148661156688
Energy_Saving_Focus,567,20,10.97487164474616,9.500846351896119,74.7686207139492,3.1969322952923016,2.033602729998529,0.22549915128413497,6.87010305401869,0.5219352436659616
Energy_Saving_Focus,568,20,11.350052872118045,9.760824324141282,74.65125767469405,3.349599251192259,2.0418137230165305,0.21390122174246415,6.903016671258956,0.48948263149086413
Energy_Saving_Focus,569,20,11.390906599580003,9.629084897201844,74.62179676532745,3.2356200025633295,2.0448875409550964,0.2190331789081262,6.862836851160973,0.5591274958672403
Energy_Saving_Focus,570,20,12.1449735075259,9.798467934018227,74.37982933014631,3.34520916920759,2.05238775851205,0.22398629380156224,6.921640590503811,0.5092728471504688
Energy_Saving_Focus,571,20,12.001250679699965,9.95403951172243,74.42645770281554,3.3393938099844727,2.0534731899946927,0.23442270727286055,6.888927957993,0.5258233168260527
Energy_Saving_Focus,572,20,12.193233265423023,10.153603568446062,74.36538350015879,3.4111569802590953,2.0644839085824787,0.241113106444262,6.888491186928005,0.5283886296225626
Energy_Saving_Focus,573,20,12.41779133987767,10.099836080545387,74.2927213600278,3.360888410967346,2.0695851379819215,0.2419966392653378,6.876746623814105,0.5355948924347733
Energy_Saving_Focus,574,20,12.502837309463853,10.148717298921575,74.28613192886114,3.4213610533723786,2.067076794989407,0.24062538548682283,6.929899512119592,0.4897981508058379
Energy_Saving_Focus,575,20,11.753163358502407,10.041645785995705,74.53337996721268,3.336820406628303,2.0458454696275292,0.23754611031314354,6.905448781400919,0.510788276535829
Energy_Saving_Focus,576,20,11.977979095139148,9.848748455561733,74.44719127118587,3.346462659714945,2.0479934964329005,0.2215849322790711,6.916877148542554,0.4786789098159264
Energy_Saving_Focus,577,20,11.313367708899154,9.722294593186561,74.67104415476322,3.288085206454683,2.046980947069824,0.23143085997571095,6.891909092105925,0.5111275193513619
Energy_Saving_Focus,578,20,10.575313561471484,9.728042918871804,74.8816168409586,3.260642970035808,2.024645716827363,0.22892321520327816,6.829464008286595,0.5288873363456223
Energy_Saving_Focus,579,20,11.259274472750576,9.884065814843792,74.66850022017955,3.368415959989904,2.0236814680509267,0.21914169242940054,6.898886626902967,0.467544510198931
Energy_Saving_Focus,580,20,11.245189898785252,9.955575245615027,74.67448839724064,3.3552604907613772,2.0297999899089336,0.2244606064031604,6.879607688114047,0.5002951062870944
Energy_Saving_Focus,581,20,11.272783408779738,10.063486255378232,74.67086393982171,3.393884260368315,2.033686004914343,0.2314270812398522,6.887793612424284,0.49975988001290766
Energy_Saving_Focus,582,20,11.186799655580737,10.002029716964767,74.714668238163,3.3695402166680823,2.0356811894848943,0.23402819329196264,6.911007412280886,0.5112155382627736
Energy_Saving_Focus,583,20,11.323947063197519,10.067421821820052,74.67489682793618,3.351598951732906,2.0315558189898733,0.2383013945297371,6.920681880880148,0.5168092287027497
Energy_Saving_Focus,584,20,11.692947836256913,10.093126636731546,74.55365690767765,3.3410700993143747,2.0350580493174495,0.24696968939209604,6.9372726858221,0.5242184690492168
Energy_Saving_Focus,585,20,11.71150738336554,10.057513363480385,74.55195630043745,3.3436340008147125,2.0368002524226902,0.2407743253177447,6.940925363525748,0.5134125958125623
Energy_Saving_Focus,586,20,11.595791304184663,9.71846040337905,74.57331293821335,3.2565949235765825,2.0334808235429227,0.23223847072699508,6.919972401652485,0.5100370136581163
Energy_Saving_Focus,587,20,11.807805498251938,9.711049407397054,74.52398556023836,3.2566078218617056,2.040960639100522,0.227490890139176,6.936839946638793,0.4795422809374467
Energy_Saving_Focus,588,20,11.659285935041806,9.768827581576407,74.52178065419197,3.3065404240728267,2.030955580174923,0.24043117729121297,6.902697260770947,0.5141283093058674
Energy_Saving_Focus,589,20,11.589408619537659,9.342445121370465,74.53163327112794,3.1964717474015214,2.0236663003079594,0.22956121386755363,6.904256810834632,0.5124001619624652
Energy_Saving_Focus,590,20,11.471042659333463,9.267005916582592,74.58642408341169,3.2077504697477655,2.0308634270727635,0.21548449819953305,6.921962237227708,0.5130270363246039
Energy_Saving_Focus,591,20,11.498015234781988,9.135466856663832,74.60930248647928,3.144374105343124,2.041729052215815,0.22462282425677663,6.951137264966965,0.5323275765156248
Energy_Saving_Focus,592,20,11.163275269053978,9.010939618624596,74.70983417570591,3.0862817636080564,2.0300632386282085,0.21994671019242984,6.927080784281716,0.5312394722950164
Energy_Saving_Focus,593,20,11.448062916337609,9.25954465359509,74.61288874953985,3.129881768809974,2.036943934764713,0.22808363165881154,6.913283905517309,0.5429145464176025
Energy_Saving_Focus,594,20,11.867932899111555,9.807904241877978,74.51929513752461,3.2674938560234774,2.051277853157371,0.24130614594123342,6.972036072053015,0.5521645708098243
Energy_Saving_Focus,595,20,11.379184569504218,9.549233772588478,74.69457950383425,3.063002119207768,2.046161719094962,0.24469911617453963,6.941556953154505,0.6049481974816696
Energy_Saving_Focus,596,20,12.049964155579792,9.489856326882629,74.52261551707983,3.0986428374546406,2.0604773806408048,0.23314770965035111,7.023889084458351,0.5297480530195794
Energy_Saving_Focus,597,20,12.177626481145403,9.33487879091213,74.45443918704987,3.0526337630982536,2.0580651566758754,0.23851694993908903,7.011902790367603,0.5499415622610563
Energy_Saving_Focus,598,20,12.59937688681235,9.376649528425693,74.25232947707175,3.1325202673098924,2.0601779189519585,0.23172382027960858,6.968940571695566,0.5785806708062331
Energy_Saving_Focus,599,20,12.9032378867104,9.42124781361397,74.1774992802739,3.158025445293986,2.0682853402756156,0.23659364311042164,7.003647540519014,0.5368556562424929
