feature,count,min,q01,q05,q10,q25,median,mean,std,q75,q90,q95,q99,max,record_type,component_index,explained_variance_ratio,cumulative_explained_variance,sample_id,normalized_nearest_neighbor_distance,OSLI
FAR,2000.0,0.6770833333333334,0.911371527777778,1.09375,1.2239583333333333,1.4735243055555556,1.7361111111111112,1.7465407986111112,0.4004275354439353,2.013888888888889,2.265625,2.4131944444444446,2.6998263888888885,3.333333333333333,feature_summary,,,,,,
SD,2000.0,8.625,14.625,20.981250000000003,26.25,35.625,43.5,42.4711875,11.488990905529684,50.625,56.625,59.625,65.25,69.375,feature_summary,,,,,,
AF,2000.0,2.6,3.6893103448275855,4.592592592592593,5.285714285714286,6.6923076923076925,8.333333333333334,8.634587230968034,2.74770841822807,10.26383399209486,12.25108695652174,13.477380952380951,16.333684210526314,22.58823529411765,feature_summary,,,,,,
AR_ew,2000.0,0.1965829667406193,0.3545502521865801,0.4808081092829839,0.5501862982859353,0.6976302421514692,0.8948398976511087,0.928732831948846,0.3146060159665176,1.1255564490031262,1.3622471841133836,1.5250440753952923,1.73651762799831,2.252757955391737,feature_summary,,,,,,
AR_ns,2000.0,0.6653698315265142,0.9029877958359732,1.1927622992048688,1.352355294202826,1.6998556780155845,2.2873991508874454,2.450980100931184,0.9860234576616072,3.005606342153854,3.8230954550118623,4.347383549538202,5.349330945533504,7.204122706894503,feature_summary,,,,,,
SVF,2000.0,0.4151063179509038,0.4596822680766856,0.5106164176046969,0.5355508041596809,0.5722072584897373,0.6079443387291521,0.606710909768132,0.0551763375435561,0.644896295417227,0.6767753387418104,0.6923130201792348,0.7215650546144928,0.7436255922366087,feature_summary,,,,,,
BD,2000.0,0.1475694444444444,0.1649305555555555,0.1736111111111111,0.1822916666666666,0.1909722222222222,0.2083333333333333,0.2081380208333333,0.0199085731395033,0.2256944444444444,0.234375,0.2430555555555555,0.2517361111111111,0.2690972222222222,feature_summary,,,,,,
OSR,2000.0,0.2557291666666667,0.3053914008321775,0.3364946375398561,0.3589957601453664,0.3991525423728813,0.4568627450980392,0.4777633334056451,0.1125675010925003,0.530952380952381,0.625531914893617,0.7,0.8288624542124543,1.0923076923076922,feature_summary,,,,,,
SC,2000.0,0.5031928750321852,0.5359317276596277,0.5591443228613215,0.5740606944444445,0.6057993210470987,0.6481497726820422,0.6651278725106724,0.0857132401041518,0.7039721328686377,0.7783866759034015,0.8329642785110689,0.9283981141410456,1.1444767290534232,feature_summary,,,,,,
PAR,2000.0,0.1004827586206896,0.1066842970822281,0.1127826086956521,0.1156506454132687,0.1206666666666666,0.127259137825841,0.1275563078628415,0.0094114521089122,0.1343016907482721,0.1398970945988234,0.1431998990679237,0.1483838194110927,0.1577831482911935,feature_summary,,,,,,
theta,2000.0,-44.91535662273134,-43.95816495136305,-40.74199937121293,-36.012585384913464,-22.51486880939276,1.7063051894541983,0.5113911637400961,25.995065840625752,23.06311103030198,36.05980191389297,40.71567618405994,44.20109799710798,44.98650070138696,feature_summary,,,,,,
OSLI,2000.0,0.0,0.0,0.0,1.0,2.0,4.0,4.013,2.5912990950486594,6.0,8.0,8.0,8.0,8.0,feature_summary,,,,,,
,,,,,,,,,,,,,,,pca_cumulative,1.0,0.27879516985091346,0.27879516985091346,,,
,,,,,,,,,,,,,,,pca_cumulative,2.0,0.25613467250403316,0.5349298423549467,,,
,,,,,,,,,,,,,,,pca_cumulative,3.0,0.19320324790150337,0.72813309025645,,,
,,,,,,,,,,,,,,,pca_cumulative,4.0,0.09184250943118101,0.819975599687631,,,
,,,,,,,,,,,,,,,pca_cumulative,5.0,0.07941762575625722,0.8993932254438882,,,
,,,,,,,,,,,,,,,pca_cumulative,6.0,0.051938546069221304,0.9513317715131095,,,
,,,,,,,,,,,,,,,pca_cumulative,7.0,0.03080527200465787,0.9821370435177674,,,
,,,,,,,,,,,,,,,pca_cumulative,8.0,0.008071839646283645,0.9902088831640511,,,
,,,,,,,,,,,,,,,pca_cumulative,9.0,0.005474505824159343,0.9956833889882104,,,
,,,,,,,,,,,,,,,pca_cumulative,10.0,0.003596220343419732,0.9992796093316302,,,
,,,,,,,,,,,,,,,pca_cumulative,11.0,0.0005982755951700399,0.9998778849268002,,,
,,,,,,,,,,,,,,,pca_cumulative,12.0,0.0001221150731998025,1.0,,,
,,,,,,,,,,,,,,,nearest_neighbor_distance,,,,0.0,0.22323764817927733,
,,,,,,,,,,,,,,,nearest_neighbor_distance,,,,1.0,0.23122296442965531,
,,,,,,,,,,,,,,,nearest_neighbor_distance,,,,2.0,0.1357016107914842,
,,,,,,,,,,,,,,,nearest_neighbor_distance,,,,3.0,0.20088544651723372,
,,,,,,,,,,,,,,,nearest_neighbor_distance,,,,4.0,0.22708815736056914,
,,,,,,,,,,,,,,,nearest_neighbor_distance,,,,5.0,0.20506965692833287,
,,,,,,,,,,,,,,,nearest_neighbor_distance,,,,6.0,0.17781961395798068,
,,,,,,,,,,,,,,,nearest_neighbor_distance,,,,7.0,0.11241643101286371,
,,,,,,,,,,,,,,,nearest_neighbor_distance,,,,8.0,0.17842749097474842,
,,,,,,,,,,,,,,,nearest_neighbor_distance,,,,9.0,0.16220353603453758,
,,,,,,,,,,,,,,,nearest_neighbor_distance,,,,10.0,0.37114956011533756,
,,,,,,,,,,,,,,,nearest_neighbor_distance,,,,11.0,0.14402475336754392,
,,,,,,,,,,,,,,,nearest_neighbor_distance,,,,12.0,0.13904909948076608,
,,,,,,,,,,,,,,,nearest_neighbor_distance,,,,13.0,0.11748287545221929,
,,,,,,,,,,,,,,,nearest_neighbor_distance,,,,14.0,0.15217325004955246,
,,,,,,,,,,,,,,,nearest_neighbor_distance,,,,15.0,0.16044860622448764,
,,,,,,,,,,,,,,,nearest_neighbor_distance,,,,16.0,0.1990493170944915,
,,,,,,,,,,,,,,,nearest_neighbor_distance,,,,17.0,0.14337636760619824,
,,,,,,,,,,,,,,,nearest_neighbor_distance,,,,18.0,0.19467408472005715,
,,,,,,,,,,,,,,,nearest_neighbor_distance,,,,19.0,0.13630436058849926,
,,,,,,,,,,,,,,,nearest_neighbor_distance,,,,20.0,0.06767783412087773,
,,,,,,,,,,,,,,,nearest_neighbor_distance,,,,21.0,0.17558360258048483,
,,,,,,,,,,,,,,,nearest_neighbor_distance,,,,22.0,0.1497495733650853,
,,,,,,,,,,,,,,,nearest_neighbor_distance,,,,23.0,0.21140970234819234,
,,,,,,,,,,,,,,,nearest_neighbor_distance,,,,24.0,0.11262210852617507,
,,,,,,,,,,,,,,,nearest_neighbor_distance,,,,25.0,0.22859858695290547,
,,,,,,,,,,,,,,,nearest_neighbor_distance,,,,26.0,0.11418122540534122,
,,,,,,,,,,,,,,,nearest_neighbor_distance,,,,27.0,0.5271390763869185,
,,,,,,,,,,,,,,,nearest_neighbor_distance,,,,28.0,0.188894805939334,
,,,,,,,,,,,,,,,nearest_neighbor_distance,,,,29.0,0.17381218788418795,
,,,,,,,,,,,,,,,nearest_neighbor_distance,,,,30.0,0.23109912218122466,
,,,,,,,,,,,,,,,nearest_neighbor_distance,,,,31.0,0.2038543768312385,
,,,,,,,,,,,,,,,nearest_neighbor_distance,,,,32.0,0.12808935841289823,
,,,,,,,,,,,,,,,nearest_neighbor_distance,,,,33.0,0.2698741677586212,
,,,,,,,,,,,,,,,nearest_neighbor_distance,,,,34.0,0.12175843985820048,
,,,,,,,,,,,,,,,nearest_neighbor_distance,,,,35.0,0.2207947163629728,
,,,,,,,,,,,,,,,nearest_neighbor_distance,,,,36.0,0.33193072785141337,
,,,,,,,,,,,,,,,nearest_neighbor_distance,,,,37.0,0.20791267291044585,
,,,,,,,,,,,,,,,nearest_neighbor_distance,,,,38.0,0.2602407910177133,
,,,,,,,,,,,,,,,nearest_neighbor_distance,,,,39.0,0.1858884161656503,
,,,,,,,,,,,,,,,nearest_neighbor_distance,,,,40.0,0.30241000258338113,
,,,,,,,,,,,,,,,nearest_neighbor_distance,,,,41.0,0.11087891791323759,
,,,,,,,,,,,,,,,nearest_neighbor_distance,,,,42.0,0.18954764969766372,
,,,,,,,,,,,,,,,nearest_neighbor_distance,,,,43.0,0.20243462394714773,
,,,,,,,,,,,,,,,nearest_neighbor_distance,,,,44.0,0.24681570634306282,
,,,,,,,,,,,,,,,nearest_neighbor_distance,,,,45.0,0.16551700662852215,
,,,,,,,,,,,,,,,nearest_neighbor_distance,,,,46.0,0.11223764986769942,
,,,,,,,,,,,,,,,nearest_neighbor_distance,,,,47.0,0.13142861930902106,
,,,,,,,,,,,,,,,nearest_neighbor_distance,,,,48.0,0.21861324682854927,
,,,,,,,,,,,,,,,nearest_neighbor_distance,,,,49.0,0.19928221498985643,
,,,,,,,,,,,,,,,nearest_neighbor_distance,,,,50.0,0.1801084115018467,
,,,,,,,,,,,,,,,nearest_neighbor_distance,,,,51.0,0.20819735631816663,
,,,,,,,,,,,,,,,nearest_neighbor_distance,,,,52.0,0.2663323824264397,
,,,,,,,,,,,,,,,nearest_neighbor_distance,,,,53.0,0.13933116152685648,
,,,,,,,,,,,,,,,nearest_neighbor_distance,,,,54.0,0.21081652300566422,
,,,,,,,,,,,,,,,nearest_neighbor_distance,,,,55.0,0.15395778945158953,
,,,,,,,,,,,,,,,nearest_neighbor_distance,,,,56.0,0.30980455219521735,
,,,,,,,,,,,,,,,nearest_neighbor_distance,,,,57.0,0.30335278788017805,
,,,,,,,,,,,,,,,nearest_neighbor_distance,,,,58.0,0.19377178810417103,
,,,,,,,,,,,,,,,nearest_neighbor_distance,,,,59.0,0.24186508184762134,
,,,,,,,,,,,,,,,nearest_neighbor_distance,,,,60.0,0.17146737665218234,
,,,,,,,,,,,,,,,nearest_neighbor_distance,,,,61.0,0.14324148222358946,
,,,,,,,,,,,,,,,nearest_neighbor_distance,,,,62.0,0.13051319103369666,
,,,,,,,,,,,,,,,nearest_neighbor_distance,,,,63.0,0.18563709898838865,
,,,,,,,,,,,,,,,nearest_neighbor_distance,,,,64.0,0.13062475121917339,
,,,,,,,,,,,,,,,nearest_neighbor_distance,,,,65.0,0.09802206460378964,
,,,,,,,,,,,,,,,nearest_neighbor_distance,,,,66.0,0.1661561339354317,
,,,,,,,,,,,,,,,nearest_neighbor_distance,,,,67.0,0.17712530790172104,
,,,,,,,,,,,,,,,nearest_neighbor_distance,,,,68.0,0.19114890813425264,
,,,,,,,,,,,,,,,nearest_neighbor_distance,,,,69.0,0.19552296279481252,
,,,,,,,,,,,,,,,nearest_neighbor_distance,,,,70.0,0.3558647879244664,
,,,,,,,,,,,,,,,nearest_neighbor_distance,,,,71.0,0.14972210036018832,
,,,,,,,,,,,,,,,nearest_neighbor_distance,,,,72.0,0.2446250108061604,
,,,,,,,,,,,,,,,nearest_neighbor_distance,,,,73.0,0.19895394328878788,
,,,,,,,,,,,,,,,nearest_neighbor_distance,,,,74.0,0.23265085563799232,
,,,,,,,,,,,,,,,nearest_neighbor_distance,,,,75.0,0.22398986396159343,
,,,,,,,,,,,,,,,nearest_neighbor_distance,,,,76.0,0.18134949866773542,
,,,,,,,,,,,,,,,nearest_neighbor_distance,,,,77.0,0.14858275609695754,
,,,,,,,,,,,,,,,nearest_neighbor_distance,,,,78.0,0.21092729423481316,
,,,,,,,,,,,,,,,nearest_neighbor_distance,,,,79.0,0.26272384303078977,
,,,,,,,,,,,,,,,nearest_neighbor_distance,,,,80.0,0.1746411500815382,
,,,,,,,,,,,,,,,nearest_neighbor_distance,,,,81.0,0.16658786720198324,
,,,,,,,,,,,,,,,nearest_neighbor_distance,,,,82.0,0.1596308164252812,
,,,,,,,,,,,,,,,nearest_neighbor_distance,,,,83.0,0.17059949794413812,
,,,,,,,,,,,,,,,nearest_neighbor_distance,,,,84.0,0.08730370390414896,
,,,,,,,,,,,,,,,nearest_neighbor_distance,,,,85.0,0.1876745901897304,
,,,,,,,,,,,,,,,nearest_neighbor_distance,,,,86.0,0.1818343273971658,
,,,,,,,,,,,,,,,nearest_neighbor_distance,,,,87.0,0.18502891664774787,
,,,,,,,,,,,,,,,nearest_neighbor_distance,,,,88.0,0.23686519489323818,
,,,,,,,,,,,,,,,nearest_neighbor_distance,,,,89.0,0.21857637734628796,
,,,,,,,,,,,,,,,nearest_neighbor_distance,,,,90.0,0.2579667358118388,
,,,,,,,,,,,,,,,nearest_neighbor_distance,,,,91.0,0.1891563752131121,
,,,,,,,,,,,,,,,nearest_neighbor_distance,,,,92.0,0.24421462970397953,
,,,,,,,,,,,,,,,nearest_neighbor_distance,,,,93.0,0.11274460372251235,
,,,,,,,,,,,,,,,nearest_neighbor_distance,,,,94.0,0.12205597232728538,
,,,,,,,,,,,,,,,nearest_neighbor_distance,,,,95.0,0.14250530608336134,
,,,,,,,,,,,,,,,nearest_neighbor_distance,,,,96.0,0.20163245523826387,
,,,,,,,,,,,,,,,nearest_neighbor_distance,,,,97.0,0.23516884958820153,
,,,,,,,,,,,,,,,nearest_neighbor_distance,,,,98.0,0.3514324030167144,
,,,,,,,,,,,,,,,nearest_neighbor_distance,,,,99.0,0.2987164817431824,
,,,,,,,,,,,,,,,nearest_neighbor_distance,,,,100.0,0.2523660713842236,
,,,,,,,,,,,,,,,nearest_neighbor_distance,,,,101.0,0.2463486822761729,
,,,,,,,,,,,,,,,nearest_neighbor_distance,,,,102.0,0.18948677509163303,
,,,,,,,,,,,,,,,nearest_neighbor_distance,,,,103.0,0.21188556476504303,
,,,,,,,,,,,,,,,nearest_neighbor_distance,,,,104.0,0.22145314550934198,
,,,,,,,,,,,,,,,nearest_neighbor_distance,,,,105.0,0.185606134339255,
,,,,,,,,,,,,,,,nearest_neighbor_distance,,,,106.0,0.19846774059100514,
,,,,,,,,,,,,,,,nearest_neighbor_distance,,,,107.0,0.2737378439886378,
,,,,,,,,,,,,,,,nearest_neighbor_distance,,,,108.0,0.18134949866773542,
,,,,,,,,,,,,,,,nearest_neighbor_distance,,,,109.0,0.20671072467649373,
,,,,,,,,,,,,,,,nearest_neighbor_distance,,,,110.0,0.2804485905741045,
,,,,,,,,,,,,,,,nearest_neighbor_distance,,,,111.0,0.1914071913615424,
,,,,,,,,,,,,,,,nearest_neighbor_distance,,,,112.0,0.21051396229139652,
,,,,,,,,,,,,,,,nearest_neighbor_distance,,,,113.0,0.19602503566098314,
,,,,,,,,,,,,,,,nearest_neighbor_distance,,,,114.0,0.1820346697352592,
,,,,,,,,,,,,,,,nearest_neighbor_distance,,,,115.0,0.2376394364049492,
,,,,,,,,,,,,,,,nearest_neighbor_distance,,,,116.0,0.08591154383983782,
,,,,,,,,,,,,,,,nearest_neighbor_distance,,,,117.0,0.17817512311023573,
,,,,,,,,,,,,,,,nearest_neighbor_distance,,,,118.0,0.13677338257622634,
,,,,,,,,,,,,,,,nearest_neighbor_distance,,,,119.0,0.22409651087730242,
,,,,,,,,,,,,,,,nearest_neighbor_distance,,,,120.0,0.13062475121917339,
,,,,,,,,,,,,,,,nearest_neighbor_distance,,,,121.0,0.26051624101848486,
,,,,,,,,,,,,,,,nearest_neighbor_distance,,,,122.0,0.21267090492201993,
,,,,,,,,,,,,,,,nearest_neighbor_distance,,,,123.0,0.17407572397289842,
,,,,,,,,,,,,,,,nearest_neighbor_distance,,,,124.0,0.16621533782168685,
,,,,,,,,,,,,,,,nearest_neighbor_distance,,,,125.0,0.21193462017911427,
,,,,,,,,,,,,,,,nearest_neighbor_distance,,,,126.0,0.23432681092754984,
,,,,,,,,,,,,,,,nearest_neighbor_distance,,,,127.0,0.19806557891905338,
,,,,,,,,,,,,,,,nearest_neighbor_distance,,,,128.0,0.1253373737433188,
,,,,,,,,,,,,,,,nearest_neighbor_distance,,,,129.0,0.18080998680707058,
,,,,,,,,,,,,,,,nearest_neighbor_distance,,,,130.0,0.3451532352889512,
,,,,,,,,,,,,,,,nearest_neighbor_distance,,,,131.0,0.20175899516155887,
,,,,,,,,,,,,,,,nearest_neighbor_distance,,,,132.0,0.16048507005311433,
,,,,,,,,,,,,,,,nearest_neighbor_distance,,,,133.0,0.28830131814615323,
,,,,,,,,,,,,,,,nearest_neighbor_distance,,,,134.0,0.24609271178061265,
,,,,,,,,,,,,,,,nearest_neighbor_distance,,,,135.0,0.2480149345020513,
,,,,,,,,,,,,,,,nearest_neighbor_distance,,,,136.0,0.25751688444139165,
,,,,,,,,,,,,,,,nearest_neighbor_distance,,,,137.0,0.09319691873162854,
,,,,,,,,,,,,,,,nearest_neighbor_distance,,,,138.0,0.21285392179052653,
,,,,,,,,,,,,,,,nearest_neighbor_distance,,,,139.0,0.22694187685296208,
,,,,,,,,,,,,,,,nearest_neighbor_distance,,,,140.0,0.2489400959916034,
,,,,,,,,,,,,,,,nearest_neighbor_distance,,,,141.0,0.40055060234121653,
,,,,,,,,,,,,,,,nearest_neighbor_distance,,,,142.0,0.19497510847073501,
,,,,,,,,,,,,,,,nearest_neighbor_distance,,,,143.0,0.20704324577179875,
,,,,,,,,,,,,,,,nearest_neighbor_distance,,,,144.0,0.31031041885278043,
,,,,,,,,,,,,,,,nearest_neighbor_distance,,,,145.0,0.12808935841289823,
,,,,,,,,,,,,,,,nearest_neighbor_distance,,,,146.0,0.17920103209054047,
,,,,,,,,,,,,,,,nearest_neighbor_distance,,,,147.0,0.21064721792604982,
,,,,,,,,,,,,,,,nearest_neighbor_distance,,,,148.0,0.21124838591942413,
,,,,,,,,,,,,,,,nearest_neighbor_distance,,,,149.0,0.24469480708616856,
,,,,,,,,,,,,,,,nearest_neighbor_distance,,,,150.0,0.20569524940599518,
,,,,,,,,,,,,,,,nearest_neighbor_distance,,,,151.0,0.1990493170944915,
,,,,,,,,,,,,,,,nearest_neighbor_distance,,,,152.0,0.15137402497387833,
,,,,,,,,,,,,,,,nearest_neighbor_distance,,,,153.0,0.2947466916093777,
,,,,,,,,,,,,,,,nearest_neighbor_distance,,,,154.0,0.17407238570592648,
,,,,,,,,,,,,,,,nearest_neighbor_distance,,,,155.0,0.2062992515060754,
,,,,,,,,,,,,,,,nearest_neighbor_distance,,,,156.0,0.19708014008618707,
,,,,,,,,,,,,,,,nearest_neighbor_distance,,,,157.0,0.13904909948076608,
,,,,,,,,,,,,,,,nearest_neighbor_distance,,,,158.0,0.17964390573417327,
,,,,,,,,,,,,,,,nearest_neighbor_distance,,,,159.0,0.2775889426292815,
,,,,,,,,,,,,,,,nearest_neighbor_distance,,,,160.0,0.21748933222662936,
,,,,,,,,,,,,,,,nearest_neighbor_distance,,,,161.0,0.3996794856286733,
,,,,,,,,,,,,,,,nearest_neighbor_distance,,,,162.0,0.4564252109319588,
,,,,,,,,,,,,,,,nearest_neighbor_distance,,,,163.0,0.1487839790364637,
,,,,,,,,,,,,,,,nearest_neighbor_distance,,,,164.0,0.2238353040336385,
,,,,,,,,,,,,,,,nearest_neighbor_distance,,,,165.0,0.10515625969863451,
,,,,,,,,,,,,,,,nearest_neighbor_distance,,,,166.0,0.19510237326398297,
,,,,,,,,,,,,,,,nearest_neighbor_distance,,,,167.0,0.15184553133052017,
,,,,,,,,,,,,,,,nearest_neighbor_distance,,,,168.0,0.15182195859572734,
,,,,,,,,,,,,,,,nearest_neighbor_distance,,,,169.0,0.15185555096436143,
,,,,,,,,,,,,,,,nearest_neighbor_distance,,,,170.0,0.14597029373645773,
,,,,,,,,,,,,,,,nearest_neighbor_distance,,,,171.0,0.16246923163136714,
,,,,,,,,,,,,,,,nearest_neighbor_distance,,,,172.0,0.1662462213390271,
,,,,,,,,,,,,,,,nearest_neighbor_distance,,,,173.0,0.24443686821309862,
,,,,,,,,,,,,,,,nearest_neighbor_distance,,,,174.0,0.26817779959861,
,,,,,,,,,,,,,,,nearest_neighbor_distance,,,,175.0,0.14071362744153287,
,,,,,,,,,,,,,,,nearest_neighbor_distance,,,,176.0,0.1671261761888127,
,,,,,,,,,,,,,,,nearest_neighbor_distance,,,,177.0,0.16072787895133495,
,,,,,,,,,,,,,,,nearest_neighbor_distance,,,,178.0,0.3101877191251925,
,,,,,,,,,,,,,,,nearest_neighbor_distance,,,,179.0,0.2412421481994572,
,,,,,,,,,,,,,,,nearest_neighbor_distance,,,,180.0,0.26145875334704466,
,,,,,,,,,,,,,,,nearest_neighbor_distance,,,,181.0,0.24567569222797825,
,,,,,,,,,,,,,,,nearest_neighbor_distance,,,,182.0,0.2717912058230558,
,,,,,,,,,,,,,,,nearest_neighbor_distance,,,,183.0,0.17558360258048483,
,,,,,,,,,,,,,,,nearest_neighbor_distance,,,,184.0,0.2047872736308759,
,,,,,,,,,,,,,,,nearest_neighbor_distance,,,,185.0,0.19631804189657429,
,,,,,,,,,,,,,,,nearest_neighbor_distance,,,,186.0,0.18798925362357966,
,,,,,,,,,,,,,,,nearest_neighbor_distance,,,,187.0,0.14995106385608784,
,,,,,,,,,,,,,,,nearest_neighbor_distance,,,,188.0,0.21650192514138503,
,,,,,,,,,,,,,,,nearest_neighbor_distance,,,,189.0,0.18024635814485546,
,,,,,,,,,,,,,,,nearest_neighbor_distance,,,,190.0,0.1794651097143284,
,,,,,,,,,,,,,,,nearest_neighbor_distance,,,,191.0,0.15835962031461961,
,,,,,,,,,,,,,,,nearest_neighbor_distance,,,,192.0,0.17115102398988494,
,,,,,,,,,,,,,,,nearest_neighbor_distance,,,,193.0,0.2597386162563117,
,,,,,,,,,,,,,,,nearest_neighbor_distance,,,,194.0,0.2116450774280325,
,,,,,,,,,,,,,,,nearest_neighbor_distance,,,,195.0,0.11933333229317306,
,,,,,,,,,,,,,,,nearest_neighbor_distance,,,,196.0,0.19928221498985643,
,,,,,,,,,,,,,,,nearest_neighbor_distance,,,,197.0,0.18071965710848634,
,,,,,,,,,,,,,,,nearest_neighbor_distance,,,,198.0,0.1637627628713996,
,,,,,,,,,,,,,,,nearest_neighbor_distance,,,,199.0,0.18603935153679935,
,,,,,,,,,,,,,,,nearest_neighbor_distance,,,,200.0,0.20780033532285025,
,,,,,,,,,,,,,,,nearest_neighbor_distance,,,,201.0,0.2238353040336385,
,,,,,,,,,,,,,,,nearest_neighbor_distance,,,,202.0,0.23025507936876435,
,,,,,,,,,,,,,,,nearest_neighbor_distance,,,,203.0,0.2528324058112547,
,,,,,,,,,,,,,,,nearest_neighbor_distance,,,,204.0,0.36706896718243043,
,,,,,,,,,,,,,,,nearest_neighbor_distance,,,,205.0,0.17158426536408475,
,,,,,,,,,,,,,,,nearest_neighbor_distance,,,,206.0,0.16239857782007258,
,,,,,,,,,,,,,,,nearest_neighbor_distance,,,,207.0,0.12854603658488917,
,,,,,,,,,,,,,,,nearest_neighbor_distance,,,,208.0,0.27569865777330277,
,,,,,,,,,,,,,,,nearest_neighbor_distance,,,,209.0,0.26100409881988995,
,,,,,,,,,,,,,,,nearest_neighbor_distance,,,,210.0,0.20836723912077998,
,,,,,,,,,,,,,,,nearest_neighbor_distance,,,,211.0,0.157894746234047,
,,,,,,,,,,,,,,,nearest_neighbor_distance,,,,212.0,0.2495478027385359,
,,,,,,,,,,,,,,,nearest_neighbor_distance,,,,213.0,0.2419517254570705,
,,,,,,,,,,,,,,,nearest_neighbor_distance,,,,214.0,0.19639671220259686,
,,,,,,,,,,,,,,,nearest_neighbor_distance,,,,215.0,0.2679226608201994,
,,,,,,,,,,,,,,,nearest_neighbor_distance,,,,216.0,0.2256717199630609,
,,,,,,,,,,,,,,,nearest_neighbor_distance,,,,217.0,0.2178217130044169,
,,,,,,,,,,,,,,,nearest_neighbor_distance,,,,218.0,0.2262919858350794,
,,,,,,,,,,,,,,,nearest_neighbor_distance,,,,219.0,0.17842749097474842,
,,,,,,,,,,,,,,,nearest_neighbor_distance,,,,220.0,0.14126536641588816,
,,,,,,,,,,,,,,,nearest_neighbor_distance,,,,221.0,0.1524312505194613,
,,,,,,,,,,,,,,,nearest_neighbor_distance,,,,222.0,0.14885450229583544,
,,,,,,,,,,,,,,,nearest_neighbor_distance,,,,223.0,0.30176281845525404,
,,,,,,,,,,,,,,,nearest_neighbor_distance,,,,224.0,0.1180921289909424,
,,,,,,,,,,,,,,,nearest_neighbor_distance,,,,225.0,0.2369065690912316,
,,,,,,,,,,,,,,,nearest_neighbor_distance,,,,226.0,0.19710094300900993,
,,,,,,,,,,,,,,,nearest_neighbor_distance,,,,227.0,0.20559950469816982,
,,,,,,,,,,,,,,,nearest_neighbor_distance,,,,228.0,0.1932055178692914,
,,,,,,,,,,,,,,,nearest_neighbor_distance,,,,229.0,0.14694560575843393,
,,,,,,,,,,,,,,,nearest_neighbor_distance,,,,230.0,0.1614815336389111,
,,,,,,,,,,,,,,,nearest_neighbor_distance,,,,231.0,0.247173353837554,
,,,,,,,,,,,,,,,nearest_neighbor_distance,,,,232.0,0.1585800656869807,
,,,,,,,,,,,,,,,nearest_neighbor_distance,,,,233.0,0.1746411500815382,
,,,,,,,,,,,,,,,nearest_neighbor_distance,,,,234.0,0.2377638626638102,
,,,,,,,,,,,,,,,nearest_neighbor_distance,,,,235.0,0.19975180219596528,
,,,,,,,,,,,,,,,nearest_neighbor_distance,,,,236.0,0.15488086093341127,
,,,,,,,,,,,,,,,nearest_neighbor_distance,,,,237.0,0.11902273089291791,
,,,,,,,,,,,,,,,nearest_neighbor_distance,,,,238.0,0.23923229417432887,
,,,,,,,,,,,,,,,nearest_neighbor_distance,,,,239.0,0.33991176333900913,
,,,,,,,,,,,,,,,nearest_neighbor_distance,,,,240.0,0.17360750500907543,
,,,,,,,,,,,,,,,nearest_neighbor_distance,,,,241.0,0.17244779317987194,
,,,,,,,,,,,,,,,nearest_neighbor_distance,,,,242.0,0.1621699966493719,
,,,,,,,,,,,,,,,nearest_neighbor_distance,,,,243.0,0.15619521789203816,
,,,,,,,,,,,,,,,nearest_neighbor_distance,,,,244.0,0.08204550404585627,
,,,,,,,,,,,,,,,nearest_neighbor_distance,,,,245.0,0.14523590822696197,
,,,,,,,,,,,,,,,nearest_neighbor_distance,,,,246.0,0.11748287545221929,
,,,,,,,,,,,,,,,nearest_neighbor_distance,,,,247.0,0.175541773352615,
,,,,,,,,,,,,,,,nearest_neighbor_distance,,,,248.0,0.134317482916757,
,,,,,,,,,,,,,,,nearest_neighbor_distance,,,,249.0,0.19155698592943418,
,,,,,,,,,,,,,,,nearest_neighbor_distance,,,,250.0,0.34877973086076197,
,,,,,,,,,,,,,,,nearest_neighbor_distance,,,,251.0,0.21051396229139652,
,,,,,,,,,,,,,,,nearest_neighbor_distance,,,,252.0,0.2625573248745389,
,,,,,,,,,,,,,,,nearest_neighbor_distance,,,,253.0,0.22608316338950882,
,,,,,,,,,,,,,,,nearest_neighbor_distance,,,,254.0,0.28832999983548285,
,,,,,,,,,,,,,,,nearest_neighbor_distance,,,,255.0,0.1953056696782494,
,,,,,,,,,,,,,,,nearest_neighbor_distance,,,,256.0,0.26177195725448166,
,,,,,,,,,,,,,,,nearest_neighbor_distance,,,,257.0,0.18381994877326718,
,,,,,,,,,,,,,,,nearest_neighbor_distance,,,,258.0,0.14946730751373646,
,,,,,,,,,,,,,,,nearest_neighbor_distance,,,,259.0,0.17680927515061143,
,,,,,,,,,,,,,,,nearest_neighbor_distance,,,,260.0,0.22677733991348423,
,,,,,,,,,,,,,,,nearest_neighbor_distance,,,,261.0,0.18233300940636668,
,,,,,,,,,,,,,,,nearest_neighbor_distance,,,,262.0,0.19934596848197703,
,,,,,,,,,,,,,,,nearest_neighbor_distance,,,,263.0,0.3500623192720617,
,,,,,,,,,,,,,,,nearest_neighbor_distance,,,,264.0,0.19445124143750878,
,,,,,,,,,,,,,,,nearest_neighbor_distance,,,,265.0,0.14791038279611432,
,,,,,,,,,,,,,,,nearest_neighbor_distance,,,,266.0,0.22112927444493394,
,,,,,,,,,,,,,,,nearest_neighbor_distance,,,,267.0,0.1787229256519507,
,,,,,,,,,,,,,,,nearest_neighbor_distance,,,,268.0,0.1284254024340008,
,,,,,,,,,,,,,,,nearest_neighbor_distance,,,,269.0,0.21963014122314817,
,,,,,,,,,,,,,,,nearest_neighbor_distance,,,,270.0,0.1297548748856846,
,,,,,,,,,,,,,,,nearest_neighbor_distance,,,,271.0,0.24385910010852155,
,,,,,,,,,,,,,,,nearest_neighbor_distance,,,,272.0,0.1978433122654616,
,,,,,,,,,,,,,,,nearest_neighbor_distance,,,,273.0,0.2094830505248396,
,,,,,,,,,,,,,,,nearest_neighbor_distance,,,,274.0,0.40039633470634023,
,,,,,,,,,,,,,,,nearest_neighbor_distance,,,,275.0,0.24591893639547094,
,,,,,,,,,,,,,,,nearest_neighbor_distance,,,,276.0,0.211002437563453,
,,,,,,,,,,,,,,,nearest_neighbor_distance,,,,277.0,0.12907395957595805,
,,,,,,,,,,,,,,,nearest_neighbor_distance,,,,278.0,0.1624667185039183,
,,,,,,,,,,,,,,,nearest_neighbor_distance,,,,279.0,0.19375753534229753,
,,,,,,,,,,,,,,,nearest_neighbor_distance,,,,280.0,0.1936685759920129,
,,,,,,,,,,,,,,,nearest_neighbor_distance,,,,281.0,0.1297548748856846,
,,,,,,,,,,,,,,,nearest_neighbor_distance,,,,282.0,0.3170126924934125,
,,,,,,,,,,,,,,,nearest_neighbor_distance,,,,283.0,0.2391036194264024,
,,,,,,,,,,,,,,,nearest_neighbor_distance,,,,284.0,0.1715400579106384,
,,,,,,,,,,,,,,,nearest_neighbor_distance,,,,285.0,0.22608316338950882,
,,,,,,,,,,,,,,,nearest_neighbor_distance,,,,286.0,0.27112655629161864,
,,,,,,,,,,,,,,,nearest_neighbor_distance,,,,287.0,0.24298729038171268,
,,,,,,,,,,,,,,,nearest_neighbor_distance,,,,288.0,0.35245234433420874,
,,,,,,,,,,,,,,,nearest_neighbor_distance,,,,289.0,0.18381994877326718,
,,,,,,,,,,,,,,,nearest_neighbor_distance,,,,290.0,0.3023200754636144,
,,,,,,,,,,,,,,,nearest_neighbor_distance,,,,291.0,0.21188354080840183,
,,,,,,,,,,,,,,,nearest_neighbor_distance,,,,292.0,0.14491869472761582,
,,,,,,,,,,,,,,,nearest_neighbor_distance,,,,293.0,0.1843271547670645,
,,,,,,,,,,,,,,,nearest_neighbor_distance,,,,294.0,0.1680968214950253,
,,,,,,,,,,,,,,,nearest_neighbor_distance,,,,295.0,0.2154946264844567,
,,,,,,,,,,,,,,,nearest_neighbor_distance,,,,296.0,0.1647404807557469,
,,,,,,,,,,,,,,,nearest_neighbor_distance,,,,297.0,0.15821474062969532,
,,,,,,,,,,,,,,,nearest_neighbor_distance,,,,298.0,0.24659887419343862,
,,,,,,,,,,,,,,,nearest_neighbor_distance,,,,299.0,0.21515537157364872,
,,,,,,,,,,,,,,,nearest_neighbor_distance,,,,300.0,0.20943981031131412,
,,,,,,,,,,,,,,,nearest_neighbor_distance,,,,301.0,0.2379345433395859,
,,,,,,,,,,,,,,,nearest_neighbor_distance,,,,302.0,0.23716876916733473,
,,,,,,,,,,,,,,,nearest_neighbor_distance,,,,303.0,0.24336374915083764,
,,,,,,,,,,,,,,,nearest_neighbor_distance,,,,304.0,0.09444404045643096,
,,,,,,,,,,,,,,,nearest_neighbor_distance,,,,305.0,0.2554302162667044,
,,,,,,,,,,,,,,,nearest_neighbor_distance,,,,306.0,0.3104361175484753,
,,,,,,,,,,,,,,,nearest_neighbor_distance,,,,307.0,0.0936797846875602,
,,,,,,,,,,,,,,,nearest_neighbor_distance,,,,308.0,0.09802206460378964,
,,,,,,,,,,,,,,,nearest_neighbor_distance,,,,309.0,0.19680081688226614,
,,,,,,,,,,,,,,,nearest_neighbor_distance,,,,310.0,0.20358690268520088,
,,,,,,,,,,,,,,,nearest_neighbor_distance,,,,311.0,0.23977125782702186,
,,,,,,,,,,,,,,,nearest_neighbor_distance,,,,312.0,0.2304682876193701,
,,,,,,,,,,,,,,,nearest_neighbor_distance,,,,313.0,0.19539354125417246,
,,,,,,,,,,,,,,,nearest_neighbor_distance,,,,314.0,0.2172892226979666,
,,,,,,,,,,,,,,,nearest_neighbor_distance,,,,315.0,0.07825312670649019,
,,,,,,,,,,,,,,,nearest_neighbor_distance,,,,316.0,0.0913633028686491,
,,,,,,,,,,,,,,,nearest_neighbor_distance,,,,317.0,0.1958236043714069,
,,,,,,,,,,,,,,,nearest_neighbor_distance,,,,318.0,0.22012682596529462,
,,,,,,,,,,,,,,,nearest_neighbor_distance,,,,319.0,0.2055172640689777,
,,,,,,,,,,,,,,,nearest_neighbor_distance,,,,320.0,0.1877383719362351,
,,,,,,,,,,,,,,,nearest_neighbor_distance,,,,321.0,0.19572546331278684,
,,,,,,,,,,,,,,,nearest_neighbor_distance,,,,322.0,0.23475294973935928,
,,,,,,,,,,,,,,,nearest_neighbor_distance,,,,323.0,0.2149148702133073,
,,,,,,,,,,,,,,,nearest_neighbor_distance,,,,324.0,0.22009958186529224,
,,,,,,,,,,,,,,,nearest_neighbor_distance,,,,325.0,0.2022356764307796,
,,,,,,,,,,,,,,,nearest_neighbor_distance,,,,326.0,0.2497031018226035,
,,,,,,,,,,,,,,,nearest_neighbor_distance,,,,327.0,0.2355310267871487,
,,,,,,,,,,,,,,,nearest_neighbor_distance,,,,328.0,0.16092731545711933,
,,,,,,,,,,,,,,,nearest_neighbor_distance,,,,329.0,0.2895739797111267,
,,,,,,,,,,,,,,,nearest_neighbor_distance,,,,330.0,0.17467878326171496,
,,,,,,,,,,,,,,,nearest_neighbor_distance,,,,331.0,0.33111503912760504,
,,,,,,,,,,,,,,,nearest_neighbor_distance,,,,332.0,0.19687200864716153,
,,,,,,,,,,,,,,,nearest_neighbor_distance,,,,333.0,0.20583885042742248,
,,,,,,,,,,,,,,,nearest_neighbor_distance,,,,334.0,0.20446235556967854,
,,,,,,,,,,,,,,,nearest_neighbor_distance,,,,335.0,0.2923906776626894,
,,,,,,,,,,,,,,,nearest_neighbor_distance,,,,336.0,0.17548039899720186,
,,,,,,,,,,,,,,,nearest_neighbor_distance,,,,337.0,0.2456720654486829,
,,,,,,,,,,,,,,,nearest_neighbor_distance,,,,338.0,0.19486989916004185,
,,,,,,,,,,,,,,,nearest_neighbor_distance,,,,339.0,0.24482215028391313,
,,,,,,,,,,,,,,,nearest_neighbor_distance,,,,340.0,0.18730370510012317,
,,,,,,,,,,,,,,,nearest_neighbor_distance,,,,341.0,0.1659509488448518,
,,,,,,,,,,,,,,,nearest_neighbor_distance,,,,342.0,0.1799963749082108,
,,,,,,,,,,,,,,,nearest_neighbor_distance,,,,343.0,0.2299804473487172,
,,,,,,,,,,,,,,,nearest_neighbor_distance,,,,344.0,0.14969160542908722,
,,,,,,,,,,,,,,,nearest_neighbor_distance,,,,345.0,0.19377178810417103,
,,,,,,,,,,,,,,,nearest_neighbor_distance,,,,346.0,0.17190567439403218,
,,,,,,,,,,,,,,,nearest_neighbor_distance,,,,347.0,0.16848123698765807,
,,,,,,,,,,,,,,,nearest_neighbor_distance,,,,348.0,0.26359536287573254,
,,,,,,,,,,,,,,,nearest_neighbor_distance,,,,349.0,0.22394957170293248,
,,,,,,,,,,,,,,,nearest_neighbor_distance,,,,350.0,0.17707102304557404,
,,,,,,,,,,,,,,,nearest_neighbor_distance,,,,351.0,0.17176026167719233,
,,,,,,,,,,,,,,,nearest_neighbor_distance,,,,352.0,0.17971725097568989,
,,,,,,,,,,,,,,,nearest_neighbor_distance,,,,353.0,0.18810904450446086,
,,,,,,,,,,,,,,,nearest_neighbor_distance,,,,354.0,0.1968565933875465,
,,,,,,,,,,,,,,,nearest_neighbor_distance,,,,355.0,0.13210878293005884,
,,,,,,,,,,,,,,,nearest_neighbor_distance,,,,356.0,0.1180921289909424,
,,,,,,,,,,,,,,,nearest_neighbor_distance,,,,357.0,0.2722454486430784,
,,,,,,,,,,,,,,,nearest_neighbor_distance,,,,358.0,0.30756638675906656,
,,,,,,,,,,,,,,,nearest_neighbor_distance,,,,359.0,0.26528362316629955,
,,,,,,,,,,,,,,,nearest_neighbor_distance,,,,360.0,0.17360750500907543,
,,,,,,,,,,,,,,,nearest_neighbor_distance,,,,361.0,0.319531219416361,
,,,,,,,,,,,,,,,nearest_neighbor_distance,,,,362.0,0.21809917757543454,
,,,,,,,,,,,,,,,nearest_neighbor_distance,,,,363.0,0.08989606430264196,
,,,,,,,,,,,,,,,nearest_neighbor_distance,,,,364.0,0.3791844038600525,
,,,,,,,,,,,,,,,nearest_neighbor_distance,,,,365.0,0.17674005733081005,
,,,,,,,,,,,,,,,nearest_neighbor_distance,,,,366.0,0.23807592350545223,
,,,,,,,,,,,,,,,nearest_neighbor_distance,,,,367.0,0.25422486831988816,
,,,,,,,,,,,,,,,nearest_neighbor_distance,,,,368.0,0.18050391021190829,
,,,,,,,,,,,,,,,nearest_neighbor_distance,,,,369.0,0.17712530790172104,
,,,,,,,,,,,,,,,nearest_neighbor_distance,,,,370.0,0.2320427926946216,
,,,,,,,,,,,,,,,nearest_neighbor_distance,,,,371.0,0.1502880357686776,
,,,,,,,,,,,,,,,nearest_neighbor_distance,,,,372.0,0.13956864862451993,
,,,,,,,,,,,,,,,nearest_neighbor_distance,,,,373.0,0.21845106697186825,
,,,,,,,,,,,,,,,nearest_neighbor_distance,,,,374.0,0.11911910878468902,
,,,,,,,,,,,,,,,nearest_neighbor_distance,,,,375.0,0.22847412147334986,
,,,,,,,,,,,,,,,nearest_neighbor_distance,,,,376.0,0.1801084115018467,
,,,,,,,,,,,,,,,nearest_neighbor_distance,,,,377.0,0.1497495733650853,
,,,,,,,,,,,,,,,nearest_neighbor_distance,,,,378.0,0.18196870032396614,
,,,,,,,,,,,,,,,nearest_neighbor_distance,,,,379.0,0.21675816485949276,
,,,,,,,,,,,,,,,nearest_neighbor_distance,,,,380.0,0.21040050374297647,
,,,,,,,,,,,,,,,nearest_neighbor_distance,,,,381.0,0.21253902926514562,
,,,,,,,,,,,,,,,nearest_neighbor_distance,,,,382.0,0.17825983994981565,
,,,,,,,,,,,,,,,nearest_neighbor_distance,,,,383.0,0.16081535087482451,
,,,,,,,,,,,,,,,nearest_neighbor_distance,,,,384.0,0.2446800909823417,
,,,,,,,,,,,,,,,nearest_neighbor_distance,,,,385.0,0.28198673103821165,
,,,,,,,,,,,,,,,nearest_neighbor_distance,,,,386.0,0.16921946569471571,
,,,,,,,,,,,,,,,nearest_neighbor_distance,,,,387.0,0.20569524940599518,
,,,,,,,,,,,,,,,nearest_neighbor_distance,,,,388.0,0.18043510271181742,
,,,,,,,,,,,,,,,nearest_neighbor_distance,,,,389.0,0.14747779802645639,
,,,,,,,,,,,,,,,nearest_neighbor_distance,,,,390.0,0.18417405643008772,
,,,,,,,,,,,,,,,nearest_neighbor_distance,,,,391.0,0.1696809766597574,
,,,,,,,,,,,,,,,nearest_neighbor_distance,,,,392.0,0.1987849773968649,
,,,,,,,,,,,,,,,nearest_neighbor_distance,,,,393.0,0.15654080733598122,
,,,,,,,,,,,,,,,nearest_neighbor_distance,,,,394.0,0.2807750709803406,
,,,,,,,,,,,,,,,nearest_neighbor_distance,,,,395.0,0.32353525409175116,
,,,,,,,,,,,,,,,nearest_neighbor_distance,,,,396.0,0.18458805530063782,
,,,,,,,,,,,,,,,nearest_neighbor_distance,,,,397.0,0.26118326056430824,
,,,,,,,,,,,,,,,nearest_neighbor_distance,,,,398.0,0.22753775244820582,
,,,,,,,,,,,,,,,nearest_neighbor_distance,,,,399.0,0.31272229481847197,
,,,,,,,,,,,,,,,nearest_neighbor_distance,,,,400.0,0.18966001061457605,
,,,,,,,,,,,,,,,nearest_neighbor_distance,,,,401.0,0.14534365194390875,
,,,,,,,,,,,,,,,nearest_neighbor_distance,,,,402.0,0.20127202148840895,
,,,,,,,,,,,,,,,nearest_neighbor_distance,,,,403.0,0.20886787628371933,
,,,,,,,,,,,,,,,nearest_neighbor_distance,,,,404.0,0.19805258293889763,
,,,,,,,,,,,,,,,nearest_neighbor_distance,,,,405.0,0.17175628524863693,
,,,,,,,,,,,,,,,nearest_neighbor_distance,,,,406.0,0.33622877210874824,
,,,,,,,,,,,,,,,nearest_neighbor_distance,,,,407.0,0.13990172708537563,
,,,,,,,,,,,,,,,nearest_neighbor_distance,,,,408.0,0.12334496149791357,
,,,,,,,,,,,,,,,nearest_neighbor_distance,,,,409.0,0.2241117054036023,
,,,,,,,,,,,,,,,nearest_neighbor_distance,,,,410.0,0.1858884161656503,
,,,,,,,,,,,,,,,nearest_neighbor_distance,,,,411.0,0.1912851325512221,
,,,,,,,,,,,,,,,nearest_neighbor_distance,,,,412.0,0.36385789319634854,
,,,,,,,,,,,,,,,nearest_neighbor_distance,,,,413.0,0.17256491602481758,
,,,,,,,,,,,,,,,nearest_neighbor_distance,,,,414.0,0.17694824576302703,
,,,,,,,,,,,,,,,nearest_neighbor_distance,,,,415.0,0.16071173473032677,
,,,,,,,,,,,,,,,nearest_neighbor_distance,,,,416.0,0.2740426133526502,
,,,,,,,,,,,,,,,nearest_neighbor_distance,,,,417.0,0.2780325535240496,
,,,,,,,,,,,,,,,nearest_neighbor_distance,,,,418.0,0.19443127946066605,
,,,,,,,,,,,,,,,nearest_neighbor_distance,,,,419.0,0.24503268436187842,
,,,,,,,,,,,,,,,nearest_neighbor_distance,,,,420.0,0.14946730751373646,
,,,,,,,,,,,,,,,nearest_neighbor_distance,,,,421.0,0.17404206434681696,
,,,,,,,,,,,,,,,nearest_neighbor_distance,,,,422.0,0.27847414041773083,
,,,,,,,,,,,,,,,nearest_neighbor_distance,,,,423.0,0.2528324058112547,
,,,,,,,,,,,,,,,nearest_neighbor_distance,,,,424.0,0.20435430380641198,
,,,,,,,,,,,,,,,nearest_neighbor_distance,,,,425.0,0.1538355831055801,
,,,,,,,,,,,,,,,nearest_neighbor_distance,,,,426.0,0.22164688706246832,
,,,,,,,,,,,,,,,nearest_neighbor_distance,,,,427.0,0.20886787628371933,
,,,,,,,,,,,,,,,nearest_neighbor_distance,,,,428.0,0.11759485102741359,
,,,,,,,,,,,,,,,nearest_neighbor_distance,,,,429.0,0.20976501700533062,
,,,,,,,,,,,,,,,nearest_neighbor_distance,,,,430.0,0.12619701868791922,
,,,,,,,,,,,,,,,nearest_neighbor_distance,,,,431.0,0.23245389490396384,
,,,,,,,,,,,,,,,nearest_neighbor_distance,,,,432.0,0.21262330547098787,
,,,,,,,,,,,,,,,nearest_neighbor_distance,,,,433.0,0.2275480384269119,
,,,,,,,,,,,,,,,nearest_neighbor_distance,,,,434.0,0.24662189686042058,
,,,,,,,,,,,,,,,nearest_neighbor_distance,,,,435.0,0.20215487968969473,
,,,,,,,,,,,,,,,nearest_neighbor_distance,,,,436.0,0.21036796166105234,
,,,,,,,,,,,,,,,nearest_neighbor_distance,,,,437.0,0.2374754614762297,
,,,,,,,,,,,,,,,nearest_neighbor_distance,,,,438.0,0.1585800656869807,
,,,,,,,,,,,,,,,nearest_neighbor_distance,,,,439.0,0.2217822205680356,
,,,,,,,,,,,,,,,nearest_neighbor_distance,,,,440.0,0.22544934202653782,
,,,,,,,,,,,,,,,nearest_neighbor_distance,,,,441.0,0.17304466654868852,
,,,,,,,,,,,,,,,nearest_neighbor_distance,,,,442.0,0.3170126924934125,
,,,,,,,,,,,,,,,nearest_neighbor_distance,,,,443.0,0.24022908124722364,
,,,,,,,,,,,,,,,nearest_neighbor_distance,,,,444.0,0.20267916451341744,
,,,,,,,,,,,,,,,nearest_neighbor_distance,,,,445.0,0.2555177325776358,
,,,,,,,,,,,,,,,nearest_neighbor_distance,,,,446.0,0.23516884958820153,
,,,,,,,,,,,,,,,nearest_neighbor_distance,,,,447.0,0.1935606767392685,
,,,,,,,,,,,,,,,nearest_neighbor_distance,,,,448.0,0.1957692731709448,
,,,,,,,,,,,,,,,nearest_neighbor_distance,,,,449.0,0.22708815736056914,
,,,,,,,,,,,,,,,nearest_neighbor_distance,,,,450.0,0.20928976200565813,
,,,,,,,,,,,,,,,nearest_neighbor_distance,,,,451.0,0.1422176850681478,
,,,,,,,,,,,,,,,nearest_neighbor_distance,,,,452.0,0.24525508566548412,
,,,,,,,,,,,,,,,nearest_neighbor_distance,,,,453.0,0.3683101521903236,
,,,,,,,,,,,,,,,nearest_neighbor_distance,,,,454.0,0.122413109746198,
,,,,,,,,,,,,,,,nearest_neighbor_distance,,,,455.0,0.2854119607444863,
,,,,,,,,,,,,,,,nearest_neighbor_distance,,,,456.0,0.20507823884719842,
,,,,,,,,,,,,,,,nearest_neighbor_distance,,,,457.0,0.23147223957309818,
,,,,,,,,,,,,,,,nearest_neighbor_distance,,,,458.0,0.2026486955588855,
,,,,,,,,,,,,,,,nearest_neighbor_distance,,,,459.0,0.21007708848299292,
,,,,,,,,,,,,,,,nearest_neighbor_distance,,,,460.0,0.18507160231069889,
,,,,,,,,,,,,,,,nearest_neighbor_distance,,,,461.0,0.2086105395104639,
,,,,,,,,,,,,,,,nearest_neighbor_distance,,,,462.0,0.18600270464165214,
,,,,,,,,,,,,,,,nearest_neighbor_distance,,,,463.0,0.20090950103680258,
,,,,,,,,,,,,,,,nearest_neighbor_distance,,,,464.0,0.27466445381315835,
,,,,,,,,,,,,,,,nearest_neighbor_distance,,,,465.0,0.24295385674467956,
,,,,,,,,,,,,,,,nearest_neighbor_distance,,,,466.0,0.24298729038171268,
,,,,,,,,,,,,,,,nearest_neighbor_distance,,,,467.0,0.250468147353549,
,,,,,,,,,,,,,,,nearest_neighbor_distance,,,,468.0,0.08989606430264196,
,,,,,,,,,,,,,,,nearest_neighbor_distance,,,,469.0,0.27874674895537876,
,,,,,,,,,,,,,,,nearest_neighbor_distance,,,,470.0,0.13598725634431588,
,,,,,,,,,,,,,,,nearest_neighbor_distance,,,,471.0,0.16107388529744973,
,,,,,,,,,,,,,,,nearest_neighbor_distance,,,,472.0,0.1463680043268917,
,,,,,,,,,,,,,,,nearest_neighbor_distance,,,,473.0,0.33119434239055406,
,,,,,,,,,,,,,,,nearest_neighbor_distance,,,,474.0,0.19631804189657429,
,,,,,,,,,,,,,,,nearest_neighbor_distance,,,,475.0,0.26730423274921383,
,,,,,,,,,,,,,,,nearest_neighbor_distance,,,,476.0,0.1784608535986143,
,,,,,,,,,,,,,,,nearest_neighbor_distance,,,,477.0,0.14869148357345333,
,,,,,,,,,,,,,,,nearest_neighbor_distance,,,,478.0,0.15257204966287846,
,,,,,,,,,,,,,,,nearest_neighbor_distance,,,,479.0,0.25007503714455076,
,,,,,,,,,,,,,,,nearest_neighbor_distance,,,,480.0,0.2025895302042621,
,,,,,,,,,,,,,,,nearest_neighbor_distance,,,,481.0,0.20839963980063858,
,,,,,,,,,,,,,,,nearest_neighbor_distance,,,,482.0,0.19669093778314148,
,,,,,,,,,,,,,,,nearest_neighbor_distance,,,,483.0,0.4097912735454768,
,,,,,,,,,,,,,,,nearest_neighbor_distance,,,,484.0,0.18438386085952413,
,,,,,,,,,,,,,,,nearest_neighbor_distance,,,,485.0,0.20666413528609887,
,,,,,,,,,,,,,,,nearest_neighbor_distance,,,,486.0,0.2499753437394763,
,,,,,,,,,,,,,,,nearest_neighbor_distance,,,,487.0,0.22733098507140384,
,,,,,,,,,,,,,,,nearest_neighbor_distance,,,,488.0,0.3065208301996494,
,,,,,,,,,,,,,,,nearest_neighbor_distance,,,,489.0,0.17026807321531812,
,,,,,,,,,,,,,,,nearest_neighbor_distance,,,,490.0,0.29580817230381856,
,,,,,,,,,,,,,,,nearest_neighbor_distance,,,,491.0,0.15657375774655974,
,,,,,,,,,,,,,,,nearest_neighbor_distance,,,,492.0,0.15438357195040894,
,,,,,,,,,,,,,,,nearest_neighbor_distance,,,,493.0,0.25162809583908624,
,,,,,,,,,,,,,,,nearest_neighbor_distance,,,,494.0,0.22741585154037774,
,,,,,,,,,,,,,,,nearest_neighbor_distance,,,,495.0,0.22889186333714287,
,,,,,,,,,,,,,,,nearest_neighbor_distance,,,,496.0,0.19504521642170908,
,,,,,,,,,,,,,,,nearest_neighbor_distance,,,,497.0,0.124048967632054,
,,,,,,,,,,,,,,,nearest_neighbor_distance,,,,498.0,0.1740300735077603,
,,,,,,,,,,,,,,,nearest_neighbor_distance,,,,499.0,0.23025507936876435,
,,,,,,,,,,,,,,,nearest_neighbor_distance,,,,500.0,0.2506247926426544,
,,,,,,,,,,,,,,,nearest_neighbor_distance,,,,501.0,0.20838646027313737,
,,,,,,,,,,,,,,,nearest_neighbor_distance,,,,502.0,0.13646470963897106,
,,,,,,,,,,,,,,,nearest_neighbor_distance,,,,503.0,0.1776076899985393,
,,,,,,,,,,,,,,,nearest_neighbor_distance,,,,504.0,0.14491869472761582,
,,,,,,,,,,,,,,,nearest_neighbor_distance,,,,505.0,0.2564655198906154,
,,,,,,,,,,,,,,,nearest_neighbor_distance,,,,506.0,0.2805273733166118,
,,,,,,,,,,,,,,,nearest_neighbor_distance,,,,507.0,0.17418167743111793,
,,,,,,,,,,,,,,,nearest_neighbor_distance,,,,508.0,0.1692066725739241,
,,,,,,,,,,,,,,,nearest_neighbor_distance,,,,509.0,0.1991756882074244,
,,,,,,,,,,,,,,,nearest_neighbor_distance,,,,510.0,0.2873218047739728,
,,,,,,,,,,,,,,,nearest_neighbor_distance,,,,511.0,0.21055176505973508,
,,,,,,,,,,,,,,,nearest_neighbor_distance,,,,512.0,0.15496643527842485,
,,,,,,,,,,,,,,,nearest_neighbor_distance,,,,513.0,0.24186508184762134,
,,,,,,,,,,,,,,,nearest_neighbor_distance,,,,514.0,0.21124838591942413,
,,,,,,,,,,,,,,,nearest_neighbor_distance,,,,515.0,0.17281210206673764,
,,,,,,,,,,,,,,,nearest_neighbor_distance,,,,516.0,0.1768343358377644,
,,,,,,,,,,,,,,,nearest_neighbor_distance,,,,517.0,0.16442726900262591,
,,,,,,,,,,,,,,,nearest_neighbor_distance,,,,518.0,0.22640103726725602,
,,,,,,,,,,,,,,,nearest_neighbor_distance,,,,519.0,0.23912000939822944,
,,,,,,,,,,,,,,,nearest_neighbor_distance,,,,520.0,0.20785140188604553,
,,,,,,,,,,,,,,,nearest_neighbor_distance,,,,521.0,0.1544444054860519,
,,,,,,,,,,,,,,,nearest_neighbor_distance,,,,522.0,0.17899593773805517,
,,,,,,,,,,,,,,,nearest_neighbor_distance,,,,523.0,0.1312340833586071,
,,,,,,,,,,,,,,,nearest_neighbor_distance,,,,524.0,0.2281829955263323,
,,,,,,,,,,,,,,,nearest_neighbor_distance,,,,525.0,0.16939559555196526,
,,,,,,,,,,,,,,,nearest_neighbor_distance,,,,526.0,0.2040760258368662,
,,,,,,,,,,,,,,,nearest_neighbor_distance,,,,527.0,0.13897500667114357,
,,,,,,,,,,,,,,,nearest_neighbor_distance,,,,528.0,0.20175899516155887,
,,,,,,,,,,,,,,,nearest_neighbor_distance,,,,529.0,0.33622724511889784,
,,,,,,,,,,,,,,,nearest_neighbor_distance,,,,530.0,0.16381893449867668,
,,,,,,,,,,,,,,,nearest_neighbor_distance,,,,531.0,0.31369154824562845,
,,,,,,,,,,,,,,,nearest_neighbor_distance,,,,532.0,0.16091185655820572,
,,,,,,,,,,,,,,,nearest_neighbor_distance,,,,533.0,0.20838646027313737,
,,,,,,,,,,,,,,,nearest_neighbor_distance,,,,534.0,0.1808860374390313,
,,,,,,,,,,,,,,,nearest_neighbor_distance,,,,535.0,0.22429423079366279,
,,,,,,,,,,,,,,,nearest_neighbor_distance,,,,536.0,0.11800880368122664,
,,,,,,,,,,,,,,,nearest_neighbor_distance,,,,537.0,0.2032543621576043,
,,,,,,,,,,,,,,,nearest_neighbor_distance,,,,538.0,0.11090483217134509,
,,,,,,,,,,,,,,,nearest_neighbor_distance,,,,539.0,0.20197467011308298,
,,,,,,,,,,,,,,,nearest_neighbor_distance,,,,540.0,0.25422486831988816,
,,,,,,,,,,,,,,,nearest_neighbor_distance,,,,541.0,0.21809917757543454,
,,,,,,,,,,,,,,,nearest_neighbor_distance,,,,542.0,0.12996047580245124,
,,,,,,,,,,,,,,,nearest_neighbor_distance,,,,543.0,0.17026807321531812,
,,,,,,,,,,,,,,,nearest_neighbor_distance,,,,544.0,0.2136185547280613,
,,,,,,,,,,,,,,,nearest_neighbor_distance,,,,545.0,0.3543116877267191,
,,,,,,,,,,,,,,,nearest_neighbor_distance,,,,546.0,0.2908078586533707,
,,,,,,,,,,,,,,,nearest_neighbor_distance,,,,547.0,0.29608720120350523,
,,,,,,,,,,,,,,,nearest_neighbor_distance,,,,548.0,0.187122454479736,
,,,,,,,,,,,,,,,nearest_neighbor_distance,,,,549.0,0.15764283572849447,
,,,,,,,,,,,,,,,nearest_neighbor_distance,,,,550.0,0.15532784093514246,
,,,,,,,,,,,,,,,nearest_neighbor_distance,,,,551.0,0.202130155506599,
,,,,,,,,,,,,,,,nearest_neighbor_distance,,,,552.0,0.22097571981597,
,,,,,,,,,,,,,,,nearest_neighbor_distance,,,,553.0,0.14145356630119815,
,,,,,,,,,,,,,,,nearest_neighbor_distance,,,,554.0,0.23513728377556067,
,,,,,,,,,,,,,,,nearest_neighbor_distance,,,,555.0,0.2214787319898042,
,,,,,,,,,,,,,,,nearest_neighbor_distance,,,,556.0,0.23189760387156377,
,,,,,,,,,,,,,,,nearest_neighbor_distance,,,,557.0,0.1397198524894983,
,,,,,,,,,,,,,,,nearest_neighbor_distance,,,,558.0,0.1389997739833112,
,,,,,,,,,,,,,,,nearest_neighbor_distance,,,,559.0,0.2586775244425346,
,,,,,,,,,,,,,,,nearest_neighbor_distance,,,,560.0,0.2253441711063061,
,,,,,,,,,,,,,,,nearest_neighbor_distance,,,,561.0,0.2426307257466918,
,,,,,,,,,,,,,,,nearest_neighbor_distance,,,,562.0,0.25140651333280206,
,,,,,,,,,,,,,,,nearest_neighbor_distance,,,,563.0,0.17568289729842348,
,,,,,,,,,,,,,,,nearest_neighbor_distance,,,,564.0,0.2504969644924991,
,,,,,,,,,,,,,,,nearest_neighbor_distance,,,,565.0,0.197213498207961,
,,,,,,,,,,,,,,,nearest_neighbor_distance,,,,566.0,0.22552681429437513,
,,,,,,,,,,,,,,,nearest_neighbor_distance,,,,567.0,0.19344127054823312,
,,,,,,,,,,,,,,,nearest_neighbor_distance,,,,568.0,0.2046281410001313,
,,,,,,,,,,,,,,,nearest_neighbor_distance,,,,569.0,0.13677338257622634,
,,,,,,,,,,,,,,,nearest_neighbor_distance,,,,570.0,0.30555679520485524,
,,,,,,,,,,,,,,,nearest_neighbor_distance,,,,571.0,0.24625434325565265,
,,,,,,,,,,,,,,,nearest_neighbor_distance,,,,572.0,0.2188912247007733,
,,,,,,,,,,,,,,,nearest_neighbor_distance,,,,573.0,0.12175843985820048,
,,,,,,,,,,,,,,,nearest_neighbor_distance,,,,574.0,0.2711978483728626,
,,,,,,,,,,,,,,,nearest_neighbor_distance,,,,575.0,0.17472526876322916,
,,,,,,,,,,,,,,,nearest_neighbor_distance,,,,576.0,0.1955364266800504,
,,,,,,,,,,,,,,,nearest_neighbor_distance,,,,577.0,0.19181334610122927,
,,,,,,,,,,,,,,,nearest_neighbor_distance,,,,578.0,0.20295408224767159,
,,,,,,,,,,,,,,,nearest_neighbor_distance,,,,579.0,0.14533668044451925,
,,,,,,,,,,,,,,,nearest_neighbor_distance,,,,580.0,0.14444538835951665,
,,,,,,,,,,,,,,,nearest_neighbor_distance,,,,581.0,0.2026526184456797,
,,,,,,,,,,,,,,,nearest_neighbor_distance,,,,582.0,0.12594445660861595,
,,,,,,,,,,,,,,,nearest_neighbor_distance,,,,583.0,0.17650371790738717,
,,,,,,,,,,,,,,,nearest_neighbor_distance,,,,584.0,0.27481111087288845,
,,,,,,,,,,,,,,,nearest_neighbor_distance,,,,585.0,0.17175628524863693,
,,,,,,,,,,,,,,,nearest_neighbor_distance,,,,586.0,0.22880043909695172,
,,,,,,,,,,,,,,,nearest_neighbor_distance,,,,587.0,0.2032543621576043,
,,,,,,,,,,,,,,,nearest_neighbor_distance,,,,588.0,0.17624923922217733,
,,,,,,,,,,,,,,,nearest_neighbor_distance,,,,589.0,0.34125498025929996,
,,,,,,,,,,,,,,,nearest_neighbor_distance,,,,590.0,0.2256438536161401,
,,,,,,,,,,,,,,,nearest_neighbor_distance,,,,591.0,0.25872915083569525,
,,,,,,,,,,,,,,,nearest_neighbor_distance,,,,592.0,0.14501669522506735,
,,,,,,,,,,,,,,,nearest_neighbor_distance,,,,593.0,0.125137644268467,
,,,,,,,,,,,,,,,nearest_neighbor_distance,,,,594.0,0.20288524808259392,
,,,,,,,,,,,,,,,nearest_neighbor_distance,,,,595.0,0.17763768409059952,
,,,,,,,,,,,,,,,nearest_neighbor_distance,,,,596.0,0.20801370897914231,
,,,,,,,,,,,,,,,nearest_neighbor_distance,,,,597.0,0.2170856042344639,
,,,,,,,,,,,,,,,nearest_neighbor_distance,,,,598.0,0.19967860473574742,
,,,,,,,,,,,,,,,nearest_neighbor_distance,,,,599.0,0.10295547036796042,
,,,,,,,,,,,,,,,nearest_neighbor_distance,,,,600.0,0.3330706002545443,
,,,,,,,,,,,,,,,nearest_neighbor_distance,,,,601.0,0.18894631407622745,
,,,,,,,,,,,,,,,nearest_neighbor_distance,,,,602.0,0.2140747483165752,
,,,,,,,,,,,,,,,nearest_neighbor_distance,,,,603.0,0.3500623192720617,
,,,,,,,,,,,,,,,nearest_neighbor_distance,,,,604.0,0.23914691436202823,
,,,,,,,,,,,,,,,nearest_neighbor_distance,,,,605.0,0.2377638626638102,
,,,,,,,,,,,,,,,nearest_neighbor_distance,,,,606.0,0.1768343358377644,
,,,,,,,,,,,,,,,nearest_neighbor_distance,,,,607.0,0.122413109746198,
,,,,,,,,,,,,,,,nearest_neighbor_distance,,,,608.0,0.20112554059108892,
,,,,,,,,,,,,,,,nearest_neighbor_distance,,,,609.0,0.12649970726979337,
,,,,,,,,,,,,,,,nearest_neighbor_distance,,,,610.0,0.18455727559901602,
,,,,,,,,,,,,,,,nearest_neighbor_distance,,,,611.0,0.148194564301843,
,,,,,,,,,,,,,,,nearest_neighbor_distance,,,,612.0,0.29365476749231556,
,,,,,,,,,,,,,,,nearest_neighbor_distance,,,,613.0,0.1867777726159095,
,,,,,,,,,,,,,,,nearest_neighbor_distance,,,,614.0,0.16456762722319326,
,,,,,,,,,,,,,,,nearest_neighbor_distance,,,,615.0,0.2355310267871487,
,,,,,,,,,,,,,,,nearest_neighbor_distance,,,,616.0,0.09446949248940652,
,,,,,,,,,,,,,,,nearest_neighbor_distance,,,,617.0,0.17393186028404717,
,,,,,,,,,,,,,,,nearest_neighbor_distance,,,,618.0,0.27853459318203394,
,,,,,,,,,,,,,,,nearest_neighbor_distance,,,,619.0,0.14324148222358946,
,,,,,,,,,,,,,,,nearest_neighbor_distance,,,,620.0,0.1630889773239214,
,,,,,,,,,,,,,,,nearest_neighbor_distance,,,,621.0,0.23701297264892715,
,,,,,,,,,,,,,,,nearest_neighbor_distance,,,,622.0,0.20435430380641198,
,,,,,,,,,,,,,,,nearest_neighbor_distance,,,,623.0,0.2446250108061604,
,,,,,,,,,,,,,,,nearest_neighbor_distance,,,,624.0,0.24632027363970668,
,,,,,,,,,,,,,,,nearest_neighbor_distance,,,,625.0,0.23048311850235273,
,,,,,,,,,,,,,,,nearest_neighbor_distance,,,,626.0,0.1959937187124042,
,,,,,,,,,,,,,,,nearest_neighbor_distance,,,,627.0,0.22097571981597,
,,,,,,,,,,,,,,,nearest_neighbor_distance,,,,628.0,0.25212796936162063,
,,,,,,,,,,,,,,,nearest_neighbor_distance,,,,629.0,0.1944066139601073,
,,,,,,,,,,,,,,,nearest_neighbor_distance,,,,630.0,0.2248063821067221,
,,,,,,,,,,,,,,,nearest_neighbor_distance,,,,631.0,0.2932813583665306,
,,,,,,,,,,,,,,,nearest_neighbor_distance,,,,632.0,0.196844726112891,
,,,,,,,,,,,,,,,nearest_neighbor_distance,,,,633.0,0.2705973339068024,
,,,,,,,,,,,,,,,nearest_neighbor_distance,,,,634.0,0.18915690001251856,
,,,,,,,,,,,,,,,nearest_neighbor_distance,,,,635.0,0.1832566905151713,
,,,,,,,,,,,,,,,nearest_neighbor_distance,,,,636.0,0.2047083331157738,
,,,,,,,,,,,,,,,nearest_neighbor_distance,,,,637.0,0.18947124260970244,
,,,,,,,,,,,,,,,nearest_neighbor_distance,,,,638.0,0.17158426536408475,
,,,,,,,,,,,,,,,nearest_neighbor_distance,,,,639.0,0.1671665579895705,
,,,,,,,,,,,,,,,nearest_neighbor_distance,,,,640.0,0.1882780753626804,
,,,,,,,,,,,,,,,nearest_neighbor_distance,,,,641.0,0.12132883258837975,
,,,,,,,,,,,,,,,nearest_neighbor_distance,,,,642.0,0.13548386590269723,
,,,,,,,,,,,,,,,nearest_neighbor_distance,,,,643.0,0.2343700587008743,
,,,,,,,,,,,,,,,nearest_neighbor_distance,,,,644.0,0.18644305105103748,
,,,,,,,,,,,,,,,nearest_neighbor_distance,,,,645.0,0.1623128077077479,
,,,,,,,,,,,,,,,nearest_neighbor_distance,,,,646.0,0.14648248931992572,
,,,,,,,,,,,,,,,nearest_neighbor_distance,,,,647.0,0.1181708103113915,
,,,,,,,,,,,,,,,nearest_neighbor_distance,,,,648.0,0.19965197612696586,
,,,,,,,,,,,,,,,nearest_neighbor_distance,,,,649.0,0.2236891675682248,
,,,,,,,,,,,,,,,nearest_neighbor_distance,,,,650.0,0.21387022189947527,
,,,,,,,,,,,,,,,nearest_neighbor_distance,,,,651.0,0.134317482916757,
,,,,,,,,,,,,,,,nearest_neighbor_distance,,,,652.0,0.15468080614233745,
,,,,,,,,,,,,,,,nearest_neighbor_distance,,,,653.0,0.15455390607040728,
,,,,,,,,,,,,,,,nearest_neighbor_distance,,,,654.0,0.15755626474696616,
,,,,,,,,,,,,,,,nearest_neighbor_distance,,,,655.0,0.30167269851300743,
,,,,,,,,,,,,,,,nearest_neighbor_distance,,,,656.0,0.1614996241627062,
,,,,,,,,,,,,,,,nearest_neighbor_distance,,,,657.0,0.199418156307694,
,,,,,,,,,,,,,,,nearest_neighbor_distance,,,,658.0,0.22682280319447057,
,,,,,,,,,,,,,,,nearest_neighbor_distance,,,,659.0,0.2797016362277678,
,,,,,,,,,,,,,,,nearest_neighbor_distance,,,,660.0,0.1350134892696643,
,,,,,,,,,,,,,,,nearest_neighbor_distance,,,,661.0,0.12611708812838168,
,,,,,,,,,,,,,,,nearest_neighbor_distance,,,,662.0,0.1939355671834756,
,,,,,,,,,,,,,,,nearest_neighbor_distance,,,,663.0,0.247173353837554,
,,,,,,,,,,,,,,,nearest_neighbor_distance,,,,664.0,0.19213512289931853,
,,,,,,,,,,,,,,,nearest_neighbor_distance,,,,665.0,0.22403525671768063,
,,,,,,,,,,,,,,,nearest_neighbor_distance,,,,666.0,0.12503212398050428,
,,,,,,,,,,,,,,,nearest_neighbor_distance,,,,667.0,0.21476251237419378,
,,,,,,,,,,,,,,,nearest_neighbor_distance,,,,668.0,0.1374159854346872,
,,,,,,,,,,,,,,,nearest_neighbor_distance,,,,669.0,0.24591019729181776,
,,,,,,,,,,,,,,,nearest_neighbor_distance,,,,670.0,0.2481641826681452,
,,,,,,,,,,,,,,,nearest_neighbor_distance,,,,671.0,0.2702174144981477,
,,,,,,,,,,,,,,,nearest_neighbor_distance,,,,672.0,0.14747779802645639,
,,,,,,,,,,,,,,,nearest_neighbor_distance,,,,673.0,0.22653863206303204,
,,,,,,,,,,,,,,,nearest_neighbor_distance,,,,674.0,0.21078097232318538,
,,,,,,,,,,,,,,,nearest_neighbor_distance,,,,675.0,0.18050819709455074,
,,,,,,,,,,,,,,,nearest_neighbor_distance,,,,676.0,0.1614815336389111,
,,,,,,,,,,,,,,,nearest_neighbor_distance,,,,677.0,0.1551679356020142,
,,,,,,,,,,,,,,,nearest_neighbor_distance,,,,678.0,0.13429853123658173,
,,,,,,,,,,,,,,,nearest_neighbor_distance,,,,679.0,0.20145078891735355,
,,,,,,,,,,,,,,,nearest_neighbor_distance,,,,680.0,0.14078435740890666,
,,,,,,,,,,,,,,,nearest_neighbor_distance,,,,681.0,0.3170116035565988,
,,,,,,,,,,,,,,,nearest_neighbor_distance,,,,682.0,0.33116592182052706,
,,,,,,,,,,,,,,,nearest_neighbor_distance,,,,683.0,0.16497600346079583,
,,,,,,,,,,,,,,,nearest_neighbor_distance,,,,684.0,0.11241643101286371,
,,,,,,,,,,,,,,,nearest_neighbor_distance,,,,685.0,0.16972322511677657,
,,,,,,,,,,,,,,,nearest_neighbor_distance,,,,686.0,0.21286686439738295,
,,,,,,,,,,,,,,,nearest_neighbor_distance,,,,687.0,0.1629913063359652,
,,,,,,,,,,,,,,,nearest_neighbor_distance,,,,688.0,0.19504521642170908,
,,,,,,,,,,,,,,,nearest_neighbor_distance,,,,689.0,0.36385789319634854,
,,,,,,,,,,,,,,,nearest_neighbor_distance,,,,690.0,0.19320893636047343,
,,,,,,,,,,,,,,,nearest_neighbor_distance,,,,691.0,0.15352389373526107,
,,,,,,,,,,,,,,,nearest_neighbor_distance,,,,692.0,0.20318526211355556,
,,,,,,,,,,,,,,,nearest_neighbor_distance,,,,693.0,0.18266191440079155,
,,,,,,,,,,,,,,,nearest_neighbor_distance,,,,694.0,0.21865561154783977,
,,,,,,,,,,,,,,,nearest_neighbor_distance,,,,695.0,0.09319691873162854,
,,,,,,,,,,,,,,,nearest_neighbor_distance,,,,696.0,0.19903069748325994,
,,,,,,,,,,,,,,,nearest_neighbor_distance,,,,697.0,0.14995106385608784,
,,,,,,,,,,,,,,,nearest_neighbor_distance,,,,698.0,0.16072787895133495,
,,,,,,,,,,,,,,,nearest_neighbor_distance,,,,699.0,0.18695982808629896,
,,,,,,,,,,,,,,,nearest_neighbor_distance,,,,700.0,0.23227497831483276,
,,,,,,,,,,,,,,,nearest_neighbor_distance,,,,701.0,0.12039922436675822,
,,,,,,,,,,,,,,,nearest_neighbor_distance,,,,702.0,0.29504213035806703,
,,,,,,,,,,,,,,,nearest_neighbor_distance,,,,703.0,0.2172892226979666,
,,,,,,,,,,,,,,,nearest_neighbor_distance,,,,704.0,0.14534365194390875,
,,,,,,,,,,,,,,,nearest_neighbor_distance,,,,705.0,0.23662947667379877,
,,,,,,,,,,,,,,,nearest_neighbor_distance,,,,706.0,0.15137402497387833,
,,,,,,,,,,,,,,,nearest_neighbor_distance,,,,707.0,0.1505386813275287,
,,,,,,,,,,,,,,,nearest_neighbor_distance,,,,708.0,0.21683013662942124,
,,,,,,,,,,,,,,,nearest_neighbor_distance,,,,709.0,0.11404155598798008,
,,,,,,,,,,,,,,,nearest_neighbor_distance,,,,710.0,0.15047468659132265,
,,,,,,,,,,,,,,,nearest_neighbor_distance,,,,711.0,0.2209182759427251,
,,,,,,,,,,,,,,,nearest_neighbor_distance,,,,712.0,0.1703452373632965,
,,,,,,,,,,,,,,,nearest_neighbor_distance,,,,713.0,0.17334814584883187,
,,,,,,,,,,,,,,,nearest_neighbor_distance,,,,714.0,0.20601275147093953,
,,,,,,,,,,,,,,,nearest_neighbor_distance,,,,715.0,0.1372553132489387,
,,,,,,,,,,,,,,,nearest_neighbor_distance,,,,716.0,0.14198063231252048,
,,,,,,,,,,,,,,,nearest_neighbor_distance,,,,717.0,0.5847277839632452,
,,,,,,,,,,,,,,,nearest_neighbor_distance,,,,718.0,0.211465679807562,
,,,,,,,,,,,,,,,nearest_neighbor_distance,,,,719.0,0.21068560709842282,
,,,,,,,,,,,,,,,nearest_neighbor_distance,,,,720.0,0.2161527739233196,
,,,,,,,,,,,,,,,nearest_neighbor_distance,,,,721.0,0.1260298034126037,
,,,,,,,,,,,,,,,nearest_neighbor_distance,,,,722.0,0.22394957170293248,
,,,,,,,,,,,,,,,nearest_neighbor_distance,,,,723.0,0.23528227002618307,
,,,,,,,,,,,,,,,nearest_neighbor_distance,,,,724.0,0.1287890566526077,
,,,,,,,,,,,,,,,nearest_neighbor_distance,,,,725.0,0.19310539887753525,
,,,,,,,,,,,,,,,nearest_neighbor_distance,,,,726.0,0.2042293716717078,
,,,,,,,,,,,,,,,nearest_neighbor_distance,,,,727.0,0.1435868894421141,
,,,,,,,,,,,,,,,nearest_neighbor_distance,,,,728.0,0.35434951945517773,
,,,,,,,,,,,,,,,nearest_neighbor_distance,,,,729.0,0.1173377518697984,
,,,,,,,,,,,,,,,nearest_neighbor_distance,,,,730.0,0.15179855104223489,
,,,,,,,,,,,,,,,nearest_neighbor_distance,,,,731.0,0.2819579159400661,
,,,,,,,,,,,,,,,nearest_neighbor_distance,,,,732.0,0.34475167357037134,
,,,,,,,,,,,,,,,nearest_neighbor_distance,,,,733.0,0.08730370390414896,
,,,,,,,,,,,,,,,nearest_neighbor_distance,,,,734.0,0.1629913063359652,
,,,,,,,,,,,,,,,nearest_neighbor_distance,,,,735.0,0.2692835185527473,
,,,,,,,,,,,,,,,nearest_neighbor_distance,,,,736.0,0.19572546331278684,
,,,,,,,,,,,,,,,nearest_neighbor_distance,,,,737.0,0.3546370458893157,
,,,,,,,,,,,,,,,nearest_neighbor_distance,,,,738.0,0.11262210852617507,
,,,,,,,,,,,,,,,nearest_neighbor_distance,,,,739.0,0.21861324682854927,
,,,,,,,,,,,,,,,nearest_neighbor_distance,,,,740.0,0.19539354125417246,
,,,,,,,,,,,,,,,nearest_neighbor_distance,,,,741.0,0.29230405580274826,
,,,,,,,,,,,,,,,nearest_neighbor_distance,,,,742.0,0.19107988528575057,
,,,,,,,,,,,,,,,nearest_neighbor_distance,,,,743.0,0.17223341493834218,
,,,,,,,,,,,,,,,nearest_neighbor_distance,,,,744.0,0.19128126322563585,
,,,,,,,,,,,,,,,nearest_neighbor_distance,,,,745.0,0.12039922436675822,
,,,,,,,,,,,,,,,nearest_neighbor_distance,,,,746.0,0.2675857426089301,
,,,,,,,,,,,,,,,nearest_neighbor_distance,,,,747.0,0.2672784335973868,
,,,,,,,,,,,,,,,nearest_neighbor_distance,,,,748.0,0.21544370672905455,
,,,,,,,,,,,,,,,nearest_neighbor_distance,,,,749.0,0.17243743188207514,
,,,,,,,,,,,,,,,nearest_neighbor_distance,,,,750.0,0.1799963749082108,
,,,,,,,,,,,,,,,nearest_neighbor_distance,,,,751.0,0.21509742775338164,
,,,,,,,,,,,,,,,nearest_neighbor_distance,,,,752.0,0.21665636801405302,
,,,,,,,,,,,,,,,nearest_neighbor_distance,,,,753.0,0.19743352161685615,
,,,,,,,,,,,,,,,nearest_neighbor_distance,,,,754.0,0.19687200864716153,
,,,,,,,,,,,,,,,nearest_neighbor_distance,,,,755.0,0.21333802098721225,
,,,,,,,,,,,,,,,nearest_neighbor_distance,,,,756.0,0.26926297465472676,
,,,,,,,,,,,,,,,nearest_neighbor_distance,,,,757.0,0.14787614341277686,
,,,,,,,,,,,,,,,nearest_neighbor_distance,,,,758.0,0.21065317685786972,
,,,,,,,,,,,,,,,nearest_neighbor_distance,,,,759.0,0.1397198524894983,
,,,,,,,,,,,,,,,nearest_neighbor_distance,,,,760.0,0.18730370510012317,
,,,,,,,,,,,,,,,nearest_neighbor_distance,,,,761.0,0.18643663733187096,
,,,,,,,,,,,,,,,nearest_neighbor_distance,,,,762.0,0.18793562382835766,
,,,,,,,,,,,,,,,nearest_neighbor_distance,,,,763.0,0.27093434263823085,
,,,,,,,,,,,,,,,nearest_neighbor_distance,,,,764.0,0.21920652884533232,
,,,,,,,,,,,,,,,nearest_neighbor_distance,,,,765.0,0.19007999625066413,
,,,,,,,,,,,,,,,nearest_neighbor_distance,,,,766.0,0.2370726413266987,
,,,,,,,,,,,,,,,nearest_neighbor_distance,,,,767.0,0.22633795932709563,
,,,,,,,,,,,,,,,nearest_neighbor_distance,,,,768.0,0.13990172708537563,
,,,,,,,,,,,,,,,nearest_neighbor_distance,,,,769.0,0.28453927622537983,
,,,,,,,,,,,,,,,nearest_neighbor_distance,,,,770.0,0.1605719115986266,
,,,,,,,,,,,,,,,nearest_neighbor_distance,,,,771.0,0.21112545909211478,
,,,,,,,,,,,,,,,nearest_neighbor_distance,,,,772.0,0.1807312721317574,
,,,,,,,,,,,,,,,nearest_neighbor_distance,,,,773.0,0.2019971159550986,
,,,,,,,,,,,,,,,nearest_neighbor_distance,,,,774.0,0.2248063821067221,
,,,,,,,,,,,,,,,nearest_neighbor_distance,,,,775.0,0.22833018661502583,
,,,,,,,,,,,,,,,nearest_neighbor_distance,,,,776.0,0.15438357195040894,
,,,,,,,,,,,,,,,nearest_neighbor_distance,,,,777.0,0.11330860753848966,
,,,,,,,,,,,,,,,nearest_neighbor_distance,,,,778.0,0.2481641826681452,
,,,,,,,,,,,,,,,nearest_neighbor_distance,,,,779.0,0.15311886221182144,
,,,,,,,,,,,,,,,nearest_neighbor_distance,,,,780.0,0.23686519489323818,
,,,,,,,,,,,,,,,nearest_neighbor_distance,,,,781.0,0.15124322282851044,
,,,,,,,,,,,,,,,nearest_neighbor_distance,,,,782.0,0.2151292929602704,
,,,,,,,,,,,,,,,nearest_neighbor_distance,,,,783.0,0.14648248931992572,
,,,,,,,,,,,,,,,nearest_neighbor_distance,,,,784.0,0.1718310150323747,
,,,,,,,,,,,,,,,nearest_neighbor_distance,,,,785.0,0.3663139083510056,
,,,,,,,,,,,,,,,nearest_neighbor_distance,,,,786.0,0.20444751137884648,
,,,,,,,,,,,,,,,nearest_neighbor_distance,,,,787.0,0.21748933222662936,
,,,,,,,,,,,,,,,nearest_neighbor_distance,,,,788.0,0.25388215654644447,
,,,,,,,,,,,,,,,nearest_neighbor_distance,,,,789.0,0.14198063231252048,
,,,,,,,,,,,,,,,nearest_neighbor_distance,,,,790.0,0.17201405732023872,
,,,,,,,,,,,,,,,nearest_neighbor_distance,,,,791.0,0.21697424708871463,
,,,,,,,,,,,,,,,nearest_neighbor_distance,,,,792.0,0.22494579899644196,
,,,,,,,,,,,,,,,nearest_neighbor_distance,,,,793.0,0.1937402278845167,
,,,,,,,,,,,,,,,nearest_neighbor_distance,,,,794.0,0.1506225618346226,
,,,,,,,,,,,,,,,nearest_neighbor_distance,,,,795.0,0.23582882849641207,
,,,,,,,,,,,,,,,nearest_neighbor_distance,,,,796.0,0.1301549525425346,
,,,,,,,,,,,,,,,nearest_neighbor_distance,,,,797.0,0.21112545909211478,
,,,,,,,,,,,,,,,nearest_neighbor_distance,,,,798.0,0.2587049719844681,
,,,,,,,,,,,,,,,nearest_neighbor_distance,,,,799.0,0.19670457808083908,
,,,,,,,,,,,,,,,nearest_neighbor_distance,,,,800.0,0.2612756098650781,
,,,,,,,,,,,,,,,nearest_neighbor_distance,,,,801.0,0.2649209012161467,
,,,,,,,,,,,,,,,nearest_neighbor_distance,,,,802.0,0.21407276582893772,
,,,,,,,,,,,,,,,nearest_neighbor_distance,,,,803.0,0.1978286598136596,
,,,,,,,,,,,,,,,nearest_neighbor_distance,,,,804.0,0.16928859073151253,
,,,,,,,,,,,,,,,nearest_neighbor_distance,,,,805.0,0.1968657776227778,
,,,,,,,,,,,,,,,nearest_neighbor_distance,,,,806.0,0.2101177552820909,
,,,,,,,,,,,,,,,nearest_neighbor_distance,,,,807.0,0.17035232836008465,
,,,,,,,,,,,,,,,nearest_neighbor_distance,,,,808.0,0.17124278954105296,
,,,,,,,,,,,,,,,nearest_neighbor_distance,,,,809.0,0.2743681432835686,
,,,,,,,,,,,,,,,nearest_neighbor_distance,,,,810.0,0.12334496149791357,
,,,,,,,,,,,,,,,nearest_neighbor_distance,,,,811.0,0.20068468265587477,
,,,,,,,,,,,,,,,nearest_neighbor_distance,,,,812.0,0.21304239914842618,
,,,,,,,,,,,,,,,nearest_neighbor_distance,,,,813.0,0.15267584151934996,
,,,,,,,,,,,,,,,nearest_neighbor_distance,,,,814.0,0.2060061984157827,
,,,,,,,,,,,,,,,nearest_neighbor_distance,,,,815.0,0.14955926635896027,
,,,,,,,,,,,,,,,nearest_neighbor_distance,,,,816.0,0.1236297143742627,
,,,,,,,,,,,,,,,nearest_neighbor_distance,,,,817.0,0.3253390822050148,
,,,,,,,,,,,,,,,nearest_neighbor_distance,,,,818.0,0.26117603619893764,
,,,,,,,,,,,,,,,nearest_neighbor_distance,,,,819.0,0.13142861930902106,
,,,,,,,,,,,,,,,nearest_neighbor_distance,,,,820.0,0.20785981232826894,
,,,,,,,,,,,,,,,nearest_neighbor_distance,,,,821.0,0.14955926635896027,
,,,,,,,,,,,,,,,nearest_neighbor_distance,,,,822.0,0.25700946680110154,
,,,,,,,,,,,,,,,nearest_neighbor_distance,,,,823.0,0.14910308073106246,
,,,,,,,,,,,,,,,nearest_neighbor_distance,,,,824.0,0.13956864862451993,
,,,,,,,,,,,,,,,nearest_neighbor_distance,,,,825.0,0.332520795069287,
,,,,,,,,,,,,,,,nearest_neighbor_distance,,,,826.0,0.22097589704004103,
,,,,,,,,,,,,,,,nearest_neighbor_distance,,,,827.0,0.1283864334401134,
,,,,,,,,,,,,,,,nearest_neighbor_distance,,,,828.0,0.17951219936532892,
,,,,,,,,,,,,,,,nearest_neighbor_distance,,,,829.0,0.21736505112860363,
,,,,,,,,,,,,,,,nearest_neighbor_distance,,,,830.0,0.171522463652243,
,,,,,,,,,,,,,,,nearest_neighbor_distance,,,,831.0,0.2705973339068024,
,,,,,,,,,,,,,,,nearest_neighbor_distance,,,,832.0,0.15619521789203816,
,,,,,,,,,,,,,,,nearest_neighbor_distance,,,,833.0,0.17568289729842348,
,,,,,,,,,,,,,,,nearest_neighbor_distance,,,,834.0,0.19863453664800365,
,,,,,,,,,,,,,,,nearest_neighbor_distance,,,,835.0,0.19559637956390272,
,,,,,,,,,,,,,,,nearest_neighbor_distance,,,,836.0,0.2660982660383711,
,,,,,,,,,,,,,,,nearest_neighbor_distance,,,,837.0,0.19932366411037802,
,,,,,,,,,,,,,,,nearest_neighbor_distance,,,,838.0,0.16044860622448764,
,,,,,,,,,,,,,,,nearest_neighbor_distance,,,,839.0,0.09796608822452049,
,,,,,,,,,,,,,,,nearest_neighbor_distance,,,,840.0,0.13406144511127227,
,,,,,,,,,,,,,,,nearest_neighbor_distance,,,,841.0,0.2080556066689429,
,,,,,,,,,,,,,,,nearest_neighbor_distance,,,,842.0,0.17971725097568989,
,,,,,,,,,,,,,,,nearest_neighbor_distance,,,,843.0,0.18327406371196345,
,,,,,,,,,,,,,,,nearest_neighbor_distance,,,,844.0,0.22599462747476234,
,,,,,,,,,,,,,,,nearest_neighbor_distance,,,,845.0,0.2533033495865381,
,,,,,,,,,,,,,,,nearest_neighbor_distance,,,,846.0,0.24026313365119778,
,,,,,,,,,,,,,,,nearest_neighbor_distance,,,,847.0,0.19669093778314148,
,,,,,,,,,,,,,,,nearest_neighbor_distance,,,,848.0,0.2071382090412698,
,,,,,,,,,,,,,,,nearest_neighbor_distance,,,,849.0,0.19895394328878788,
,,,,,,,,,,,,,,,nearest_neighbor_distance,,,,850.0,0.11933333229317306,
,,,,,,,,,,,,,,,nearest_neighbor_distance,,,,851.0,0.2099304800912699,
,,,,,,,,,,,,,,,nearest_neighbor_distance,,,,852.0,0.19020228933516709,
,,,,,,,,,,,,,,,nearest_neighbor_distance,,,,853.0,0.19928390208791388,
,,,,,,,,,,,,,,,nearest_neighbor_distance,,,,854.0,0.11274460372251235,
,,,,,,,,,,,,,,,nearest_neighbor_distance,,,,855.0,0.20206915675029047,
,,,,,,,,,,,,,,,nearest_neighbor_distance,,,,856.0,0.4359613625943583,
,,,,,,,,,,,,,,,nearest_neighbor_distance,,,,857.0,0.2379902060780397,
,,,,,,,,,,,,,,,nearest_neighbor_distance,,,,858.0,0.19531973118029822,
,,,,,,,,,,,,,,,nearest_neighbor_distance,,,,859.0,0.19143567759885746,
,,,,,,,,,,,,,,,nearest_neighbor_distance,,,,860.0,0.1676928949006357,
,,,,,,,,,,,,,,,nearest_neighbor_distance,,,,861.0,0.11703562398958188,
,,,,,,,,,,,,,,,nearest_neighbor_distance,,,,862.0,0.19231429510141318,
,,,,,,,,,,,,,,,nearest_neighbor_distance,,,,863.0,0.2025895302042621,
,,,,,,,,,,,,,,,nearest_neighbor_distance,,,,864.0,0.18645983385679835,
,,,,,,,,,,,,,,,nearest_neighbor_distance,,,,865.0,0.18209872655057704,
,,,,,,,,,,,,,,,nearest_neighbor_distance,,,,866.0,0.18301948883027322,
,,,,,,,,,,,,,,,nearest_neighbor_distance,,,,867.0,0.1350134892696643,
,,,,,,,,,,,,,,,nearest_neighbor_distance,,,,868.0,0.1283864334401134,
,,,,,,,,,,,,,,,nearest_neighbor_distance,,,,869.0,0.2175502375884944,
,,,,,,,,,,,,,,,nearest_neighbor_distance,,,,870.0,0.18327406371196345,
,,,,,,,,,,,,,,,nearest_neighbor_distance,,,,871.0,0.20408231409600355,
,,,,,,,,,,,,,,,nearest_neighbor_distance,,,,872.0,0.2146638286520441,
,,,,,,,,,,,,,,,nearest_neighbor_distance,,,,873.0,0.27948218489765714,
,,,,,,,,,,,,,,,nearest_neighbor_distance,,,,874.0,0.14250530608336134,
,,,,,,,,,,,,,,,nearest_neighbor_distance,,,,875.0,0.17650641547737414,
,,,,,,,,,,,,,,,nearest_neighbor_distance,,,,876.0,0.19386427579723275,
,,,,,,,,,,,,,,,nearest_neighbor_distance,,,,877.0,0.19024327896162146,
,,,,,,,,,,,,,,,nearest_neighbor_distance,,,,878.0,0.2031826630281974,
,,,,,,,,,,,,,,,nearest_neighbor_distance,,,,879.0,0.22619511641669465,
,,,,,,,,,,,,,,,nearest_neighbor_distance,,,,880.0,0.17731785366916936,
,,,,,,,,,,,,,,,nearest_neighbor_distance,,,,881.0,0.2185489482013066,
,,,,,,,,,,,,,,,nearest_neighbor_distance,,,,882.0,0.19659806219124057,
,,,,,,,,,,,,,,,nearest_neighbor_distance,,,,883.0,0.1543475360516335,
,,,,,,,,,,,,,,,nearest_neighbor_distance,,,,884.0,0.17035232836008465,
,,,,,,,,,,,,,,,nearest_neighbor_distance,,,,885.0,0.2807750709803406,
,,,,,,,,,,,,,,,nearest_neighbor_distance,,,,886.0,0.32902774261697837,
,,,,,,,,,,,,,,,nearest_neighbor_distance,,,,887.0,0.1432305443283262,
,,,,,,,,,,,,,,,nearest_neighbor_distance,,,,888.0,0.15060049001287726,
,,,,,,,,,,,,,,,nearest_neighbor_distance,,,,889.0,0.17901898279394682,
,,,,,,,,,,,,,,,nearest_neighbor_distance,,,,890.0,0.12907395957595805,
,,,,,,,,,,,,,,,nearest_neighbor_distance,,,,891.0,0.22148741253104176,
,,,,,,,,,,,,,,,nearest_neighbor_distance,,,,892.0,0.31484981155375075,
,,,,,,,,,,,,,,,nearest_neighbor_distance,,,,893.0,0.08375987986126342,
,,,,,,,,,,,,,,,nearest_neighbor_distance,,,,894.0,0.1972315767430894,
,,,,,,,,,,,,,,,nearest_neighbor_distance,,,,895.0,0.2637171458562629,
,,,,,,,,,,,,,,,nearest_neighbor_distance,,,,896.0,0.17925651628528966,
,,,,,,,,,,,,,,,nearest_neighbor_distance,,,,897.0,0.34149439617140875,
,,,,,,,,,,,,,,,nearest_neighbor_distance,,,,898.0,0.254709996260487,
,,,,,,,,,,,,,,,nearest_neighbor_distance,,,,899.0,0.19612065505705834,
,,,,,,,,,,,,,,,nearest_neighbor_distance,,,,900.0,0.290747838138505,
,,,,,,,,,,,,,,,nearest_neighbor_distance,,,,901.0,0.124048967632054,
,,,,,,,,,,,,,,,nearest_neighbor_distance,,,,902.0,0.2649928441674898,
,,,,,,,,,,,,,,,nearest_neighbor_distance,,,,903.0,0.23296691050119347,
,,,,,,,,,,,,,,,nearest_neighbor_distance,,,,904.0,0.22307315644358502,
,,,,,,,,,,,,,,,nearest_neighbor_distance,,,,905.0,0.14496487725164675,
,,,,,,,,,,,,,,,nearest_neighbor_distance,,,,906.0,0.24681570634306282,
,,,,,,,,,,,,,,,nearest_neighbor_distance,,,,907.0,0.18288066015326954,
,,,,,,,,,,,,,,,nearest_neighbor_distance,,,,908.0,0.22209937473130695,
,,,,,,,,,,,,,,,nearest_neighbor_distance,,,,909.0,0.20682525274959856,
,,,,,,,,,,,,,,,nearest_neighbor_distance,,,,910.0,0.14787614341277686,
,,,,,,,,,,,,,,,nearest_neighbor_distance,,,,911.0,0.17630648549489825,
,,,,,,,,,,,,,,,nearest_neighbor_distance,,,,912.0,0.2436146922269992,
,,,,,,,,,,,,,,,nearest_neighbor_distance,,,,913.0,0.24887840453866555,
,,,,,,,,,,,,,,,nearest_neighbor_distance,,,,914.0,0.18757945130161488,
,,,,,,,,,,,,,,,nearest_neighbor_distance,,,,915.0,0.2159933240009859,
,,,,,,,,,,,,,,,nearest_neighbor_distance,,,,916.0,0.1453368969635529,
,,,,,,,,,,,,,,,nearest_neighbor_distance,,,,917.0,0.17405655203026915,
,,,,,,,,,,,,,,,nearest_neighbor_distance,,,,918.0,0.21546339973904513,
,,,,,,,,,,,,,,,nearest_neighbor_distance,,,,919.0,0.1691124623699669,
,,,,,,,,,,,,,,,nearest_neighbor_distance,,,,920.0,0.18412828203714013,
,,,,,,,,,,,,,,,nearest_neighbor_distance,,,,921.0,0.10295547036796042,
,,,,,,,,,,,,,,,nearest_neighbor_distance,,,,922.0,0.21524919766823775,
,,,,,,,,,,,,,,,nearest_neighbor_distance,,,,923.0,0.17370985442049103,
,,,,,,,,,,,,,,,nearest_neighbor_distance,,,,924.0,0.19128591370790338,
,,,,,,,,,,,,,,,nearest_neighbor_distance,,,,925.0,0.21411988760983397,
,,,,,,,,,,,,,,,nearest_neighbor_distance,,,,926.0,0.22694187685296208,
,,,,,,,,,,,,,,,nearest_neighbor_distance,,,,927.0,0.22985726312561633,
,,,,,,,,,,,,,,,nearest_neighbor_distance,,,,928.0,0.16725114282512993,
,,,,,,,,,,,,,,,nearest_neighbor_distance,,,,929.0,0.15105534154459377,
,,,,,,,,,,,,,,,nearest_neighbor_distance,,,,930.0,0.15532784093514246,
,,,,,,,,,,,,,,,nearest_neighbor_distance,,,,931.0,0.2505733016475188,
,,,,,,,,,,,,,,,nearest_neighbor_distance,,,,932.0,0.18706192930888882,
,,,,,,,,,,,,,,,nearest_neighbor_distance,,,,933.0,0.15352389373526107,
,,,,,,,,,,,,,,,nearest_neighbor_distance,,,,934.0,0.14071362744153287,
,,,,,,,,,,,,,,,nearest_neighbor_distance,,,,935.0,0.15485635102997009,
,,,,,,,,,,,,,,,nearest_neighbor_distance,,,,936.0,0.2038904080957529,
,,,,,,,,,,,,,,,nearest_neighbor_distance,,,,937.0,0.10433248057260541,
,,,,,,,,,,,,,,,nearest_neighbor_distance,,,,938.0,0.13318083304261719,
,,,,,,,,,,,,,,,nearest_neighbor_distance,,,,939.0,0.17674005733081005,
,,,,,,,,,,,,,,,nearest_neighbor_distance,,,,940.0,0.1421845610720712,
,,,,,,,,,,,,,,,nearest_neighbor_distance,,,,941.0,0.18757945130161488,
,,,,,,,,,,,,,,,nearest_neighbor_distance,,,,942.0,0.16581434112608007,
,,,,,,,,,,,,,,,nearest_neighbor_distance,,,,943.0,0.17304466654868852,
,,,,,,,,,,,,,,,nearest_neighbor_distance,,,,944.0,0.24066408755520874,
,,,,,,,,,,,,,,,nearest_neighbor_distance,,,,945.0,0.21610142409961525,
,,,,,,,,,,,,,,,nearest_neighbor_distance,,,,946.0,0.1253373737433188,
,,,,,,,,,,,,,,,nearest_neighbor_distance,,,,947.0,0.2597806856122537,
,,,,,,,,,,,,,,,nearest_neighbor_distance,,,,948.0,0.13897500667114357,
,,,,,,,,,,,,,,,nearest_neighbor_distance,,,,949.0,0.1662462213390271,
,,,,,,,,,,,,,,,nearest_neighbor_distance,,,,950.0,0.20454515260784725,
,,,,,,,,,,,,,,,nearest_neighbor_distance,,,,951.0,0.5372832995624925,
,,,,,,,,,,,,,,,nearest_neighbor_distance,,,,952.0,0.23808363019815032,
,,,,,,,,,,,,,,,nearest_neighbor_distance,,,,953.0,0.17393186028404717,
,,,,,,,,,,,,,,,nearest_neighbor_distance,,,,954.0,0.11759485102741359,
,,,,,,,,,,,,,,,nearest_neighbor_distance,,,,955.0,0.21697438025341775,
,,,,,,,,,,,,,,,nearest_neighbor_distance,,,,956.0,0.15352293707611409,
,,,,,,,,,,,,,,,nearest_neighbor_distance,,,,957.0,0.2541848089502883,
,,,,,,,,,,,,,,,nearest_neighbor_distance,,,,958.0,0.17624923922217733,
,,,,,,,,,,,,,,,nearest_neighbor_distance,,,,959.0,0.17149945259686208,
,,,,,,,,,,,,,,,nearest_neighbor_distance,,,,960.0,0.19024327896162146,
,,,,,,,,,,,,,,,nearest_neighbor_distance,,,,961.0,0.13318083304261719,
,,,,,,,,,,,,,,,nearest_neighbor_distance,,,,962.0,0.1877383719362351,
,,,,,,,,,,,,,,,nearest_neighbor_distance,,,,963.0,0.2393954547286619,
,,,,,,,,,,,,,,,nearest_neighbor_distance,,,,964.0,0.24674819156093522,
,,,,,,,,,,,,,,,nearest_neighbor_distance,,,,965.0,0.22576935862012035,
,,,,,,,,,,,,,,,nearest_neighbor_distance,,,,966.0,0.16498570532758539,
,,,,,,,,,,,,,,,nearest_neighbor_distance,,,,967.0,0.18644305105103748,
,,,,,,,,,,,,,,,nearest_neighbor_distance,,,,968.0,0.15142585779645934,
,,,,,,,,,,,,,,,nearest_neighbor_distance,,,,969.0,0.1510892249753921,
,,,,,,,,,,,,,,,nearest_neighbor_distance,,,,970.0,0.18986197320006976,
,,,,,,,,,,,,,,,nearest_neighbor_distance,,,,971.0,0.23130401860965416,
,,,,,,,,,,,,,,,nearest_neighbor_distance,,,,972.0,0.1971116219329381,
,,,,,,,,,,,,,,,nearest_neighbor_distance,,,,973.0,0.21533858879402168,
,,,,,,,,,,,,,,,nearest_neighbor_distance,,,,974.0,0.09796608822452049,
,,,,,,,,,,,,,,,nearest_neighbor_distance,,,,975.0,0.20012553761988816,
,,,,,,,,,,,,,,,nearest_neighbor_distance,,,,976.0,0.19348873229723385,
,,,,,,,,,,,,,,,nearest_neighbor_distance,,,,977.0,0.10824482774663076,
,,,,,,,,,,,,,,,nearest_neighbor_distance,,,,978.0,0.19335931514995072,
,,,,,,,,,,,,,,,nearest_neighbor_distance,,,,979.0,0.22377835480592068,
,,,,,,,,,,,,,,,nearest_neighbor_distance,,,,980.0,0.1751766074131368,
,,,,,,,,,,,,,,,nearest_neighbor_distance,,,,981.0,0.20587995970879142,
,,,,,,,,,,,,,,,nearest_neighbor_distance,,,,982.0,0.12996047580245124,
,,,,,,,,,,,,,,,nearest_neighbor_distance,,,,983.0,0.19397251221568637,
,,,,,,,,,,,,,,,nearest_neighbor_distance,,,,984.0,0.24815159521799598,
,,,,,,,,,,,,,,,nearest_neighbor_distance,,,,985.0,0.20530901763221315,
,,,,,,,,,,,,,,,nearest_neighbor_distance,,,,986.0,0.25676057346055653,
,,,,,,,,,,,,,,,nearest_neighbor_distance,,,,987.0,0.19213512289931853,
,,,,,,,,,,,,,,,nearest_neighbor_distance,,,,988.0,0.23467315701098773,
,,,,,,,,,,,,,,,nearest_neighbor_distance,,,,989.0,0.22559547542708183,
,,,,,,,,,,,,,,,nearest_neighbor_distance,,,,990.0,0.1527513349729499,
,,,,,,,,,,,,,,,nearest_neighbor_distance,,,,991.0,0.18673714923701012,
,,,,,,,,,,,,,,,nearest_neighbor_distance,,,,992.0,0.19007999625066413,
,,,,,,,,,,,,,,,nearest_neighbor_distance,,,,993.0,0.16182003906948547,
,,,,,,,,,,,,,,,nearest_neighbor_distance,,,,994.0,0.15312113475264452,
,,,,,,,,,,,,,,,nearest_neighbor_distance,,,,995.0,0.15657375774655974,
,,,,,,,,,,,,,,,nearest_neighbor_distance,,,,996.0,0.25391036426244684,
,,,,,,,,,,,,,,,nearest_neighbor_distance,,,,997.0,0.19320893636047343,
,,,,,,,,,,,,,,,nearest_neighbor_distance,,,,998.0,0.1729298657199726,
,,,,,,,,,,,,,,,nearest_neighbor_distance,,,,999.0,0.12619701868791922,
,,,,,,,,,,,,,,,nearest_neighbor_distance,,,,1000.0,0.23912504129372467,
,,,,,,,,,,,,,,,nearest_neighbor_distance,,,,1001.0,0.31253612832463,
,,,,,,,,,,,,,,,nearest_neighbor_distance,,,,1002.0,0.18950679848738008,
,,,,,,,,,,,,,,,nearest_neighbor_distance,,,,1003.0,0.23485432323530087,
,,,,,,,,,,,,,,,nearest_neighbor_distance,,,,1004.0,0.17241210309947008,
,,,,,,,,,,,,,,,nearest_neighbor_distance,,,,1005.0,0.18948677509163303,
,,,,,,,,,,,,,,,nearest_neighbor_distance,,,,1006.0,0.18077116365290063,
,,,,,,,,,,,,,,,nearest_neighbor_distance,,,,1007.0,0.18048382986717248,
,,,,,,,,,,,,,,,nearest_neighbor_distance,,,,1008.0,0.22753775244820582,
,,,,,,,,,,,,,,,nearest_neighbor_distance,,,,1009.0,0.4674619129998589,
,,,,,,,,,,,,,,,nearest_neighbor_distance,,,,1010.0,0.16547836906020386,
,,,,,,,,,,,,,,,nearest_neighbor_distance,,,,1011.0,0.1890949804200934,
,,,,,,,,,,,,,,,nearest_neighbor_distance,,,,1012.0,0.3107812483303621,
,,,,,,,,,,,,,,,nearest_neighbor_distance,,,,1013.0,0.20507823884719842,
,,,,,,,,,,,,,,,nearest_neighbor_distance,,,,1014.0,0.17640277324808853,
,,,,,,,,,,,,,,,nearest_neighbor_distance,,,,1015.0,0.2150706141582335,
,,,,,,,,,,,,,,,nearest_neighbor_distance,,,,1016.0,0.23529899435273327,
,,,,,,,,,,,,,,,nearest_neighbor_distance,,,,1017.0,0.24675666408391514,
,,,,,,,,,,,,,,,nearest_neighbor_distance,,,,1018.0,0.25064096602417524,
,,,,,,,,,,,,,,,nearest_neighbor_distance,,,,1019.0,0.14910308073106246,
,,,,,,,,,,,,,,,nearest_neighbor_distance,,,,1020.0,0.24753805938159545,
,,,,,,,,,,,,,,,nearest_neighbor_distance,,,,1021.0,0.29508004544865485,
,,,,,,,,,,,,,,,nearest_neighbor_distance,,,,1022.0,0.16519665737296527,
,,,,,,,,,,,,,,,nearest_neighbor_distance,,,,1023.0,0.20145115689430274,
,,,,,,,,,,,,,,,nearest_neighbor_distance,,,,1024.0,0.22280742156343106,
,,,,,,,,,,,,,,,nearest_neighbor_distance,,,,1025.0,0.16498570532758539,
,,,,,,,,,,,,,,,nearest_neighbor_distance,,,,1026.0,0.2854119607444863,
,,,,,,,,,,,,,,,nearest_neighbor_distance,,,,1027.0,0.1882105501649837,
,,,,,,,,,,,,,,,nearest_neighbor_distance,,,,1028.0,0.18037852200856808,
,,,,,,,,,,,,,,,nearest_neighbor_distance,,,,1029.0,0.12993719907925871,
,,,,,,,,,,,,,,,nearest_neighbor_distance,,,,1030.0,0.2376620543649816,
,,,,,,,,,,,,,,,nearest_neighbor_distance,,,,1031.0,0.25032210306618824,
,,,,,,,,,,,,,,,nearest_neighbor_distance,,,,1032.0,0.17276588492727854,
,,,,,,,,,,,,,,,nearest_neighbor_distance,,,,1033.0,0.2412421481994572,
,,,,,,,,,,,,,,,nearest_neighbor_distance,,,,1034.0,0.3041490551257645,
,,,,,,,,,,,,,,,nearest_neighbor_distance,,,,1035.0,0.2365616620682601,
,,,,,,,,,,,,,,,nearest_neighbor_distance,,,,1036.0,0.19743352161685615,
,,,,,,,,,,,,,,,nearest_neighbor_distance,,,,1037.0,0.20012553761988816,
,,,,,,,,,,,,,,,nearest_neighbor_distance,,,,1038.0,0.2209914392990769,
,,,,,,,,,,,,,,,nearest_neighbor_distance,,,,1039.0,0.1236297143742627,
,,,,,,,,,,,,,,,nearest_neighbor_distance,,,,1040.0,0.22637344207113486,
,,,,,,,,,,,,,,,nearest_neighbor_distance,,,,1041.0,0.1821140688624651,
,,,,,,,,,,,,,,,nearest_neighbor_distance,,,,1042.0,0.1563038701364102,
,,,,,,,,,,,,,,,nearest_neighbor_distance,,,,1043.0,0.13598725634431588,
,,,,,,,,,,,,,,,nearest_neighbor_distance,,,,1044.0,0.21878954238813714,
,,,,,,,,,,,,,,,nearest_neighbor_distance,,,,1045.0,0.1647404807557469,
,,,,,,,,,,,,,,,nearest_neighbor_distance,,,,1046.0,0.2079708220065114,
,,,,,,,,,,,,,,,nearest_neighbor_distance,,,,1047.0,0.1282339094235783,
,,,,,,,,,,,,,,,nearest_neighbor_distance,,,,1048.0,0.22403525671768063,
,,,,,,,,,,,,,,,nearest_neighbor_distance,,,,1049.0,0.17826666334775215,
,,,,,,,,,,,,,,,nearest_neighbor_distance,,,,1050.0,0.15135656525904917,
,,,,,,,,,,,,,,,nearest_neighbor_distance,,,,1051.0,0.2376394364049492,
,,,,,,,,,,,,,,,nearest_neighbor_distance,,,,1052.0,0.16127158025768876,
,,,,,,,,,,,,,,,nearest_neighbor_distance,,,,1053.0,0.3094383250054895,
,,,,,,,,,,,,,,,nearest_neighbor_distance,,,,1054.0,0.21170869354043212,
,,,,,,,,,,,,,,,nearest_neighbor_distance,,,,1055.0,0.13429150474120108,
,,,,,,,,,,,,,,,nearest_neighbor_distance,,,,1056.0,0.16401373269663627,
,,,,,,,,,,,,,,,nearest_neighbor_distance,,,,1057.0,0.1962453246417951,
,,,,,,,,,,,,,,,nearest_neighbor_distance,,,,1058.0,0.20358690268520088,
,,,,,,,,,,,,,,,nearest_neighbor_distance,,,,1059.0,0.21438760521945083,
,,,,,,,,,,,,,,,nearest_neighbor_distance,,,,1060.0,0.15488086093341127,
,,,,,,,,,,,,,,,nearest_neighbor_distance,,,,1061.0,0.17243743188207514,
,,,,,,,,,,,,,,,nearest_neighbor_distance,,,,1062.0,0.14399096419815985,
,,,,,,,,,,,,,,,nearest_neighbor_distance,,,,1063.0,0.25443605483942244,
,,,,,,,,,,,,,,,nearest_neighbor_distance,,,,1064.0,0.19181334610122927,
,,,,,,,,,,,,,,,nearest_neighbor_distance,,,,1065.0,0.17062505191157173,
,,,,,,,,,,,,,,,nearest_neighbor_distance,,,,1066.0,0.2169772247761906,
,,,,,,,,,,,,,,,nearest_neighbor_distance,,,,1067.0,0.22763255759251227,
,,,,,,,,,,,,,,,nearest_neighbor_distance,,,,1068.0,0.17467878326171496,
,,,,,,,,,,,,,,,nearest_neighbor_distance,,,,1069.0,0.2211742975498589,
,,,,,,,,,,,,,,,nearest_neighbor_distance,,,,1070.0,0.15835962031461961,
,,,,,,,,,,,,,,,nearest_neighbor_distance,,,,1071.0,0.2365561465213969,
,,,,,,,,,,,,,,,nearest_neighbor_distance,,,,1072.0,0.16048507005311433,
,,,,,,,,,,,,,,,nearest_neighbor_distance,,,,1073.0,0.2528630670925739,
,,,,,,,,,,,,,,,nearest_neighbor_distance,,,,1074.0,0.23483991788119424,
,,,,,,,,,,,,,,,nearest_neighbor_distance,,,,1075.0,0.29247485472718515,
,,,,,,,,,,,,,,,nearest_neighbor_distance,,,,1076.0,0.2064993613226788,
,,,,,,,,,,,,,,,nearest_neighbor_distance,,,,1077.0,0.16393844276770458,
,,,,,,,,,,,,,,,nearest_neighbor_distance,,,,1078.0,0.2953584088173048,
,,,,,,,,,,,,,,,nearest_neighbor_distance,,,,1079.0,0.17807496789097324,
,,,,,,,,,,,,,,,nearest_neighbor_distance,,,,1080.0,0.1839926153192469,
,,,,,,,,,,,,,,,nearest_neighbor_distance,,,,1081.0,0.1704380561722046,
,,,,,,,,,,,,,,,nearest_neighbor_distance,,,,1082.0,0.0913633028686491,
,,,,,,,,,,,,,,,nearest_neighbor_distance,,,,1083.0,0.2343043110341103,
,,,,,,,,,,,,,,,nearest_neighbor_distance,,,,1084.0,0.18920525340379657,
,,,,,,,,,,,,,,,nearest_neighbor_distance,,,,1085.0,0.18950679848738008,
,,,,,,,,,,,,,,,nearest_neighbor_distance,,,,1086.0,0.2303664358203162,
,,,,,,,,,,,,,,,nearest_neighbor_distance,,,,1087.0,0.21078097232318538,
,,,,,,,,,,,,,,,nearest_neighbor_distance,,,,1088.0,0.3265063422339054,
,,,,,,,,,,,,,,,nearest_neighbor_distance,,,,1089.0,0.20429515275703702,
,,,,,,,,,,,,,,,nearest_neighbor_distance,,,,1090.0,0.20621080813773543,
,,,,,,,,,,,,,,,nearest_neighbor_distance,,,,1091.0,0.16463962609125585,
,,,,,,,,,,,,,,,nearest_neighbor_distance,,,,1092.0,0.22682280319447057,
,,,,,,,,,,,,,,,nearest_neighbor_distance,,,,1093.0,0.24659887419343862,
,,,,,,,,,,,,,,,nearest_neighbor_distance,,,,1094.0,0.1977756326479219,
,,,,,,,,,,,,,,,nearest_neighbor_distance,,,,1095.0,0.18599389797395122,
,,,,,,,,,,,,,,,nearest_neighbor_distance,,,,1096.0,0.18845253807282775,
,,,,,,,,,,,,,,,nearest_neighbor_distance,,,,1097.0,0.18808168084355056,
,,,,,,,,,,,,,,,nearest_neighbor_distance,,,,1098.0,0.13575203384431517,
,,,,,,,,,,,,,,,nearest_neighbor_distance,,,,1099.0,0.2096321356394463,
,,,,,,,,,,,,,,,nearest_neighbor_distance,,,,1100.0,0.22505830121468287,
,,,,,,,,,,,,,,,nearest_neighbor_distance,,,,1101.0,0.23441574035869708,
,,,,,,,,,,,,,,,nearest_neighbor_distance,,,,1102.0,0.29049052740492287,
,,,,,,,,,,,,,,,nearest_neighbor_distance,,,,1103.0,0.19263546255334033,
,,,,,,,,,,,,,,,nearest_neighbor_distance,,,,1104.0,0.2206604103159149,
,,,,,,,,,,,,,,,nearest_neighbor_distance,,,,1105.0,0.23529899435273327,
,,,,,,,,,,,,,,,nearest_neighbor_distance,,,,1106.0,0.1253282033615504,
,,,,,,,,,,,,,,,nearest_neighbor_distance,,,,1107.0,0.2558130291546461,
,,,,,,,,,,,,,,,nearest_neighbor_distance,,,,1108.0,0.2304857626297104,
,,,,,,,,,,,,,,,nearest_neighbor_distance,,,,1109.0,0.1510892249753921,
,,,,,,,,,,,,,,,nearest_neighbor_distance,,,,1110.0,0.26952819350929735,
,,,,,,,,,,,,,,,nearest_neighbor_distance,,,,1111.0,0.2214144837848957,
,,,,,,,,,,,,,,,nearest_neighbor_distance,,,,1112.0,0.11215029091511992,
,,,,,,,,,,,,,,,nearest_neighbor_distance,,,,1113.0,0.23466412020598734,
,,,,,,,,,,,,,,,nearest_neighbor_distance,,,,1114.0,0.26117603619893764,
,,,,,,,,,,,,,,,nearest_neighbor_distance,,,,1115.0,0.20163245523826387,
,,,,,,,,,,,,,,,nearest_neighbor_distance,,,,1116.0,0.16456762722319326,
,,,,,,,,,,,,,,,nearest_neighbor_distance,,,,1117.0,0.17640277324808853,
,,,,,,,,,,,,,,,nearest_neighbor_distance,,,,1118.0,0.16393844276770458,
,,,,,,,,,,,,,,,nearest_neighbor_distance,,,,1119.0,0.11703562398958188,
,,,,,,,,,,,,,,,nearest_neighbor_distance,,,,1120.0,0.19846774059100514,
,,,,,,,,,,,,,,,nearest_neighbor_distance,,,,1121.0,0.2971103419519783,
,,,,,,,,,,,,,,,nearest_neighbor_distance,,,,1122.0,0.14078435740890666,
,,,,,,,,,,,,,,,nearest_neighbor_distance,,,,1123.0,0.1637627628713996,
,,,,,,,,,,,,,,,nearest_neighbor_distance,,,,1124.0,0.18997397140987005,
,,,,,,,,,,,,,,,nearest_neighbor_distance,,,,1125.0,0.18966001061457605,
,,,,,,,,,,,,,,,nearest_neighbor_distance,,,,1126.0,0.16477915711980157,
,,,,,,,,,,,,,,,nearest_neighbor_distance,,,,1127.0,0.29233804026703103,
,,,,,,,,,,,,,,,nearest_neighbor_distance,,,,1128.0,0.3259134123173885,
,,,,,,,,,,,,,,,nearest_neighbor_distance,,,,1129.0,0.07825312670649019,
,,,,,,,,,,,,,,,nearest_neighbor_distance,,,,1130.0,0.26798331720902724,
,,,,,,,,,,,,,,,nearest_neighbor_distance,,,,1131.0,0.148194564301843,
,,,,,,,,,,,,,,,nearest_neighbor_distance,,,,1132.0,0.335559352302834,
,,,,,,,,,,,,,,,nearest_neighbor_distance,,,,1133.0,0.21172112777697344,
,,,,,,,,,,,,,,,nearest_neighbor_distance,,,,1134.0,0.19913220424723968,
,,,,,,,,,,,,,,,nearest_neighbor_distance,,,,1135.0,0.19318518996389764,
,,,,,,,,,,,,,,,nearest_neighbor_distance,,,,1136.0,0.2144171694405957,
,,,,,,,,,,,,,,,nearest_neighbor_distance,,,,1137.0,0.19463482592689943,
,,,,,,,,,,,,,,,nearest_neighbor_distance,,,,1138.0,0.20145115689430274,
,,,,,,,,,,,,,,,nearest_neighbor_distance,,,,1139.0,0.19725409101997055,
,,,,,,,,,,,,,,,nearest_neighbor_distance,,,,1140.0,0.1929056166457656,
,,,,,,,,,,,,,,,nearest_neighbor_distance,,,,1141.0,0.17807969642645335,
,,,,,,,,,,,,,,,nearest_neighbor_distance,,,,1142.0,0.18330536358368688,
,,,,,,,,,,,,,,,nearest_neighbor_distance,,,,1143.0,0.1744799976278642,
,,,,,,,,,,,,,,,nearest_neighbor_distance,,,,1144.0,0.23692051474342193,
,,,,,,,,,,,,,,,nearest_neighbor_distance,,,,1145.0,0.18876877633683795,
,,,,,,,,,,,,,,,nearest_neighbor_distance,,,,1146.0,0.2499908476064527,
,,,,,,,,,,,,,,,nearest_neighbor_distance,,,,1147.0,0.20976501700533062,
,,,,,,,,,,,,,,,nearest_neighbor_distance,,,,1148.0,0.2520355777643169,
,,,,,,,,,,,,,,,nearest_neighbor_distance,,,,1149.0,0.12458346969996163,
,,,,,,,,,,,,,,,nearest_neighbor_distance,,,,1150.0,0.22490011118348194,
,,,,,,,,,,,,,,,nearest_neighbor_distance,,,,1151.0,0.3283341636601336,
,,,,,,,,,,,,,,,nearest_neighbor_distance,,,,1152.0,0.25923756787370006,
,,,,,,,,,,,,,,,nearest_neighbor_distance,,,,1153.0,0.22523414587401175,
,,,,,,,,,,,,,,,nearest_neighbor_distance,,,,1154.0,0.23067485721811287,
,,,,,,,,,,,,,,,nearest_neighbor_distance,,,,1155.0,0.2169772247761906,
,,,,,,,,,,,,,,,nearest_neighbor_distance,,,,1156.0,0.21071671362700706,
,,,,,,,,,,,,,,,nearest_neighbor_distance,,,,1157.0,0.2808921756386726,
,,,,,,,,,,,,,,,nearest_neighbor_distance,,,,1158.0,0.2981269085300871,
,,,,,,,,,,,,,,,nearest_neighbor_distance,,,,1159.0,0.18879810304296016,
,,,,,,,,,,,,,,,nearest_neighbor_distance,,,,1160.0,0.23605165739440004,
,,,,,,,,,,,,,,,nearest_neighbor_distance,,,,1161.0,0.211465679807562,
,,,,,,,,,,,,,,,nearest_neighbor_distance,,,,1162.0,0.293235628879002,
,,,,,,,,,,,,,,,nearest_neighbor_distance,,,,1163.0,0.16334455557438515,
,,,,,,,,,,,,,,,nearest_neighbor_distance,,,,1164.0,0.18554022054237848,
,,,,,,,,,,,,,,,nearest_neighbor_distance,,,,1165.0,0.1463680043268917,
,,,,,,,,,,,,,,,nearest_neighbor_distance,,,,1166.0,0.19559637956390272,
,,,,,,,,,,,,,,,nearest_neighbor_distance,,,,1167.0,0.23395735867012657,
,,,,,,,,,,,,,,,nearest_neighbor_distance,,,,1168.0,0.22002054277576813,
,,,,,,,,,,,,,,,nearest_neighbor_distance,,,,1169.0,0.1914942978231205,
,,,,,,,,,,,,,,,nearest_neighbor_distance,,,,1170.0,0.22544934202653782,
,,,,,,,,,,,,,,,nearest_neighbor_distance,,,,1171.0,0.233360746533238,
,,,,,,,,,,,,,,,nearest_neighbor_distance,,,,1172.0,0.10866555098769717,
,,,,,,,,,,,,,,,nearest_neighbor_distance,,,,1173.0,0.15468080614233745,
,,,,,,,,,,,,,,,nearest_neighbor_distance,,,,1174.0,0.26706398903157946,
,,,,,,,,,,,,,,,nearest_neighbor_distance,,,,1175.0,0.20652210914366134,
,,,,,,,,,,,,,,,nearest_neighbor_distance,,,,1176.0,0.19832183128657685,
,,,,,,,,,,,,,,,nearest_neighbor_distance,,,,1177.0,0.39249206162825756,
,,,,,,,,,,,,,,,nearest_neighbor_distance,,,,1178.0,0.29951720788250263,
,,,,,,,,,,,,,,,nearest_neighbor_distance,,,,1179.0,0.15386346747294458,
,,,,,,,,,,,,,,,nearest_neighbor_distance,,,,1180.0,0.19287434518520716,
,,,,,,,,,,,,,,,nearest_neighbor_distance,,,,1181.0,0.26487536169699744,
,,,,,,,,,,,,,,,nearest_neighbor_distance,,,,1182.0,0.26528362316629955,
,,,,,,,,,,,,,,,nearest_neighbor_distance,,,,1183.0,0.2768069541796004,
,,,,,,,,,,,,,,,nearest_neighbor_distance,,,,1184.0,0.2440897925096788,
,,,,,,,,,,,,,,,nearest_neighbor_distance,,,,1185.0,0.1870057226599067,
,,,,,,,,,,,,,,,nearest_neighbor_distance,,,,1186.0,0.44678789622008325,
,,,,,,,,,,,,,,,nearest_neighbor_distance,,,,1187.0,0.13879909897339254,
,,,,,,,,,,,,,,,nearest_neighbor_distance,,,,1188.0,0.24747798076873342,
,,,,,,,,,,,,,,,nearest_neighbor_distance,,,,1189.0,0.1453368969635529,
,,,,,,,,,,,,,,,nearest_neighbor_distance,,,,1190.0,0.29586949425102854,
,,,,,,,,,,,,,,,nearest_neighbor_distance,,,,1191.0,0.15770053922165328,
,,,,,,,,,,,,,,,nearest_neighbor_distance,,,,1192.0,0.1357016107914842,
,,,,,,,,,,,,,,,nearest_neighbor_distance,,,,1193.0,0.22323993245108376,
,,,,,,,,,,,,,,,nearest_neighbor_distance,,,,1194.0,0.23021125040852883,
,,,,,,,,,,,,,,,nearest_neighbor_distance,,,,1195.0,0.1934081088248265,
,,,,,,,,,,,,,,,nearest_neighbor_distance,,,,1196.0,0.19122274838901987,
,,,,,,,,,,,,,,,nearest_neighbor_distance,,,,1197.0,0.11283041169719653,
,,,,,,,,,,,,,,,nearest_neighbor_distance,,,,1198.0,0.248659027585637,
,,,,,,,,,,,,,,,nearest_neighbor_distance,,,,1199.0,0.18915788833998826,
,,,,,,,,,,,,,,,nearest_neighbor_distance,,,,1200.0,0.17146737665218234,
,,,,,,,,,,,,,,,nearest_neighbor_distance,,,,1201.0,0.13429150474120108,
,,,,,,,,,,,,,,,nearest_neighbor_distance,,,,1202.0,0.1551679356020142,
,,,,,,,,,,,,,,,nearest_neighbor_distance,,,,1203.0,0.17888433316960398,
,,,,,,,,,,,,,,,nearest_neighbor_distance,,,,1204.0,0.1744799976278642,
,,,,,,,,,,,,,,,nearest_neighbor_distance,,,,1205.0,0.11265928502816691,
,,,,,,,,,,,,,,,nearest_neighbor_distance,,,,1206.0,0.19659806219124057,
,,,,,,,,,,,,,,,nearest_neighbor_distance,,,,1207.0,0.1821140688624651,
,,,,,,,,,,,,,,,nearest_neighbor_distance,,,,1208.0,0.23405113272600003,
,,,,,,,,,,,,,,,nearest_neighbor_distance,,,,1209.0,0.13210878293005884,
,,,,,,,,,,,,,,,nearest_neighbor_distance,,,,1210.0,0.15719530530855264,
,,,,,,,,,,,,,,,nearest_neighbor_distance,,,,1211.0,0.2062992515060754,
,,,,,,,,,,,,,,,nearest_neighbor_distance,,,,1212.0,0.23170937947834924,
,,,,,,,,,,,,,,,nearest_neighbor_distance,,,,1213.0,0.17292917082762294,
,,,,,,,,,,,,,,,nearest_neighbor_distance,,,,1214.0,0.2869846570971025,
,,,,,,,,,,,,,,,nearest_neighbor_distance,,,,1215.0,0.2340561924738176,
,,,,,,,,,,,,,,,nearest_neighbor_distance,,,,1216.0,0.12768045075888312,
,,,,,,,,,,,,,,,nearest_neighbor_distance,,,,1217.0,0.21092729423481316,
,,,,,,,,,,,,,,,nearest_neighbor_distance,,,,1218.0,0.19435741338420315,
,,,,,,,,,,,,,,,nearest_neighbor_distance,,,,1219.0,0.16676238435250296,
,,,,,,,,,,,,,,,nearest_neighbor_distance,,,,1220.0,0.15355956773830118,
,,,,,,,,,,,,,,,nearest_neighbor_distance,,,,1221.0,0.22429423079366279,
,,,,,,,,,,,,,,,nearest_neighbor_distance,,,,1222.0,0.2613170385149373,
,,,,,,,,,,,,,,,nearest_neighbor_distance,,,,1223.0,0.19149543250700188,
,,,,,,,,,,,,,,,nearest_neighbor_distance,,,,1224.0,0.2463724724533046,
,,,,,,,,,,,,,,,nearest_neighbor_distance,,,,1225.0,0.2048942832441783,
,,,,,,,,,,,,,,,nearest_neighbor_distance,,,,1226.0,0.13646470963897106,
,,,,,,,,,,,,,,,nearest_neighbor_distance,,,,1227.0,0.1920641042232252,
,,,,,,,,,,,,,,,nearest_neighbor_distance,,,,1228.0,0.1960694446248655,
,,,,,,,,,,,,,,,nearest_neighbor_distance,,,,1229.0,0.18752344888833622,
,,,,,,,,,,,,,,,nearest_neighbor_distance,,,,1230.0,0.10054804996404272,
,,,,,,,,,,,,,,,nearest_neighbor_distance,,,,1231.0,0.2877483384430014,
,,,,,,,,,,,,,,,nearest_neighbor_distance,,,,1232.0,0.245121980979816,
,,,,,,,,,,,,,,,nearest_neighbor_distance,,,,1233.0,0.26233280775432966,
,,,,,,,,,,,,,,,nearest_neighbor_distance,,,,1234.0,0.1827850445421198,
,,,,,,,,,,,,,,,nearest_neighbor_distance,,,,1235.0,0.16953164460756354,
,,,,,,,,,,,,,,,nearest_neighbor_distance,,,,1236.0,0.28886430989741363,
,,,,,,,,,,,,,,,nearest_neighbor_distance,,,,1237.0,0.14858275609695754,
,,,,,,,,,,,,,,,nearest_neighbor_distance,,,,1238.0,0.22253042605684187,
,,,,,,,,,,,,,,,nearest_neighbor_distance,,,,1239.0,0.14402475336754392,
,,,,,,,,,,,,,,,nearest_neighbor_distance,,,,1240.0,0.30646735761378047,
,,,,,,,,,,,,,,,nearest_neighbor_distance,,,,1241.0,0.22234982249833743,
,,,,,,,,,,,,,,,nearest_neighbor_distance,,,,1242.0,0.21175303212861096,
,,,,,,,,,,,,,,,nearest_neighbor_distance,,,,1243.0,0.20797008855332308,
,,,,,,,,,,,,,,,nearest_neighbor_distance,,,,1244.0,0.1790989535696486,
,,,,,,,,,,,,,,,nearest_neighbor_distance,,,,1245.0,0.27521425355045165,
,,,,,,,,,,,,,,,nearest_neighbor_distance,,,,1246.0,0.2203118177180341,
,,,,,,,,,,,,,,,nearest_neighbor_distance,,,,1247.0,0.17929010002803467,
,,,,,,,,,,,,,,,nearest_neighbor_distance,,,,1248.0,0.1714009340404974,
,,,,,,,,,,,,,,,nearest_neighbor_distance,,,,1249.0,0.1843271547670645,
,,,,,,,,,,,,,,,nearest_neighbor_distance,,,,1250.0,0.18037852200856808,
,,,,,,,,,,,,,,,nearest_neighbor_distance,,,,1251.0,0.19538407482900558,
,,,,,,,,,,,,,,,nearest_neighbor_distance,,,,1252.0,0.16401373269663627,
,,,,,,,,,,,,,,,nearest_neighbor_distance,,,,1253.0,0.13534833937625462,
,,,,,,,,,,,,,,,nearest_neighbor_distance,,,,1254.0,0.2425253627610932,
,,,,,,,,,,,,,,,nearest_neighbor_distance,,,,1255.0,0.1714009340404974,
,,,,,,,,,,,,,,,nearest_neighbor_distance,,,,1256.0,0.14532201284603874,
,,,,,,,,,,,,,,,nearest_neighbor_distance,,,,1257.0,0.28458333641609057,
,,,,,,,,,,,,,,,nearest_neighbor_distance,,,,1258.0,0.21467866888302412,
,,,,,,,,,,,,,,,nearest_neighbor_distance,,,,1259.0,0.2351660851517784,
,,,,,,,,,,,,,,,nearest_neighbor_distance,,,,1260.0,0.1786548475730924,
,,,,,,,,,,,,,,,nearest_neighbor_distance,,,,1261.0,0.18820875829504005,
,,,,,,,,,,,,,,,nearest_neighbor_distance,,,,1262.0,0.2234983358597198,
,,,,,,,,,,,,,,,nearest_neighbor_distance,,,,1263.0,0.18553586861642557,
,,,,,,,,,,,,,,,nearest_neighbor_distance,,,,1264.0,0.1985189183698173,
,,,,,,,,,,,,,,,nearest_neighbor_distance,,,,1265.0,0.19002760223459064,
,,,,,,,,,,,,,,,nearest_neighbor_distance,,,,1266.0,0.17707102304557404,
,,,,,,,,,,,,,,,nearest_neighbor_distance,,,,1267.0,0.14444538835951665,
,,,,,,,,,,,,,,,nearest_neighbor_distance,,,,1268.0,0.19203644412853585,
,,,,,,,,,,,,,,,nearest_neighbor_distance,,,,1269.0,0.22437105513509303,
,,,,,,,,,,,,,,,nearest_neighbor_distance,,,,1270.0,0.18752344888833622,
,,,,,,,,,,,,,,,nearest_neighbor_distance,,,,1271.0,0.18655477688712374,
,,,,,,,,,,,,,,,nearest_neighbor_distance,,,,1272.0,0.16334455557438515,
,,,,,,,,,,,,,,,nearest_neighbor_distance,,,,1273.0,0.2231830840475131,
,,,,,,,,,,,,,,,nearest_neighbor_distance,,,,1274.0,0.11215029091511992,
,,,,,,,,,,,,,,,nearest_neighbor_distance,,,,1275.0,0.26795736240238316,
,,,,,,,,,,,,,,,nearest_neighbor_distance,,,,1276.0,0.23812804245454128,
,,,,,,,,,,,,,,,nearest_neighbor_distance,,,,1277.0,0.2545784363184222,
,,,,,,,,,,,,,,,nearest_neighbor_distance,,,,1278.0,0.25212796936162063,
,,,,,,,,,,,,,,,nearest_neighbor_distance,,,,1279.0,0.29376156830152983,
,,,,,,,,,,,,,,,nearest_neighbor_distance,,,,1280.0,0.20108001456591212,
,,,,,,,,,,,,,,,nearest_neighbor_distance,,,,1281.0,0.21560151785210072,
,,,,,,,,,,,,,,,nearest_neighbor_distance,,,,1282.0,0.2031826630281974,
,,,,,,,,,,,,,,,nearest_neighbor_distance,,,,1283.0,0.24069745012205712,
,,,,,,,,,,,,,,,nearest_neighbor_distance,,,,1284.0,0.1890949804200934,
,,,,,,,,,,,,,,,nearest_neighbor_distance,,,,1285.0,0.18810904450446086,
,,,,,,,,,,,,,,,nearest_neighbor_distance,,,,1286.0,0.2627434113035949,
,,,,,,,,,,,,,,,nearest_neighbor_distance,,,,1287.0,0.2810100893369126,
,,,,,,,,,,,,,,,nearest_neighbor_distance,,,,1288.0,0.10866555098769717,
,,,,,,,,,,,,,,,nearest_neighbor_distance,,,,1289.0,0.13534833937625462,
,,,,,,,,,,,,,,,nearest_neighbor_distance,,,,1290.0,0.24024403146049073,
,,,,,,,,,,,,,,,nearest_neighbor_distance,,,,1291.0,0.1914942978231205,
,,,,,,,,,,,,,,,nearest_neighbor_distance,,,,1292.0,0.24319375155343928,
,,,,,,,,,,,,,,,nearest_neighbor_distance,,,,1293.0,0.1804009284758016,
,,,,,,,,,,,,,,,nearest_neighbor_distance,,,,1294.0,0.16070542466482826,
,,,,,,,,,,,,,,,nearest_neighbor_distance,,,,1295.0,0.19872266181493758,
,,,,,,,,,,,,,,,nearest_neighbor_distance,,,,1296.0,0.10433248057260541,
,,,,,,,,,,,,,,,nearest_neighbor_distance,,,,1297.0,0.11265928502816691,
,,,,,,,,,,,,,,,nearest_neighbor_distance,,,,1298.0,0.2490014573507333,
,,,,,,,,,,,,,,,nearest_neighbor_distance,,,,1299.0,0.17115102398988494,
,,,,,,,,,,,,,,,nearest_neighbor_distance,,,,1300.0,0.2592588915208172,
,,,,,,,,,,,,,,,nearest_neighbor_distance,,,,1301.0,0.1676928949006357,
,,,,,,,,,,,,,,,nearest_neighbor_distance,,,,1302.0,0.19977865738615702,
,,,,,,,,,,,,,,,nearest_neighbor_distance,,,,1303.0,0.22613969194405717,
,,,,,,,,,,,,,,,nearest_neighbor_distance,,,,1304.0,0.19925523374989218,
,,,,,,,,,,,,,,,nearest_neighbor_distance,,,,1305.0,0.2503760273803634,
,,,,,,,,,,,,,,,nearest_neighbor_distance,,,,1306.0,0.17239595025412185,
,,,,,,,,,,,,,,,nearest_neighbor_distance,,,,1307.0,0.24742309263608026,
,,,,,,,,,,,,,,,nearest_neighbor_distance,,,,1308.0,0.22221179035246122,
,,,,,,,,,,,,,,,nearest_neighbor_distance,,,,1309.0,0.20624986725595953,
,,,,,,,,,,,,,,,nearest_neighbor_distance,,,,1310.0,0.19719411272951876,
,,,,,,,,,,,,,,,nearest_neighbor_distance,,,,1311.0,0.23904458921486524,
,,,,,,,,,,,,,,,nearest_neighbor_distance,,,,1312.0,0.1798489930078277,
,,,,,,,,,,,,,,,nearest_neighbor_distance,,,,1313.0,0.18929846344421572,
,,,,,,,,,,,,,,,nearest_neighbor_distance,,,,1314.0,0.30074616388407394,
,,,,,,,,,,,,,,,nearest_neighbor_distance,,,,1315.0,0.16107388529744973,
,,,,,,,,,,,,,,,nearest_neighbor_distance,,,,1316.0,0.19758740541302047,
,,,,,,,,,,,,,,,nearest_neighbor_distance,,,,1317.0,0.1740300735077603,
,,,,,,,,,,,,,,,nearest_neighbor_distance,,,,1318.0,0.1444612171968403,
,,,,,,,,,,,,,,,nearest_neighbor_distance,,,,1319.0,0.13879909897339254,
,,,,,,,,,,,,,,,nearest_neighbor_distance,,,,1320.0,0.14337636760619824,
,,,,,,,,,,,,,,,nearest_neighbor_distance,,,,1321.0,0.1748706072956221,
,,,,,,,,,,,,,,,nearest_neighbor_distance,,,,1322.0,0.19415765376805835,
,,,,,,,,,,,,,,,nearest_neighbor_distance,,,,1323.0,0.15819735353074432,
,,,,,,,,,,,,,,,nearest_neighbor_distance,,,,1324.0,0.2066755216850866,
,,,,,,,,,,,,,,,nearest_neighbor_distance,,,,1325.0,0.2262919858350794,
,,,,,,,,,,,,,,,nearest_neighbor_distance,,,,1326.0,0.2094017933749698,
,,,,,,,,,,,,,,,nearest_neighbor_distance,,,,1327.0,0.3122187331489175,
,,,,,,,,,,,,,,,nearest_neighbor_distance,,,,1328.0,0.21168231057286344,
,,,,,,,,,,,,,,,nearest_neighbor_distance,,,,1329.0,0.32691975830233655,
,,,,,,,,,,,,,,,nearest_neighbor_distance,,,,1330.0,0.06767783412087773,
,,,,,,,,,,,,,,,nearest_neighbor_distance,,,,1331.0,0.2649928441674898,
,,,,,,,,,,,,,,,nearest_neighbor_distance,,,,1332.0,0.1671039307043707,
,,,,,,,,,,,,,,,nearest_neighbor_distance,,,,1333.0,0.17590879425801856,
,,,,,,,,,,,,,,,nearest_neighbor_distance,,,,1334.0,0.15889649616374524,
,,,,,,,,,,,,,,,nearest_neighbor_distance,,,,1335.0,0.20446853032757215,
,,,,,,,,,,,,,,,nearest_neighbor_distance,,,,1336.0,0.33488043744412094,
,,,,,,,,,,,,,,,nearest_neighbor_distance,,,,1337.0,0.18301948883027322,
,,,,,,,,,,,,,,,nearest_neighbor_distance,,,,1338.0,0.2058280850489483,
,,,,,,,,,,,,,,,nearest_neighbor_distance,,,,1339.0,0.1877317276856563,
,,,,,,,,,,,,,,,nearest_neighbor_distance,,,,1340.0,0.28556680469365786,
,,,,,,,,,,,,,,,nearest_neighbor_distance,,,,1341.0,0.20365431339947312,
,,,,,,,,,,,,,,,nearest_neighbor_distance,,,,1342.0,0.21148189973205353,
,,,,,,,,,,,,,,,nearest_neighbor_distance,,,,1343.0,0.24252622996094486,
,,,,,,,,,,,,,,,nearest_neighbor_distance,,,,1344.0,0.15135656525904917,
,,,,,,,,,,,,,,,nearest_neighbor_distance,,,,1345.0,0.1389997739833112,
,,,,,,,,,,,,,,,nearest_neighbor_distance,,,,1346.0,0.17585166288761414,
,,,,,,,,,,,,,,,nearest_neighbor_distance,,,,1347.0,0.2049397242855528,
,,,,,,,,,,,,,,,nearest_neighbor_distance,,,,1348.0,0.1374159854346872,
,,,,,,,,,,,,,,,nearest_neighbor_distance,,,,1349.0,0.18947124260970244,
,,,,,,,,,,,,,,,nearest_neighbor_distance,,,,1350.0,0.26516918019152413,
,,,,,,,,,,,,,,,nearest_neighbor_distance,,,,1351.0,0.17879295915302232,
,,,,,,,,,,,,,,,nearest_neighbor_distance,,,,1352.0,0.24469480708616856,
,,,,,,,,,,,,,,,nearest_neighbor_distance,,,,1353.0,0.22316259004917632,
,,,,,,,,,,,,,,,nearest_neighbor_distance,,,,1354.0,0.18825546958615316,
,,,,,,,,,,,,,,,nearest_neighbor_distance,,,,1355.0,0.20528334011053864,
,,,,,,,,,,,,,,,nearest_neighbor_distance,,,,1356.0,0.1920583328073537,
,,,,,,,,,,,,,,,nearest_neighbor_distance,,,,1357.0,0.23029226127266283,
,,,,,,,,,,,,,,,nearest_neighbor_distance,,,,1358.0,0.21546339973904513,
,,,,,,,,,,,,,,,nearest_neighbor_distance,,,,1359.0,0.1505386813275287,
,,,,,,,,,,,,,,,nearest_neighbor_distance,,,,1360.0,0.1938903064029028,
,,,,,,,,,,,,,,,nearest_neighbor_distance,,,,1361.0,0.2256438536161401,
,,,,,,,,,,,,,,,nearest_neighbor_distance,,,,1362.0,0.1449497823616042,
,,,,,,,,,,,,,,,nearest_neighbor_distance,,,,1363.0,0.2657497203914251,
,,,,,,,,,,,,,,,nearest_neighbor_distance,,,,1364.0,0.3391657876786211,
,,,,,,,,,,,,,,,nearest_neighbor_distance,,,,1365.0,0.21175303212861096,
,,,,,,,,,,,,,,,nearest_neighbor_distance,,,,1366.0,0.1595904757859017,
,,,,,,,,,,,,,,,nearest_neighbor_distance,,,,1367.0,0.11341066974546872,
,,,,,,,,,,,,,,,nearest_neighbor_distance,,,,1368.0,0.3060584852105973,
,,,,,,,,,,,,,,,nearest_neighbor_distance,,,,1369.0,0.21918361568227693,
,,,,,,,,,,,,,,,nearest_neighbor_distance,,,,1370.0,0.17504906718686258,
,,,,,,,,,,,,,,,nearest_neighbor_distance,,,,1371.0,0.24448948119637612,
,,,,,,,,,,,,,,,nearest_neighbor_distance,,,,1372.0,0.15586491519864373,
,,,,,,,,,,,,,,,nearest_neighbor_distance,,,,1373.0,0.21892498133180482,
,,,,,,,,,,,,,,,nearest_neighbor_distance,,,,1374.0,0.11223764986769942,
,,,,,,,,,,,,,,,nearest_neighbor_distance,,,,1375.0,0.276715872478014,
,,,,,,,,,,,,,,,nearest_neighbor_distance,,,,1376.0,0.20542983490569178,
,,,,,,,,,,,,,,,nearest_neighbor_distance,,,,1377.0,0.1181708103113915,
,,,,,,,,,,,,,,,nearest_neighbor_distance,,,,1378.0,0.19344127054823312,
,,,,,,,,,,,,,,,nearest_neighbor_distance,,,,1379.0,0.19562103537907138,
,,,,,,,,,,,,,,,nearest_neighbor_distance,,,,1380.0,0.15764283572849447,
,,,,,,,,,,,,,,,nearest_neighbor_distance,,,,1381.0,0.2883228119581651,
,,,,,,,,,,,,,,,nearest_neighbor_distance,,,,1382.0,0.12615410973902624,
,,,,,,,,,,,,,,,nearest_neighbor_distance,,,,1383.0,0.20801370897914231,
,,,,,,,,,,,,,,,nearest_neighbor_distance,,,,1384.0,0.28886430989741363,
,,,,,,,,,,,,,,,nearest_neighbor_distance,,,,1385.0,0.20267916451341744,
,,,,,,,,,,,,,,,nearest_neighbor_distance,,,,1386.0,0.2323013361588019,
,,,,,,,,,,,,,,,nearest_neighbor_distance,,,,1387.0,0.19306214978392786,
,,,,,,,,,,,,,,,nearest_neighbor_distance,,,,1388.0,0.20497423904141576,
,,,,,,,,,,,,,,,nearest_neighbor_distance,,,,1389.0,0.1284254024340008,
,,,,,,,,,,,,,,,nearest_neighbor_distance,,,,1390.0,0.21605874091338462,
,,,,,,,,,,,,,,,nearest_neighbor_distance,,,,1391.0,0.12679778218971413,
,,,,,,,,,,,,,,,nearest_neighbor_distance,,,,1392.0,0.20563626565709597,
,,,,,,,,,,,,,,,nearest_neighbor_distance,,,,1393.0,0.21065317685786972,
,,,,,,,,,,,,,,,nearest_neighbor_distance,,,,1394.0,0.2145054332417422,
,,,,,,,,,,,,,,,nearest_neighbor_distance,,,,1395.0,0.18048382986717248,
,,,,,,,,,,,,,,,nearest_neighbor_distance,,,,1396.0,0.16968900678707238,
,,,,,,,,,,,,,,,nearest_neighbor_distance,,,,1397.0,0.3347047902058132,
,,,,,,,,,,,,,,,nearest_neighbor_distance,,,,1398.0,0.22976871952103278,
,,,,,,,,,,,,,,,nearest_neighbor_distance,,,,1399.0,0.2232513379150335,
,,,,,,,,,,,,,,,nearest_neighbor_distance,,,,1400.0,0.19161013199352414,
,,,,,,,,,,,,,,,nearest_neighbor_distance,,,,1401.0,0.2006964701194617,
,,,,,,,,,,,,,,,nearest_neighbor_distance,,,,1402.0,0.3063966942364674,
,,,,,,,,,,,,,,,nearest_neighbor_distance,,,,1403.0,0.1758558969244316,
,,,,,,,,,,,,,,,nearest_neighbor_distance,,,,1404.0,0.1704380561722046,
,,,,,,,,,,,,,,,nearest_neighbor_distance,,,,1405.0,0.1776076899985393,
,,,,,,,,,,,,,,,nearest_neighbor_distance,,,,1406.0,0.08860335410137288,
,,,,,,,,,,,,,,,nearest_neighbor_distance,,,,1407.0,0.20573041927506738,
,,,,,,,,,,,,,,,nearest_neighbor_distance,,,,1408.0,0.16623911434073516,
,,,,,,,,,,,,,,,nearest_neighbor_distance,,,,1409.0,0.16268827304927477,
,,,,,,,,,,,,,,,nearest_neighbor_distance,,,,1410.0,0.22599462747476234,
,,,,,,,,,,,,,,,nearest_neighbor_distance,,,,1411.0,0.21697438025341775,
,,,,,,,,,,,,,,,nearest_neighbor_distance,,,,1412.0,0.15125292610445765,
,,,,,,,,,,,,,,,nearest_neighbor_distance,,,,1413.0,0.25683413959062545,
,,,,,,,,,,,,,,,nearest_neighbor_distance,,,,1414.0,0.19128126322563585,
,,,,,,,,,,,,,,,nearest_neighbor_distance,,,,1415.0,0.23880519696371294,
,,,,,,,,,,,,,,,nearest_neighbor_distance,,,,1416.0,0.25572448760258165,
,,,,,,,,,,,,,,,nearest_neighbor_distance,,,,1417.0,0.17850906762639324,
,,,,,,,,,,,,,,,nearest_neighbor_distance,,,,1418.0,0.282843446435097,
,,,,,,,,,,,,,,,nearest_neighbor_distance,,,,1419.0,0.12768732871579277,
,,,,,,,,,,,,,,,nearest_neighbor_distance,,,,1420.0,0.27843128796132816,
,,,,,,,,,,,,,,,nearest_neighbor_distance,,,,1421.0,0.13415090479527783,
,,,,,,,,,,,,,,,nearest_neighbor_distance,,,,1422.0,0.2665375478364575,
,,,,,,,,,,,,,,,nearest_neighbor_distance,,,,1423.0,0.16972322511677657,
,,,,,,,,,,,,,,,nearest_neighbor_distance,,,,1424.0,0.1727133164230246,
,,,,,,,,,,,,,,,nearest_neighbor_distance,,,,1425.0,0.18453062603979356,
,,,,,,,,,,,,,,,nearest_neighbor_distance,,,,1426.0,0.2046281410001313,
,,,,,,,,,,,,,,,nearest_neighbor_distance,,,,1427.0,0.19711731928912718,
,,,,,,,,,,,,,,,nearest_neighbor_distance,,,,1428.0,0.1671261761888127,
,,,,,,,,,,,,,,,nearest_neighbor_distance,,,,1429.0,0.23109912218122466,
,,,,,,,,,,,,,,,nearest_neighbor_distance,,,,1430.0,0.30178000821275347,
,,,,,,,,,,,,,,,nearest_neighbor_distance,,,,1431.0,0.22002054277576813,
,,,,,,,,,,,,,,,nearest_neighbor_distance,,,,1432.0,0.13792719240062828,
,,,,,,,,,,,,,,,nearest_neighbor_distance,,,,1433.0,0.2044780635227163,
,,,,,,,,,,,,,,,nearest_neighbor_distance,,,,1434.0,0.18296773078151735,
,,,,,,,,,,,,,,,nearest_neighbor_distance,,,,1435.0,0.18886155210271524,
,,,,,,,,,,,,,,,nearest_neighbor_distance,,,,1436.0,0.21755546609254545,
,,,,,,,,,,,,,,,nearest_neighbor_distance,,,,1437.0,0.17334814584883187,
,,,,,,,,,,,,,,,nearest_neighbor_distance,,,,1438.0,0.1968657776227778,
,,,,,,,,,,,,,,,nearest_neighbor_distance,,,,1439.0,0.22053324735601584,
,,,,,,,,,,,,,,,nearest_neighbor_distance,,,,1440.0,0.08860335410137288,
,,,,,,,,,,,,,,,nearest_neighbor_distance,,,,1441.0,0.2206604103159149,
,,,,,,,,,,,,,,,nearest_neighbor_distance,,,,1442.0,0.256890145074576,
,,,,,,,,,,,,,,,nearest_neighbor_distance,,,,1443.0,0.26516918019152413,
,,,,,,,,,,,,,,,nearest_neighbor_distance,,,,1444.0,0.20315299032184803,
,,,,,,,,,,,,,,,nearest_neighbor_distance,,,,1445.0,0.21327924030031772,
,,,,,,,,,,,,,,,nearest_neighbor_distance,,,,1446.0,0.29977524389874904,
,,,,,,,,,,,,,,,nearest_neighbor_distance,,,,1447.0,0.183137631642302,
,,,,,,,,,,,,,,,nearest_neighbor_distance,,,,1448.0,0.25923756787370006,
,,,,,,,,,,,,,,,nearest_neighbor_distance,,,,1449.0,0.18879810304296016,
,,,,,,,,,,,,,,,nearest_neighbor_distance,,,,1450.0,0.20327461770944372,
,,,,,,,,,,,,,,,nearest_neighbor_distance,,,,1451.0,0.24437369709145657,
,,,,,,,,,,,,,,,nearest_neighbor_distance,,,,1452.0,0.38095022799801936,
,,,,,,,,,,,,,,,nearest_neighbor_distance,,,,1453.0,0.23497383792484136,
,,,,,,,,,,,,,,,nearest_neighbor_distance,,,,1454.0,0.19412023571683673,
,,,,,,,,,,,,,,,nearest_neighbor_distance,,,,1455.0,0.17256491602481758,
,,,,,,,,,,,,,,,nearest_neighbor_distance,,,,1456.0,0.18849137265684116,
,,,,,,,,,,,,,,,nearest_neighbor_distance,,,,1457.0,0.20816509682729303,
,,,,,,,,,,,,,,,nearest_neighbor_distance,,,,1458.0,0.14869148357345333,
,,,,,,,,,,,,,,,nearest_neighbor_distance,,,,1459.0,0.12649970726979337,
,,,,,,,,,,,,,,,nearest_neighbor_distance,,,,1460.0,0.20646312002521305,
,,,,,,,,,,,,,,,nearest_neighbor_distance,,,,1461.0,0.26492404710428114,
,,,,,,,,,,,,,,,nearest_neighbor_distance,,,,1462.0,0.1173377518697984,
,,,,,,,,,,,,,,,nearest_neighbor_distance,,,,1463.0,0.17420863999183947,
,,,,,,,,,,,,,,,nearest_neighbor_distance,,,,1464.0,0.12768045075888312,
,,,,,,,,,,,,,,,nearest_neighbor_distance,,,,1465.0,0.2006964701194617,
,,,,,,,,,,,,,,,nearest_neighbor_distance,,,,1466.0,0.12611708812838168,
,,,,,,,,,,,,,,,nearest_neighbor_distance,,,,1467.0,0.22194169826216104,
,,,,,,,,,,,,,,,nearest_neighbor_distance,,,,1468.0,0.31432108682141513,
,,,,,,,,,,,,,,,nearest_neighbor_distance,,,,1469.0,0.2021818101526703,
,,,,,,,,,,,,,,,nearest_neighbor_distance,,,,1470.0,0.11330860753848966,
,,,,,,,,,,,,,,,nearest_neighbor_distance,,,,1471.0,0.2021818101526703,
,,,,,,,,,,,,,,,nearest_neighbor_distance,,,,1472.0,0.1041011447869327,
,,,,,,,,,,,,,,,nearest_neighbor_distance,,,,1473.0,0.18823039661607063,
,,,,,,,,,,,,,,,nearest_neighbor_distance,,,,1474.0,0.17825983994981565,
,,,,,,,,,,,,,,,nearest_neighbor_distance,,,,1475.0,0.18024635814485546,
,,,,,,,,,,,,,,,nearest_neighbor_distance,,,,1476.0,0.11911910878468902,
,,,,,,,,,,,,,,,nearest_neighbor_distance,,,,1477.0,0.22674224531568096,
,,,,,,,,,,,,,,,nearest_neighbor_distance,,,,1478.0,0.3456568080819056,
,,,,,,,,,,,,,,,nearest_neighbor_distance,,,,1479.0,0.22164688706246832,
,,,,,,,,,,,,,,,nearest_neighbor_distance,,,,1480.0,0.3107812483303621,
,,,,,,,,,,,,,,,nearest_neighbor_distance,,,,1481.0,0.25387495294448237,
,,,,,,,,,,,,,,,nearest_neighbor_distance,,,,1482.0,0.3183300549306608,
,,,,,,,,,,,,,,,nearest_neighbor_distance,,,,1483.0,0.31012566450760376,
,,,,,,,,,,,,,,,nearest_neighbor_distance,,,,1484.0,0.26417036073261396,
,,,,,,,,,,,,,,,nearest_neighbor_distance,,,,1485.0,0.2071382090412698,
,,,,,,,,,,,,,,,nearest_neighbor_distance,,,,1486.0,0.38006931144097233,
,,,,,,,,,,,,,,,nearest_neighbor_distance,,,,1487.0,0.1301549525425346,
,,,,,,,,,,,,,,,nearest_neighbor_distance,,,,1488.0,0.21253902926514562,
,,,,,,,,,,,,,,,nearest_neighbor_distance,,,,1489.0,0.18178861980701916,
,,,,,,,,,,,,,,,nearest_neighbor_distance,,,,1490.0,0.22494579899644196,
,,,,,,,,,,,,,,,nearest_neighbor_distance,,,,1491.0,0.269090777138361,
,,,,,,,,,,,,,,,nearest_neighbor_distance,,,,1492.0,0.23599283541201033,
,,,,,,,,,,,,,,,nearest_neighbor_distance,,,,1493.0,0.1624667185039183,
,,,,,,,,,,,,,,,nearest_neighbor_distance,,,,1494.0,0.16551700662852215,
,,,,,,,,,,,,,,,nearest_neighbor_distance,,,,1495.0,0.19122274838901987,
,,,,,,,,,,,,,,,nearest_neighbor_distance,,,,1496.0,0.2917760613510571,
,,,,,,,,,,,,,,,nearest_neighbor_distance,,,,1497.0,0.2910459782067404,
,,,,,,,,,,,,,,,nearest_neighbor_distance,,,,1498.0,0.3189567226681461,
,,,,,,,,,,,,,,,nearest_neighbor_distance,,,,1499.0,0.46440512765597813,
,,,,,,,,,,,,,,,nearest_neighbor_distance,,,,1500.0,0.2476191776476609,
,,,,,,,,,,,,,,,nearest_neighbor_distance,,,,1501.0,0.2145054332417422,
,,,,,,,,,,,,,,,nearest_neighbor_distance,,,,1502.0,0.15105534154459377,
,,,,,,,,,,,,,,,nearest_neighbor_distance,,,,1503.0,0.15312113475264452,
,,,,,,,,,,,,,,,nearest_neighbor_distance,,,,1504.0,0.20753277810735604,
,,,,,,,,,,,,,,,nearest_neighbor_distance,,,,1505.0,0.11087891791323759,
,,,,,,,,,,,,,,,nearest_neighbor_distance,,,,1506.0,0.22802834730384056,
,,,,,,,,,,,,,,,nearest_neighbor_distance,,,,1507.0,0.179415867191767,
,,,,,,,,,,,,,,,nearest_neighbor_distance,,,,1508.0,0.23021125040852883,
,,,,,,,,,,,,,,,nearest_neighbor_distance,,,,1509.0,0.15142585779645934,
,,,,,,,,,,,,,,,nearest_neighbor_distance,,,,1510.0,0.2606367692076447,
,,,,,,,,,,,,,,,nearest_neighbor_distance,,,,1511.0,0.27368728992232166,
,,,,,,,,,,,,,,,nearest_neighbor_distance,,,,1512.0,0.21067217432280216,
,,,,,,,,,,,,,,,nearest_neighbor_distance,,,,1513.0,0.2243986043546266,
,,,,,,,,,,,,,,,nearest_neighbor_distance,,,,1514.0,0.29218006885387926,
,,,,,,,,,,,,,,,nearest_neighbor_distance,,,,1515.0,0.1725940696544327,
,,,,,,,,,,,,,,,nearest_neighbor_distance,,,,1516.0,0.3456568080819056,
,,,,,,,,,,,,,,,nearest_neighbor_distance,,,,1517.0,0.08375987986126342,
,,,,,,,,,,,,,,,nearest_neighbor_distance,,,,1518.0,0.23752147893176592,
,,,,,,,,,,,,,,,nearest_neighbor_distance,,,,1519.0,0.20206915675029047,
,,,,,,,,,,,,,,,nearest_neighbor_distance,,,,1520.0,0.1524312505194613,
,,,,,,,,,,,,,,,nearest_neighbor_distance,,,,1521.0,0.19412023571683673,
,,,,,,,,,,,,,,,nearest_neighbor_distance,,,,1522.0,0.21661612698630817,
,,,,,,,,,,,,,,,nearest_neighbor_distance,,,,1523.0,0.20640390248716958,
,,,,,,,,,,,,,,,nearest_neighbor_distance,,,,1524.0,0.22053303475195088,
,,,,,,,,,,,,,,,nearest_neighbor_distance,,,,1525.0,0.19319189021707364,
,,,,,,,,,,,,,,,nearest_neighbor_distance,,,,1526.0,0.0936797846875602,
,,,,,,,,,,,,,,,nearest_neighbor_distance,,,,1527.0,0.21178536474489265,
,,,,,,,,,,,,,,,nearest_neighbor_distance,,,,1528.0,0.2392331117386805,
,,,,,,,,,,,,,,,nearest_neighbor_distance,,,,1529.0,0.26551278777407195,
,,,,,,,,,,,,,,,nearest_neighbor_distance,,,,1530.0,0.18050819709455074,
,,,,,,,,,,,,,,,nearest_neighbor_distance,,,,1531.0,0.19552296279481252,
,,,,,,,,,,,,,,,nearest_neighbor_distance,,,,1532.0,0.1727133164230246,
,,,,,,,,,,,,,,,nearest_neighbor_distance,,,,1533.0,0.1422176850681478,
,,,,,,,,,,,,,,,nearest_neighbor_distance,,,,1534.0,0.24078989715759466,
,,,,,,,,,,,,,,,nearest_neighbor_distance,,,,1535.0,0.22716683316760994,
,,,,,,,,,,,,,,,nearest_neighbor_distance,,,,1536.0,0.2134441819412083,
,,,,,,,,,,,,,,,nearest_neighbor_distance,,,,1537.0,0.2933353755998509,
,,,,,,,,,,,,,,,nearest_neighbor_distance,,,,1538.0,0.20400980214417727,
,,,,,,,,,,,,,,,nearest_neighbor_distance,,,,1539.0,0.23110134811240976,
,,,,,,,,,,,,,,,nearest_neighbor_distance,,,,1540.0,0.16928859073151253,
,,,,,,,,,,,,,,,nearest_neighbor_distance,,,,1541.0,0.22260215118825355,
,,,,,,,,,,,,,,,nearest_neighbor_distance,,,,1542.0,0.12087704162762246,
,,,,,,,,,,,,,,,nearest_neighbor_distance,,,,1543.0,0.20647601140258304,
,,,,,,,,,,,,,,,nearest_neighbor_distance,,,,1544.0,0.22003287827368426,
,,,,,,,,,,,,,,,nearest_neighbor_distance,,,,1545.0,0.1905782033621071,
,,,,,,,,,,,,,,,nearest_neighbor_distance,,,,1546.0,0.23689717842402266,
,,,,,,,,,,,,,,,nearest_neighbor_distance,,,,1547.0,0.21572083313564389,
,,,,,,,,,,,,,,,nearest_neighbor_distance,,,,1548.0,0.2625808387713109,
,,,,,,,,,,,,,,,nearest_neighbor_distance,,,,1549.0,0.2064993613226788,
,,,,,,,,,,,,,,,nearest_neighbor_distance,,,,1550.0,0.19903069748325994,
,,,,,,,,,,,,,,,nearest_neighbor_distance,,,,1551.0,0.20341236860092948,
,,,,,,,,,,,,,,,nearest_neighbor_distance,,,,1552.0,0.25112360074117823,
,,,,,,,,,,,,,,,nearest_neighbor_distance,,,,1553.0,0.1869283004455392,
,,,,,,,,,,,,,,,nearest_neighbor_distance,,,,1554.0,0.20108001456591212,
,,,,,,,,,,,,,,,nearest_neighbor_distance,,,,1555.0,0.11341066974546872,
,,,,,,,,,,,,,,,nearest_neighbor_distance,,,,1556.0,0.20688864552153544,
,,,,,,,,,,,,,,,nearest_neighbor_distance,,,,1557.0,0.18053006622402817,
,,,,,,,,,,,,,,,nearest_neighbor_distance,,,,1558.0,0.1964241594831799,
,,,,,,,,,,,,,,,nearest_neighbor_distance,,,,1559.0,0.15496643527842485,
,,,,,,,,,,,,,,,nearest_neighbor_distance,,,,1560.0,0.2216829714321197,
,,,,,,,,,,,,,,,nearest_neighbor_distance,,,,1561.0,0.1444612171968403,
,,,,,,,,,,,,,,,nearest_neighbor_distance,,,,1562.0,0.19640073065786634,
,,,,,,,,,,,,,,,nearest_neighbor_distance,,,,1563.0,0.18566487655006117,
,,,,,,,,,,,,,,,nearest_neighbor_distance,,,,1564.0,0.18227283083136467,
,,,,,,,,,,,,,,,nearest_neighbor_distance,,,,1565.0,0.21689499801017648,
,,,,,,,,,,,,,,,nearest_neighbor_distance,,,,1566.0,0.3414783102737881,
,,,,,,,,,,,,,,,nearest_neighbor_distance,,,,1567.0,0.2102747214761158,
,,,,,,,,,,,,,,,nearest_neighbor_distance,,,,1568.0,0.3546686076403293,
,,,,,,,,,,,,,,,nearest_neighbor_distance,,,,1569.0,0.11283041169719653,
,,,,,,,,,,,,,,,nearest_neighbor_distance,,,,1570.0,0.22552681429437513,
,,,,,,,,,,,,,,,nearest_neighbor_distance,,,,1571.0,0.2047410563473626,
,,,,,,,,,,,,,,,nearest_neighbor_distance,,,,1572.0,0.35860740594526214,
,,,,,,,,,,,,,,,nearest_neighbor_distance,,,,1573.0,0.17472526876322916,
,,,,,,,,,,,,,,,nearest_neighbor_distance,,,,1574.0,0.17807969642645335,
,,,,,,,,,,,,,,,nearest_neighbor_distance,,,,1575.0,0.1432305443283262,
,,,,,,,,,,,,,,,nearest_neighbor_distance,,,,1576.0,0.18453062603979356,
,,,,,,,,,,,,,,,nearest_neighbor_distance,,,,1577.0,0.2722454486430784,
,,,,,,,,,,,,,,,nearest_neighbor_distance,,,,1578.0,0.22889186333714287,
,,,,,,,,,,,,,,,nearest_neighbor_distance,,,,1579.0,0.19929654382876796,
,,,,,,,,,,,,,,,nearest_neighbor_distance,,,,1580.0,0.2979580421629062,
,,,,,,,,,,,,,,,nearest_neighbor_distance,,,,1581.0,0.22192789843933677,
,,,,,,,,,,,,,,,nearest_neighbor_distance,,,,1582.0,0.22952341712784544,
,,,,,,,,,,,,,,,nearest_neighbor_distance,,,,1583.0,0.11418122540534122,
,,,,,,,,,,,,,,,nearest_neighbor_distance,,,,1584.0,0.18806031122707806,
,,,,,,,,,,,,,,,nearest_neighbor_distance,,,,1585.0,0.1976059316748617,
,,,,,,,,,,,,,,,nearest_neighbor_distance,,,,1586.0,0.18227283083136467,
,,,,,,,,,,,,,,,nearest_neighbor_distance,,,,1587.0,0.20288524808259392,
,,,,,,,,,,,,,,,nearest_neighbor_distance,,,,1588.0,0.2450536239139093,
,,,,,,,,,,,,,,,nearest_neighbor_distance,,,,1589.0,0.28790894271642237,
,,,,,,,,,,,,,,,nearest_neighbor_distance,,,,1590.0,0.18536781228610244,
,,,,,,,,,,,,,,,nearest_neighbor_distance,,,,1591.0,0.21980196014228295,
,,,,,,,,,,,,,,,nearest_neighbor_distance,,,,1592.0,0.18928655310778353,
,,,,,,,,,,,,,,,nearest_neighbor_distance,,,,1593.0,0.23763670838725,
,,,,,,,,,,,,,,,nearest_neighbor_distance,,,,1594.0,0.1321525127586552,
,,,,,,,,,,,,,,,nearest_neighbor_distance,,,,1595.0,0.2390959593641933,
,,,,,,,,,,,,,,,nearest_neighbor_distance,,,,1596.0,0.18195724067707597,
,,,,,,,,,,,,,,,nearest_neighbor_distance,,,,1597.0,0.20767324332846068,
,,,,,,,,,,,,,,,nearest_neighbor_distance,,,,1598.0,0.18050391021190829,
,,,,,,,,,,,,,,,nearest_neighbor_distance,,,,1599.0,0.24271740288612179,
,,,,,,,,,,,,,,,nearest_neighbor_distance,,,,1600.0,0.31157693293799016,
,,,,,,,,,,,,,,,nearest_neighbor_distance,,,,1601.0,0.17956651209338653,
,,,,,,,,,,,,,,,nearest_neighbor_distance,,,,1602.0,0.338750603013463,
,,,,,,,,,,,,,,,nearest_neighbor_distance,,,,1603.0,0.1595904757859017,
,,,,,,,,,,,,,,,nearest_neighbor_distance,,,,1604.0,0.14953561936687002,
,,,,,,,,,,,,,,,nearest_neighbor_distance,,,,1605.0,0.24419043193568246,
,,,,,,,,,,,,,,,nearest_neighbor_distance,,,,1606.0,0.2647128330799345,
,,,,,,,,,,,,,,,nearest_neighbor_distance,,,,1607.0,0.19431422964370546,
,,,,,,,,,,,,,,,nearest_neighbor_distance,,,,1608.0,0.23149753451347152,
,,,,,,,,,,,,,,,nearest_neighbor_distance,,,,1609.0,0.19149543250700188,
,,,,,,,,,,,,,,,nearest_neighbor_distance,,,,1610.0,0.15359674553385602,
,,,,,,,,,,,,,,,nearest_neighbor_distance,,,,1611.0,0.18845253807282775,
,,,,,,,,,,,,,,,nearest_neighbor_distance,,,,1612.0,0.21355173847175393,
,,,,,,,,,,,,,,,nearest_neighbor_distance,,,,1613.0,0.18793562382835766,
,,,,,,,,,,,,,,,nearest_neighbor_distance,,,,1614.0,0.21379720296179966,
,,,,,,,,,,,,,,,nearest_neighbor_distance,,,,1615.0,0.17311359211115798,
,,,,,,,,,,,,,,,nearest_neighbor_distance,,,,1616.0,0.19020228933516709,
,,,,,,,,,,,,,,,nearest_neighbor_distance,,,,1617.0,0.3719834441811787,
,,,,,,,,,,,,,,,nearest_neighbor_distance,,,,1618.0,0.19986269358752962,
,,,,,,,,,,,,,,,nearest_neighbor_distance,,,,1619.0,0.2538918231422744,
,,,,,,,,,,,,,,,nearest_neighbor_distance,,,,1620.0,0.12768732871579277,
,,,,,,,,,,,,,,,nearest_neighbor_distance,,,,1621.0,0.19806557891905338,
,,,,,,,,,,,,,,,nearest_neighbor_distance,,,,1622.0,0.1544444054860519,
,,,,,,,,,,,,,,,nearest_neighbor_distance,,,,1623.0,0.15519492798865536,
,,,,,,,,,,,,,,,nearest_neighbor_distance,,,,1624.0,0.1867777726159095,
,,,,,,,,,,,,,,,nearest_neighbor_distance,,,,1625.0,0.2570825785538376,
,,,,,,,,,,,,,,,nearest_neighbor_distance,,,,1626.0,0.25391036426244684,
,,,,,,,,,,,,,,,nearest_neighbor_distance,,,,1627.0,0.10824482774663076,
,,,,,,,,,,,,,,,nearest_neighbor_distance,,,,1628.0,0.1260298034126037,
,,,,,,,,,,,,,,,nearest_neighbor_distance,,,,1629.0,0.29968144007104275,
,,,,,,,,,,,,,,,nearest_neighbor_distance,,,,1630.0,0.12458346969996163,
,,,,,,,,,,,,,,,nearest_neighbor_distance,,,,1631.0,0.2072168574422411,
,,,,,,,,,,,,,,,nearest_neighbor_distance,,,,1632.0,0.28622153650573834,
,,,,,,,,,,,,,,,nearest_neighbor_distance,,,,1633.0,0.25545898229531216,
,,,,,,,,,,,,,,,nearest_neighbor_distance,,,,1634.0,0.14791038279611432,
,,,,,,,,,,,,,,,nearest_neighbor_distance,,,,1635.0,0.11902273089291791,
,,,,,,,,,,,,,,,nearest_neighbor_distance,,,,1636.0,0.3246474709550168,
,,,,,,,,,,,,,,,nearest_neighbor_distance,,,,1637.0,0.28408559802107186,
,,,,,,,,,,,,,,,nearest_neighbor_distance,,,,1638.0,0.15889649616374524,
,,,,,,,,,,,,,,,nearest_neighbor_distance,,,,1639.0,0.16623911434073516,
,,,,,,,,,,,,,,,nearest_neighbor_distance,,,,1640.0,0.2976975369305521,
,,,,,,,,,,,,,,,nearest_neighbor_distance,,,,1641.0,0.18392380128265237,
,,,,,,,,,,,,,,,nearest_neighbor_distance,,,,1642.0,0.1967800034065165,
,,,,,,,,,,,,,,,nearest_neighbor_distance,,,,1643.0,0.3909304368435735,
,,,,,,,,,,,,,,,nearest_neighbor_distance,,,,1644.0,0.1839273600863807,
,,,,,,,,,,,,,,,nearest_neighbor_distance,,,,1645.0,0.13051319103369666,
,,,,,,,,,,,,,,,nearest_neighbor_distance,,,,1646.0,0.18741547149487164,
,,,,,,,,,,,,,,,nearest_neighbor_distance,,,,1647.0,0.17650371790738717,
,,,,,,,,,,,,,,,nearest_neighbor_distance,,,,1648.0,0.22084799458511198,
,,,,,,,,,,,,,,,nearest_neighbor_distance,,,,1649.0,0.17170083202553071,
,,,,,,,,,,,,,,,nearest_neighbor_distance,,,,1650.0,0.23217165156447114,
,,,,,,,,,,,,,,,nearest_neighbor_distance,,,,1651.0,0.21476791652198707,
,,,,,,,,,,,,,,,nearest_neighbor_distance,,,,1652.0,0.19193659891526463,
,,,,,,,,,,,,,,,nearest_neighbor_distance,,,,1653.0,0.1506225618346226,
,,,,,,,,,,,,,,,nearest_neighbor_distance,,,,1654.0,0.17694824576302703,
,,,,,,,,,,,,,,,nearest_neighbor_distance,,,,1655.0,0.23643189634774248,
,,,,,,,,,,,,,,,nearest_neighbor_distance,,,,1656.0,0.1312340833586071,
,,,,,,,,,,,,,,,nearest_neighbor_distance,,,,1657.0,0.20429515275703702,
,,,,,,,,,,,,,,,nearest_neighbor_distance,,,,1658.0,0.2637171458562629,
,,,,,,,,,,,,,,,nearest_neighbor_distance,,,,1659.0,0.21546269421292996,
,,,,,,,,,,,,,,,nearest_neighbor_distance,,,,1660.0,0.23059941592740624,
,,,,,,,,,,,,,,,nearest_neighbor_distance,,,,1661.0,0.1751766074131368,
,,,,,,,,,,,,,,,nearest_neighbor_distance,,,,1662.0,0.24799762543833118,
,,,,,,,,,,,,,,,nearest_neighbor_distance,,,,1663.0,0.2000151910409328,
,,,,,,,,,,,,,,,nearest_neighbor_distance,,,,1664.0,0.29508004544865485,
,,,,,,,,,,,,,,,nearest_neighbor_distance,,,,1665.0,0.18695982808629896,
,,,,,,,,,,,,,,,nearest_neighbor_distance,,,,1666.0,0.17781961395798068,
,,,,,,,,,,,,,,,nearest_neighbor_distance,,,,1667.0,0.21178536474489265,
,,,,,,,,,,,,,,,nearest_neighbor_distance,,,,1668.0,0.1372553132489387,
,,,,,,,,,,,,,,,nearest_neighbor_distance,,,,1669.0,0.1388802544950287,
,,,,,,,,,,,,,,,nearest_neighbor_distance,,,,1670.0,0.08204550404585627,
,,,,,,,,,,,,,,,nearest_neighbor_distance,,,,1671.0,0.19332499880271417,
,,,,,,,,,,,,,,,nearest_neighbor_distance,,,,1672.0,0.1287890566526077,
,,,,,,,,,,,,,,,nearest_neighbor_distance,,,,1673.0,0.22048281324794733,
,,,,,,,,,,,,,,,nearest_neighbor_distance,,,,1674.0,0.36835121756392986,
,,,,,,,,,,,,,,,nearest_neighbor_distance,,,,1675.0,0.19366481190631574,
,,,,,,,,,,,,,,,nearest_neighbor_distance,,,,1676.0,0.16529642581619772,
,,,,,,,,,,,,,,,nearest_neighbor_distance,,,,1677.0,0.19423263468428048,
,,,,,,,,,,,,,,,nearest_neighbor_distance,,,,1678.0,0.2224028165865232,
,,,,,,,,,,,,,,,nearest_neighbor_distance,,,,1679.0,0.2921431871483465,
,,,,,,,,,,,,,,,nearest_neighbor_distance,,,,1680.0,0.2180148188543835,
,,,,,,,,,,,,,,,nearest_neighbor_distance,,,,1681.0,0.2084055581127406,
,,,,,,,,,,,,,,,nearest_neighbor_distance,,,,1682.0,0.18342832677571266,
,,,,,,,,,,,,,,,nearest_neighbor_distance,,,,1683.0,0.19932366411037802,
,,,,,,,,,,,,,,,nearest_neighbor_distance,,,,1684.0,0.19708014008618707,
,,,,,,,,,,,,,,,nearest_neighbor_distance,,,,1685.0,0.27057357730056586,
,,,,,,,,,,,,,,,nearest_neighbor_distance,,,,1686.0,0.21883528781318048,
,,,,,,,,,,,,,,,nearest_neighbor_distance,,,,1687.0,0.10515625969863451,
,,,,,,,,,,,,,,,nearest_neighbor_distance,,,,1688.0,0.20109727598610877,
,,,,,,,,,,,,,,,nearest_neighbor_distance,,,,1689.0,0.1449497823616042,
,,,,,,,,,,,,,,,nearest_neighbor_distance,,,,1690.0,0.2836364186966961,
,,,,,,,,,,,,,,,nearest_neighbor_distance,,,,1691.0,0.23034545929407324,
,,,,,,,,,,,,,,,nearest_neighbor_distance,,,,1692.0,0.21989844678616569,
,,,,,,,,,,,,,,,nearest_neighbor_distance,,,,1693.0,0.24789338199050356,
,,,,,,,,,,,,,,,nearest_neighbor_distance,,,,1694.0,0.21444367600780942,
,,,,,,,,,,,,,,,nearest_neighbor_distance,,,,1695.0,0.23048228248153618,
,,,,,,,,,,,,,,,nearest_neighbor_distance,,,,1696.0,0.12679778218971413,
,,,,,,,,,,,,,,,nearest_neighbor_distance,,,,1697.0,0.4998178614486526,
,,,,,,,,,,,,,,,nearest_neighbor_distance,,,,1698.0,0.11594840430901424,
,,,,,,,,,,,,,,,nearest_neighbor_distance,,,,1699.0,0.18655477688712374,
,,,,,,,,,,,,,,,nearest_neighbor_distance,,,,1700.0,0.20084287208676,
,,,,,,,,,,,,,,,nearest_neighbor_distance,,,,1701.0,0.11817880588936658,
,,,,,,,,,,,,,,,nearest_neighbor_distance,,,,1702.0,0.15819735353074432,
,,,,,,,,,,,,,,,nearest_neighbor_distance,,,,1703.0,0.24150359489863982,
,,,,,,,,,,,,,,,nearest_neighbor_distance,,,,1704.0,0.125137644268467,
,,,,,,,,,,,,,,,nearest_neighbor_distance,,,,1705.0,0.13409671185819907,
,,,,,,,,,,,,,,,nearest_neighbor_distance,,,,1706.0,0.18466155678959406,
,,,,,,,,,,,,,,,nearest_neighbor_distance,,,,1707.0,0.23689717842402266,
,,,,,,,,,,,,,,,nearest_neighbor_distance,,,,1708.0,0.24111258975206787,
,,,,,,,,,,,,,,,nearest_neighbor_distance,,,,1709.0,0.4125166521008586,
,,,,,,,,,,,,,,,nearest_neighbor_distance,,,,1710.0,0.188894805939334,
,,,,,,,,,,,,,,,nearest_neighbor_distance,,,,1711.0,0.17763768409059952,
,,,,,,,,,,,,,,,nearest_neighbor_distance,,,,1712.0,0.2682310879669846,
,,,,,,,,,,,,,,,nearest_neighbor_distance,,,,1713.0,0.23131193105727524,
,,,,,,,,,,,,,,,nearest_neighbor_distance,,,,1714.0,0.21378163701462188,
,,,,,,,,,,,,,,,nearest_neighbor_distance,,,,1715.0,0.18601967171681463,
,,,,,,,,,,,,,,,nearest_neighbor_distance,,,,1716.0,0.3511552128006463,
,,,,,,,,,,,,,,,nearest_neighbor_distance,,,,1717.0,0.19766913957210835,
,,,,,,,,,,,,,,,nearest_neighbor_distance,,,,1718.0,0.16070542466482826,
,,,,,,,,,,,,,,,nearest_neighbor_distance,,,,1719.0,0.17059949794413812,
,,,,,,,,,,,,,,,nearest_neighbor_distance,,,,1720.0,0.10054804996404272,
,,,,,,,,,,,,,,,nearest_neighbor_distance,,,,1721.0,0.17092060995017075,
,,,,,,,,,,,,,,,nearest_neighbor_distance,,,,1722.0,0.18599389797395122,
,,,,,,,,,,,,,,,nearest_neighbor_distance,,,,1723.0,0.42994450908426524,
,,,,,,,,,,,,,,,nearest_neighbor_distance,,,,1724.0,0.24675666408391514,
,,,,,,,,,,,,,,,nearest_neighbor_distance,,,,1725.0,0.17244779317987194,
,,,,,,,,,,,,,,,nearest_neighbor_distance,,,,1726.0,0.11404155598798008,
,,,,,,,,,,,,,,,nearest_neighbor_distance,,,,1727.0,0.222628341029473,
,,,,,,,,,,,,,,,nearest_neighbor_distance,,,,1728.0,0.237456754174064,
,,,,,,,,,,,,,,,nearest_neighbor_distance,,,,1729.0,0.15185555096436143,
,,,,,,,,,,,,,,,nearest_neighbor_distance,,,,1730.0,0.17788751892352606,
,,,,,,,,,,,,,,,nearest_neighbor_distance,,,,1731.0,0.19958827592776357,
,,,,,,,,,,,,,,,nearest_neighbor_distance,,,,1732.0,0.17239595025412185,
,,,,,,,,,,,,,,,nearest_neighbor_distance,,,,1733.0,0.22307315644358502,
,,,,,,,,,,,,,,,nearest_neighbor_distance,,,,1734.0,0.27023711284119534,
,,,,,,,,,,,,,,,nearest_neighbor_distance,,,,1735.0,0.25140651333280206,
,,,,,,,,,,,,,,,nearest_neighbor_distance,,,,1736.0,0.17850906762639324,
,,,,,,,,,,,,,,,nearest_neighbor_distance,,,,1737.0,0.22656146482721484,
,,,,,,,,,,,,,,,nearest_neighbor_distance,,,,1738.0,0.18304808458424635,
,,,,,,,,,,,,,,,nearest_neighbor_distance,,,,1739.0,0.20559950469816982,
,,,,,,,,,,,,,,,nearest_neighbor_distance,,,,1740.0,0.09446949248940652,
,,,,,,,,,,,,,,,nearest_neighbor_distance,,,,1741.0,0.18819431974081438,
,,,,,,,,,,,,,,,nearest_neighbor_distance,,,,1742.0,0.2744283227958484,
,,,,,,,,,,,,,,,nearest_neighbor_distance,,,,1743.0,0.20782797168816608,
,,,,,,,,,,,,,,,nearest_neighbor_distance,,,,1744.0,0.1671039307043707,
,,,,,,,,,,,,,,,nearest_neighbor_distance,,,,1745.0,0.2236891675682248,
,,,,,,,,,,,,,,,nearest_neighbor_distance,,,,1746.0,0.14145356630119815,
,,,,,,,,,,,,,,,nearest_neighbor_distance,,,,1747.0,0.20282417751175658,
,,,,,,,,,,,,,,,nearest_neighbor_distance,,,,1748.0,0.35242439499506917,
,,,,,,,,,,,,,,,nearest_neighbor_distance,,,,1749.0,0.33320954572220435,
,,,,,,,,,,,,,,,nearest_neighbor_distance,,,,1750.0,0.13047700483360733,
,,,,,,,,,,,,,,,nearest_neighbor_distance,,,,1751.0,0.20697176041051843,
,,,,,,,,,,,,,,,nearest_neighbor_distance,,,,1752.0,0.2201278206285145,
,,,,,,,,,,,,,,,nearest_neighbor_distance,,,,1753.0,0.20365431339947312,
,,,,,,,,,,,,,,,nearest_neighbor_distance,,,,1754.0,0.18150486596477708,
,,,,,,,,,,,,,,,nearest_neighbor_distance,,,,1755.0,0.18871374266409477,
,,,,,,,,,,,,,,,nearest_neighbor_distance,,,,1756.0,0.12594445660861595,
,,,,,,,,,,,,,,,nearest_neighbor_distance,,,,1757.0,0.16336366321511459,
,,,,,,,,,,,,,,,nearest_neighbor_distance,,,,1758.0,0.22304538051734252,
,,,,,,,,,,,,,,,nearest_neighbor_distance,,,,1759.0,0.4394577534503433,
,,,,,,,,,,,,,,,nearest_neighbor_distance,,,,1760.0,0.21280203626239322,
,,,,,,,,,,,,,,,nearest_neighbor_distance,,,,1761.0,0.21560151785210072,
,,,,,,,,,,,,,,,nearest_neighbor_distance,,,,1762.0,0.24022908124722364,
,,,,,,,,,,,,,,,nearest_neighbor_distance,,,,1763.0,0.11817880588936658,
,,,,,,,,,,,,,,,nearest_neighbor_distance,,,,1764.0,0.24443686821309862,
,,,,,,,,,,,,,,,nearest_neighbor_distance,,,,1765.0,0.17170083202553071,
,,,,,,,,,,,,,,,nearest_neighbor_distance,,,,1766.0,0.3649321729425815,
,,,,,,,,,,,,,,,nearest_neighbor_distance,,,,1767.0,0.1623128077077479,
,,,,,,,,,,,,,,,nearest_neighbor_distance,,,,1768.0,0.4822166651868661,
,,,,,,,,,,,,,,,nearest_neighbor_distance,,,,1769.0,0.1435868894421141,
,,,,,,,,,,,,,,,nearest_neighbor_distance,,,,1770.0,0.12087704162762246,
,,,,,,,,,,,,,,,nearest_neighbor_distance,,,,1771.0,0.1703452373632965,
,,,,,,,,,,,,,,,nearest_neighbor_distance,,,,1772.0,0.08591154383983782,
,,,,,,,,,,,,,,,nearest_neighbor_distance,,,,1773.0,0.3134557958536337,
,,,,,,,,,,,,,,,nearest_neighbor_distance,,,,1774.0,0.17630648549489825,
,,,,,,,,,,,,,,,nearest_neighbor_distance,,,,1775.0,0.22669842135245968,
,,,,,,,,,,,,,,,nearest_neighbor_distance,,,,1776.0,0.14879543390099093,
,,,,,,,,,,,,,,,nearest_neighbor_distance,,,,1777.0,0.17451343025925217,
,,,,,,,,,,,,,,,nearest_neighbor_distance,,,,1778.0,0.21515718846438964,
,,,,,,,,,,,,,,,nearest_neighbor_distance,,,,1779.0,0.19805258293889763,
,,,,,,,,,,,,,,,nearest_neighbor_distance,,,,1780.0,0.22645984882915524,
,,,,,,,,,,,,,,,nearest_neighbor_distance,,,,1781.0,0.24878095628819266,
,,,,,,,,,,,,,,,nearest_neighbor_distance,,,,1782.0,0.21863614095894296,
,,,,,,,,,,,,,,,nearest_neighbor_distance,,,,1783.0,0.18717264742756654,
,,,,,,,,,,,,,,,nearest_neighbor_distance,,,,1784.0,0.21503875708890693,
,,,,,,,,,,,,,,,nearest_neighbor_distance,,,,1785.0,0.28632741637371184,
,,,,,,,,,,,,,,,nearest_neighbor_distance,,,,1786.0,0.22221179035246122,
,,,,,,,,,,,,,,,nearest_neighbor_distance,,,,1787.0,0.24731306167039352,
,,,,,,,,,,,,,,,nearest_neighbor_distance,,,,1788.0,0.2737378439886378,
,,,,,,,,,,,,,,,nearest_neighbor_distance,,,,1789.0,0.1487839790364637,
,,,,,,,,,,,,,,,nearest_neighbor_distance,,,,1790.0,0.20812084379386256,
,,,,,,,,,,,,,,,nearest_neighbor_distance,,,,1791.0,0.41041116737352096,
,,,,,,,,,,,,,,,nearest_neighbor_distance,,,,1792.0,0.23748513827831758,
,,,,,,,,,,,,,,,nearest_neighbor_distance,,,,1793.0,0.19562103537907138,
,,,,,,,,,,,,,,,nearest_neighbor_distance,,,,1794.0,0.15267584151934996,
,,,,,,,,,,,,,,,nearest_neighbor_distance,,,,1795.0,0.25946552885614993,
,,,,,,,,,,,,,,,nearest_neighbor_distance,,,,1796.0,0.19671785548134732,
,,,,,,,,,,,,,,,nearest_neighbor_distance,,,,1797.0,0.21715775181178532,
,,,,,,,,,,,,,,,nearest_neighbor_distance,,,,1798.0,0.1715400579106384,
,,,,,,,,,,,,,,,nearest_neighbor_distance,,,,1799.0,0.20398024188166658,
,,,,,,,,,,,,,,,nearest_neighbor_distance,,,,1800.0,0.27083198616191734,
,,,,,,,,,,,,,,,nearest_neighbor_distance,,,,1801.0,0.2425253627610932,
,,,,,,,,,,,,,,,nearest_neighbor_distance,,,,1802.0,0.19936662209863512,
,,,,,,,,,,,,,,,nearest_neighbor_distance,,,,1803.0,0.19231429510141318,
,,,,,,,,,,,,,,,nearest_neighbor_distance,,,,1804.0,0.1629039630336459,
,,,,,,,,,,,,,,,nearest_neighbor_distance,,,,1805.0,0.23552334128778252,
,,,,,,,,,,,,,,,nearest_neighbor_distance,,,,1806.0,0.3181522002611509,
,,,,,,,,,,,,,,,nearest_neighbor_distance,,,,1807.0,0.23553813768571696,
,,,,,,,,,,,,,,,nearest_neighbor_distance,,,,1808.0,0.18126507198050737,
,,,,,,,,,,,,,,,nearest_neighbor_distance,,,,1809.0,0.2691492756177692,
,,,,,,,,,,,,,,,nearest_neighbor_distance,,,,1810.0,0.3010594450117952,
,,,,,,,,,,,,,,,nearest_neighbor_distance,,,,1811.0,0.20859458896238628,
,,,,,,,,,,,,,,,nearest_neighbor_distance,,,,1812.0,0.1966372009183097,
,,,,,,,,,,,,,,,nearest_neighbor_distance,,,,1813.0,0.18386424746965058,
,,,,,,,,,,,,,,,nearest_neighbor_distance,,,,1814.0,0.21658494178206736,
,,,,,,,,,,,,,,,nearest_neighbor_distance,,,,1815.0,0.19766913957210835,
,,,,,,,,,,,,,,,nearest_neighbor_distance,,,,1816.0,0.19639401113449345,
,,,,,,,,,,,,,,,nearest_neighbor_distance,,,,1817.0,0.21641951025332198,
,,,,,,,,,,,,,,,nearest_neighbor_distance,,,,1818.0,0.21444312463989512,
,,,,,,,,,,,,,,,nearest_neighbor_distance,,,,1819.0,0.17276588492727854,
,,,,,,,,,,,,,,,nearest_neighbor_distance,,,,1820.0,0.2268485849617314,
,,,,,,,,,,,,,,,nearest_neighbor_distance,,,,1821.0,0.3737950481149814,
,,,,,,,,,,,,,,,nearest_neighbor_distance,,,,1822.0,0.24086693459983405,
,,,,,,,,,,,,,,,nearest_neighbor_distance,,,,1823.0,0.175541773352615,
,,,,,,,,,,,,,,,nearest_neighbor_distance,,,,1824.0,0.3259086133813819,
,,,,,,,,,,,,,,,nearest_neighbor_distance,,,,1825.0,0.20068468265587477,
,,,,,,,,,,,,,,,nearest_neighbor_distance,,,,1826.0,0.33116592182052706,
,,,,,,,,,,,,,,,nearest_neighbor_distance,,,,1827.0,0.24291751911421436,
,,,,,,,,,,,,,,,nearest_neighbor_distance,,,,1828.0,0.46088408149768834,
,,,,,,,,,,,,,,,nearest_neighbor_distance,,,,1829.0,0.23203884170157368,
,,,,,,,,,,,,,,,nearest_neighbor_distance,,,,1830.0,0.12502249202717988,
,,,,,,,,,,,,,,,nearest_neighbor_distance,,,,1831.0,0.21690501811588464,
,,,,,,,,,,,,,,,nearest_neighbor_distance,,,,1832.0,0.18209872655057704,
,,,,,,,,,,,,,,,nearest_neighbor_distance,,,,1833.0,0.18233300940636668,
,,,,,,,,,,,,,,,nearest_neighbor_distance,,,,1834.0,0.2201871944765621,
,,,,,,,,,,,,,,,nearest_neighbor_distance,,,,1835.0,0.24485689731051705,
,,,,,,,,,,,,,,,nearest_neighbor_distance,,,,1836.0,0.16381893449867668,
,,,,,,,,,,,,,,,nearest_neighbor_distance,,,,1837.0,0.3766575144374261,
,,,,,,,,,,,,,,,nearest_neighbor_distance,,,,1838.0,0.22949327694546334,
,,,,,,,,,,,,,,,nearest_neighbor_distance,,,,1839.0,0.20601275147093953,
,,,,,,,,,,,,,,,nearest_neighbor_distance,,,,1840.0,0.1565754952041713,
,,,,,,,,,,,,,,,nearest_neighbor_distance,,,,1841.0,0.2500225585135116,
,,,,,,,,,,,,,,,nearest_neighbor_distance,,,,1842.0,0.1758558969244316,
,,,,,,,,,,,,,,,nearest_neighbor_distance,,,,1843.0,0.13047700483360733,
,,,,,,,,,,,,,,,nearest_neighbor_distance,,,,1844.0,0.21170869354043212,
,,,,,,,,,,,,,,,nearest_neighbor_distance,,,,1845.0,0.18819431974081438,
,,,,,,,,,,,,,,,nearest_neighbor_distance,,,,1846.0,0.18529735887405058,
,,,,,,,,,,,,,,,nearest_neighbor_distance,,,,1847.0,0.3427485123524215,
,,,,,,,,,,,,,,,nearest_neighbor_distance,,,,1848.0,0.2185489482013066,
,,,,,,,,,,,,,,,nearest_neighbor_distance,,,,1849.0,0.188771088663505,
,,,,,,,,,,,,,,,nearest_neighbor_distance,,,,1850.0,0.2518540783370585,
,,,,,,,,,,,,,,,nearest_neighbor_distance,,,,1851.0,0.26380107335119285,
,,,,,,,,,,,,,,,nearest_neighbor_distance,,,,1852.0,0.22520023295476121,
,,,,,,,,,,,,,,,nearest_neighbor_distance,,,,1853.0,0.16519665737296527,
,,,,,,,,,,,,,,,nearest_neighbor_distance,,,,1854.0,0.18645983385679835,
,,,,,,,,,,,,,,,nearest_neighbor_distance,,,,1855.0,0.20553167591906163,
,,,,,,,,,,,,,,,nearest_neighbor_distance,,,,1856.0,0.3039410483524815,
,,,,,,,,,,,,,,,nearest_neighbor_distance,,,,1857.0,0.23383835985737117,
,,,,,,,,,,,,,,,nearest_neighbor_distance,,,,1858.0,0.17311359211115798,
,,,,,,,,,,,,,,,nearest_neighbor_distance,,,,1859.0,0.17888433316960398,
,,,,,,,,,,,,,,,nearest_neighbor_distance,,,,1860.0,0.13406144511127227,
,,,,,,,,,,,,,,,nearest_neighbor_distance,,,,1861.0,0.1976059316748617,
,,,,,,,,,,,,,,,nearest_neighbor_distance,,,,1862.0,0.29601427525514346,
,,,,,,,,,,,,,,,nearest_neighbor_distance,,,,1863.0,0.197213498207961,
,,,,,,,,,,,,,,,nearest_neighbor_distance,,,,1864.0,0.17929010002803467,
,,,,,,,,,,,,,,,nearest_neighbor_distance,,,,1865.0,0.15628116856980662,
,,,,,,,,,,,,,,,nearest_neighbor_distance,,,,1866.0,0.25321976708879573,
,,,,,,,,,,,,,,,nearest_neighbor_distance,,,,1867.0,0.18918380028781617,
,,,,,,,,,,,,,,,nearest_neighbor_distance,,,,1868.0,0.25220315626195605,
,,,,,,,,,,,,,,,nearest_neighbor_distance,,,,1869.0,0.22486295185404945,
,,,,,,,,,,,,,,,nearest_neighbor_distance,,,,1870.0,0.1253282033615504,
,,,,,,,,,,,,,,,nearest_neighbor_distance,,,,1871.0,0.20228962825840002,
,,,,,,,,,,,,,,,nearest_neighbor_distance,,,,1872.0,0.11800880368122664,
,,,,,,,,,,,,,,,nearest_neighbor_distance,,,,1873.0,0.157894746234047,
,,,,,,,,,,,,,,,nearest_neighbor_distance,,,,1874.0,0.2127306826432638,
,,,,,,,,,,,,,,,nearest_neighbor_distance,,,,1875.0,0.3227127928904496,
,,,,,,,,,,,,,,,nearest_neighbor_distance,,,,1876.0,0.24773156505653082,
,,,,,,,,,,,,,,,nearest_neighbor_distance,,,,1877.0,0.1470637650434395,
,,,,,,,,,,,,,,,nearest_neighbor_distance,,,,1878.0,0.196844726112891,
,,,,,,,,,,,,,,,nearest_neighbor_distance,,,,1879.0,0.21026609618030584,
,,,,,,,,,,,,,,,nearest_neighbor_distance,,,,1880.0,0.24011111236549743,
,,,,,,,,,,,,,,,nearest_neighbor_distance,,,,1881.0,0.25124244799438994,
,,,,,,,,,,,,,,,nearest_neighbor_distance,,,,1882.0,0.14523590822696197,
,,,,,,,,,,,,,,,nearest_neighbor_distance,,,,1883.0,0.17223341493834218,
,,,,,,,,,,,,,,,nearest_neighbor_distance,,,,1884.0,0.2570827604222124,
,,,,,,,,,,,,,,,nearest_neighbor_distance,,,,1885.0,0.21370469708320594,
,,,,,,,,,,,,,,,nearest_neighbor_distance,,,,1886.0,0.2051077792148959,
,,,,,,,,,,,,,,,nearest_neighbor_distance,,,,1887.0,0.2688330803300203,
,,,,,,,,,,,,,,,nearest_neighbor_distance,,,,1888.0,0.1985189183698173,
,,,,,,,,,,,,,,,nearest_neighbor_distance,,,,1889.0,0.17680927515061143,
,,,,,,,,,,,,,,,nearest_neighbor_distance,,,,1890.0,0.13575203384431517,
,,,,,,,,,,,,,,,nearest_neighbor_distance,,,,1891.0,0.1863114571193683,
,,,,,,,,,,,,,,,nearest_neighbor_distance,,,,1892.0,0.1725940696544327,
,,,,,,,,,,,,,,,nearest_neighbor_distance,,,,1893.0,0.09490505117087515,
,,,,,,,,,,,,,,,nearest_neighbor_distance,,,,1894.0,0.1962453246417951,
,,,,,,,,,,,,,,,nearest_neighbor_distance,,,,1895.0,0.282250881483157,
,,,,,,,,,,,,,,,nearest_neighbor_distance,,,,1896.0,0.2099612791488941,
,,,,,,,,,,,,,,,nearest_neighbor_distance,,,,1897.0,0.20180090698214698,
,,,,,,,,,,,,,,,nearest_neighbor_distance,,,,1898.0,0.23646387533518687,
,,,,,,,,,,,,,,,nearest_neighbor_distance,,,,1899.0,0.1435935647931185,
,,,,,,,,,,,,,,,nearest_neighbor_distance,,,,1900.0,0.32172253517440863,
,,,,,,,,,,,,,,,nearest_neighbor_distance,,,,1901.0,0.14126536641588816,
,,,,,,,,,,,,,,,nearest_neighbor_distance,,,,1902.0,0.2628868023695589,
,,,,,,,,,,,,,,,nearest_neighbor_distance,,,,1903.0,0.12615410973902624,
,,,,,,,,,,,,,,,nearest_neighbor_distance,,,,1904.0,0.20315299032184803,
,,,,,,,,,,,,,,,nearest_neighbor_distance,,,,1905.0,0.17951219936532892,
,,,,,,,,,,,,,,,nearest_neighbor_distance,,,,1906.0,0.21790132228341969,
,,,,,,,,,,,,,,,nearest_neighbor_distance,,,,1907.0,0.12205597232728538,
,,,,,,,,,,,,,,,nearest_neighbor_distance,,,,1908.0,0.14533668044451925,
,,,,,,,,,,,,,,,nearest_neighbor_distance,,,,1909.0,0.20008328729271035,
,,,,,,,,,,,,,,,nearest_neighbor_distance,,,,1910.0,0.21304622454196928,
,,,,,,,,,,,,,,,nearest_neighbor_distance,,,,1911.0,0.21438760521945083,
,,,,,,,,,,,,,,,nearest_neighbor_distance,,,,1912.0,0.23658304454835496,
,,,,,,,,,,,,,,,nearest_neighbor_distance,,,,1913.0,0.17201405732023872,
,,,,,,,,,,,,,,,nearest_neighbor_distance,,,,1914.0,0.21680888071675664,
,,,,,,,,,,,,,,,nearest_neighbor_distance,,,,1915.0,0.15257204966287846,
,,,,,,,,,,,,,,,nearest_neighbor_distance,,,,1916.0,0.20405154373591938,
,,,,,,,,,,,,,,,nearest_neighbor_distance,,,,1917.0,0.16641444024492497,
,,,,,,,,,,,,,,,nearest_neighbor_distance,,,,1918.0,0.13409671185819907,
,,,,,,,,,,,,,,,nearest_neighbor_distance,,,,1919.0,0.4418987184787582,
,,,,,,,,,,,,,,,nearest_neighbor_distance,,,,1920.0,0.24646484405621047,
,,,,,,,,,,,,,,,nearest_neighbor_distance,,,,1921.0,0.2728973925958595,
,,,,,,,,,,,,,,,nearest_neighbor_distance,,,,1922.0,0.15519492798865536,
,,,,,,,,,,,,,,,nearest_neighbor_distance,,,,1923.0,0.19467408472005715,
,,,,,,,,,,,,,,,nearest_neighbor_distance,,,,1924.0,0.18920525340379657,
,,,,,,,,,,,,,,,nearest_neighbor_distance,,,,1925.0,0.09490505117087515,
,,,,,,,,,,,,,,,nearest_neighbor_distance,,,,1926.0,0.24421462970397953,
,,,,,,,,,,,,,,,nearest_neighbor_distance,,,,1927.0,0.19600579826450357,
,,,,,,,,,,,,,,,nearest_neighbor_distance,,,,1928.0,0.2772463380538441,
,,,,,,,,,,,,,,,nearest_neighbor_distance,,,,1929.0,0.20050725280756818,
,,,,,,,,,,,,,,,nearest_neighbor_distance,,,,1930.0,0.16110622138269373,
,,,,,,,,,,,,,,,nearest_neighbor_distance,,,,1931.0,0.2570526181433721,
,,,,,,,,,,,,,,,nearest_neighbor_distance,,,,1932.0,0.17598842576337412,
,,,,,,,,,,,,,,,nearest_neighbor_distance,,,,1933.0,0.17949425571910954,
,,,,,,,,,,,,,,,nearest_neighbor_distance,,,,1934.0,0.13630436058849926,
,,,,,,,,,,,,,,,nearest_neighbor_distance,,,,1935.0,0.14532201284603874,
,,,,,,,,,,,,,,,nearest_neighbor_distance,,,,1936.0,0.32877515352589193,
,,,,,,,,,,,,,,,nearest_neighbor_distance,,,,1937.0,0.16091185655820572,
,,,,,,,,,,,,,,,nearest_neighbor_distance,,,,1938.0,0.2042293716717078,
,,,,,,,,,,,,,,,nearest_neighbor_distance,,,,1939.0,0.1421845610720712,
,,,,,,,,,,,,,,,nearest_neighbor_distance,,,,1940.0,0.22135148943486002,
,,,,,,,,,,,,,,,nearest_neighbor_distance,,,,1941.0,0.14969160542908722,
,,,,,,,,,,,,,,,nearest_neighbor_distance,,,,1942.0,0.23716876916733473,
,,,,,,,,,,,,,,,nearest_neighbor_distance,,,,1943.0,0.2323013361588019,
,,,,,,,,,,,,,,,nearest_neighbor_distance,,,,1944.0,0.2303664358203162,
,,,,,,,,,,,,,,,nearest_neighbor_distance,,,,1945.0,0.23744880095923046,
,,,,,,,,,,,,,,,nearest_neighbor_distance,,,,1946.0,0.12503212398050428,
,,,,,,,,,,,,,,,nearest_neighbor_distance,,,,1947.0,0.1470637650434395,
,,,,,,,,,,,,,,,nearest_neighbor_distance,,,,1948.0,0.20192801271613123,
,,,,,,,,,,,,,,,nearest_neighbor_distance,,,,1949.0,0.1502880357686776,
,,,,,,,,,,,,,,,nearest_neighbor_distance,,,,1950.0,0.22592054633379846,
,,,,,,,,,,,,,,,nearest_neighbor_distance,,,,1951.0,0.25572448760258165,
,,,,,,,,,,,,,,,nearest_neighbor_distance,,,,1952.0,0.25513693473479165,
,,,,,,,,,,,,,,,nearest_neighbor_distance,,,,1953.0,0.21007714372171168,
,,,,,,,,,,,,,,,nearest_neighbor_distance,,,,1954.0,0.250844102575428,
,,,,,,,,,,,,,,,nearest_neighbor_distance,,,,1955.0,0.19547033291127874,
,,,,,,,,,,,,,,,nearest_neighbor_distance,,,,1956.0,0.2369065690912316,
,,,,,,,,,,,,,,,nearest_neighbor_distance,,,,1957.0,0.20015211054707432,
,,,,,,,,,,,,,,,nearest_neighbor_distance,,,,1958.0,0.11594840430901424,
,,,,,,,,,,,,,,,nearest_neighbor_distance,,,,1959.0,0.16864251122217958,
,,,,,,,,,,,,,,,nearest_neighbor_distance,,,,1960.0,0.36835121756392986,
,,,,,,,,,,,,,,,nearest_neighbor_distance,,,,1961.0,0.17695364068354705,
,,,,,,,,,,,,,,,nearest_neighbor_distance,,,,1962.0,0.23361744361450712,
,,,,,,,,,,,,,,,nearest_neighbor_distance,,,,1963.0,0.21007708848299292,
,,,,,,,,,,,,,,,nearest_neighbor_distance,,,,1964.0,0.1938147052023168,
,,,,,,,,,,,,,,,nearest_neighbor_distance,,,,1965.0,0.31588124751537977,
,,,,,,,,,,,,,,,nearest_neighbor_distance,,,,1966.0,0.20527939030363906,
,,,,,,,,,,,,,,,nearest_neighbor_distance,,,,1967.0,0.17807496789097324,
,,,,,,,,,,,,,,,nearest_neighbor_distance,,,,1968.0,0.12854603658488917,
,,,,,,,,,,,,,,,nearest_neighbor_distance,,,,1969.0,0.12132883258837975,
,,,,,,,,,,,,,,,nearest_neighbor_distance,,,,1970.0,0.1723713525813958,
,,,,,,,,,,,,,,,nearest_neighbor_distance,,,,1971.0,0.1435935647931185,
,,,,,,,,,,,,,,,nearest_neighbor_distance,,,,1972.0,0.21163855812656746,
,,,,,,,,,,,,,,,nearest_neighbor_distance,,,,1973.0,0.2593217983931701,
,,,,,,,,,,,,,,,nearest_neighbor_distance,,,,1974.0,0.2942039353105038,
,,,,,,,,,,,,,,,nearest_neighbor_distance,,,,1975.0,0.17149945259686208,
,,,,,,,,,,,,,,,nearest_neighbor_distance,,,,1976.0,0.20878559998225538,
,,,,,,,,,,,,,,,nearest_neighbor_distance,,,,1977.0,0.1957713964702906,
,,,,,,,,,,,,,,,nearest_neighbor_distance,,,,1978.0,0.16092731545711933,
,,,,,,,,,,,,,,,nearest_neighbor_distance,,,,1979.0,0.1820346697352592,
,,,,,,,,,,,,,,,nearest_neighbor_distance,,,,1980.0,0.16704844085926324,
,,,,,,,,,,,,,,,nearest_neighbor_distance,,,,1981.0,0.18806031122707806,
,,,,,,,,,,,,,,,nearest_neighbor_distance,,,,1982.0,0.20180090698214698,
,,,,,,,,,,,,,,,nearest_neighbor_distance,,,,1983.0,0.1614996241627062,
,,,,,,,,,,,,,,,nearest_neighbor_distance,,,,1984.0,0.4068094424500105,
,,,,,,,,,,,,,,,nearest_neighbor_distance,,,,1985.0,0.1991756882074244,
,,,,,,,,,,,,,,,nearest_neighbor_distance,,,,1986.0,0.15821474062969532,
,,,,,,,,,,,,,,,nearest_neighbor_distance,,,,1987.0,0.24419043193568246,
,,,,,,,,,,,,,,,nearest_neighbor_distance,,,,1988.0,0.23278627171568272,
,,,,,,,,,,,,,,,nearest_neighbor_distance,,,,1989.0,0.22166463171186448,
,,,,,,,,,,,,,,,nearest_neighbor_distance,,,,1990.0,0.19114890813425264,
,,,,,,,,,,,,,,,nearest_neighbor_distance,,,,1991.0,0.2661772647660551,
,,,,,,,,,,,,,,,nearest_neighbor_distance,,,,1992.0,0.18400162341262155,
,,,,,,,,,,,,,,,nearest_neighbor_distance,,,,1993.0,0.1749022429549907,
,,,,,,,,,,,,,,,nearest_neighbor_distance,,,,1994.0,0.25162809583908624,
,,,,,,,,,,,,,,,nearest_neighbor_distance,,,,1995.0,0.1748706072956221,
,,,,,,,,,,,,,,,nearest_neighbor_distance,,,,1996.0,0.3363093377383424,
,,,,,,,,,,,,,,,nearest_neighbor_distance,,,,1997.0,0.16964994019961813,
,,,,,,,,,,,,,,,nearest_neighbor_distance,,,,1998.0,0.32525477776188233,
,,,,,,,,,,,,,,,nearest_neighbor_distance,,,,1999.0,0.1940358154572215,
,191.0,,,,,,,,,,,,,,osli_frequency,,,,,,0.0
,261.0,,,,,,,,,,,,,,osli_frequency,,,,,,1.0
,232.0,,,,,,,,,,,,,,osli_frequency,,,,,,2.0
,217.0,,,,,,,,,,,,,,osli_frequency,,,,,,3.0
,212.0,,,,,,,,,,,,,,osli_frequency,,,,,,4.0
,217.0,,,,,,,,,,,,,,osli_frequency,,,,,,5.0
,222.0,,,,,,,,,,,,,,osli_frequency,,,,,,6.0
,199.0,,,,,,,,,,,,,,osli_frequency,,,,,,7.0
,249.0,,,,,,,,,,,,,,osli_frequency,,,,,,8.0
