sample_id,analytic_EUIt,analytic_EG,analytic_H,predicted_EUIt,predicted_EG,predicted_H,distance_to_center,nearest_train_distance,contributing_oof_rows,residual_EUIt,residual_EG,residual_H
0,70.46035147806076,2.356963401453612,6.790917166284314,70.4062168,2.35196154,6.80856412,0.5124491892530852,0.22323764817927733,5,-0.05413467806076255,-0.005001861453612033,0.01764695371568603
1,69.06871163540659,2.7067142634728056,7.452923754312093,68.96183599999999,2.69840452,7.495903180000001,0.6161023007446051,0.2312229644296553,5,-0.10687563540659539,-0.008309743472805664,0.04297942568790791
2,71.80193074601375,2.3362206349930905,6.710602219085262,71.7263102,2.33931112,6.67566678,0.738859538560152,0.16388881110290482,5,-0.07562054601375223,0.00309048500690956,-0.03493543908526142
3,67.46992612123992,2.518704435486773,7.384269998689267,67.095294,2.57411196,7.48562044,0.41520352964612445,0.20155857054968887,5,-0.3746321212399266,0.05540752451322728,0.1013504413107329
4,76.23579663266031,2.141376314762365,6.574870988035029,75.729841,2.16688158,6.61441284,0.726762792070209,0.22708815736056912,5,-0.5059556326603172,0.0255052652376353,0.039541851964971286
5,69.40397268785048,2.5527065468534897,6.944485082291168,69.36439,2.59370834,6.973612319999999,0.5610250303841015,0.2050696569283328,5,-0.03958268785048347,0.04100179314651031,0.02912723770883119
6,66.4831984979465,2.7473766974527734,7.570828673702016,66.876946,2.76973004,7.595542140000001,0.5172518636295734,0.1778196139579806,5,0.3937475020535004,0.02235334254722643,0.02471346629798532
7,70.43783101988224,2.5195454895230305,6.975590638804856,70.4259022,2.54247154,6.97889974,0.44748129808638,0.1299714066622823,5,-0.011928819882243147,0.022926050476969717,0.0033091011951444926
8,72.38890009083184,2.197290427832124,6.356394235047727,72.19224080000001,2.16581546,6.33209098,0.7352445500067512,0.18605849233451335,5,-0.19665929083183187,-0.031474967832124,-0.02430325504772668
9,71.08728557694256,2.596154640401164,7.13713429067832,71.3822232,2.637745,7.12775806,0.73608078673002,0.1651535569643394,5,0.29493762305743587,0.041590359598835835,-0.009376230678320496
10,69.04982148645375,2.507311396671616,6.963066708776806,69.32927179999999,2.46304438,6.90801298,0.7163685338537423,0.3766336194021461,5,0.27945031354623495,-0.044267016671616144,-0.05505372877680603
11,68.67872566105717,2.410108533599137,6.983184994187562,68.4308718,2.4315795000000002,7.00615294,0.5240193777966672,0.18936688607033708,5,-0.2478538610571661,0.02147096640086321,0.022967945812437662
12,67.87864072142875,2.2992486289863017,6.936041219349564,67.8304892,2.32359746,6.916933900000001,0.7800762914574156,0.139049099480766,5,-0.04815152142874979,0.024348831013698113,-0.01910731934956278
13,70.46520196501706,2.2559972987430084,6.521454999336018,70.36582899999999,2.23348214,6.54264498,0.6711094287526914,0.11748287545221921,5,-0.09937296501706783,-0.022515158743008357,0.02118998066398259
14,72.02692501818143,2.519361567162615,7.184687769213132,72.1890662,2.5083514399999998,7.15038618,0.5641051646438581,0.1521732500495524,5,0.16214118181856918,-0.01101012716261529,-0.034301589213131756
15,67.95442304695747,2.405707455232524,6.94425959510861,68.0486612,2.4174567199999997,6.935953860000001,0.4234575304340364,0.17053455549713178,5,0.09423815304252514,0.011749264767475509,-0.008305735108609547
16,66.74323919733051,2.2567770272147496,6.807741983936376,67.24907,2.23683152,6.8185047800000005,0.9699552740867896,0.20041397302673772,5,0.5058308026694931,-0.019945507214749636,0.010762796063624513
17,71.96104711605486,2.265747947738773,6.432168373788056,72.008272,2.20058398,6.35863932,0.7374520393718099,0.18873660454438818,5,0.04722488394514812,-0.06516396773877275,-0.07352905378805641
18,73.70134683688529,2.368293891357015,7.073443943987078,73.91287,2.3148437,7.0828050000000005,0.5641063959519313,0.2288131860100962,5,0.21152316311470543,-0.0534501913570149,0.009361056012922475
19,72.6596156856824,2.0406477713437603,6.343612205570492,72.721492,2.08122668,6.36864092,0.7526144588600432,0.15647441837190196,5,0.0618763143176011,0.04057890865623959,0.02502871442950738
20,69.78764871157472,2.5003291643617027,7.102903883778302,69.86971600000001,2.5317328,7.088428260000001,0.5176585916275722,0.10004695072227125,5,0.08206728842529287,0.03140363563829718,-0.014475623778301028
21,70.14508286805716,2.331582593488649,6.611978914330409,70.0252388,2.34062364,6.62074232,0.6340630647178161,0.17742119947159868,5,-0.11984406805716219,0.00904104651135107,0.00876340566959044
22,69.54386502972503,2.526907661803375,7.274729232837247,69.736519,2.50675718,7.290387320000001,0.41321708779520183,0.17931439407381594,5,0.192653970274975,-0.020150481803374642,0.01565808716275363
23,71.6744809271139,2.150871461120288,6.447586935863822,71.9225792,2.1902599799999996,6.487327759999999,0.6867904698918915,0.22745943385873768,5,0.24809827288609654,0.0393885188797114,0.03974082413617719
24,69.09667307873592,2.672135395207682,7.497634746007593,69.028108,2.70297658,7.495201060000001,0.4671957535576861,0.14686871181214115,5,-0.06856507873591511,0.03084118479231801,-0.002433686007591973
25,69.02456957256751,2.365733178316498,6.872344035839686,68.712733,2.3859746,6.91004152,0.5332472345351178,0.23214382572443087,5,-0.31183657256751474,0.020241421683501848,0.037697484160314154
26,69.57826285136176,2.292544149511056,6.564798954992068,69.6537752,2.26977616,6.590050440000001,0.6494986367290473,0.12861239738073232,5,0.07551234863824163,-0.022767989511055742,0.025251485007932395
27,72.06467347316162,2.058950193391172,7.037304518747197,72.587852,2.0093424,7.05467116,1.5126478263845609,0.551931901282634,5,0.5231785268383788,-0.04960779339117183,0.01736664125280285
28,70.48623888415042,2.366995277371562,6.665824364101913,70.3886078,2.3181923400000004,6.66275352,0.5836399295088601,0.188894805939334,5,-0.09763108415042154,-0.048802937371561494,-0.0030708441019129395
29,70.63779405980935,2.167190743247354,6.374824487827861,70.76974700000001,2.18945862,6.403360279999999,0.7640116422260079,0.1980957167026527,5,0.13195294019065784,0.022267876752645854,0.028535792172138308
30,70.9672502637381,2.413225388535732,6.836022265718216,71.157318,2.38275118,6.827502319999999,0.6246541383637003,0.2359190648262604,5,0.1900677362619092,-0.030474208535732128,-0.008519945718217237
31,68.98320052549806,2.468788762783005,7.148159638840641,69.1090692,2.51308624,7.17870214,0.47793760550247255,0.2044711775144917,5,0.1258686745019304,0.04429747721699462,0.03054250115935897
32,71.54197562783276,2.267971872276541,6.866385875619339,70.916639,2.28310462,6.83361904,0.5187499924210687,0.14019878123999802,5,-0.6253366278327519,0.015132747723459072,-0.032766835619338686
33,67.63656100413861,2.4695557656557208,7.024812108148694,67.5963868,2.48695358,6.99816872,0.689506276337611,0.2763348325887634,5,-0.040174204138608616,0.01739781434427945,-0.02664338814869449
34,70.00908136866231,2.400154422614232,6.966353736893447,70.0213968,2.41538124,6.97329582,0.3653395295430752,0.12175843985820038,5,0.012315431337697191,0.0152268173857677,0.00694208310655231
35,70.27107948601456,2.43978298148547,7.04005641331433,70.0311308,2.44197552,7.047821140000001,0.4686787794009457,0.2208309524983864,5,-0.2399486860145572,0.0021925385145302734,0.007764726685670631
36,67.90650294329929,2.4849490993419003,7.099613475901128,68.145094,2.47819694,7.0806439999999995,0.6006184808246989,0.33246619826044704,5,0.238591056700713,-0.00675215934190021,-0.01896947590112852
37,72.13727202112591,2.2350909723929973,6.661494949208705,72.0569532,2.2019617,6.68635994,0.47430220038053966,0.20791267291044582,5,-0.08031882112591404,-0.03312927239299723,0.024864990791295227
38,71.90360595700106,2.5135982277441498,7.382330831456031,72.017954,2.5022155,7.358561,0.6031001938800314,0.26996234289135695,5,0.11434804299894097,-0.011382727744149612,-0.023769831456030843
39,68.91114693363761,2.622647621098951,7.023574076769501,69.380525,2.60554,7.021224479999999,0.7334208275202135,0.19477982479133488,5,0.46937806636239543,-0.017107621098951142,-0.0023495967695019715
40,74.68849790627567,2.1776719056279865,7.110740916499374,75.1568762,2.11561204,7.0653678,0.8456667917423392,0.3243974210370203,5,0.46837829372432793,-0.06205986562798671,-0.045373116499374255
41,70.38741848161999,2.366307300607877,6.773507916895933,70.1456012,2.45747008,6.807728559999999,0.6024287236679534,0.14903615645056154,5,-0.24181728161998706,0.09116277939212258,0.03422064310406636
42,73.47780061536686,2.23642240113644,6.886528642895041,73.24090699999999,2.24751056,6.84151544,0.6377027865652839,0.19091692198502963,5,-0.23689361536686704,0.011088158863559627,-0.04501320289504118
43,69.70918994139679,2.1834801007325533,6.568878269650152,69.90719759999999,2.19278336,6.560305,0.81676919581639,0.2123402427750173,5,0.19800765860320269,0.009303259267446684,-0.008573269650152149
44,74.13459145129116,2.049323364969114,6.247239161183416,73.622539,2.03702832,6.30979806,0.7139432429036391,0.27732955859152153,5,-0.5120524512911544,-0.012295044969113711,0.06255889881658394
45,69.87336405133816,2.1557434805751434,6.373944397162755,69.75748200000001,2.10044192,6.38762642,0.7893379257346295,0.17655731960951987,5,-0.11588205133814711,-0.05530156057514324,0.013682022837245178
46,70.70779914967392,2.371038417690914,6.739172906656239,70.6813918,2.32473504,6.746267639999999,0.4647251666536055,0.1122376498676994,5,-0.026407349673917224,-0.04630337769091364,0.007094733343760318
47,70.47559484507413,2.1385159491719863,6.358233969831066,70.6205592,2.12875078,6.36779806,0.7940036990418313,0.1342561570928672,5,0.14496435492587523,-0.009765169171986443,0.009564090168933781
48,74.2697841409096,2.214394340808948,7.016810003935454,74.414848,2.2460853399999996,7.02630726,0.6199388926773969,0.25438387575389526,5,0.14506385909041342,0.03169099919105145,0.0094972560645461
49,73.94800826039646,2.1550714326109794,6.610788171076059,73.92796000000001,2.14954894,6.61470518,0.8375308544230624,0.1992822149898564,5,-0.020048260396450246,-0.00552249261097959,0.003917008923940202
50,68.82428865334253,2.591523298003038,6.940062630283263,69.167114,2.59575626,6.96781,0.6686413922651888,0.1801084115018467,5,0.3428253466574631,0.0042329619969621035,0.02774736971673697
51,71.32185584014336,2.2679423797133738,6.847699217609216,71.30588800000001,2.26148318,6.881097080000001,0.47628459613117446,0.20854398107278724,5,-0.015967840143346734,-0.006459199713373831,0.03339786239078446
52,77.54010979013144,2.027490012055296,6.267595734225263,77.55323999999999,2.00183306,6.31652362,0.940131101562144,0.26788639525512287,5,0.013130209868549514,-0.025656952055296056,0.04892788577473706
53,71.66751056411303,2.172785549973629,6.703464735197919,71.8896164,2.22317406,6.661512759999999,0.5695514887533009,0.1669392460539168,5,0.2221058358869641,0.05038851002637079,-0.04195197519791982
54,68.92007661121687,2.7603480880306663,7.623810719979841,69.2718198,2.72672558,7.59019524,0.5241169548534468,0.21294512617445654,5,0.35174318878313215,-0.03362250803066624,-0.033615479979840934
55,68.73331978755053,2.67475424553856,7.509376336241533,68.787688,2.66539826,7.5367111,0.45229674802566755,0.1539577894515895,5,0.054368212449475095,-0.009355985538559874,0.027334763758466885
56,67.73757361038153,1.9834163353949168,6.404529673808393,68.23298199999999,2.07713432,6.43083122,0.8958286692762393,0.3176232731452525,5,0.49540838961846134,0.09371798460508307,0.02630154619160674
57,71.16626451235419,2.220107287598704,6.648119965514423,71.2678762,2.26247118,6.6831442800000005,0.8862151006913711,0.31386449840580916,5,0.10161168764581419,0.0423638924012959,0.03502431448557708
58,71.27790522151696,2.6405782053512543,7.569569856175386,71.41637080000001,2.68740114,7.568577619999999,0.7340203826859399,0.2015071964133277,5,0.13846557848304997,0.04682293464874565,-0.000992236175386907
59,72.71046953890955,2.5571536055418824,7.451354942307989,72.5414064,2.53921128,7.436991999999999,0.7175914959054969,0.24284170379028405,5,-0.16906313890955005,-0.017942325541882465,-0.014362942307990068
60,69.25339536033349,2.3289380233353287,6.980779946655124,68.944574,2.31545816,6.980055,0.8085610257849252,0.189308356555255,5,-0.3088213603334822,-0.013479863335328801,-0.0007249466551240147
61,70.10153596895366,2.413379220608567,7.071346642309152,70.091527,2.47971184,7.088456720000001,0.4354565385365623,0.16251054843813795,5,-0.010008968953655994,0.06633261939143287,0.017110077690849046
62,70.08328337724326,2.5081797551927214,6.911263404535087,70.5036172,2.4578011,6.90988706,0.41278133513455745,0.16941834652514137,5,0.4203338227567315,-0.05037865519272122,-0.0013763445350871706
63,69.6851969317986,2.2650275121767187,6.89618889177787,69.3776788,2.2647815,6.836313179999999,0.6240091507888843,0.19717941293999783,5,-0.3075181317986022,-0.00024601217671893494,-0.05987571177787032
64,67.28159727850024,2.378365975906833,6.989590502341963,67.233148,2.3327716,7.01938372,0.526232436093139,0.16442327421436226,5,-0.048449278500243054,-0.04559437590683313,0.029793217658037108
65,71.50809747675996,2.4539584703872395,6.786268557721809,70.9315912,2.39851904,6.7624737800000005,0.5551714123152082,0.1297701902813252,5,-0.5765062767599574,-0.05543943038723942,-0.02379477772180838
66,70.55934984995937,2.397649689852452,6.775635845289374,70.822712,2.4045062600000002,6.78717346,0.47217732151528435,0.1661561339354317,5,0.2633621500406207,0.006856570147548258,0.011537614710626087
67,71.84604059113036,2.1891169441421185,6.974535910851491,72.3270292,2.2367650400000003,6.9514005,0.7642087708831479,0.18309024891055195,5,0.48098860886963735,0.04764809585788177,-0.023135410851490512
68,70.39067627026306,2.063469988251368,6.509477520885855,70.859034,2.1065139000000004,6.528130780000001,0.7588056291826204,0.1911489081342526,5,0.4683577297369368,0.043043911748632535,0.018653259114145726
69,69.79742679279445,2.58299203722532,7.191603795642526,69.77338879999999,2.58402448,7.209446099999999,0.2741776860459871,0.20161715777996675,5,-0.024037992794461616,0.0010324427746799536,0.01784230435747336
70,73.13952059550165,2.1409900705828697,6.799874013893475,73.123952,2.1606179,6.82171488,1.0118503673147128,0.37206485132816225,5,-0.01556859550164802,0.01962782941713037,0.021840866106525247
71,71.09536410982341,2.093008209976824,6.490118793227454,70.9686888,2.1670627,6.5417106799999996,0.5638830022557687,0.1541145229903396,5,-0.1266753098234119,0.07405449002317566,0.05159188677254534
72,71.8938636051534,2.2097750199276534,6.644948438982572,72.2688822,2.2095887,6.68539506,0.750472501121438,0.2502298252283252,5,0.37501859484659406,-0.00018631992765349992,0.04044662101742791
73,69.57670974576732,2.7713170883626788,7.568137174275842,69.95228399999999,2.75067214,7.55606292,0.6852731965999471,0.2003645020892993,5,0.3755742542326743,-0.02064494836267894,-0.0120742542758423
74,67.85071533619367,2.591910396309792,7.391107562784297,67.98101199999999,2.58974738,7.35307162,0.356947081197582,0.23631832168393782,5,0.13029666380631966,-0.0021630163097920985,-0.03803594278429756
75,70.49973059269894,2.252593633652769,6.451540357094205,70.6865728,2.26086092,6.45611794,0.7799711719898593,0.2298199730510954,5,0.18684220730105494,0.00826728634723084,0.004577582905795019
76,72.6076002442978,2.4267834610675734,6.957731927006553,72.1404762,2.4234363799999996,6.91634944,0.5456844991012865,0.1894340305756557,5,-0.46712404429780463,-0.003347081067573754,-0.04138248700655289
77,73.55206285914657,2.317436089170566,6.588611577322787,73.6030562,2.29152054,6.625413280000001,0.4502613258806833,0.1485827560969575,5,0.050993340853423774,-0.02591554917056582,0.03680170267721383
78,72.53452898010046,2.2082299489020523,6.6656211934268255,72.646411,2.1703367800000004,6.64530414,0.6011355104464916,0.2160562588013782,5,0.11188201989953939,-0.037893168902051855,-0.020317053426825105
79,69.53705823148047,2.317045635664187,6.671250353620309,69.5342988,2.32840272,6.67927454,0.596800044746668,0.2627238430307897,5,-0.002759431480470198,0.011357084335813283,0.008024186379691045
80,68.85966944368188,2.775205651747898,7.482251157869229,68.483694,2.7451762200000003,7.5013678,0.6740226554947213,0.1746411500815382,5,-0.37597544368188096,-0.03002943174789774,0.019116642130771133
81,70.43805849774995,2.531282095583813,6.896018649378819,70.695296,2.4924786400000003,6.90160916,0.7981585334301086,0.17743989267860893,5,0.2572375022500495,-0.038803455583812596,0.0055905106211806554
82,69.01690491325473,2.600251851484512,7.187039979103583,68.92796100000001,2.59551904,7.22420314,0.6880765561974895,0.1596308164252812,5,-0.08894391325472384,-0.0047328114845117675,0.03716316089641758
83,67.22699315892339,2.5396877551531887,7.220098015700503,67.3223484,2.5413455,7.246940220000001,0.40424482485286023,0.17295420082717555,5,0.09535524107660365,0.0016577448468111378,0.026842204299497574
84,69.54141384849676,2.4801675366299696,7.203132295960569,69.632881,2.47385372,7.204494080000001,0.3387639591133298,0.1386201986490226,5,0.09146715150323814,-0.006313816629969438,0.0013617840394317682
85,72.0068820378089,2.20557885534481,7.054353250079339,72.10793140000001,2.24960852,7.04626442,0.8486916083172197,0.20628804934626305,5,0.10104936219111949,0.04402966465518965,-0.00808883007933936
86,70.10069479149257,2.42144230440442,6.741040037796213,70.25972920000001,2.4310534,6.73984356,0.6230265235482849,0.1818343273971658,5,0.15903440850743777,0.009611095595579933,-0.0011964777962134576
87,72.40134330787795,1.9451509454518423,6.326322315870892,72.316621,1.90232488,6.29793486,0.856582977190086,0.21721871727281156,5,-0.08472230787795354,-0.0428260654518422,-0.02838745587089253
88,70.11794784702256,2.408656405791845,7.546112943858608,69.9356692,2.4693881,7.515940860000001,0.7298011291017779,0.23949601391353692,5,-0.18227864702255658,0.06073169420815505,-0.03017208385860748
89,68.86591927489285,2.42393848100606,6.8733428196025015,69.03351,2.4450103800000003,6.86378146,0.5884094528038881,0.22102897244845715,5,0.16759072510716067,0.02107189899394024,-0.009561359602501263
90,76.09830681582714,1.9417268616667305,6.678355556418397,76.0025262,1.9617204799999999,6.67302684,0.9654396234402769,0.2579667358118388,5,-0.09578061582713815,0.019993618333269403,-0.00532871641839705
91,68.91676594479283,2.361475807519378,6.710803400352924,69.0926288,2.38099552,6.6884412,0.5927884977950107,0.1891563752131121,5,0.17586285520717126,0.019519712480621898,-0.022362200352924688
92,68.69707546297079,2.02328930822345,6.443621119583463,68.9637442,2.0157566000000005,6.46023976,0.8781081472876359,0.2442146297039795,5,0.2666687370292067,-0.007532708223449536,0.016618640416536934
93,68.60928187608259,2.365059443969812,6.954730276596793,68.8715316,2.3674734,6.92281768,0.4430642640841894,0.11452357901593513,5,0.26224972391740664,0.0024139560301881247,-0.03191259659679346
94,69.78504719308833,2.7492498662290483,7.691069515419963,69.312792,2.76848834,7.6557341800000005,0.6045711362756943,0.1311817820517471,5,-0.47225519308832986,0.01923847377095189,-0.03533533541996281
95,68.67924553506269,2.576970886371183,7.228866793058989,68.728981,2.54623738,7.205623800000001,0.3509721973439988,0.16287572967260733,5,0.04973546493731362,-0.030733506371182884,-0.02324299305898858
96,73.1771478283171,2.3970818609595232,6.890405613902561,72.74852200000001,2.39259564,6.97946918,0.5471199458030745,0.20329822002038989,5,-0.42862582831709517,-0.004486220959523113,0.0890635660974386
97,66.89720570170222,2.735527577374389,7.590658692495791,67.156342,2.7430323999999997,7.55587926,0.4013043280612787,0.23516884958820147,5,0.2591362982977756,0.0075048226256106965,-0.03477943249579063
98,68.81450105586248,2.477409504429158,7.5812957945068415,68.816092,2.47074296,7.567993599999999,0.8314652192370829,0.35295959637657914,5,0.0015909441375185907,-0.006666544429158261,-0.013302194506842113
99,73.87832619040829,2.128042410847788,6.380443281773415,73.83697520000001,2.155913,6.39801278,0.801783409827409,0.3026320483668783,5,-0.041350990408275834,0.027870589152211966,0.017569498226585267
100,72.24310651102648,2.3203673938430724,6.688543069903163,72.47328999999999,2.3193793400000002,6.70928084,0.5209034038727974,0.2570049034240919,5,0.23018348897350904,-0.0009880538430722119,0.020737770096836528
101,70.2562394254027,2.537158050829037,7.14778811551529,70.122962,2.47951396,7.0788001,0.45392261605813966,0.2475082601381656,5,-0.13327742540269583,-0.05764409082903699,-0.06898801551529044
102,75.15623973734523,1.9889815329461047,6.751722323251238,74.99701680000001,2.06237868,6.7681621199999995,0.8030026685830659,0.22637367000967337,5,-0.15922293734521986,0.07339714705389544,0.01643979674876128
103,68.87364530012728,2.2312233501239174,6.70333584900421,69.1936842,2.24915482,6.6921425999999995,0.6024888737527972,0.211885564765043,5,0.3200388998727277,0.01793146987608285,-0.011193249004210593
104,71.72691999610139,2.342561643102488,6.598634384839445,71.932307,2.2605302800000002,6.6211462999999995,0.5306928666831767,0.22713073676950782,5,0.20538700389860765,-0.08203136310248782,0.022511915160554175
105,69.64257827746576,2.4853592916355267,7.077031825211561,69.46842699999999,2.45303776,7.03519522,0.5373498808992081,0.19333752418739106,5,-0.17415127746576786,-0.03232153163552676,-0.04183660521156085
106,70.05015050421306,2.616613355025465,7.282323341800359,69.928529,2.59385626,7.26752424,0.512810507091253,0.19995018441456236,5,-0.12162150421306706,-0.02275709502546519,-0.014799101800358372
107,74.71211218648288,2.074126539017758,6.756657654291897,74.22841600000001,2.07904722,6.7852666,0.9172403715494436,0.2940445703741007,5,-0.4836961864828737,0.004920680982241965,0.02860894570810313
108,71.21151360311333,2.431061102003853,6.917073528198417,71.095522,2.42328642,6.9571086,0.5819575137714788,0.18573042857263192,5,-0.11599160311332923,-0.007774682003852895,0.040035071801582944
109,70.57607443442375,2.406426418336437,6.687573011837975,70.48151379999999,2.3893984799999997,6.672787420000001,0.619124759236181,0.20975691939362714,5,-0.0945606344237575,-0.01702793833643712,-0.01478559183797401
110,72.39922557099503,2.3060901085860417,7.240931121060518,72.06503719999999,2.33251992,7.313791159999999,0.9926807083982137,0.2804485905741045,5,-0.3341883709950366,0.026429811413958504,0.07286003893948134
111,72.05467902224109,2.345670097917633,6.809766741811569,71.9695258,2.35384554,6.8135338,0.41877945179393555,0.20453568854941612,5,-0.08515322224108957,0.008175442082367201,0.0037670581884308163
112,66.831100510086,2.8097735268377844,7.316284384044596,66.9334048,2.76547794,7.32074334,0.8252670982546633,0.21051396229139646,5,0.10230428991400231,-0.04429558683778456,0.004458955955404242
113,69.5217636962361,2.447808650465364,7.143630895621927,69.386199,2.5025019200000003,7.107762719999999,0.5643267152819543,0.20075186387791938,5,-0.13556469623610212,0.05469326953463627,-0.035868175621927456
114,68.48140180589178,2.5218882638108693,7.062177620447917,68.31007600000001,2.48719008,7.05524312,0.5153451719893439,0.18515753496997975,5,-0.17132580589176882,-0.03469818381086931,-0.006934500447917102
115,73.832211443596,2.2736914208220296,6.866370127771718,73.448063,2.25207888,6.8207723200000006,0.6043969225218555,0.2406908503209581,5,-0.3841484435959899,-0.02161254082202957,-0.045597807771717846
116,69.27945778856606,2.7685248336017256,7.708941617861141,69.183571,2.7816820399999997,7.71155312,0.6272349366903227,0.0859115438398378,5,-0.09588678856606236,0.013157206398274113,0.0026115021388584125
117,68.09847755309409,2.358656829907537,7.006233979332963,68.271644,2.32311588,6.96382124,0.4536231515258707,0.1943494830296607,5,0.17316644690590977,-0.035540949907536756,-0.04241273933296341
118,67.26180483688796,2.604096859836755,7.272715018936159,67.1718858,2.5257545400000003,7.22390302,0.4975538426889819,0.14890813962977054,5,-0.08991903688796299,-0.07834231983675455,-0.048811998936159284
119,68.7595999235203,2.749576898177297,7.793785979629227,68.8081088,2.73782356,7.77864158,0.8010299726434675,0.2240965108773024,5,0.04850887647970126,-0.011753338177296957,-0.015144399629226868
120,67.36416717371628,2.3955691606559326,7.032761714459122,67.312882,2.40828642,7.04288026,0.4971837538787195,0.1877487461148913,5,-0.0512851737162805,0.012717259344067422,0.010118545540877655
121,72.62994241643165,2.2149217945117567,6.791179976606425,72.422928,2.24001692,6.790348280000001,0.8288690813614243,0.2650835650459447,5,-0.20701441643164742,0.02509512548824322,-0.000831696606423904
122,71.05401106697123,2.400101605832007,6.729818851378697,70.91922,2.40156384,6.768907060000001,0.6413508929302273,0.22468950410766064,5,-0.134791066971232,0.0014622341679930706,0.0390882086213038
123,74.10802585098789,2.066115098871381,6.7896136444178525,74.077175,2.14052948,6.8104167,0.7795647469975076,0.1920124534611914,5,-0.03085085098788909,0.07441438112861931,0.020803055582147678
124,71.05622659086299,2.156770662433708,6.593578357130767,70.627309,2.1579232399999997,6.590179279999999,0.5394146078045857,0.1662153378216868,5,-0.4289175908629943,0.0011525775662915017,-0.0033990771307674805
125,69.0800332107672,2.1565846925133885,6.550976167085446,69.066836,2.1491634,6.5434208400000005,0.7228977028580905,0.2138640380512656,5,-0.013197210767202705,-0.007421292513388522,-0.007555327085445818
126,71.29526162471677,2.4711825606932694,6.765172537134302,71.448514,2.4447745000000003,6.7598448399999995,0.6260760181864159,0.2358166609957514,5,0.15325237528323044,-0.026408060693269064,-0.005327697134302589
127,73.77072533013248,2.0415662114126256,6.399309925326119,73.6221538,2.0141031000000003,6.394858340000001,0.8220531432199827,0.3050131193791031,5,-0.1485715301324717,-0.027463111412625363,-0.004451585326118668
128,72.17750612010599,2.354429295579332,6.6892281154897635,72.258529,2.3445452799999997,6.679009840000001,0.5297993612302366,0.1253373737433188,5,0.08102287989400736,-0.00988401557933205,-0.010218275489762618
129,67.21491436813238,2.624394426286954,7.46226858823839,67.2625058,2.5871971599999997,7.428049,0.5863612529853864,0.1808099868070705,5,0.04759143186761605,-0.03719726628695419,-0.034219588238390664
130,71.60035837479936,2.320710153427371,7.1659960368606885,71.84883099999999,2.25232684,7.12634098,1.144639110352209,0.34670749310983706,5,0.24847262520063396,-0.06838331342737103,-0.039655056860688376
131,70.50602070413777,2.5997492206196537,6.936795762873883,70.35932720000001,2.5522711399999998,6.95885328,0.6356187733982942,0.2037088179010734,5,-0.14669350413775817,-0.04747808061965397,0.022057517126116366
132,71.95021434193383,2.3041693870121374,6.632546152111315,72.132244,2.26907288,6.589408000000001,0.698067375534979,0.16588963398216344,5,0.18202965806617044,-0.0350965070121374,-0.043138152111314554
133,72.3914332472329,2.079940538190959,6.606872937282228,72.2693082,2.1234816000000003,6.575880979999999,0.8947395333190421,0.2883013181461532,5,-0.12212504723289896,0.04354106180904127,-0.03099195728222881
134,67.4826701317825,2.658688583609288,7.535931507815837,67.319512,2.63702456,7.49921614,0.46467018008620664,0.2460927117806126,5,-0.16315813178249527,-0.021664023609288208,-0.036715367815837396
135,72.77319582139843,2.439898172188076,7.040038293929641,72.77460479999999,2.45171012,7.022824819999999,0.6327407780874232,0.2523377852457088,5,0.0014089786015603067,0.01181194781192385,-0.017213473929641232
136,71.79598818878046,2.2680873315899626,7.004046231810674,72.03176900000001,2.2704224,7.0133001,0.6155233279563517,0.2594526663725835,5,0.23578081121955563,0.0023350684100376107,0.009253868189325942
137,72.15437487893865,2.361515132327405,6.8443202199628175,71.616408,2.3916099199999996,6.86717018,0.4393827632802715,0.0931969187316285,5,-0.5379668789386471,0.03009478767259477,0.022849960037182093
138,70.08851865815862,2.373809338565609,7.117824701612845,69.783308,2.4015899000000003,7.15104092,0.6513019834875391,0.2381220371129565,5,-0.3052106581586145,0.027780561434391338,0.03321621838715494
139,69.94225916121336,2.135455629882663,6.666522029399063,69.91119699999999,2.16446762,6.69808258,0.6581411928906523,0.2294734125646532,5,-0.031062161213370132,0.029011990117337128,0.0315605506009371
140,71.88954244501676,2.569374542469873,7.58270133453627,71.527622,2.5869903,7.55614906,0.7273787780670198,0.25389599535640184,5,-0.36192044501676435,0.01761575753012723,-0.02655227453626985
141,75.42961711584698,2.1243997128486383,7.099096502081082,75.57479,2.14682352,7.1035406199999995,1.026944364946334,0.4070214865869056,5,0.14517288415301266,0.022423807151361608,0.004444117918917634
142,71.82604688716629,2.579380706868615,7.259016837707813,71.9844698,2.58898212,7.24802728,0.6596927404572828,0.194975108470735,5,0.15842291283371424,0.009601413131384628,-0.010989557707813624
143,70.10741150211241,2.3021633364383045,6.990870758885151,69.878762,2.2933979200000003,6.9242807200000005,0.5080039323879365,0.2193620672630165,5,-0.2286495021124182,-0.008765416438304197,-0.0665900388851508
144,68.30852273622666,2.619972514674548,7.49577561012006,67.8985358,2.63929668,7.5118749000000005,0.6641365733597374,0.3103104188527804,5,-0.4099869362266588,0.019324165325452114,0.016099289879940137
145,71.22813673037898,2.323961654580825,6.748175433305528,70.4244178,2.28739686,6.78884532,0.5887332480449251,0.13505227933704775,5,-0.8037189303789773,-0.036564794580824955,0.04066988669447191
146,71.6250429874478,2.320577087750044,6.892375980663553,71.6090992,2.31809732,6.858409739999999,0.6130713958793197,0.19391015465615233,5,-0.0159437874477959,-0.00247976775004366,-0.03396624066355436
147,71.27932774046576,2.509158387055192,7.007808741271833,71.1382838,2.53343852,7.0254474799999995,0.6097005312823847,0.23402464161097428,5,-0.14104394046576374,0.024280132944807686,0.01763873872816646
148,70.53720599020235,2.401753200499882,6.758147949812226,70.56331,2.40330002,6.763007539999999,0.6486220177291393,0.2161510958513114,5,0.02610400979764904,0.0015468195001182572,0.004859590187773044
149,66.0,2.092736775867307,6.6066246813512794,65.66460520000001,2.01157948,6.57359314,1.0620989960509557,0.26714922100861277,5,-0.3353947999999889,-0.08115729586730724,-0.033031541351279614
150,67.8871465633794,2.1879325313437232,6.759087937302972,68.4509242,2.1507044,6.801201280000001,0.85016291896703,0.2056952494059951,5,0.5637776366205998,-0.03722813134372327,0.0421133426970286
151,67.9944048770909,2.224423249963172,6.686904913585335,68.6010438,2.1635347,6.6845146799999995,1.0107479275424356,0.2170113005030007,5,0.6066389229090987,-0.06088854996317217,-0.0023902335853351886
152,67.9835330624885,2.691336485811793,7.326765604089485,68.3936312,2.6536267199999997,7.33182384,0.3364547508062772,0.1513740249738783,5,0.41009813751149693,-0.03770976581179353,0.00505823591051513
153,71.92518029492625,2.1745662547609617,7.053841339955875,71.68922979999999,2.21990334,7.072663919999999,0.9277751828739775,0.2947466916093777,5,-0.2359504949262572,0.045337085239038455,0.01882258004412396
154,71.17316305916489,2.5111044587588705,7.032484642626142,71.2302842,2.5206997,7.044890359999999,0.4154189958398583,0.17638176949652393,5,0.05712114083510755,0.00959524124112976,0.012405717373857428
155,72.14027955485426,2.320968784157051,7.047749708267254,71.484039,2.29027956,7.058525380000001,0.6409264431334981,0.21116847875452488,5,-0.6562405548542642,-0.030689224157050887,0.010775671732746517
156,70.48816536863515,2.424234032588623,6.730718611215562,70.489015,2.37973286,6.707731900000001,0.6182064875237236,0.197080140086187,5,0.0008496313648436171,-0.044501172588623295,-0.022986711215561506
157,68.24281425909501,2.24915619095922,6.914480089416516,68.2434472,2.2814081,6.90221916,0.8019451804981582,0.139049099480766,5,0.0006329409049925516,0.032251909040780014,-0.012260929416516575
158,68.46306048502872,2.584165921496212,7.25112089455447,68.4615258,2.56742048,7.275229899999999,0.2389039694411251,0.1796439057341732,5,-0.0015346850287158986,-0.01674544149621182,0.02410900544552952
159,70.25998420447598,2.48680592983256,7.260159177959187,70.221721,2.53297558,7.2410289599999995,0.5371542281415626,0.2775889426292815,5,-0.03826320447598164,0.04616965016743979,-0.019130217959187235
160,67.47176260044431,2.6376786158535075,7.456180190733884,67.57458679999999,2.64858932,7.4451486000000004,0.4931377480403326,0.25836333663463507,5,0.102824199555684,0.010910704146492645,-0.011031590733883156
161,73.53565825796542,2.321194875368832,6.775500719894805,73.23951500000001,2.2737389200000004,6.74396756,0.8020255190816151,0.40026152460680586,5,-0.2961432579654115,-0.047455955368831404,-0.03153315989480543
162,73.14206192377549,2.351482988199225,7.021214765745901,73.0223148,2.3671755400000003,7.0172617200000005,0.9077509068563373,0.45642521093195876,5,-0.11974712377548258,0.015692551800775334,-0.003953045745900496
163,71.07819507301839,1.7998630044980526,6.115042036986937,71.75652,1.81506306,6.12839492,1.0111338359272346,0.1487839790364637,5,0.6783249269816025,0.015200055501947363,0.013352883013062922
164,69.98871468266984,2.695117937617849,7.504137272183502,69.83335,2.68378836,7.5283236,0.7559460882076248,0.22542328649986776,5,-0.15536468266984116,-0.01132957761784903,0.024186327816498654
165,70.84281585608903,2.653257890135154,7.339507145539429,71.0524712,2.60985018,7.301798440000001,0.4699999829042626,0.10515625969863449,5,0.20965534391096696,-0.04340771013515399,-0.03770870553942807
166,69.22271025126166,2.1082283146159013,6.6766124038464465,69.255656,2.07634818,6.66668954,0.7465134160388107,0.2170335525804703,5,0.03294574873834222,-0.03188013461590122,-0.009922863846446361
167,66.0,2.7134975335763447,7.685611121533233,64.9525798,2.72207576,7.675773480000001,0.8257381519686087,0.1518455313305201,5,-1.0474202000000048,0.008578226423655355,-0.009837641533231967
168,71.89996737219893,2.184020540007708,6.481475084740978,72.0421432,2.20894404,6.523907800000001,0.5976366092760815,0.15619402738888932,5,0.14217582780106852,0.02492349999229182,0.04243271525902248
169,69.13716178271233,2.42214876479894,6.931856884539313,69.63333,2.4150049200000003,6.9040412799999995,0.4125076808971907,0.1525408536140918,5,0.4961682172876749,-0.0071438447989398135,-0.0278156045393132
170,70.53347405985201,2.562347839914113,7.168613548020974,70.33596700000001,2.5699391,7.15282036,0.4685187859311662,0.15226862391673232,5,-0.19750705985200057,0.007591260085887175,-0.01579318802097429
171,71.03740988844653,2.619180978111905,7.01894348746796,70.794388,2.5767677200000003,6.99987726,0.6095380727893573,0.16797219562260893,5,-0.24302188844653472,-0.04241325811190455,-0.019066227467960495
172,71.75757288958702,2.260517635356592,6.739309232073348,71.676996,2.21640204,6.75920518,0.5709095624961968,0.1662462213390271,5,-0.08057688958702158,-0.04411559535659171,0.019895947926652724
173,66.0,2.789070485302871,7.572630071530016,65.93123920000001,2.7614102,7.55706914,0.5157139801260212,0.2453826493151649,5,-0.06876079999999263,-0.027660285302871124,-0.015560931530015587
174,69.443108724824,2.5596320668375454,7.5619032054871935,69.169795,2.60434456,7.557462200000001,0.6014477795576987,0.2813944872657953,5,-0.27331372482400695,0.044712493162454514,-0.0044410054871928395
175,68.22408243640409,2.4112339852750027,7.019862944264311,68.428078,2.39801608,7.01720552,0.6525569516848715,0.1493791268979868,5,0.2039955635959103,-0.01321790527500255,-0.002657424264310926
176,73.47546223339874,2.2207833000307726,6.614415093378464,73.3873612,2.24649484,6.62185604,0.5947081919439955,0.18618824193661648,5,-0.08810103339874331,0.02571153996922737,0.007440946621535716
177,67.1447059334582,2.567510241809313,7.298515782013437,67.2414566,2.59012608,7.2976302,0.5017952081547332,0.1607278789513349,5,0.09675066654180853,0.022615838190687132,-0.0008855820134368031
178,66.41074613403991,2.53031881363628,7.4230216240632405,66.18290979999999,2.52068208,7.379953,0.6052778308890625,0.3113091244676876,5,-0.22783633403992098,-0.009636733636280148,-0.04306862406324008
179,67.47434503205386,1.9982007195315608,6.30664194787254,67.9613732,1.97990938,6.320471100000001,1.0100286335389077,0.2517496628143049,5,0.4870281679461357,-0.018291339531560702,0.013829152127460276
180,68.97905558717427,2.603631853880048,7.183306049961169,69.1967092,2.5905638,7.172878020000001,0.4883209012599742,0.26426156887074537,5,0.21765361282572826,-0.013068053880048058,-0.010428029961168761
181,73.29146778045775,2.2543167115070912,6.879919639367159,73.193376,2.21884764,6.899516439999999,0.7058140014185786,0.2456756922279782,5,-0.09809178045775013,-0.03546907150709133,0.019596800632839972
182,70.83440655488988,2.2802038654339394,7.0441115064339925,70.9391332,2.3007552000000002,7.0562421,0.7004719855365102,0.2773646450793338,5,0.10472664511011942,0.02055133456606084,0.012130593566007875
183,70.57904313216385,2.392189177845577,6.73092933929758,70.3554682,2.36596558,6.71907,0.5253492985177893,0.17739919342230664,5,-0.22357493216384228,-0.02622359784557693,-0.011859339297579652
184,67.19177050316131,2.5805043816694333,7.205058768964872,67.48602600000001,2.61931998,7.2147878599999995,0.6435896268504518,0.22199501403250835,5,0.29425549683870145,0.038815598330566914,0.009729091035127091
185,70.98362105308708,2.382441446752126,7.075970319344442,71.12187200000001,2.32376926,7.0840956,0.6152667058171299,0.1963180418965742,5,0.13825094691293316,-0.05867218675212582,0.008125280655558065
186,70.31249581306184,2.5282567706812293,7.13841843127795,70.2481828,2.5263333,7.1388565999999996,0.6245446811108074,0.1879892536235796,5,-0.06431301306184878,-0.0019234706812292224,0.00043816872204960333
187,69.40274373759837,2.722468161476606,7.082574096879872,69.5587814,2.64910158,7.063298040000001,0.8545741413672812,0.17957884762726878,5,0.15603766240162997,-0.07336658147660602,-0.019276056879871106
188,73.45276086442996,2.257085105723511,6.642399137418974,73.741535,2.2595019,6.670492519999999,0.5438920799617192,0.22108543669550978,5,0.28877413557003706,0.0024167942764892203,0.028093382581024784
189,68.58118132742655,2.5160911650184823,6.9706539215181165,68.859739,2.5075955199999997,6.982534820000001,0.5042036120951215,0.19405864205858575,5,0.27855767257345576,-0.008495645018482545,0.011880898481884117
190,69.47040414622103,2.4663333157285936,7.170883383154144,69.5018058,2.4806697200000003,7.145543119999999,0.4936011150473466,0.1801641941709887,5,0.031401653778971195,0.0143364042714067,-0.025340263154144615
191,72.0431558809684,2.261601941509949,6.920230962027544,72.022933,2.27686058,6.920509200000001,0.613046286272055,0.1978990489706395,5,-0.02022288096840441,0.015258638490051268,0.00027823797245662973
192,69.67058581358096,2.595669233584114,7.032104079819588,69.70379679999999,2.56394868,7.0182744,0.4357850257850111,0.17981825861023823,5,0.03321098641903575,-0.03172055358411363,-0.013829679819587604
193,68.60834443060172,2.1709995782890408,6.5019114398394295,68.598807,2.17354516,6.53582394,0.7625060411530618,0.26050546153779364,5,-0.00953743060172485,0.0025455817109594214,0.03391250016057068
194,72.14010854194399,2.46271289118724,6.9445339224285005,71.988306,2.48314112,6.9345819,0.4293445160640467,0.2116450774280325,5,-0.15180254194399367,0.020428228812760185,-0.009952022428500129
195,70.27587971469765,2.189843103360904,6.789022221037169,69.6088728,2.20003516,6.8663681400000005,0.5853054243433371,0.13131796909159632,5,-0.6670069146976516,0.010192056639096059,0.07734591896283138
196,74.8214008380084,2.1373026141564058,6.569135464709328,74.8677322,2.1022828799999997,6.602293059999999,0.8667439740281399,0.1992822149898564,5,0.046331361991605036,-0.035019734156406024,0.03315759529067108
197,71.26144567529546,2.217394431283771,6.536244462057111,71.6131862,2.19503044,6.541302020000001,0.5884115793557949,0.19498067999190458,5,0.35174052470453887,-0.02236399128377098,0.005057557942889979
198,66.06403686323536,2.4374119553659432,7.299221109719236,66.1560178,2.47938396,7.347587,0.541617465703187,0.17832933653108066,5,0.09198093676464225,0.04197200463405659,0.04836589028076421
199,70.31928916412546,2.332672324164025,6.630433843589782,70.577535,2.35052658,6.6133574600000005,0.6289886875553866,0.18984303418538845,5,0.25824583587453276,0.017854255835974886,-0.017076383589781585
200,66.96908991054327,2.8065930790182194,7.588883586715506,67.171706,2.7429142200000003,7.606538840000001,0.513187382634732,0.2115044840156434,5,0.2026160894567255,-0.06367885901821912,0.01765525328449513
201,69.6824186809876,2.7740441166483243,7.605008627188637,69.311547,2.72718884,7.6179672400000005,0.8557982994536453,0.23165717709751385,5,-0.37087168098759093,-0.04685527664832412,0.012958612811363679
202,71.83803408425665,2.252029835463929,6.552587203345302,71.5942288,2.2659074,6.55204298,0.754405734699024,0.23025507936876427,5,-0.24380528425665204,0.01387756453607114,-0.0005442233453019085
203,69.93558006264234,2.6027879350243466,7.042405770737384,69.82642480000001,2.5981475,7.012142079999999,0.8207078267262602,0.26246147760428884,5,-0.10915526264233222,-0.004640435024346523,-0.03026369073738433
204,69.74150958140446,2.5408892419127223,7.550443437139984,69.772337,2.52189172,7.56117052,0.8764059774005221,0.3735915468984229,5,0.030827418595535505,-0.018997521912722082,0.01072708286001589
205,73.52687130466123,2.332822723856945,7.090036244362278,73.6342418,2.3123594400000003,7.05894668,0.9619893546325834,0.2151299954480926,5,0.10737049533877041,-0.020463283856944514,-0.031089564362278388
206,71.28981907228393,2.2711844179127585,6.384068452415617,71.372612,2.1885530600000003,6.3567222999999995,0.7517076373154076,0.191507645700478,5,0.08279292771607061,-0.08263135791275822,-0.027346152415617553
207,71.05620760060225,2.274859463899296,6.586453208687658,71.12364720000001,2.31671686,6.64840178,0.5873423442952888,0.1285460365848891,5,0.06743959939775834,0.04185739610070405,0.06194857131234244
208,76.44579958135883,2.0557136540587835,6.641607860313426,76.42565520000001,2.0804330799999997,6.687844440000001,0.7464910610027674,0.28956437985267963,5,-0.020144381358818464,0.024719425941216233,0.046236579686574686
209,71.58561993774359,2.47694617617215,7.162028154286423,71.4264082,2.49548464,7.19300008,0.40452035499471684,0.2610040988198899,5,-0.15921173774358977,0.01853846382784985,0.030971925713576987
210,69.09222035484069,2.788339623390488,7.68762995082205,68.930064,2.79901672,7.6475385000000005,0.7456673289697138,0.23301915127215192,5,-0.1621563548406897,0.010677096609512216,-0.040091450822049346
211,68.32281103812585,2.5777279722568567,7.458648576198511,68.19434,2.6146286,7.4716483,0.6575045787943277,0.157894746234047,5,-0.12847103812585203,0.0369006277431434,0.012999723801488727
212,72.00869844948566,2.4098009029061163,7.023973732749762,71.5255344,2.4688524999999997,7.02749922,0.5404874201554776,0.25438332259469615,5,-0.4831640494856657,0.05905159709388341,0.0035254872502381573
213,66.36921239674955,2.612730269903309,7.259789518776063,66.60302320000001,2.59871536,7.21537154,0.5068242187442302,0.2419517254570705,5,0.23381080325046355,-0.014014909903309114,-0.044417978776063016
214,69.24087416669737,2.475042050664936,6.729489793975728,69.666736,2.4081426400000003,6.718988179999999,0.680615650622891,0.1963967122025968,5,0.4258618333026334,-0.06689941066493565,-0.010501613975728574
215,72.31976192414896,2.296333242439858,7.251864740125372,72.278186,2.35994286,7.2677482,1.0400363298994575,0.27369970852309206,5,-0.041575924148958165,0.06360961756014172,0.015883459874627803
216,66.3604539774766,2.730842345983717,7.477560071960253,66.333338,2.7354204,7.509602060000001,0.7783617752003599,0.22882560595875057,5,-0.027115977476597664,0.004578054016283417,0.03204198803974734
217,72.19610827725634,2.2091243971148926,6.495803794016902,72.144832,2.1679531,6.5017358000000005,0.6770448674285705,0.22192828805786985,5,-0.05127627725634909,-0.041171297114892536,0.005932005983098065
218,70.93553708294209,2.573075542432908,7.164740361042847,70.703056,2.59661726,7.10606836,0.8770472681277683,0.25150122466713787,5,-0.23248108294208691,0.02354171756709178,-0.0586720010428472
219,71.9090624676638,2.1380920139022823,6.412864861806457,71.8217552,2.18834126,6.422422,0.653663389077147,0.18114928160550586,5,-0.08730726766380315,0.05024924609771775,0.009557138193542869
220,69.51569367437588,2.631078752384356,7.756376927709989,69.439691,2.65876908,7.738098379999999,0.6871434447839841,0.1412653664158881,5,-0.0760026743758857,0.027690327615643717,-0.018278547709989823
221,68.54486461976799,2.490128514064696,7.139074262487286,68.3133,2.4750801,7.116433259999999,0.760605795147333,0.1524312505194613,5,-0.23156461976799392,-0.015048414064696036,-0.022641002487286954
222,71.71110263584765,2.1967804629790657,6.68329438086364,71.931316,2.23721746,6.719220419999999,0.3962156185506866,0.15059485478606155,5,0.22021336415234316,0.040436997020934395,0.035926039136358945
223,67.41503413178877,2.6258075286207707,7.358107305309775,67.77881,2.5844234200000002,7.293796759999999,0.4768990518816544,0.301762818455254,5,0.36377586821122065,-0.041384108620770466,-0.06431054530977587
224,66.0,2.583879512905173,7.428250312219009,66.1057482,2.5902645,7.389592179999999,0.4095226866554129,0.1331148067666122,5,0.10574819999999363,0.006384987094826933,-0.03865813221900982
225,73.11946243121676,2.539833807061822,7.225555302185198,72.8605568,2.50987814,7.228683340000001,0.7019908078818011,0.23835494752342234,5,-0.2589056312167628,-0.029955667061821956,0.0031280378148030863
226,70.88546575448862,2.620935318544701,7.476777392693807,70.8364372,2.56454518,7.47956988,0.4709503909682974,0.20470015705321107,5,-0.04902855448861487,-0.056390138544700985,0.002792487306193081
227,69.962649727321,2.6396941791155606,7.106352271265186,69.576796,2.6420395599999997,7.10819864,0.7126546890815657,0.20808256752941254,5,-0.3858537273209919,0.002345380884439141,0.0018463687348146962
228,66.25326136980411,2.621602192294113,7.465772807245498,66.375421,2.60222686,7.433857000000001,0.4542473624132423,0.20196980736160927,5,0.12215963019589537,-0.019375332294112813,-0.031915807245497696
229,69.72525189506386,2.347916640271008,6.7326001176719785,70.0383822,2.34253152,6.69861794,0.5742964856341435,0.1556553425322621,5,0.3131303049361378,-0.005385120271007793,-0.03398217767197842
230,73.97129003264178,2.1735205314325534,6.653673120334076,73.93489,2.20479788,6.629777020000001,0.6284227989918245,0.17381152692365429,5,-0.03640003264177949,0.03127734856744668,-0.023896100334075854
231,73.25250070231635,2.265785120695236,6.8834166166917665,72.64054300000001,2.27939328,6.88566268,0.6811857770312906,0.2612134879153611,5,-0.6119577023163458,0.013608159304763667,0.0022460633082337367
232,75.53132689054249,1.8538551244936579,6.197119923966478,75.64864,1.9204311600000001,6.19361558,0.8963114352886088,0.17503459732815005,5,0.11731310945751261,0.06657603550634228,-0.0035043439664779186
233,67.55301278461789,2.8073321041483963,7.52597879654086,67.726648,2.77541006,7.50403594,0.6943498724017158,0.1746411500815382,5,0.1736352153821059,-0.03192204414839628,-0.02194285654086059
234,70.15322067030182,2.5683459478102133,7.341336187872511,70.0790692,2.57069072,7.339761060000001,0.462011277572817,0.23966601203472315,5,-0.07415147030181402,0.0023447721897866813,-0.0015751278725106843
235,71.1103876950984,2.47105187920192,7.157417896013959,71.2030636,2.49300344,7.20944906,0.3503010882255551,0.20320853565363298,5,0.09267590490159705,0.021951560798080028,0.05203116398604113
236,70.9111745915558,2.347869128509529,6.781299311904957,70.6604018,2.34138446,6.763050699999999,0.41566642053000163,0.1548808609334112,5,-0.25077279155580356,-0.006484668509529001,-0.018248611904957635
237,66.99101535549546,2.85,7.85,67.113986,2.8887364,7.84630866,0.6993274035288437,0.1190227308929179,5,0.12297064450453377,0.03873639999999989,-0.003691339999999599
238,72.72977235393552,2.341043284324593,6.724106201854068,72.863274,2.3213748,6.70725954,0.49760397302582343,0.2395751653769494,5,0.133501646064488,-0.019668484324593116,-0.01684666185406769
239,71.39223423656219,2.370376408140871,7.588093492830327,71.277732,2.40443766,7.59001198,0.9427734381099576,0.3504726213438077,5,-0.11450223656218839,0.034061251859129005,0.001918487169672467
240,73.58235848996054,2.24076946202877,6.918191968169969,73.705547,2.25610636,6.915747120000001,0.701130078028944,0.20383445853720672,5,0.12318851003945497,0.015336897971229835,-0.0024448481699685942
241,70.43232305347065,2.3138874014425674,6.7788525096655645,70.24260819999999,2.3632440800000003,6.79051942,0.6240101558482909,0.1724477931798719,5,-0.18971485347066164,0.049356678557432865,0.011666910334435343
242,71.83297695216449,2.35889794277442,6.618451133994904,71.67604800000001,2.36017046,6.557656199999999,0.6382905459728915,0.1621699966493719,5,-0.15692895216447766,0.0012725172255798611,-0.06079493399490499
243,70.64419717128143,2.503741431047174,6.96535603570324,70.7709368,2.5138862200000003,6.9609409,0.4220290114513645,0.15662283722569223,5,0.1267396287185676,0.010144788952826111,-0.00441513570324048
244,71.810547027566,2.1930406630185284,6.835855880619943,72.077362,2.21132736,6.7840982,0.8515238325124498,0.0820455040458562,5,0.2668149724339912,0.01828669698147145,-0.0517576806199429
245,68.69139423458714,2.2195619082776115,6.890741828497146,68.7641582,2.25258856,6.92164148,0.4938246976290972,0.1576527700514068,5,0.0727639654128609,0.0330266517223885,0.03089965150285412
246,69.15752799057182,2.3047815414552635,6.629033421741424,69.5518418,2.30108234,6.6477714599999995,0.6246016537455804,0.11748287545221921,5,0.3943138094281835,-0.003699201455263701,0.018738038258575784
247,70.27860022867242,2.5510130327533584,7.150786922021877,70.05683239999999,2.52776814,7.1150982,0.344278157640714,0.17871624823408416,5,-0.2217678286724265,-0.023244892753358393,-0.03568872202187645
248,71.70527246076212,2.595092025043924,7.27799265778752,71.64387400000001,2.59947354,7.274921260000001,0.6512497279851149,0.17401604359599507,5,-0.06139846076210631,0.004381514956075971,-0.003071397787518748
249,72.12826720876352,2.370121018696222,6.771958635891648,72.09170400000001,2.3544865,6.79086918,0.6545022259261194,0.1967578445321116,5,-0.0365632087635106,-0.0156345186962219,0.018910544108351246
250,70.4043224729246,2.458487342208086,7.053859585139234,70.2345,2.49108918,7.1544770600000005,0.8296045848819054,0.3491657822873183,5,-0.16982247292460784,0.032601837791913724,0.10061747486076644
251,66.13308617476794,2.67244349509828,7.268080970306434,66.38358000000001,2.68367638,7.283205560000001,0.8505988721057232,0.21051396229139646,5,0.25049382523206987,0.01123288490172003,0.015124589693567003
252,72.15613559255578,2.1931277816542614,6.490623050049836,72.169852,2.19077764,6.478794859999999,0.7178244721644135,0.2625573248745389,5,0.01371640744422109,-0.002350141654261506,-0.011828190049836707
253,71.2552667477182,2.386758850460049,7.47504445701356,71.436374,2.35752266,7.4171274799999996,0.6392082729431132,0.2399288325880163,5,0.18110725228180513,-0.029236190460049105,-0.057916977013560356
254,73.00927142156583,2.3973041401591986,7.163745801383309,73.1449052,2.4181224,7.127228339999999,0.7081381237516259,0.2883299998354828,5,0.13563377843416902,0.020818259840801545,-0.036517461383309247
255,70.06802557357192,2.347203546484829,6.946826479168886,70.5406152,2.32862598,6.92791448,0.61117302650096,0.2006725480167304,5,0.4725896264280891,-0.01857756648482889,-0.01891199916888553
256,72.4385757370323,2.287296929324909,7.128944163723757,72.7658242,2.28403342,7.082871539999999,0.7281161397610101,0.2617719572544816,5,0.3272484629677024,-0.003263509324908931,-0.046072623723757644
257,68.6747247192983,2.43801993034215,6.957387307899973,68.1052348,2.4371193399999997,6.93513418,0.5973591370644075,0.20956493106717078,5,-0.5694899192982916,-0.000900590342150398,-0.02225312789997247
258,72.37235536234458,2.143297912776512,6.335410925728032,72.5341502,2.12495286,6.37991698,0.6558671397397301,0.1494673075137364,5,0.16179483765542102,-0.018345052776512105,0.04450605427196752
259,69.4526422033274,2.2748637110701995,6.6521690643866025,69.202868,2.2554354400000003,6.6894048,0.6784205957579325,0.18203035437039472,5,-0.24977420332740508,-0.019428271070199177,0.03723573561339766
260,69.60139835563233,2.442919009449883,7.174488268946268,70.040287,2.4455839,7.10160934,0.5886855621516118,0.24318511873861404,5,0.4388886443676796,0.002664890550116983,-0.07287892894626768
261,71.7216004623845,2.4130926741011645,6.919548893840622,71.6703666,2.40451624,6.9637480400000005,0.44423889575102027,0.1901896736890531,5,-0.05123386238450678,-0.008576434101164487,0.0441991461593787
262,71.4140321965915,2.224347119889782,6.376841937425595,71.34159500000001,2.20334518,6.3910762000000005,0.7976478772043429,0.22024613851385286,5,-0.07243719659149406,-0.02100193988978205,0.014234262574405854
263,75.85123450321038,2.262586333291619,7.125092067205488,75.14499,2.26466806,7.1401088999999995,1.075594048764068,0.3843745517505282,5,-0.706244503210371,0.0020817267083810265,0.015016832794511714
264,71.80953183763468,2.428489339719196,6.870324761515581,71.67554700000001,2.44095892,6.8921631,0.4004384706641706,0.2020191306264753,5,-0.13398483763467084,0.012469580280804138,0.021838338484418962
265,71.33302998949243,2.4695811164883685,7.133880916616792,70.85263239999999,2.4569829600000004,7.15082584,0.341788165932385,0.1479103827961143,5,-0.4803975894924406,-0.01259815648836815,0.016944923383208632
266,67.08418586439507,2.768712800732241,7.629817089004663,67.25017720000001,2.74200666,7.59003798,0.4198185016513797,0.22524472436853796,5,0.16599133560494295,-0.02670614073224087,-0.039779109004663304
267,70.04516995078122,2.3940359633896056,6.7814779438906045,70.205501,2.37611646,6.750878439999999,0.40881242072723734,0.18340931645949948,5,0.16033104921878305,-0.017919503389605573,-0.030599503890605284
268,69.43190589215985,2.6917384873369734,7.503845651031871,69.4900308,2.73528882,7.538666999999999,0.47150095840743644,0.1403863607763186,5,0.05812490784015267,0.04355033266302666,0.03482134896812816
269,69.14593462342431,2.440002032155069,7.047507402837252,69.2653752,2.41832252,7.023370559999999,0.5642327623391419,0.2220269884123967,5,0.11944057657568408,-0.021679512155069247,-0.024136842837252814
270,72.43754928029574,2.175395107191968,6.411837865578329,72.2241762,2.15374604,6.434878019999999,0.6764888599484193,0.1487693246380281,5,-0.21337308029573876,-0.02164906719196802,0.023040154421670067
271,70.50639477499816,2.4392548854238605,7.391810667811894,70.9795872,2.4216597999999996,7.3319832599999994,0.5585579158600509,0.244526148339996,5,0.4731924250018409,-0.0175950854238609,-0.05982740781189477
272,70.18665350739161,2.025404311437092,6.298645661896824,70.05487000000001,2.04331044,6.28951744,0.8495308280653495,0.1978433122654616,5,-0.13178350739160294,0.017906128562907853,-0.009128221896824051
273,68.93322894765731,2.251497246740336,6.743532957679184,68.8101802,2.22848152,6.72355458,0.5400746681315092,0.2194967545558514,5,-0.12304874765730744,-0.023015726740335918,-0.01997837767918398
274,77.38325785241635,1.8668184398779821,6.514420424821838,77.01747040000001,1.92414418,6.57892028,1.0441948265153311,0.4072823875820067,5,-0.3657874524163418,0.057325740122017965,0.06449985517816259
275,73.63024460638893,2.3704040367346795,6.711702002399887,73.446848,2.34145784,6.76724236,0.4692548734978798,0.24591893639547094,5,-0.18339660638892497,-0.028946196734679575,0.05554035760011278
276,66.44929462888918,2.6807276367205204,7.398840591435752,66.9636128,2.6199744799999998,7.356223180000001,0.3969108249678796,0.21657207791074057,5,0.5143181711108298,-0.06075315672052062,-0.04261741143575115
277,70.41295820228598,2.628680300193121,7.033841118650893,70.396604,2.57407802,7.0754909800000005,0.4796541189114561,0.129073959575958,5,-0.0163542022859815,-0.05460228019312119,0.0416498613491072
278,71.24682419092179,2.364325339751605,6.595589194427772,71.38596299999999,2.34834766,6.6099622,0.5984436489163206,0.17286542806687835,5,0.13913880907820442,-0.015977679751605134,0.014373005572227981
279,67.97484494764522,2.85,7.724125554797304,67.90208720000001,2.8413798,7.725403679999999,0.6179099256335445,0.20641798531057423,5,-0.07275774764521259,-0.008620200000000189,0.0012781252026954348
280,71.55691856293055,2.344480612167472,6.8728934442114085,71.6553682,2.32861928,6.8695921,0.5168836074099583,0.20179522064864855,5,0.09844963706945009,-0.01586133216747232,-0.0033013442114082636
281,73.45079378852822,2.0884896113999907,6.293647282818625,72.87521000000001,2.09852316,6.30838288,0.7340830326509876,0.17156552820768708,5,-0.5755837885282062,0.010033548600009379,0.014735597181374516
282,69.96556294673198,2.5884824196439085,7.682564261570823,70.03890679999999,2.53946436,7.63471718,0.9519949764745228,0.3170126924934125,5,0.07334385326801396,-0.04901805964390826,-0.04784708157082296
283,70.64456370564331,2.461673030839967,7.120677083887848,70.79960539999999,2.46265306,7.07247254,0.3088329080063415,0.23951718985098283,5,0.15504169435668302,0.0009800291600332578,-0.04820454388784867
284,71.69706468362223,2.335577777811652,6.642486392648908,71.5798828,2.3166523000000003,6.656597979999999,0.7245554879874019,0.19013780292275423,5,-0.11718188362223714,-0.01892547781165188,0.014111587351091082
285,71.2336747627455,2.365580985355182,7.430126130392789,70.9416276,2.3994223,7.42858018,0.660566822802158,0.24514806084649665,5,-0.29204716274549014,0.03384131464481799,-0.0015459503927885976
286,70.35256984649955,2.636901675317737,7.263143067323091,70.33645200000001,2.65172828,7.27317286,0.8528704509978559,0.27199414327305027,5,-0.016117846499540178,0.014826604682263156,0.010029792676909288
287,72.22075465809078,2.4204372010482125,6.854455712321846,72.3565008,2.38892056,6.862125059999999,0.6212964818737949,0.2508489562591734,5,0.13574614190922318,-0.03151664104821261,0.007669347678153748
288,77.12039268602737,2.231693431433531,6.873348255817399,76.858534,2.19488974,6.9013374,0.9281887596811671,0.3891230985850634,5,-0.2618586860273666,-0.03680369143353124,0.02798914418260079
289,69.12789770875322,2.3992203565898165,6.705832624929383,69.3550036,2.3549148200000003,6.707539919999999,0.6722135138060777,0.20651533371733613,5,0.22710589124677938,-0.044305536589816175,0.0017072950706165102
290,70.05905773632584,2.483685793885559,7.120480676130372,70.2045028,2.4694493399999997,7.10965966,0.8757030953954337,0.3023200754636144,5,0.14544506367415977,-0.014236453885559275,-0.010821016130371675
291,70.67513979639689,2.5798267562876,7.428474312551389,70.5984062,2.62251298,7.403349059999999,0.6141593149146813,0.2118835408084018,5,-0.07673359639689181,0.042686223712400384,-0.025125252551389643
292,68.29989784787259,2.377784001893542,7.146886545352234,68.579827,2.39828324,7.1436672,0.6363577721614587,0.16820591303275897,5,0.27992915212740854,0.02049923810645815,-0.0032193453522335602
293,70.06330261312556,2.4296983135108428,6.9940690303255035,70.256834,2.46606308,6.99860766,0.6652934312178473,0.1843271547670645,5,0.19353138687444016,0.03636476648915732,0.004538629674496697
294,68.34634149777295,2.544025579887089,7.302243769728944,68.4383338,2.5496992599999997,7.28497628,0.4295527256716631,0.1680968214950253,5,0.09199230222704102,0.005673680112910695,-0.017267489728943985
295,69.5829034654832,2.620710116087091,7.141540827221094,69.7537818,2.58602854,7.08603612,0.43682574353101955,0.21831443276921103,5,0.17087833451680012,-0.03468157608709088,-0.05550470722109413
296,73.30432067159944,2.143689312816332,6.82538499333715,73.16742719999999,2.1689343,6.804410219999999,0.8005399169701214,0.1666075293991772,5,-0.13689347159944987,0.025244987183667966,-0.020974773337150587
297,70.77279024965385,2.312130678067442,7.16104674821594,71.17027399999999,2.3109464199999996,7.13545352,0.7189064868086481,0.1582147406296953,5,0.39748375034614014,-0.0011842580674423786,-0.025593228215939234
298,69.4808476228626,2.4079283519781187,7.573041794670931,69.766537,2.36115104,7.54722378,0.8665859994504828,0.24659887419343857,5,0.28568937713740183,-0.04677731197811852,-0.025818014670930367
299,67.06379094442262,2.5714953536809686,7.353939551781667,66.8458072,2.56135252,7.37585584,0.6262595354184071,0.21515537157364867,5,-0.21798374442262514,-0.010142833680968799,0.021916288218332802
300,69.5127749662966,2.5269350193498616,6.803936774523612,69.709351,2.4679908599999996,6.836137119999999,0.6039901188072528,0.20943981031131412,5,0.19657603370339416,-0.05894415934986208,0.032200345476387504
301,73.29921266110226,2.31636365107125,6.549734449985263,73.6376968,2.26340574,6.4930078600000005,0.6714615053416642,0.246356328765585,5,0.33848413889774065,-0.05295791107125014,-0.0567265899852627
302,70.64485418838613,2.7061813800297627,7.268387805450459,70.5570112,2.6601475399999996,7.25057984,0.8618651218250447,0.2371687691673347,5,-0.0878429883861287,-0.04603384002976307,-0.017807965450458596
303,73.45339659033404,2.290220999222435,6.776467668866732,73.4328136,2.30321022,6.7808662,0.557071493517952,0.24336374915083764,5,-0.020582990334034434,0.012989220777564814,0.004398531133268158
304,71.08262352825582,2.2159553203209823,6.582994208860539,70.69447720000001,2.26950438,6.60026738,0.5302002034008662,0.0944440404564309,5,-0.3881463282558144,0.053549059679017574,0.01727317113946114
305,70.18769227655444,2.449995257889796,7.066593567269541,70.2314662,2.3817907,7.00939326,0.402309488764118,0.2574239945642557,5,0.043773923445556306,-0.06820455788979629,-0.057200307269540396
306,70.59261980264455,2.581194497319039,7.423244556424962,70.50728280000001,2.56886616,7.43728164,0.5331182274786647,0.3104361175484753,5,-0.08533700264453614,-0.01232833731903904,0.014037083575038523
307,70.08087616349603,2.398691884266459,6.691931358570763,70.188099,2.40795404,6.73553808,0.5537262668268551,0.11449694969104343,5,0.10722283650396491,0.009262155733540833,0.043606721429237716
308,71.41293911239316,2.4654378221951285,6.7702241094041,71.351897,2.39491526,6.759160400000001,0.5583130979353743,0.13222765708621514,5,-0.06104211239316726,-0.07052256219512865,-0.011063709404099065
309,72.25653144052924,2.3073137151949856,6.962158030101503,72.2532272,2.29409074,6.961945640000001,0.6062129995621166,0.1968008168822661,5,-0.0033042405292462718,-0.013222975194985498,-0.00021239010150253534
310,69.47111143398406,2.4202913348066293,6.728492685327202,69.54968699999999,2.4120625,6.75633054,0.6893125814871085,0.21405962941953355,5,0.07857556601592819,-0.00822883480662906,0.0278378546727982
311,70.72429782349846,2.310462358792848,6.834225368160402,70.811356,2.33950286,6.80365246,0.48909378347456994,0.23977125782702177,5,0.08705817650154302,0.02904050120715196,-0.03057290816040137
312,69.42957320517002,2.52228971397804,7.334912550175682,69.50868,2.5317128,7.3331845,0.6426936897060775,0.23473428515761618,5,0.07910679482998262,0.00942308602196018,-0.0017280501756822275
313,72.93183212799428,2.2900038304443213,7.001357358760751,73.03776,2.2538273,6.986689559999999,0.6607810521349743,0.19567499637979116,5,0.10592787200572218,-0.03617653044432112,-0.014667798760751971
314,68.48605162098724,2.7741321998912696,7.783142554801569,68.579887,2.78482366,7.7628257000000005,0.7547515060203414,0.2311737116861839,5,0.09383537901275929,0.010691460108730233,-0.020316854801568418
315,69.65826563820795,2.086169187362527,6.31659274987873,69.67236679999999,2.08404992,6.34678792,0.8439907804925986,0.14386458809747227,5,0.014101161792041239,-0.0021192673625272107,0.030195170121269932
316,68.24521192165419,2.4985521469994305,7.17881944174284,68.28439940000001,2.51651968,7.18838498,0.3068952401325438,0.0913633028686491,5,0.03918747834582348,0.017967533000569524,0.00956553825716
317,72.05040805512719,2.420690208177177,6.924168825559451,71.9494762,2.43174414,6.9207857399999995,0.4306139981451397,0.2011899440167742,5,-0.10093185512718605,0.011053931822823326,-0.0033830855594514375
318,71.5634085464254,2.043678391535708,6.533258269417482,71.89556300000001,2.03911026,6.527107119999999,0.7929029022596423,0.2201268259652946,5,0.3321544535746028,-0.004568131535708009,-0.0061511494174828485
319,66.7935209100344,2.85,7.738870331869076,66.76192,2.84799718,7.784465420000001,0.5374071200768301,0.2090205999145934,5,-0.03160091003439902,-0.0020028199999999607,0.045595088130925276
320,70.66803675242572,2.43619369287451,7.19589848563526,70.22080919999999,2.440374,7.2350402,0.49371983450404644,0.1877383719362351,5,-0.44722755242572987,0.0041803071254897795,0.039141714364740565
321,70.58080203288272,2.3640449080767123,7.112544285247127,70.66999,2.38385346,7.1427109799999995,0.7259298802152887,0.27244548607680436,5,0.08918796711728305,0.019808551923287787,0.03016669475287248
322,69.2565662591555,2.7475505111130647,7.177466429447271,69.716634,2.71900882,7.219363920000001,0.7805188192240438,0.23750318728185044,5,0.46006774084449376,-0.028541691113064704,0.04189749055272962
323,68.86190703588073,2.4495788345955067,7.046551104562366,69.01912,2.4117722600000002,7.024254279999999,0.5124913234511215,0.21731911817725386,5,0.15721296411926744,-0.037806574595506515,-0.0222968245623667
324,67.41487489486548,2.7604631220845883,7.411970385695765,67.85993599999999,2.73136966,7.38231396,0.6921638884152154,0.22198967913222395,5,0.44506110513451347,-0.029093462084588406,-0.029656425695764987
325,71.92164800905512,2.6085927074508533,7.253504656217858,71.83117179999999,2.58026348,7.242196,0.6919128361868536,0.21549289105667602,5,-0.09047620905512588,-0.02832922745085309,-0.01130865621785837
326,66.30531156058862,2.483228014723245,7.205090120075011,66.764129,2.5048369,7.20862698,0.4696644792006025,0.25233954900365974,5,0.4588174394113764,0.021608885276755085,0.0035368599249894217
327,68.73781370368923,2.6110941362459017,7.1790589175413775,68.96522,2.6292519800000003,7.180995520000001,0.48828673195728756,0.2373142207418347,5,0.22740629631077525,0.018157843754098568,0.001936602458623149
328,70.15021820519529,2.4938454850452545,7.00306163091709,69.706716,2.48186996,6.924470820000001,0.5869002417631143,0.1783149597372881,5,-0.44350220519528705,-0.011975525045254454,-0.0785908109170892
329,68.03252160046077,1.9462125280875717,6.195399459401954,68.1561558,1.93677396,6.2363669999999995,1.070801514639195,0.30813147266408364,5,0.12363419953922516,-0.009438568087571708,0.04096754059804564
330,71.42631843014864,2.2068567728040835,6.7757899977752505,71.6282772,2.2355241,6.7695077999999995,0.46023718450536355,0.1746787832617149,5,0.20195876985135897,0.02866732719591658,-0.006282197775250964
331,70.90539603185503,2.280976526525223,7.064998265722627,71.5195008,2.2701231999999996,7.04108708,0.9364299182108244,0.331115039127605,5,0.6141047681449692,-0.010853326525223306,-0.023911185722627515
332,68.53942353693469,2.46495585813128,7.17618067377411,68.81011000000001,2.45528444,7.16069248,0.5608268087973703,0.19971530194096349,5,0.2706864630653172,-0.009671418131280252,-0.015488193774110037
333,68.12099388040454,2.585856977104543,7.258905298734769,68.2167068,2.59745954,7.2326048400000005,0.2041873789056174,0.20754899063833024,5,0.09571291959545647,0.011602562895456803,-0.026300458734768384
334,71.37314770759501,2.177350681079208,6.4077534016963344,70.940774,2.20267514,6.43374654,0.6655399312289293,0.20600729968111348,5,-0.43237370759500493,0.02532445892079238,0.02599313830366512
335,74.20044944774904,2.2840596491096625,6.655162543061709,74.2697602,2.33154468,6.6733391,0.7111150906888487,0.2923906776626894,5,0.0693107522509564,0.0474850308903374,0.018176556938290567
336,72.86893344635638,2.4457748028904,6.9879972360090985,73.0934752,2.3999658,6.9352171600000005,0.6153179263060772,0.1754803989972018,5,0.22454175364362072,-0.04580900289040013,-0.052780076009097954
337,70.51990341761986,2.51074386929777,7.317816376627756,70.4021844,2.5116161999999997,7.316187480000001,0.6744077153509116,0.26787096209170413,5,-0.11771901761986214,0.0008723307022298066,-0.0016288966277553385
338,70.94777266814901,2.539137627506639,7.179510194827533,70.93146899999999,2.5367845200000003,7.197349320000001,0.3485762482531482,0.1948698991600418,5,-0.016303668149021178,-0.00235310750663853,0.01783912517246744
339,75.0889053621132,2.0602818864481707,6.572688829716189,74.635496,2.05631382,6.519007500000001,0.7312566458511013,0.2656415269179674,5,-0.4534093621131916,-0.003968066448170493,-0.053681329716188664
340,70.60811829171942,2.312863314539021,6.613783327936394,70.68916920000001,2.3233026,6.673295779999999,0.7278405335407377,0.19149586075448896,5,0.08105090828058792,0.01043928546097872,0.059512452063605004
341,68.86141028121708,2.3998835148454565,7.135480919475929,69.164918,2.4325795599999998,7.1201338,0.3729036555154995,0.17060529870897062,5,0.3035077187829245,0.032696045154543274,-0.015347119475929816
342,70.0440296114923,2.7077027310051074,7.414537384536045,69.764016,2.71218578,7.4232005999999995,0.6271935556980354,0.18198500839799844,5,-0.28001361149230775,0.004483048994892602,0.008663215463954543
343,70.08323010432359,2.052251647501644,6.454999489431645,70.19794920000001,2.0601750599999997,6.5002534800000005,0.6809330712227806,0.2299804473487172,5,0.11471909567642058,0.00792341249835582,0.04525399056835511
344,70.21565491404064,2.4904850729929686,6.993022573846444,70.436582,2.46289574,6.973893940000001,0.2652904138273542,0.15091549724663228,5,0.22092708595936017,-0.027589332992968618,-0.019128633846443144
345,70.27756961909961,2.7405249860789263,7.481421186665226,70.37621920000001,2.72011132,7.53761808,0.6695410202881823,0.21274727460234213,5,0.09864958090039977,-0.02041366607892625,0.05619689333477407
346,70.75783476244845,2.230049133028213,6.41139848468921,70.7462222,2.2229762,6.41838774,0.8463354115405124,0.1719056743940321,5,-0.011612562448448216,-0.00707293302821288,0.006989255310790199
347,70.49205730083722,2.470364276291507,6.994292868410629,70.650933,2.5098610399999997,6.96506084,0.41817045377285533,0.1686913185116391,5,0.15887569916277755,0.039496763708492644,-0.029232028410629773
348,74.22176311249832,1.9922536282297798,6.443720605170258,73.99636000000001,2.03577516,6.4494242999999996,0.6917080198460988,0.26560173052877906,5,-0.2254031124983129,0.04352153177022022,0.005703694829741757
349,75.30571702475424,2.1839852532628665,6.520295597665951,75.1867072,2.17288048,6.51329114,0.654913130656251,0.229152813802386,5,-0.11900982475424371,-0.01110477326286663,-0.007004457665951591
350,73.34728161067476,2.3989879207423472,6.882679597665129,73.586124,2.36547704,6.84342516,0.5208603425506211,0.177071023045574,5,0.23884238932524227,-0.033510880742347204,-0.03925443766512959
351,70.61917380894104,2.5626740762684888,6.847087236340805,70.447663,2.5417929999999997,6.9002668400000005,0.6188712976904469,0.1717602616771923,5,-0.17151080894103643,-0.020881076268489007,0.05317960365919561
352,69.8273012623315,2.6042956793598093,7.460585272041785,70.046384,2.6783553600000003,7.51528696,0.6703671132103056,0.1797172509756898,5,0.21908273766850073,0.07405968064019097,0.054701687958215395
353,71.50546280197423,2.600441166685923,7.5833639794619945,71.5311388,2.59449828,7.53810902,0.624719636911467,0.1942550704023934,5,0.02567599802576126,-0.005942886685923021,-0.045254959461994204
354,70.82672212805005,1.9407997197616127,6.172380057629197,70.942044,1.96546478,6.14417962,0.9624650197895918,0.19700658672976365,5,0.11532187194994492,0.024665060238387326,-0.028200437629196884
355,69.96537856859621,2.279673822295825,6.5700926165238105,69.762504,2.26472576,6.5605959,0.6634725779791735,0.14628549934834112,5,-0.2028745685962008,-0.014948062295824904,-0.009496716523810456
356,66.48946244814026,2.6012766980485704,7.425147038353083,66.7480886,2.62699666,7.4050426400000005,0.3550780168066914,0.13721464260939512,5,0.2586261518597439,0.02571996195142967,-0.020104398353082864
357,69.65779199596689,1.8719051847063135,6.06825794518234,70.234152,1.81007186,6.06023478,1.1355160302951883,0.2879007205797393,5,0.5763600040331056,-0.06183332470631342,-0.008023165182340364
358,74.78402537074102,2.2587639942293354,6.656235535310872,74.6930858,2.28757952,6.713772179999999,0.6926306180351041,0.3078319134933279,5,-0.09093957074101411,0.028815525770664596,0.05753664468912767
359,66.0,2.5511687760665462,7.553954400970144,63.45808480000001,2.61744236,7.55666056,0.957526134538865,0.2992655606612084,5,-2.541915199999991,0.06627358393345384,0.002706159029855826
360,73.46003389146787,2.255875815212649,7.071691879393812,73.2944322,2.28987596,7.09335944,0.7318234389336679,0.20664758493732896,5,-0.16560169146787018,0.034000144787350806,0.02166756060618802
361,73.12078708433707,2.3034044288962203,7.119418866121849,73.079013,2.2853233,7.113530280000001,0.6333703978543033,0.3201257346906826,5,-0.041774084337063755,-0.018081128896220378,-0.005888586121848505
362,68.15023068312331,2.1170626271462503,6.362587335786127,68.2573852,2.1147508200000003,6.46133992,0.9437174774685968,0.21809917757543448,5,0.10715451687669031,-0.002311807146250011,0.09875258421387301
363,70.11154795946895,2.305331816066024,6.617781893065145,70.19265399999999,2.28221644,6.60257034,0.5459879542561719,0.0898960643026419,5,0.08110604053103998,-0.023115376066023874,-0.015211553065145544
364,78.06874994721265,1.97972305179908,6.240893040012009,78.2291018,1.96107224,6.244622420000001,1.0436824144403782,0.3791844038600525,5,0.16035185278734332,-0.018650811799080014,0.003729379987992054
365,71.75814696900225,2.559752113281421,7.136675571344076,71.592131,2.53957298,7.131918260000001,0.4833300543991941,0.1814417301850841,5,-0.16601596900225957,-0.02017913328142118,-0.004757311344075532
366,69.33168661291363,2.557601028770212,7.079790763160038,69.9259968,2.60590434,7.05480166,0.8496654018921441,0.2380759235054522,5,0.5943101870863643,0.048303311229787926,-0.02498910316003844
367,66.0,2.0899192745266166,6.777865088165781,66.026713,2.11158268,6.76999504,0.8591329611078325,0.2542248683198881,5,0.026713000000000875,0.021663405473383524,-0.007870048165780297
368,69.32842001864019,2.66355506055572,7.600152055050745,69.02096,2.6798251399999997,7.6221228199999995,0.46847756970146637,0.18935268610956996,5,-0.30746001864018524,0.016270079444279606,0.02197076494925465
369,71.03821394570934,2.2814961961571125,7.072166984017841,71.41136,2.30855056,7.1042537800000005,0.7783587812709715,0.19083392256523013,5,0.3731460542906575,0.027054363842887508,0.0320867959821598
370,71.23838421336326,2.5592717673569685,6.9753269524548696,71.27985220000001,2.53958998,6.93122546,0.8130938930265421,0.25039962986542286,5,0.041467986636746446,-0.01968178735696835,-0.04410149245486927
371,69.71401733292035,2.157026928773983,6.646759779377706,69.250168,2.1589047199999998,6.6613618599999995,0.6316306164300759,0.1626075415679507,5,-0.463849332920347,0.0018777912260166119,0.014602080622293734
372,68.58270475693945,2.485674030704185,7.1731535343079456,68.589246,2.46766886,7.13139666,0.3192730912182707,0.17393224143520994,5,0.00654124306055337,-0.01800517070418506,-0.0417568743079455
373,71.22704192189521,2.2304252802774607,6.430727637369668,71.25282480000001,2.25133718,6.464801939999999,0.7517535400470259,0.21845106697186817,5,0.025782878104806173,0.020911899722539484,0.034074302630330955
374,71.41928841332174,2.607016009257167,7.1124196995550175,71.75370799999999,2.52049222,7.09942066,0.47431973054411214,0.12572993703766167,5,0.33441958667825133,-0.08652378925716686,-0.012999039555017688
375,70.19759030645254,2.498417198877103,7.109485047096371,70.298145,2.5267664400000003,7.1178145200000005,0.5008651954370086,0.2284741214733498,5,0.10055469354746549,0.028349241122897162,0.008329472903629842
376,68.07137809465432,2.667660816299091,7.04370434966236,67.9556648,2.6279381600000002,7.04665836,0.6660237842121587,0.1801084115018467,5,-0.11571329465432711,-0.039722656299090886,0.0029540103376399784
377,69.21723068354135,2.523994699229801,7.381939610653987,69.425462,2.52671006,7.356109979999999,0.42687578016292715,0.17430800941786126,5,0.2082313164586509,0.0027153607701992932,-0.02582963065398758
378,70.11933148990445,2.2375610081464785,6.8152232877880365,70.4711978,2.26117064,6.821014460000001,0.6134814980533994,0.18463609419482274,5,0.35186631009554503,0.023609631853521496,0.005791172211964124
379,68.21470926188147,2.2084654626650857,6.642021488160017,68.488778,2.22517488,6.64433966,0.7039442475485709,0.21675816485949267,5,0.2740687381185296,0.016709417334914267,0.002318171839982952
380,72.13686869804381,2.454515666086744,7.048537312603601,72.15209,2.4325214199999996,7.0614940399999995,0.4328223689834161,0.2147077138208587,5,0.015221301956188427,-0.021994246086744607,0.012956727396398193
381,72.93700786396587,2.422971195099149,6.755020752843466,73.109882,2.4275600400000004,6.793132040000001,0.7484035723539609,0.2125390292651456,5,0.1728741360341246,0.004588844900851541,0.03811128715653478
382,67.06933893756182,2.562938386197474,7.2995913463753554,67.4060072,2.53540088,7.33820898,0.3414489062028616,0.18143651407605121,5,0.33666826243818093,-0.02753750619747386,0.038617633624644654
383,69.7538320583988,2.5509559908965285,7.2912227512476395,69.53845,2.52992274,7.298206179999999,0.4015124273738516,0.17088989264220716,5,-0.2153820583988022,-0.02103325089652852,0.006983428752359799
384,70.7685004331956,1.9173329311106388,6.174827651664775,70.911118,1.91715248,6.210922340000001,0.9204195301100606,0.24468009098234172,5,0.14261756680440385,-0.00018045111063891284,0.036094688335225555
385,66.0,2.371855762936486,7.253256570198808,66.156871,2.28559308,7.18515398,0.7545768908198273,0.28293238900356427,5,0.15687099999999532,-0.08626268293648609,-0.06810259019880771
386,70.61460529091748,2.5344590737481854,7.14733725987505,70.5003592,2.52281332,7.12779544,0.5098627607910828,0.1692194656947157,5,-0.11424609091747584,-0.011645753748185328,-0.01954181987504988
387,69.75124909380064,2.127223917303948,6.5688768017873,70.0901488,2.05597034,6.57947508,0.8735848900311851,0.2056952494059951,5,0.3388997061993564,-0.07125357730394821,0.010598278212699874
388,70.99872046065197,2.377420775202641,6.635018162714202,71.261518,2.3859808,6.69817762,0.5999241913662154,0.1814561262779296,5,0.2627975393480284,0.008560024797358956,0.0631594572857983
389,71.01407195302417,2.4549924747480003,6.739687285975033,71.08579399999999,2.39965912,6.77342172,0.4492184501082647,0.14999844465199436,5,0.07172204697582174,-0.055333354748000385,0.03373443402496701
390,72.90505790719206,2.203448710520472,6.569296917214473,72.8852744,2.2172960799999997,6.57502724,0.6160994219862,0.1841740564300877,5,-0.019783507192059346,0.013847369479527583,0.005730322785526987
391,69.6448799536287,2.4063842374373148,7.085411758965639,69.5203678,2.36585584,7.071037420000001,0.6224206583746237,0.17958462143311146,5,-0.12451215362870016,-0.040528397437314734,-0.014374338965638778
392,69.82853141845341,2.598572925157384,7.315731271666225,70.0147644,2.6255447,7.31739342,0.3860696441036507,0.1987849773968649,5,0.1862329815465955,0.026971774842615925,0.001662148333775093
393,70.45927680664484,2.290695225606509,6.7628480927494765,70.565384,2.3137940400000003,6.77128086,0.6008780638392719,0.1565408073359812,5,0.10610719335515739,0.023098814393491374,0.008432767250523554
394,77.67144405956235,1.918078837467481,6.402273124227345,77.113959,1.94610184,6.433992999999999,0.9971358626038505,0.28352941918306107,5,-0.5574850595623531,0.028023002532518992,0.03171987577265423
395,73.5763607256388,1.996916699276369,6.526268119074745,73.3351768,2.0457365,6.492686480000001,0.6736239164388669,0.3262368333978466,5,-0.24118392563880775,0.0488198007236309,-0.033581639074744096
396,66.0,2.634880614851265,7.575378453380294,64.928392,2.66402396,7.610016519999999,0.8319341898543066,0.18956159967711192,5,-1.0716079999999977,0.02914334514873529,0.034638066619705477
397,66.99470873853856,2.0826868783091275,6.769214822992223,67.322416,2.0674401799999997,6.778176,0.8330706775027641,0.2627132245174506,5,0.32770726146144113,-0.015246698309127726,0.008961177007777543
398,69.47800423051669,2.4245642834553065,6.903902373464938,69.259242,2.43402224,6.90459236,0.5625919617547906,0.23192040838344635,5,-0.2187622305166883,0.009457956544693502,0.000689986535062026
399,66.0,2.768704636086293,7.300247750380701,66.245115,2.7337409399999997,7.309185099999999,0.7826816320191358,0.3175275972482935,5,0.24511499999999842,-0.03496369608629335,0.008937349619297486
400,71.40419402667257,2.083904886000661,6.30985665271344,71.3553354,2.0726027,6.2813565,0.8110902563014213,0.189660010614576,5,-0.04885862667256902,-0.011302186000660797,-0.02850015271343942
401,69.98423840887189,2.5356624720463343,7.232578405381754,69.8422012,2.56132536,7.1901259,0.1952473760128508,0.1453436519439087,5,-0.14203720887188354,0.02566288795366578,-0.04245250538175416
402,67.57678075354356,2.43151933772985,6.8836967499379496,67.57305360000001,2.4390286,6.87484424,0.5585076932587314,0.20721610997810896,5,-0.0037271535435507985,0.007509262270149808,-0.008852509937949726
403,71.64625133050941,2.589596804298868,7.118644449345986,71.37169800000001,2.59766112,7.06180344,0.7320843876353852,0.2146614507994727,5,-0.27455333050940567,0.008064315701131974,-0.05684100934598568
404,71.86971427051256,2.0338569908784425,6.385657189067151,71.6798242,2.0482209599999996,6.39649266,0.7612763560164099,0.22213089913789313,5,-0.18989007051256124,0.01436396912155713,0.010835470932848423
405,70.57523768352858,2.428547447609562,6.886476408462364,70.520057,2.42364416,6.91880802,0.6008274802199535,0.18886262146399022,5,-0.05518068352859018,-0.004903287609562046,0.03233161153763575
406,74.62620845816123,2.2266655163128584,7.129826430385367,74.3538928,2.22729348,7.10933122,0.8306416981463313,0.33685383220076465,5,-0.27231565816123293,0.0006279636871417971,-0.02049521038536728
407,71.26236312650654,2.390253513855892,7.116403457344207,71.001127,2.4039652,7.07940338,0.5232625611039315,0.1457652748072436,5,-0.26123612650654593,0.013711686144108004,-0.037000077344207405
408,68.3555318032321,2.634195405260523,6.975185673800501,68.91974239999999,2.56293258,6.957958979999999,0.5618982487234696,0.13949215840919815,5,0.564210596767893,-0.07126282526052297,-0.017226693800502346
409,72.13990736305904,2.312669867334894,7.172365131056305,71.90466280000001,2.3159248,7.1650475799999995,0.5997896164247549,0.2517982816788694,5,-0.23524456305902675,0.003254932665105681,-0.007317551056305049
410,70.7616946911489,2.55538806377004,6.977587745660162,70.36972879999999,2.57584102,7.023690879999999,0.7198315735452637,0.19229099738920416,5,-0.39196589114891367,0.020452956229959796,0.04610313433983748
411,72.80078323495607,2.137483217148603,6.66344508946314,72.6803632,2.15973216,6.68930352,0.7170833854818093,0.20317411102897745,5,-0.12042003495606934,0.02224894285139678,0.025858430536859878
412,73.18860404347646,2.0670881247016664,6.930599511453996,73.353685,2.0403936000000003,6.903590079999999,1.318621005902496,0.42072669682955527,5,0.16508095652353916,-0.02669452470166611,-0.02700943145399748
413,70.83516481303587,2.007440309386576,6.458377354419023,70.7925932,2.0327076600000002,6.4593362999999995,0.717240372671483,0.178509858471534,5,-0.04257161303587509,0.025267350613424444,0.0009589455809768666
414,69.2489966379676,2.7630488079699007,7.534470193147624,69.2399612,2.73885074,7.51051952,0.613069087185112,0.18394398991243302,5,-0.009035437967597204,-0.02419806796990054,-0.023950673147624002
415,68.11374858076243,2.605480699448075,7.386387829579908,68.4556054,2.63354956,7.39752666,0.3157049188913802,0.16149731300251252,5,0.34185681923756306,0.028068860551925034,0.011138830420091672
416,72.93233654001651,2.199859872575358,7.209892123954136,73.1487956,2.19596738,7.22642472,0.93198244906587,0.28890120163166655,5,0.21645905998349235,-0.003892492575358286,0.01653259604586399
417,71.94832399098937,2.214186122548631,6.689338714318303,71.59733980000001,2.23599768,6.69956088,0.8950544340230129,0.2780325535240496,5,-0.35098419098935096,0.02181155745136909,0.010222165681696538
418,68.46805554604546,2.4740899831777297,6.879913711983316,68.86104800000001,2.4525296,6.867430539999999,0.44129276281050844,0.20182577509714164,5,0.3929924539545482,-0.02156038317772957,-0.012483171983316943
419,70.76351463394398,2.3745807133157983,6.721933976713271,70.6813848,2.3980424,6.72799694,0.668264005854928,0.24744266320027025,5,-0.08212983394398066,0.023461686684201677,0.006062963286728618
420,73.34954749547123,2.093007124917189,6.299987052860725,73.11579400000001,2.11540646,6.31177584,0.7101301475805945,0.1494673075137364,5,-0.2337534954712197,0.02239933508281089,0.011788787139274781
421,67.77636239001205,2.39223372470114,7.188786328894087,67.6956086,2.4348898599999997,7.20117054,0.5471082569347672,0.1740420643468169,5,-0.08075379001205363,0.0426561352988597,0.012384211105912257
422,75.24536169118983,2.307161259613101,6.666332903721949,75.3052504,2.3359497399999998,6.71344124,0.716665420039337,0.28990134236682114,5,0.059888708810177604,0.02878848038689874,0.047108336278050444
423,69.41293348784845,2.690319762426849,7.072806872429387,69.3160628,2.68286098,7.13817888,0.7968485186126382,0.26086363608654833,5,-0.0968706878484511,-0.007458782426848831,0.06537200757061257
424,73.73738483102143,2.361731938307278,6.958144353478164,73.880968,2.33050834,6.95726126,0.5812879013583384,0.20836405041380704,5,0.14358316897856582,-0.031223598307277722,-0.0008830934781638433
425,68.74639510198371,2.56036981349275,7.226214200328644,68.972687,2.57433574,7.2345893199999995,0.3342485330354756,0.15903760078966234,5,0.22629189801628513,0.013965926507249815,0.008375119671355513
426,66.73736613644061,2.398199189725077,6.801676817789891,66.806875,2.36001224,6.786067560000001,0.7160630893308225,0.25183226901827227,5,0.0695088635593919,-0.03818694972507686,-0.015609257789890307
427,70.11516301119097,2.6654989105112787,7.152907031177267,70.414301,2.64332068,7.13947034,0.6923842218514832,0.21137184078162158,5,0.2991379888090222,-0.022178230511278763,-0.01343669117726698
428,69.62936288892251,2.399016667643449,7.092540775204634,69.66071600000001,2.4663013400000002,7.0400104400000005,0.3117820428253486,0.12068255001323425,5,0.03135311107749317,0.06728467235655122,-0.05253033520463379
429,69.05022309582978,2.63473384577144,7.143792606193853,69.058447,2.63389686,7.08324868,0.7348773952017635,0.2097650170053306,5,0.00822390417022234,-0.0008369857714400908,-0.06054392619385318
430,68.02653229209818,2.6437014804121417,7.360532849405969,68.4440892,2.64117,7.3575489,0.4549301366673525,0.1261970186879192,5,0.41755690790181177,-0.0025314804121419066,-0.002983949405968467
431,70.42245391996252,2.418880700593518,7.534533900017342,70.733703,2.39665656,7.49370892,0.7931812750082514,0.2324538949039638,5,0.3112490800374843,-0.022224140593518182,-0.040824980017341694
432,66.0460141505569,2.8293929045154385,7.672170875773044,66.3430218,2.7709620399999997,7.64484642,0.6790172001858096,0.2147805484677267,5,0.29700764944310265,-0.058430864515438774,-0.027324455773043432
433,70.84138555708867,2.299466387193783,6.509404548820122,70.6483608,2.28234856,6.522168119999999,0.7275833858296606,0.2348793208314671,5,-0.19302475708866496,-0.017117827193783075,0.012763571179877253
434,67.33229803591998,2.6084745805850584,7.252076615282232,67.8377708,2.5871048,7.23404816,0.47045160659530916,0.25377992183941495,5,0.5054727640800252,-0.02136978058505834,-0.018028455282231626
435,71.63473688981674,2.306398141311767,6.653353510451906,71.7778728,2.3396737,6.672236,0.43361034522470787,0.20215487968969467,5,0.14313591018326122,0.033275558688233176,0.018882489548094128
436,71.87136258140671,1.9328770959610921,6.236622832902265,71.83876219999999,1.9374985800000002,6.23498042,0.8741818689687321,0.21868280517173294,5,-0.0326003814067235,0.0046214840389080525,-0.001642412902264745
437,70.38656710860839,2.5568427877007487,7.562765630438179,70.161506,2.5462683999999998,7.544659640000001,0.6654658412851486,0.2749609018088762,5,-0.22506110860838646,-0.010574387700748922,-0.018105990438177955
438,74.99642639628134,1.881790852678008,6.136561236968263,74.98135599999999,1.8942196,6.141102399999999,0.8894628158138586,0.17308432217206648,5,-0.01507039628134521,0.012428747321991951,0.0045411630317362395
439,70.76509960632278,2.3853619246269604,6.7315918111042965,70.8368308,2.3816285,6.703424,0.7381244260906674,0.2217822205680356,5,0.07173119367722336,-0.0037334246269602467,-0.028167811104296447
440,71.62735062667346,2.1448332747588714,6.5644892846797775,71.16281599999999,2.1416996999999998,6.60751104,0.7882598165553176,0.22880466182559447,5,-0.4645346266734691,-0.00313357475887166,0.04302175532022279
441,70.44106254987496,2.2664334323405755,6.841064891352877,70.2617468,2.24829408,6.8801706,0.5152809675282818,0.1730446665486885,5,-0.17931574987495935,-0.01813935234057551,0.039105708647122484
442,69.3861584149749,2.608668854491549,7.85,69.5746292,2.6406253800000004,7.897641419999999,1.0554801402260785,0.3170126924934125,5,0.18847078502510328,0.031956525508451517,0.04764141999999971
443,66.61588342097885,2.107584355752717,6.6141724781538915,67.268413,2.1216655799999997,6.61629488,1.1733330677056175,0.2664094083690673,5,0.6525295790211487,0.014081224247282531,0.002122401846108346
444,72.85103663871492,2.3340697909385884,6.687972638388215,72.594082,2.26869788,6.64495122,0.4951728642034734,0.20885942164810228,5,-0.256954638714916,-0.0653719109385884,-0.04302141838821516
445,71.50295939333634,2.3047027283021264,7.022347747573967,71.576393,2.25036348,6.9565106,0.7190844793087472,0.2718794318372664,5,0.07343360666365584,-0.05433924830212655,-0.06583714757396741
446,68.49427126091456,2.68615116419564,7.394381369475498,68.9011316,2.62978784,7.341468279999999,0.3255766105708066,0.23516884958820147,5,0.4068603390854406,-0.05636332419563983,-0.05291308947549922
447,71.60819677025444,2.534412143483944,7.085093602634915,71.4519418,2.5050814800000003,7.0418138,0.355134663255023,0.20029660754075165,5,-0.15625497025443735,-0.029330663483943642,-0.04327980263491504
448,67.38848232886157,2.4837179845965704,7.235146046693518,67.436572,2.52483214,7.23172976,0.3666971708908699,0.1957692731709448,5,0.04808967113842755,0.04111415540342955,-0.0034162866935174563
449,75.17518266087271,2.1521787758307616,6.725608236965359,75.0574378,2.1717154,6.67277106,0.6640033487108712,0.22708815736056912,5,-0.11774486087270475,0.019536624169238515,-0.052837176965359056
450,70.90528310812311,2.5812431720882345,7.134071700338746,70.9414898,2.54392426,7.068952899999999,0.542355516755943,0.212290624136216,5,0.036206691876884634,-0.03731891208823468,-0.0651188003387464
451,69.9253130544747,2.643186437781912,7.342510627680544,70.09439,2.6075216599999997,7.34339196,0.4349056779501742,0.1534218714027363,5,0.16907694552530472,-0.03566477778191235,0.0008813323194560851
452,70.35188999141091,2.37813242605304,6.712351350910113,70.529332,2.3778019,6.695642959999999,0.6787081166638576,0.2508506590009246,5,0.17744200858908243,-0.0003305260530397369,-0.016708390910114446
453,70.6773705937188,2.446635026976341,6.797429702654822,70.4498552,2.4486056599999997,6.77718012,0.7235657518996531,0.3683101521903236,5,-0.2275153937188037,0.001970633023658852,-0.020249582654821907
454,69.21613678313808,2.452901586378492,7.122603608444722,69.1041522,2.47297192,7.1747619,0.4716239658536844,0.12241310974619798,5,-0.11198458313808146,0.020070333621507785,0.05215829155527807
455,66.22334061240304,2.783621332016688,7.75708347236876,66.2692,2.80233704,7.74791802,0.6028761845380812,0.2854119607444863,5,0.04585938759696262,0.01871570798331179,-0.009165452368759652
456,71.32878120540185,2.5714470755163434,7.189188033004946,71.3064412,2.59703302,7.1727862,0.6074754655922596,0.21361507706238553,5,-0.02234000540185832,0.025585944483656586,-0.01640183300494602
457,74.42330525579979,2.17903035478861,6.50654951125532,74.019646,2.1814598199999997,6.52692182,0.6567283321170758,0.2314722395730981,5,-0.4036592557997949,0.0024294652113896475,0.020372308744679657
458,68.59441623233653,2.4243888357399084,6.90570917066525,68.57319,2.4391693,6.89784964,0.5028586891538563,0.210869070814479,5,-0.02122623233653087,0.014780464260091719,-0.007859530665250247
459,73.29078832972309,2.5515367136221,7.1564325307471135,73.5961032,2.5135818,7.1190967999999994,0.6896405682016277,0.21007708848299292,5,0.3053148702769164,-0.03795491362210024,-0.03733573074711405
460,71.06701892438824,2.3279846610967168,6.876211412139709,71.087313,2.39489322,6.8880291,0.3876744374010268,0.1892994434761061,5,0.020294075611758444,0.0669085589032834,0.011817687860291137
461,67.66495385214098,2.1379003757286577,6.714824087329551,67.49998000000001,2.14884836,6.72661362,0.7248562905086761,0.2086105395104639,5,-0.1649738521409745,0.01094798427134247,0.011789532670449354
462,66.77564813607245,2.6672217335785726,7.54345341832452,66.802553,2.6185902800000003,7.51984518,0.7087382863815088,0.1881159882681526,5,0.02690486392755531,-0.04863145357857235,-0.023608238324520414
463,71.95466149048627,2.5180172446969475,7.0792896521588755,71.8010676,2.4763758,7.09404064,0.5865813298517383,0.23274308594232068,5,-0.15359389048627747,-0.04164144469694753,0.014750987841124719
464,71.53196930828676,2.4700940356935925,7.589035985529892,71.662092,2.4995643000000003,7.570278140000001,0.920113359170152,0.2746644538131583,5,0.13012269171323965,0.029470264306407756,-0.018757845529891348
465,74.01670348121637,2.5036825175552284,7.129257772053892,73.9449822,2.45044064,7.09503098,0.6120975251831673,0.24295385674467954,5,-0.07172128121636945,-0.053241877555228356,-0.03422679205389212
466,73.26549055745119,2.345479738355899,6.845796150591913,72.89700500000001,2.37796408,6.84381168,0.5446221015044375,0.2488588992954813,5,-0.36848555745118006,0.032484341644100745,-0.001984470591913201
467,73.2672341726943,2.253998886286454,7.178077976702205,72.8614028,2.2866264000000003,7.2106724600000005,0.8221846827562558,0.2539058710795093,5,-0.40583137269430836,0.03262751371354611,0.03259448329779513
468,70.38423541591605,2.2527394742928943,6.514062715169731,70.541377,2.2738600399999997,6.55506362,0.570027455135335,0.0898960643026419,5,0.15714158408394496,0.02112056570710541,0.041000904830269747
469,73.37798854947401,2.412659879417252,7.369423618272258,73.00192580000001,2.40480512,7.3843283600000005,0.8846472870954422,0.2803943305837235,5,-0.3760627494740021,-0.007854759417252222,0.01490474172774281
470,69.6647774079934,2.545460244434341,6.994867742749761,69.4306708,2.52127458,6.991458660000001,0.540043400773492,0.1359872563443158,5,-0.23410660799339666,-0.024185664434341003,-0.0034090827497603726
471,66.80400751366538,2.3735421917027124,6.939841121949018,67.4242152,2.40846436,6.930392039999999,0.506038487938443,0.1610738852974497,5,0.6202076863346235,0.03492216829728756,-0.009449081949019167
472,71.71424134928472,2.489602830943772,6.874849581844613,71.598442,2.44217026,6.825338159999999,0.5230992871435545,0.1575011735940989,5,-0.11579934928471403,-0.04743257094377196,-0.049511421844613324
473,72.67680220589041,2.202884463092224,7.079867999056413,72.4082432,2.2539838199999997,7.073268039999999,0.8998833569729274,0.3403617975217614,5,-0.2685590058904097,0.05109935690777556,-0.006599959056413418
474,72.45385684577391,2.2602200094447453,7.03873927521694,72.262772,2.25372506,7.05402742,0.6370814475706367,0.1963180418965742,5,-0.19108484577391494,-0.00649494944474549,0.015288144783059288
475,73.35823532655785,1.9097574103020662,6.194495792161983,73.37173299999999,1.89629382,6.2257511999999995,0.8983081138330082,0.27952212388309594,5,0.013497673442145697,-0.013463590302066342,0.0312554078380165
476,71.6794992089337,2.257186733561511,6.917510674707583,71.289186,2.26284872,6.974905959999999,0.4673168382054972,0.18440170224435004,5,-0.3903132089337049,0.005661986438489031,0.057395285292416
477,69.61503142813996,2.142714349679083,6.526902647645658,69.694124,2.1361216599999997,6.574573859999999,0.6421029143589553,0.1614269166336832,5,0.07909257186004481,-0.006592689679083108,0.04767121235434146
478,71.85795422673044,2.3445435314609666,6.966874984316777,71.9608528,2.3258560600000004,6.9701863799999995,0.5270909067273901,0.1525720496628784,5,0.10289857326955598,-0.018687471460966165,0.0033113956832222513
479,67.14724543252873,2.4435900674242865,6.96637801012711,67.43863280000001,2.4315686,6.93604472,0.626226503241424,0.2500750371445507,5,0.29138736747127325,-0.01202146742428667,-0.0303332901271105
480,70.9076530107926,2.3448439991856938,6.566002095088888,70.2413468,2.33366348,6.61018026,0.664904446553936,0.2106260006030392,5,-0.6663062107925981,-0.01118051918569396,0.04417816491111193
481,68.03391546366892,2.539642069768404,7.087265354969264,68.137028,2.59693206,7.07996306,0.538444178455471,0.20928011909298944,5,0.10311253633108208,0.057289990231595755,-0.007302294969264267
482,70.41778736700303,2.5179049799711515,7.265265646625709,70.3191922,2.4930771,7.284375900000001,0.3786486532392942,0.2089881588720052,5,-0.09859516700302606,-0.024827879971151656,0.01911025337429173
483,75.1082221797582,2.287847837164221,7.186471035235544,74.9971504,2.30072228,7.2066237200000005,1.0269928540231277,0.40979127354547684,5,-0.11107177975820548,0.01287444283577921,0.020152684764456197
484,70.44501351913203,2.483543931728143,7.4060547329416835,70.814026,2.52944478,7.39584234,0.4552165532558658,0.18877453156616955,5,0.36901248086796556,0.04590084827185681,-0.010212392941683746
485,71.83958554178797,2.672845120194811,7.470751062450913,71.9716992,2.62262096,7.44889436,0.7199428160866196,0.2066641352860988,5,0.13211365821203458,-0.05022416019481124,-0.02185670245091309
486,71.66889335334112,2.527624972154292,7.597314310356296,71.44523699999999,2.60976376,7.6146455,0.809775850776241,0.2522465715319572,5,-0.2236563533411271,0.08213878784570783,0.017331189643703837
487,69.23410569823824,2.409658628899276,6.762899140428968,68.988806,2.39267788,6.746275799999999,0.6894612012844193,0.24127925291462607,5,-0.2452996982382416,-0.016980748899276144,-0.016623340428968625
488,74.76697349625861,2.029434578142783,6.291435860295489,74.50308700000001,2.0095267199999998,6.257174340000001,0.8542247464799232,0.3065208301996494,5,-0.26388649625860694,-0.019907858142783397,-0.034261520295488346
489,74.23322120411734,2.220413781724141,6.66280253985676,74.3412182,2.20901188,6.665300960000001,0.59224949732059,0.1702680732153181,5,0.1079969958826581,-0.01140190172414135,0.0024984201432403097
490,72.08230037013811,2.308695036476568,6.701912656946666,72.134637,2.3522899199999996,6.72995068,0.7487297558813895,0.3127091511588416,5,0.05233662986188392,0.04359488352343144,0.028038023053333916
491,69.57255377069917,2.389880957960138,7.352344532476286,69.928121,2.43199292,7.34973506,0.7044628044436548,0.1565737577465597,5,0.3555672293008314,0.04211196203986178,-0.0026094724762852906
492,67.85649285408782,2.705952738629579,7.3104881377706645,67.767403,2.67699278,7.3263191800000005,0.5366858787203331,0.1543835719504089,5,-0.08908985408781689,-0.02895995862957923,0.015831042229335957
493,75.83965222417983,2.0381793169256506,6.507939790164544,75.8038112,2.07867312,6.513993480000001,0.8589743221550015,0.2722805655914792,5,-0.03584102417983104,0.040493803074349355,0.006053689835456844
494,73.76860647924019,2.262839424110496,6.653926126782464,73.417561,2.29358082,6.66567282,0.5146895754433861,0.2274158515403777,5,-0.3510454792401845,0.030741395889503753,0.011746693217536297
495,70.94008281355967,2.387733615820677,7.584932777751486,70.72330079999999,2.42302264,7.55075434,0.8645525253313998,0.2413801759892101,5,-0.21678201355967985,0.035289024179323114,-0.034178437751485546
496,73.22753782453513,2.18479511129093,7.021668821249399,73.339819,2.20147896,6.978499820000001,0.6543418394390692,0.20667181201446633,5,0.11228117546487226,0.016683848709070137,-0.0431690012493986
497,71.85471296622632,2.243827621414396,7.109824069067651,71.6821204,2.25601454,7.07660748,0.6639499827629174,0.1433904533345854,5,-0.1725925662263137,0.012186918585603834,-0.033216589067651014
498,70.92298387376908,2.389380332403578,7.112724233268986,70.89926080000001,2.41406914,7.1084372799999995,0.5532906805410012,0.1821233549106407,5,-0.023723073769076564,0.024688807596422002,-0.004286953268986871
499,70.18386823676391,2.365922431140767,6.8022185789368965,70.2689292,2.3557167,6.827631080000001,0.6678305484772864,0.23025507936876427,5,0.08506096323608858,-0.01020573114076706,0.02541250106310411
500,72.09676016781265,2.3629788811078467,7.1389226591779815,72.25833279999999,2.2849702400000003,7.096294039999999,0.5291478603295469,0.2681157566798201,5,0.16157263218734386,-0.07800864110784644,-0.04262861917798233
501,67.10970571691206,2.484911266235976,6.855014583664098,67.0742304,2.4367131,6.88225156,0.5728127506027657,0.22584040613565176,5,-0.03547531691205563,-0.04819816623597584,0.027236976335902163
502,68.30944340062857,2.675314297036247,7.396896055881662,68.2783828,2.69521254,7.40083324,0.4855802900423035,0.15103843563682945,5,-0.03106060062856386,0.019898242963753088,0.0039371841183379885
503,71.8702692646436,2.3882630330311097,6.8933767077615915,72.08768599999999,2.35168094,6.86860588,0.5810232995843754,0.1981506177230555,5,0.2174167353563945,-0.0365820930311096,-0.024770827761591896
504,68.84961193995676,2.312623452396801,7.024712776105526,68.843677,2.32824156,7.0293813,0.6634672936124596,0.1566174295022785,5,-0.005934939956759422,0.01561810760319915,0.004668523894474141
505,69.44034750293744,2.1567731522256386,6.791141152251656,69.376536,2.18243244,6.78831538,0.7297142873544168,0.2564655198906154,5,-0.06381150293744042,0.025659287774361328,-0.0028257722516560335
506,66.88101481014009,2.85,7.85,67.142802,2.8878272799999998,7.89242674,0.8335371669096364,0.2805273733166118,5,0.2617871898599162,0.037827279999999686,0.042426740000000684
507,70.73386595187777,2.302496304825589,6.82687303221625,70.94726,2.3182864800000003,6.81211534,0.43470174758211055,0.17759337305574863,5,0.2133940481222254,0.01579017517441139,-0.014757692216250007
508,72.28257468560788,2.264571155223833,6.65646860452168,72.501818,2.24520596,6.626944040000001,0.49791386539784044,0.18285510015391607,5,0.21924331439211642,-0.019365195223833176,-0.02952456452167951
509,69.3050906815869,2.302979764139708,6.847190668044144,69.254908,2.25147602,6.840599620000001,0.7631340566840821,0.20461764009539646,5,-0.050182681586903755,-0.05150374413970793,-0.006591048044143122
510,68.92724879547174,2.6910420730168387,7.3781095701699595,69.1058182,2.7203231800000003,7.356187919999999,0.6245431250720838,0.2873218047739728,5,0.1785694045282611,0.029281106983161553,-0.021921650169960394
511,67.63803255544627,2.4145668749628952,7.062705379703344,67.816844,2.41179724,7.1063446,0.7247414738476371,0.22208242564701122,5,0.17881144455373033,-0.0027696349628953953,0.043639220296656234
512,69.93248096540933,2.5682986514524004,6.930931110899107,70.029381,2.5399022600000003,6.89051736,0.8277692027946489,0.15961500804784817,5,0.09690003459067498,-0.028396391452400138,-0.04041375089910737
513,72.11102521640538,2.517441696885049,7.413094345588862,71.91449320000001,2.54556878,7.44070736,0.7785754984811563,0.24542872106609054,5,-0.19653201640537077,0.028127083114950935,0.027613014411138614
514,71.08323175160342,2.2832463014615034,6.595319794074075,71.291323,2.22154688,6.62166678,0.7314793869339532,0.2255325896558781,5,0.20809124839658466,-0.06169942146150342,0.026346985925925104
515,70.21554537476943,2.475976320912356,6.853430697104519,70.56419120000001,2.4417605399999998,6.81464376,0.5185807701232837,0.17400144272461882,5,0.34864582523057663,-0.03421578091235622,-0.0387869371045193
516,66.98168871887968,2.464346981313735,7.047658208118781,67.11060599999999,2.44968118,7.005347019999999,0.6814779820919934,0.1768343358377644,5,0.12891728112030876,-0.014665801313735294,-0.04231118811878165
517,69.53824429258862,2.6902669587616006,7.526547434223582,69.558734,2.69206448,7.518256580000001,0.48182933690707125,0.17229887475444336,5,0.020489707411385893,0.00179752123839938,-0.008290854223581334
518,71.38832560862545,2.352892275694663,6.877483969975229,71.709013,2.3118198800000003,6.8629465,0.529069631579332,0.22806128680196017,5,0.32068739137454827,-0.04107239569466259,-0.0145374699752292
519,72.31241144920088,2.4480806937525856,7.467715157454269,72.538704,2.40959216,7.41254986,0.7865343166405085,0.24448559443390394,5,0.2262925507991156,-0.03848853375258576,-0.0551652974542689
520,73.92386983727575,2.299497525856792,6.770164310628059,73.821068,2.3342798399999998,6.7630234,0.5587219760181176,0.2147778502054874,5,-0.10280183727574865,0.03478231414320776,-0.007140910628058883
521,72.19143690582077,2.4507782476138944,6.993684554069286,72.061268,2.47685616,6.97119656,0.4495650109615517,0.1664879619697924,5,-0.13016890582076712,0.026077912386105684,-0.022487994069285477
522,69.22681900108408,2.40211807270644,7.021315417217326,68.90690079999999,2.3895833,7.02141804,0.4805543125378261,0.1789959377380551,5,-0.31991820108409286,-0.012534772706440211,0.00010262278267436642
523,71.0968167011581,2.443968435704259,6.947111190896592,71.39998399999999,2.37004576,6.870609740000001,0.3007410652599521,0.14585472748979203,5,0.30316729884188476,-0.07392267570425881,-0.07650145089659155
524,72.78933278137538,2.189673050775604,6.69568003064407,72.782512,2.20589652,6.666864340000001,0.666653830032512,0.23022238588399596,5,-0.006820781375381557,0.01622346922439588,-0.02881569064406886
525,70.24330098599602,2.5878551138671977,7.087070127437836,70.0905368,2.61439514,7.10465808,0.7343115088269575,0.17178564624073406,5,-0.15276418599601982,0.026540026132802375,0.017587952562164055
526,69.13848013423994,2.456875154245844,6.898661473882759,69.145692,2.43147732,6.84115456,0.4693722365424399,0.20929674470770712,5,0.0072118657600555025,-0.025397834245843853,-0.05750691388275975
527,68.55342400206933,2.6502785765387955,7.390138793197012,68.566325,2.64140914,7.3768458,0.2543324721765344,0.16372215283739008,5,0.012900997930671565,-0.008869436538795572,-0.013292993197012493
528,70.29010202831495,2.613986610800768,6.998666845035198,70.672119,2.60107294,6.99931768,0.6978065841017337,0.20221209576549973,5,0.3820169716850472,-0.012913670800767996,0.000650834964801561
529,71.40173222124268,2.3087776084131977,6.8628936217290875,71.16071819999999,2.32153852,6.891442499999999,0.744134164656014,0.3362272451188978,5,-0.241014021242691,0.012760911586802148,0.028548878270911793
530,67.43997724753555,2.712170359687196,7.453252750146677,67.705274,2.71195712,7.419217659999999,0.5819447759454573,0.17437887390759424,5,0.26529675246445095,-0.00021323968719588748,-0.03403509014667794
531,72.58116289495068,2.172087182999034,6.905290148599425,72.938372,2.16692478,6.93140176,0.8769738272450411,0.3137269225593723,5,0.35720910504932135,-0.0051624029990340325,0.02611161140057483
532,73.663370886716,1.9159300522946843,6.143223785717008,73.4620282,1.92543504,6.1326813399999995,0.8532994917618664,0.1609118565582057,5,-0.20134268671598932,0.009504987705315715,-0.010542445717008242
533,68.19902398658537,2.4894488938942656,6.746469174376166,68.3906212,2.43673716,6.76217142,0.582576298280415,0.2190818016612126,5,0.19159721341462443,-0.052711733894265755,0.015702245623833377
534,72.07713714595228,2.3374745781912534,6.817545216706053,71.8948862,2.3309021999999997,6.783111979999999,0.5945628048882907,0.1931668097249441,5,-0.1822509459522763,-0.006572378191253669,-0.034433236706053805
535,73.09279013185589,2.381050754587763,6.546447994410573,72.7910188,2.27354226,6.5822375,0.567912602113782,0.23282111846465373,5,-0.301771331855889,-0.1075084945877629,0.03578950558942662
536,70.3467641921665,2.568158191697671,7.31574179925348,70.1369972,2.54697782,7.34188176,0.497087262939824,0.1180088036812266,5,-0.2097669921665073,-0.021180371697671063,0.026139960746519364
537,72.12283156554076,2.409028294258328,6.9231136671950795,72.1436112,2.4284811399999997,6.93549338,0.565767189531433,0.2032543621576043,5,0.020779634459231033,0.01945284574167161,0.012379712804920118
538,67.95528074121157,2.3991037283132584,6.8823819315189185,68.10884999999999,2.35306054,6.8953496,0.5299880416990679,0.11090483217134502,5,0.15356925878842276,-0.046043188313258376,0.012967668481081773
539,72.86850128035321,2.3765858117838987,6.935470849917067,72.701486,2.34417558,6.95214606,0.5710890344484613,0.2019746701130829,5,-0.1670152803532119,-0.03241023178389879,0.0166752100829326
540,66.0,2.153635866327431,6.808952195962236,65.68498480000001,2.1676371,6.804030539999999,0.8295016364898997,0.2542248683198881,5,-0.3150151999999906,0.01400123367256878,-0.004921655962236926
541,69.3973020596324,2.117285076169339,6.431154927702673,69.325347,2.14528508,6.436516039999999,0.8053277465339775,0.21809917757543448,5,-0.07195505963240123,0.028000003830660702,0.005361112297325832
542,71.2029172378554,2.3818352327253915,6.810216163316059,70.818493,2.4150429,6.81547228,0.5083664757052566,0.14965547838133236,5,-0.3844242378553986,0.03320766727460844,0.005256116683940881
543,72.64629225954735,2.252637357129433,6.748285531285795,72.73852939999999,2.29796458,6.7557535,0.5088823349533308,0.1702680732153181,5,0.09223714045263876,0.045327222870566786,0.0074679687142049644
544,71.55985288254341,2.545114604014933,6.9987260365744515,71.1319448,2.53788922,6.99785264,0.5303657133633767,0.21579820545178025,5,-0.42790808254341073,-0.007225384014933223,-0.0008733965744518457
545,73.8846921093249,2.342382726289804,6.94744796909867,73.93235200000001,2.34346042,6.94575914,0.7229742097714228,0.35435229410061597,5,0.04765989067510645,0.0010776937101959483,-0.001688829098670297
546,68.04545490282239,2.286485788831243,6.649858455811781,67.8938622,2.3130518,6.66165424,0.6911664277296068,0.2927261599013464,5,-0.15159270282238424,0.026566011168757342,0.011795784188218583
547,66.18736944887335,2.193390354430836,6.941831397145075,66.07352,2.23650526,6.94417134,0.8029316165677495,0.2994208753281099,5,-0.1138494488733528,0.04311490556916375,0.0023399428549248924
548,71.02780935002458,2.2099418971592693,6.636079919733085,71.4008512,2.1657139400000003,6.5944191000000005,0.599310919424466,0.19764632103658222,5,0.3730418499754222,-0.04422795715926897,-0.04166081973308433
549,71.41961722743241,2.365217783635857,6.930368861067611,71.063206,2.33504158,6.92417634,0.3342222926637631,0.16421244423179937,5,-0.3564112274324174,-0.030176203635857046,-0.006192521067610812
550,69.61782135424694,2.5642308632306685,7.062388878485369,70.1364448,2.5541874,7.04042618,0.7055014711362587,0.1553278409351424,5,0.5186234457530645,-0.010043463230668515,-0.02196269848536936
551,71.66608652557329,2.539702304038317,7.218585020704673,71.351406,2.53342954,7.218672100000001,0.3248584772935291,0.202130155506599,5,-0.3146805255732943,-0.006272764038316669,8.707929532825176e-05
552,69.22367880559763,2.6647761760913693,7.402206070404188,69.399021,2.65277826,7.336555939999999,0.3448815428575367,0.22192215600866985,5,0.17534219440237564,-0.011997916091369465,-0.06565013040418854
553,70.99259154299102,2.398174855082879,6.81097807569313,70.588613,2.3642054999999997,6.81890056,0.6915167565165276,0.1414535663011981,5,-0.40397854299102676,-0.03396935508287946,0.007922484306869926
554,70.50180581946131,2.4209085566586777,6.986067860984052,70.3717892,2.45724912,7.016884299999999,0.48660542782903315,0.24022206371506485,5,-0.13001661946131549,0.03634056334132252,0.030816439015946884
555,71.05873283388071,2.0124589180369954,6.238885729177692,71.31413119999999,2.05074644,6.1973340199999996,0.8531112527971585,0.22399422408660685,5,0.25539836611928024,0.03828752196300478,-0.041551709177692686
556,69.99059383906867,2.4123162184008984,6.789662291280993,70.167536,2.39684032,6.785551839999999,0.609325873688389,0.23189760387156372,5,0.17694216093133264,-0.015475898400898469,-0.004110451280993743
557,71.46852963497518,2.3036442336566845,6.735619337554821,71.2985278,2.3316632200000003,6.727180819999999,0.4933680218336943,0.1397198524894983,5,-0.1700018349751815,0.028018986343315788,-0.008438517554822056
558,69.08095929280155,2.6046691850920016,7.327910162126114,69.4225642,2.60839558,7.303422500000001,0.5927404321324544,0.1467108597797891,5,0.3416049071984446,0.0037263949079981984,-0.024487662126112753
559,73.95600349277812,2.027406603622957,6.168639876657478,73.52127800000001,2.00168694,6.19155318,0.8722513871433366,0.29129484149530965,5,-0.4347254927781137,-0.02571966362295708,0.02291330334252173
560,68.67507978666542,2.364546487863349,6.794024092198384,68.6687732,2.33760696,6.8000737,0.6840096982472206,0.22534417110630614,5,-0.006306586665417058,-0.026939527863349078,0.006049607801616119
561,70.29973223776214,2.124536897332493,6.4889838871563885,70.098203,2.08845336,6.4851399,0.9350662166132484,0.2507042641798499,5,-0.20152923776214493,-0.036083537332493254,-0.003843987156388451
562,72.64687913922528,2.073626258517082,7.13611027199259,72.857478,2.11356986,7.11943964,1.0370722984906375,0.251406513332802,5,0.21059886077472356,0.0399436014829182,-0.016670631992589335
563,71.73013032856839,2.1543365275659987,6.576341523380303,71.1428062,2.1846247599999997,6.56078672,0.5458033299861491,0.18353756438995697,5,-0.5873241285683974,0.030288232434001028,-0.015554803380302573
564,72.5774453614056,2.514521334479096,6.899795694773951,72.75839920000001,2.51940608,6.966526880000001,0.7295323718815677,0.2504969644924991,5,0.18095383859441938,0.004884745520903788,0.06673118522604948
565,71.48561859221925,2.1893184568292963,6.784782978762822,71.7936608,2.1947433199999997,6.761999299999999,0.5572396974165901,0.19804671645628374,5,0.3080422077807441,0.005424863170703453,-0.02278367876282239
566,68.82706319646141,2.1101899107755893,6.328093480495532,68.4494608,2.11861422,6.345385240000001,0.9279170167848922,0.2478997094829105,5,-0.3776023964614126,0.008424309224410731,0.017291759504468374
567,69.63842047482265,2.55461503744998,7.181519496495694,69.34405819999999,2.5370848799999997,7.131426,0.46668834231721396,0.1969568812154258,5,-0.2943622748226602,-0.017530157449980432,-0.050093496495693834
568,71.11094165672786,2.329984437164577,6.687431353943142,71.1033372,2.36063498,6.67880744,0.7460204029984769,0.2179901090298765,5,-0.007604456727861475,0.0306505428354229,-0.008623913943141659
569,66.61752996136444,2.531115182568449,7.25513332515042,66.3408848,2.4998317,7.24400854,0.5069315755568848,0.14662409213965316,5,-0.27664516136444206,-0.03128348256844893,-0.011124785150419925
570,70.03740296631923,2.629917666135772,7.85,70.34246399999999,2.61872636,7.87796996,0.9117921523024866,0.31370311139726814,5,0.305061033680758,-0.011191306135772017,0.02796996000000007
571,74.10571596695047,2.3319678350061976,7.111022853596682,74.23212579999999,2.36568026,7.1174374799999995,0.614343650635119,0.2686597794134021,5,0.12640983304952158,0.03371242499380234,0.006414626403317136
572,69.37891870657862,2.542239323697684,6.9342156765387015,69.5349808,2.5643348799999997,6.97620818,0.6149200920529309,0.21889122470077332,5,0.156062093421383,0.022095556302315522,0.0419925034612989
573,69.951176558083,2.4251149012312507,7.011111497764266,69.6925838,2.44044694,7.0238549599999995,0.3492770023203076,0.12175843985820038,5,-0.25859275808301163,0.015332038768749445,0.012743462235733638
574,70.35652292159364,2.367454821405341,7.027326893034316,70.3100072,2.39287478,6.97313424,0.5724530044848684,0.2712454676301489,5,-0.04651572159363582,0.025419958594659064,-0.054192653034315974
575,68.30129934039414,2.607516590852836,7.411044347501457,68.4362532,2.5867993,7.348613899999999,0.3845798513720911,0.1747252687632291,5,0.13495385960585793,-0.020717290852835912,-0.0624304475014581
576,71.47958866002865,2.5453459215149907,7.121963257249834,71.7431702,2.52601686,7.140913739999999,0.4797076813201745,0.1977210412786648,5,0.2635815399713408,-0.01932906151499081,0.01895048275016542
577,68.92286674168798,2.7844856092672923,7.703330478754967,68.648306,2.74422158,7.67172652,0.4931381755513396,0.19533208901232202,5,-0.27456074168797784,-0.04026402926729222,-0.03160395875496658
578,69.69401740083761,2.3973103859699867,6.780894314784947,69.595134,2.42192728,6.78998208,0.47621489063948974,0.2029540822476715,5,-0.09888340083760738,0.024616894030013103,0.00908776521505228
579,70.11216086435792,2.511573201546508,6.995641821383565,70.1861018,2.55941024,6.9932346800000005,0.42072227643333104,0.16792506373600974,5,0.07394093564208504,0.047837038453491854,-0.0024071413835642375
580,73.5977721364092,2.222339650001971,6.490530028218556,73.217456,2.2166496,6.52918474,0.6700544297072192,0.1639346000035704,5,-0.38031613640920625,-0.005690050001970981,0.03865471178144375
581,72.05140894417998,2.0953851271883672,6.234841101477058,72.1247572,2.09233604,6.21810402,0.7962005624606195,0.21666866589567485,5,0.07334825582002225,-0.00304908718836705,-0.01673708147705799
582,70.60657531032957,2.112985094410549,6.363006674331309,70.36193,2.09662136,6.3376576,0.8060945182395398,0.18020113136111476,5,-0.24464531032957382,-0.016363734410548947,-0.025349074331309396
583,72.28411207446254,2.2909701249660785,6.80296567911879,71.963192,2.24011236,6.78022052,0.6059352924377639,0.1765037179073871,5,-0.3209200744625349,-0.050857764966078634,-0.022745159118789715
584,73.61063433181188,2.419242597638017,7.168418244157695,73.454667,2.4124884,7.20565184,0.8276476514136517,0.2854405789834754,5,-0.15596733181187972,-0.00675419763801699,0.0372335958423049
585,71.82832827169698,2.441351306397453,6.914304765145819,71.54364480000001,2.43292798,6.89918586,0.5509894460851571,0.18658284589526608,5,-0.2846834716969653,-0.00842332639745269,-0.015118905145818928
586,67.8955891240003,2.5292371768291613,6.835143336689269,67.872024,2.51059406,6.881677860000001,0.7155116751866951,0.22880043909695172,5,-0.02356512400029942,-0.01864311682916142,0.046534523310731934
587,73.19749032041992,2.257172917892138,6.7406391986006,73.15622499999999,2.29710206,6.79636678,0.581644045873987,0.2032543621576043,5,-0.04126532041992448,0.039929142107861804,0.05572758139939982
588,70.12462138600117,2.2942281649021496,6.831007399295818,69.865824,2.3549403399999997,6.82721744,0.9062156745437651,0.1762492392221773,5,-0.258797386001163,0.060712175097850096,-0.003789959295818157
589,71.15923130945008,2.514340743257345,6.954625418410563,70.65196399999999,2.5089525,6.95938278,0.9510760795045442,0.3541276486794119,5,-0.5072673094500857,-0.005388243257344882,0.004757361589437181
590,74.8324588845219,2.086928221826997,6.754411464647615,74.6563,2.08345598,6.743191319999999,0.7982489742242878,0.23773306769873342,5,-0.17615888452189665,-0.0034722418269970134,-0.011220144647615449
591,70.26455485992355,2.3820296204567764,6.724223304686356,70.407492,2.36542266,6.672043019999999,0.7790992277603962,0.2648124183202364,5,0.1429371400764552,-0.016606960456776232,-0.05218028468635705
592,70.91461619915765,2.533394688912716,6.9024246140426255,70.78588500000001,2.52804262,6.87298064,0.6254973971965412,0.1450166952250673,5,-0.12873119915764164,-0.0053520689127162235,-0.029443974042625776
593,71.15726569570828,2.4584717763951263,6.8329614563597385,71.40393879999999,2.4486609,6.85532328,0.49336586090106194,0.1387410846256281,5,0.24667310429171607,-0.009810876395126122,0.022361823640261846
594,72.96982886046962,2.548064379567601,7.294460455792624,72.768794,2.5618326199999997,7.254591639999999,0.6715036484769783,0.20288524808259387,5,-0.20103486046961905,0.01376824043239866,-0.0398688157926248
595,72.28847407853472,2.259716165254397,6.689243417285613,72.29808399999999,2.27801758,6.68263118,0.7897701621000552,0.1776376840905995,5,0.009609921465269622,0.018301414745603317,-0.0066122372856129985
596,69.99816889613682,2.6639607786223647,7.292692247253139,70.703418,2.69541462,7.30505694,0.7217832852292767,0.2080137089791423,5,0.7052491038631814,0.031453841377635516,0.012364692746861472
597,71.889845714209,2.200858020442411,6.6470463254824965,72.112618,2.21017186,6.62456192,0.6926910611687052,0.22567517850906677,5,0.22277228579099528,0.00931383955758891,-0.02248440548249686
598,69.36760157965234,2.7561543858324224,7.430805910167399,69.517077,2.7442414800000003,7.426893359999999,0.7023636598422173,0.1996786047357474,5,0.14947542034765604,-0.011912905832422105,-0.003912550167399331
599,66.0,2.749315268335103,7.725822269890682,65.8093942,2.795274,7.728632880000001,0.7167414573474762,0.11931365373261926,5,-0.19060580000000016,0.045958731664896835,0.002810610109318823
600,71.16444218213354,2.588028094446271,6.975552115478767,70.66660900000001,2.5397658200000004,6.9653680399999995,0.7421615900695552,0.3349958957475216,5,-0.4978331821335331,-0.0482622744462704,-0.010184075478767873
601,74.06347464046867,2.0537416821344885,6.343378461152143,73.980009,2.07720816,6.347256679999999,0.7600563788577214,0.20157892662400728,5,-0.083465640468674,0.023466477865511592,0.0038782188478565516
602,71.1655761286403,2.193176620886834,6.649752461200192,70.8314852,2.2436941599999995,6.6254678600000005,0.6899480048387177,0.21798328737616157,5,-0.3340909286402933,0.050517539113165366,-0.024284601200191602
603,72.33183959684335,2.394446416649633,7.469187194393195,72.2681702,2.40354672,7.507463319999999,1.122596198615262,0.35205028602253724,5,-0.06366939684335193,0.009100303350367156,0.03827612560680471
604,75.15246621153392,2.036120371789593,6.3322275614002,75.19938499999999,2.0037603400000004,6.32571522,0.9197980276184431,0.23914691436202823,5,0.04691878846607267,-0.03236003178959246,-0.006512341400199517
605,70.18955955411148,2.595069147684724,7.354113412248817,70.36577199999999,2.54983024,7.289076799999999,0.426956189470803,0.24074619592166413,5,0.1762124458885097,-0.04523890768472416,-0.06503661224881796
606,67.1502345943204,2.563623646302638,7.089766776670784,67.39655439999999,2.5128086400000003,7.0978758,0.6044961570954841,0.1768343358377644,5,0.24631980567959033,-0.05081500630263758,0.008109023329216036
607,70.07025024846736,2.419524450484378,7.089443276493048,69.8863388,2.4240368400000003,7.103658,0.47003300776398704,0.12241310974619798,5,-0.18391144846735585,0.004512389515622495,0.014214723506952076
608,69.0317276112859,2.503145973977955,7.2181676712914795,68.7480728,2.48580594,7.23588216,0.6522994057647666,0.2032363743624063,5,-0.2836548112858992,-0.017340033977955027,0.017714488708520548
609,70.7904493526111,2.489464242003556,6.91239144482468,70.48262,2.50007134,6.932812920000001,0.570675213607142,0.14718913364005445,5,-0.3078293526111082,0.01060709799644366,0.020421475175321113
610,72.97042029351059,2.4736468139661687,6.978029567639611,72.389122,2.4636637400000003,6.98703986,0.46775527311113885,0.184557275599016,5,-0.581298293510585,-0.009983073966168377,0.009010292360389194
611,70.22555590244339,2.4245811296589896,6.986269412850625,69.871098,2.43494186,6.95150566,0.7307121487059527,0.1556151232162845,5,-0.3544579024433858,0.01036073034101026,-0.034763752850625274
612,68.90405952164242,2.102212943844158,6.40882518531721,68.8788258,2.11506646,6.42235546,0.8002544748585223,0.2936547674923155,5,-0.025233721642422324,0.012853516155841849,0.013530274682790555
613,73.8005961943269,2.1140177015348423,6.310221134241454,74.06145599999999,2.1069140600000003,6.3499354,0.6834651512519186,0.1867777726159095,5,0.26085980567309264,-0.007103641534841998,0.039714265758545864
614,71.30119569955707,2.07021815667204,6.279155929802856,70.984105,2.08673632,6.3554968,0.7745074178780477,0.16901317365823196,5,-0.31709069955707037,0.016518163327960078,0.07634087019714375
615,69.14831414618592,2.578269277417464,7.170811181390053,68.9965222,2.6035479599999998,7.198019159999999,0.4778694966070437,0.24022509362430106,5,-0.15179194618592362,0.02527868258253596,0.027207978609946615
616,70.55248465502329,2.3928220107424547,6.790594618668152,70.67035000000001,2.38578068,6.76285032,0.4356356080073409,0.10759180022235453,5,0.11786534497672108,-0.007041330742454832,-0.027744298668151757
617,69.75315811044577,2.1688497723263462,6.547393117029017,69.71726720000001,2.16775098,6.55987342,0.7517547731809542,0.21382796367368995,5,-0.035890910445758095,-0.0010987923263461319,0.01248030297098257
618,69.38250407953923,2.3076946266197487,6.455629533042201,69.29365800000001,2.27693782,6.4987166599999995,0.8432007334240573,0.2785345931820339,5,-0.08884607953922341,-0.030756806619748556,0.043087126957798816
619,69.5765637606347,2.507177814233284,7.244715723683737,69.599666,2.52023724,7.26873798,0.3899504963359599,0.1639822594265211,5,0.023102239365300647,0.01305942576671626,0.02402225631626287
620,67.60757562968944,2.583185561753548,7.236849760435048,67.72168719999999,2.5563611600000002,7.2263868,0.4342976496065759,0.1630889773239214,5,0.11411157031055552,-0.026824401753547722,-0.010462960435047464
621,68.79406233376558,2.146748276911078,6.62994077553074,68.5958968,2.1912848400000002,6.6028412,0.7318603373837846,0.2370129726489271,5,-0.19816553376557522,0.044536563088922065,-0.027099575530739273
622,75.55365588892874,2.317278849131402,6.977538795925605,75.2756928,2.32849876,6.976662020000001,0.6993269148563079,0.2148355577372408,5,-0.2779630889287432,0.011219910868597971,-0.0008767759256045338
623,71.36819187114118,2.299760473210169,6.660835832846795,71.45387120000001,2.25225134,6.641231980000001,0.7777189696960489,0.25130651934973824,5,0.08567932885883067,-0.04750913321016892,-0.019603852846794112
624,73.40877852730087,2.253893935824736,6.78890042070916,73.40032599999999,2.22236852,6.7607114,0.6307670606523156,0.2502061629900503,5,-0.00845252730087509,-0.031525415824736225,-0.028189020709159962
625,70.11647063358411,2.497915567382624,6.952119358276592,70.406855,2.4523630400000003,6.94023586,0.5995752779926405,0.23048311850235273,5,0.2903843664158785,-0.04555252738262361,-0.011883498276592519
626,70.05658026305211,2.179257235753181,6.733832979382937,69.98609280000001,2.21119294,6.72383524,0.5029852131172172,0.19660501619075055,5,-0.0704874630521033,0.03193570424681891,-0.009997739382937354
627,67.70573243557372,2.689025493908304,7.403737598284023,67.799554,2.7121147999999997,7.434236319999999,0.386975100308177,0.22926804151476365,5,0.09382156442627831,0.023089306091695683,0.03049872171597645
628,72.69697483398396,2.317380095165772,6.9193659091011614,72.9224488,2.3276662000000004,6.9286385,0.61243046310438,0.26045868581489373,5,0.22547396601603964,0.010286104834228205,0.009272590898838473
629,70.72348900035323,2.6473516863392432,7.255358109276517,70.8936598,2.68374388,7.27193714,0.6877609989668845,0.20007645316249337,5,0.17017079964676896,0.036392193660756966,0.016579030723483434
630,68.94740365321563,2.35972772911937,6.770974164433937,69.370672,2.34847222,6.76822298,0.6615502121516655,0.22973531211025938,5,0.42326834678436853,-0.01125550911937001,-0.0027511844339374036
631,74.12810012322457,2.276710302232758,6.727777483174263,74.0024128,2.2350109,6.77703552,0.5731158289216981,0.2932813583665306,5,-0.1256873232245681,-0.04169940223275814,0.04925803682573715
632,70.25351633832614,2.612625162822368,7.224726527574086,69.7386262,2.6012019000000004,7.23208408,0.5518896860961304,0.196844726112891,5,-0.5148901383261375,-0.011423262822367608,0.007357552425913738
633,71.29245782334142,2.467548776319636,7.183476800720252,71.2313034,2.5012796600000002,7.1650386600000004,0.6200856407694677,0.27122987688785777,5,-0.06115442334142074,0.033730883680364254,-0.018438140720251184
634,69.85616286515348,2.7286178342430305,7.7221119721953855,69.6110146,2.7448304400000003,7.68821734,0.7115145775777443,0.1957472157524366,5,-0.24514826515347465,0.01621260575696981,-0.03389463219538591
635,69.10722220033819,2.426865377619247,6.963718102202366,69.523524,2.4491118,6.92434336,0.497551707614711,0.1832566905151713,5,0.41630179966180947,0.022246422380753028,-0.03937474220236581
636,70.40029011274706,2.486813444902096,6.939447979175553,70.7629628,2.51536506,6.94622198,0.4397428724454966,0.20685386299372194,5,0.3626726872529389,0.028551615097903937,0.006774000824447235
637,67.77750408364759,2.68279526021502,7.38072229005122,67.61022700000001,2.66055884,7.405372699999999,0.7060711495346412,0.18964144671298613,5,-0.16727708364757632,-0.022236420215019592,0.024650409948779206
638,73.54490012194067,2.380105355178428,7.030816420016737,73.72182719999999,2.3363644199999998,6.98990188,0.8468991045889378,0.21860390539027272,5,0.17692707805932173,-0.04374093517842814,-0.040914540016737
639,69.03610231805874,2.433261495017884,7.028198324626691,69.2462118,2.4991142,7.03355392,0.375281005404874,0.1671665579895705,5,0.21010948194125945,0.06585270498211626,0.005355595373309541
640,67.92875024866012,2.5525579232409426,7.065382478136732,68.2305972,2.52550418,7.08005158,0.4116601165487424,0.18849017044661673,5,0.3018469513398827,-0.027053743240942563,0.01466910186326853
641,69.98362774154596,2.34273118316091,6.727283634830738,70.065989,2.3996258,6.726075679999999,0.6464743260240081,0.14606960294307944,5,0.08236125845404274,0.05689461683908981,-0.0012079548307388777
642,73.49124867355108,2.454361808253075,6.902850026940901,73.0433788,2.4635204,6.92736798,0.6614879617203995,0.1354838659026972,5,-0.44786987355108465,0.009158591746925016,0.02451795305909865
643,72.03058567294259,2.224665633405946,6.442542272423827,71.74832599999999,2.29709212,6.495915800000001,0.7699447491980678,0.2343700587008743,5,-0.282259672942601,0.07242648659405404,0.05337352757617353
644,66.5848925971869,2.443643334323996,7.12336838026022,66.92737600000001,2.5088271200000003,7.07155346,0.6070909982375214,0.1864430510510374,5,0.34248340281311584,0.06518378567600447,-0.051814920260220276
645,70.76731506942309,2.423411859420284,6.773375156067293,70.618158,2.4191986400000003,6.80944542,0.5966653288200977,0.16469197416456618,5,-0.14915706942309725,-0.0042132194202837425,0.03607026393270729
646,70.45289391535302,2.714474807986268,7.14879279655045,70.39327,2.63365432,7.135858140000001,0.5779481756325018,0.15518280177345584,5,-0.05962391535301492,-0.08082048798626795,-0.01293465655044912
647,71.69760313738576,2.2729894863573703,6.6967072438359905,71.795272,2.26810714,6.6735191799999996,0.5266044199528557,0.13714212752001104,5,0.0976688626142419,-0.004882346357370171,-0.023188063835990924
648,69.73274909477024,2.5394302912166817,7.114545608907248,69.994624,2.5064022,7.124130119999999,0.282239900595678,0.2034119084619575,5,0.2618749052297602,-0.0330280912166816,0.009584511092751491
649,71.98034448807852,2.482514748219568,7.095907440771566,72.451734,2.44187816,7.068499839999999,0.493819849602893,0.23516797488223187,5,0.4713895119214868,-0.04063658821956828,-0.027407600771566898
650,69.49320940321952,2.5943304779881684,7.208360937750389,69.383074,2.58900286,7.2177622,0.2934172299013032,0.21904751554926644,5,-0.1101354032195303,-0.005327617988168498,0.009401262249610909
651,71.79372814161573,2.636600926405581,7.261341306957807,71.5603558,2.6263025200000003,7.268013959999999,0.6162530685561756,0.1562536450860495,5,-0.23337234161573406,-0.010298406405580884,0.0066726530421918895
652,69.3614296986906,2.3367597956626054,7.033263464160688,69.227634,2.3430299999999997,7.03079196,0.3959983426134208,0.16900659725501174,5,-0.13379569869060504,0.006270204337394336,-0.0024715041606881982
653,68.34522054863561,2.491304614599715,7.037923502884157,68.5818582,2.4542529,7.03134058,0.41360333041479336,0.15786336571099363,5,0.23663765136438997,-0.0370517145997149,-0.006582922884156517
654,72.8413526555874,2.1822365962214176,6.640399965222882,72.70303299999999,2.17947894,6.6269452,0.4839714595469788,0.1598863463123577,5,-0.13831965558740933,-0.002757656221417548,-0.013454765222881804
655,69.31289251840752,2.238617414785365,6.6782808474132525,69.1781642,2.23485284,6.68476704,0.7719423550009381,0.3116523417965949,5,-0.1347283184075252,-0.0037645747853649603,0.006486192586747208
656,73.01338750089973,2.5681310610777945,7.259216171511656,72.4935152,2.6012587199999997,7.29345692,0.6952042063818017,0.1614996241627062,5,-0.5198723008997206,0.03312765892220515,0.0342407484883438
657,68.96353684855191,2.5048634202563926,6.950058053620632,69.55954799999999,2.5186962399999997,6.9301661999999995,0.5367932548564788,0.21367711295158545,5,0.5960111514480815,0.013832819743607061,-0.019891853620632283
658,70.8053345308649,2.4221124607289672,7.741902716604116,71.039882,2.40256548,7.659207100000001,0.9318072922380164,0.25162482136178876,5,0.2345474691351086,-0.019546980728967434,-0.08269561660411551
659,70.6114539303189,2.6912496673294743,7.257812852791746,70.9455772,2.6392658,7.258260679999999,0.9084715150420223,0.2825479574117944,5,0.3341232696811005,-0.051983867329474354,0.00044782720825331523
660,71.05116443400142,2.357547857725288,6.715728105011652,71.5605762,2.3190338,6.718526160000001,0.44730484360345885,0.16136176310709532,5,0.5094117659985784,-0.03851405772528782,0.0027980549883483974
661,71.6602429939706,2.679196895439811,7.1922511649592,71.74551,2.59912792,7.19238646,0.596078714332641,0.13579635655455569,5,0.08526700602939741,-0.08006897543981095,0.00013529504080000976
662,73.699515392232,2.511722827806471,6.993883507562961,73.5325652,2.46353958,7.00563406,0.7409495515281906,0.2174904471326229,5,-0.16695019223200802,-0.04818324780647121,0.011750552437039374
663,70.56360456808349,2.420789592771474,7.216185493993218,70.666757,2.38305238,7.20804414,0.7096560255140006,0.27462348880631593,5,0.10315243191651291,-0.03773721277147413,-0.008141353993218026
664,68.78441428515882,2.569445872043246,7.149644567161315,68.8078002,2.56378008,7.110165499999999,0.44813266660674705,0.20318433114628745,5,0.02338591484118524,-0.005665792043246132,-0.03947906716131566
665,67.98826845944029,2.706716604557013,7.442489309840001,67.6498152,2.75269902,7.4395330799999995,0.5913022788906475,0.22921339314743436,5,-0.3384532594402856,0.04598241544298709,-0.002956229840001434
666,69.49483081513013,2.5540789350197466,6.9371565346718045,69.53463880000001,2.52934008,6.93673496,0.5696958586242448,0.14752575648083388,5,0.03980798486988135,-0.02473885501974671,-0.00042157467180459207
667,68.82468648887253,2.148956169872344,6.870508532048808,68.5851322,2.18397404,6.8312592,0.5868870682992813,0.22282865515261716,5,-0.23955428887252594,0.035017870127656,-0.03924933204880787
668,74.35920777930227,2.171486996696396,6.552926776733814,74.27428,2.1379804200000003,6.51500924,0.7867682085647212,0.1787152262828958,5,-0.08492777930226225,-0.03350657669639556,-0.03791753673381404
669,71.44699936263187,2.418712158160818,7.1685432163123775,71.44152,2.44306944,7.149835899999999,0.9485717205420346,0.25177423799705234,5,-0.005479362631874096,0.024357281839181955,-0.018707316312378097
670,71.6208876912056,2.5650854396586893,7.267529271923129,71.78464699999999,2.56736746,7.29026494,0.5408900583756122,0.2481641826681452,5,0.16375930879439693,0.002282020341310531,0.022735668076871107
671,78.28421589527046,1.913578573129517,6.164550802510201,78.253116,1.90118616,6.1979739799999995,1.0218199361353582,0.2702174144981477,5,-0.031099895270457978,-0.012392413129517,0.03342317748979884
672,70.72425403927824,2.433847207218825,6.85553253281351,70.792858,2.40480206,6.83767168,0.4054623796465102,0.1591283222761785,5,0.06860396072175945,-0.029045147218824674,-0.017860852813510242
673,73.00585032115016,2.2098682284631845,6.892167190434418,73.036726,2.2162892800000003,6.92439246,0.8114626566210006,0.2412481769753108,5,0.03087567884983855,0.006421051536815714,0.032225269565581804
674,70.76567516064308,2.5672618409797288,7.157480670790124,70.537699,2.55772192,7.11145322,0.3894116674822884,0.21078097232318532,5,-0.22797616064308102,-0.009539920979728667,-0.046027450790124824
675,69.37786801682167,2.276931722116378,6.586219595936306,69.453778,2.31636736,6.62195686,0.6210951362342014,0.1987528590124336,5,0.07590998317833453,0.03943563788362203,0.03573726406369371
676,74.79217007507557,2.125616296311084,6.568084745849616,74.99733119999999,2.1339848,6.571137160000001,0.7389031487770872,0.17017317176823946,5,0.20516112492441607,0.00836850368891584,0.003052414150385374
677,70.0911107411243,2.2635395848367312,6.533502382088026,69.75556279999999,2.2434666400000003,6.56055424,0.6681275185629746,0.16625302542251633,5,-0.33554794112430386,-0.020072944836730944,0.02705185791197451
678,67.84570334938527,2.4707652677068186,7.160332094389956,67.786963,2.52517478,7.2439104400000005,0.3293744968794745,0.13461757757623177,5,-0.058740349385274726,0.05440951229318136,0.08357834561004474
679,70.67814884841385,2.6127549841578004,7.26287544969816,71.1505742,2.57986674,7.220198600000001,0.503109738706375,0.2014507889173535,5,0.4724253515861392,-0.03288824415780045,-0.0426768496981591
680,69.94387974477006,2.4586195441881835,6.793349888003038,69.9894522,2.4788418200000004,6.78429148,0.6085730645266955,0.1587516902209095,5,0.04557245522994435,0.020222275811816903,-0.009058408003038032
681,74.55632755240347,2.225562788390753,6.873185984357837,74.193806,2.2902609000000003,6.89185004,0.6578791078276687,0.3201100695475819,5,-0.3625215524034786,0.0646981116092471,0.018664055642162225
682,75.39457925973811,2.301716235539139,7.13441383968271,75.09800320000001,2.29171784,7.120203139999999,0.7806743224297298,0.34680490038101036,5,-0.29657605973810064,-0.009998395539139171,-0.014210699682711159
683,70.97704498531812,2.432690632904106,6.996748368974582,70.983397,2.44562354,7.01550054,0.3669481255454125,0.1718079669108692,5,0.006352014681880291,0.01293290709589412,0.01875217102541793
684,69.75152209336518,2.547895986112412,7.025550437036507,69.7250102,2.55525146,7.01678834,0.433465916029801,0.14708525775284143,5,-0.026511893365182004,0.007355473887587838,-0.008762097036507654
685,68.82893846003742,2.4487448645621925,6.911011184038985,68.6984508,2.4829041,6.94070146,0.5230821581861134,0.1746648359855544,5,-0.13048766003741719,0.0341592354378073,0.02969027596101448
686,71.1164265509252,2.380367214053182,7.039582745587561,71.283908,2.37290874,7.001384659999999,0.5541658989322762,0.21290197134759153,5,0.16748144907479912,-0.007458474053181785,-0.03819808558756144
687,67.69353261598094,2.686839358802912,7.538127123281757,68.07086079999999,2.67411178,7.4888582,0.2852898793625346,0.16750021879205726,5,0.3773281840190492,-0.012727578802911754,-0.04926892328175647
688,74.05399245382797,2.073973021513008,6.871611034748149,74.231692,2.12089198,6.83867492,0.7327479573107666,0.1970604447701095,5,0.17769954617202188,0.046918958486992235,-0.03293611474814906
689,72.77974060161874,2.1583062090322214,7.152266969279867,72.2833798,2.15816506,7.161181999999999,1.2001951624202218,0.40120060963917875,5,-0.4963608016187351,-0.0001411490322213993,0.008915030720132222
690,69.74287504167488,2.326502052817617,7.16803241581565,69.86744300000001,2.344483,7.12510388,0.7424450059745055,0.21281603746301747,5,0.12456795832513023,0.017980947182382856,-0.04292853581564948
691,71.09149565384499,2.3399528734351267,6.900675893475818,71.0423136,2.3696196400000002,6.881401199999999,0.5085169193947011,0.15570840221165216,5,-0.049182053844987195,0.029666766564873548,-0.019274693475819227
692,68.91233748227728,2.287424397985712,6.495753062739157,69.01642079999999,2.30906622,6.5354315,0.8077672529141509,0.2151382300234892,5,0.1040833177227114,0.021641822014287992,0.03967843726084297
693,71.42545415758433,2.2049911614462108,6.493008348174287,71.43438280000001,2.1943223400000003,6.519914040000001,0.5775989903577045,0.20884922105195045,5,0.008928642415682475,-0.010668821446210508,0.02690569182571334
694,71.42294999023689,2.2410754886627857,6.727820438120477,71.2481734,2.2715811199999996,6.724965160000001,0.6498849707547851,0.2186556115478397,5,-0.1747765902368883,0.030505631337213845,-0.0028552781204762567
695,72.00278648932488,2.3183293938289613,6.861210601910824,72.216174,2.3398473600000003,6.8295119600000005,0.47588066672731333,0.0931969187316285,5,0.21338751067511907,0.02151796617103896,-0.03169864191082361
696,68.57406039712323,2.5647022032938773,6.994059783499035,68.714833,2.51241734,6.998165,0.5812793735088595,0.1990306974832599,5,0.14077260287676552,-0.05228486329387749,0.004105216500965625
697,69.67201675273375,2.64903288974434,7.0466050568650775,69.8340392,2.63376248,7.031651139999999,0.8089353924481889,0.156760823306694,5,0.1620224472662528,-0.015270409744339908,-0.014953916865078298
698,68.22666047980454,2.594194456377917,7.135831950107305,68.114037,2.55392726,7.1695615,0.5441210577935374,0.1607278789513349,5,-0.11262347980454024,-0.04026719637791709,0.033729549892695054
699,71.770783942447,2.471316992332939,6.857426015757116,72.229107,2.4832019,6.896611699999999,0.5442237968881933,0.18913946402678308,5,0.4583230575530024,0.011884907667060851,0.03918568424288349
700,69.11039555027146,2.675131162902165,7.316770199552112,68.9439304,2.7237381800000002,7.2643707399999995,0.7550344205277809,0.23509102784727492,5,-0.16646515027146336,0.048607017097835215,-0.052399459552112226
701,67.86128432882354,2.5375726267282226,7.283257049515916,67.738559,2.5605933399999996,7.3345382,0.3445295906359054,0.12349813208037297,5,-0.12272532882354881,0.023020713271777016,0.051281150484084215
702,68.13084499067202,2.2949147767020954,6.614788849922439,68.05566619999999,2.2616969,6.61542364,0.9094403034843268,0.295042130358067,5,-0.07517879067202671,-0.03321787670209542,0.0006347900775613979
703,70.30147069878402,2.6979116708337205,7.589689544145659,70.321186,2.67152188,7.58237934,0.7054597519381572,0.22361939735669395,5,0.01971530121598164,-0.026389790833720728,-0.007310204145658972
704,69.54157958788505,2.5194956419841,7.199220408380192,69.322722,2.5360690200000002,7.2334473,0.1675330807332932,0.1453436519439087,5,-0.21885758788505427,0.016573378015900087,0.03422689161980763
705,69.02387899839356,2.341768528251444,6.721418481901587,69.014968,2.3730928,6.74833,0.5743531049037575,0.24432551496573396,5,-0.008910998393560021,0.03132427174855579,0.02691151809841319
706,67.93795969960824,2.7055977288327813,7.408056889790279,67.934062,2.69539302,7.428853739999999,0.4010144305968802,0.1513740249738783,5,-0.003897699608245375,-0.01020470883278124,0.02079685020972022
707,70.96374814691403,2.5951822684891432,7.376774402421264,71.1614936,2.56444562,7.3093579,0.3885714527611759,0.1843620140885235,5,0.1977454530859717,-0.03073664848914337,-0.0674165024212634
708,71.97824471337341,2.542698103943456,7.162773525503728,72.1119898,2.55561588,7.14326238,0.6038888340483433,0.22975758606224916,5,0.13374508662658968,0.012917776056543762,-0.01951114550372779
709,70.25106639814439,2.6100751561026128,7.250590781353488,70.2035952,2.6350442000000003,7.25855908,0.6083565098966778,0.12288874248528518,5,-0.047471198144393156,0.02496904389738752,0.007968298646512828
710,71.1335471998901,2.214589158656381,6.394846572531943,71.00025000000001,2.19483012,6.4366959800000005,0.6909714473125983,0.1504746865913226,5,-0.13329719989009448,-0.019759038656380845,0.04184940746805754
711,72.01094633633777,2.130400450884564,6.283248024113524,71.55593999999999,2.12244162,6.34915602,0.8539853283454825,0.22424804717743663,5,-0.45500633633777454,-0.007958830884564172,0.06590799588647567
712,70.12071761636308,2.534842598869236,7.202304799620629,70.1022952,2.54759846,7.19268844,0.3217543545332774,0.17176629194394602,5,-0.018422416363080174,0.012755861130764323,-0.009616359620628678
713,66.92564211338156,2.543769611903348,7.053070963181568,67.0847608,2.55516446,7.06910592,0.5181079492802233,0.1733481458488318,5,0.15911868661844153,0.0113948480966517,0.016034956818431922
714,67.34688431670078,2.85,7.715077058623299,67.427634,2.85330806,7.71048842,0.6457565284794992,0.21016589102599928,5,0.08074968329921717,0.003308059999999724,-0.004588638623299168
715,67.2827369751792,2.4807234826384006,7.115498672906535,67.2435878,2.43278346,7.1353642399999995,0.41338505700133943,0.1372553132489387,5,-0.039149175179204576,-0.04794002263840058,0.019865567093464875
716,70.951788166027,2.4319612139274738,6.837259623187373,71.1665896,2.42004804,6.8459239400000005,0.3212396278729084,0.1571379632464868,5,0.214801433972994,-0.011913173927473597,0.008664316812627249
717,77.50296196649244,2.033805477718848,6.952840247043483,77.914616,1.99894358,7.0032922,1.4072319982734196,0.5847277839632452,5,0.4116540335075598,-0.03486189771884818,0.050451952956517054
718,71.11366426900896,2.1898767756447777,6.872169917294025,71.3256832,2.2436062,6.89318534,0.5724050377235385,0.23531845362664158,5,0.21201893099103586,0.05372942435522221,0.02101542270597445
719,66.0,2.6998534819107296,7.491520636545564,65.8850412,2.68027874,7.520991239999999,0.6525945066674993,0.22030773573603582,5,-0.11495879999999659,-0.01957474191072972,0.02947060345443475
720,70.2283264334749,2.3620850098611608,6.684415491409842,70.101868,2.33857932,6.674718200000001,0.6151590727905697,0.22060591627877973,5,-0.12645843347490882,-0.02350568986116075,-0.009697291409841213
721,69.76774389473356,2.5825177124481926,7.154220963703402,69.81342500000001,2.5750628,7.15054544,0.3887389465365098,0.13980713499651903,5,0.045681105266453415,-0.00745491244819263,-0.0036755237034018506
722,73.02367668138996,2.282256142108874,6.681358264258438,73.266471,2.2438552,6.7291072,0.5330961021450074,0.23340285317550244,5,0.24279431861003786,-0.03840094210887379,0.047748935741561915
723,74.28039248122937,2.4098858400588656,7.114967165782595,74.679933,2.37539734,7.132247820000001,0.8364173352032547,0.2431880381955241,5,0.39954051877063534,-0.0344885000588655,0.01728065421740599
724,70.7489572156714,2.2560457613015568,6.7855775499828015,70.8638472,2.28037712,6.84092848,0.6156222255312491,0.15773034055221374,5,0.11488998432859887,0.02433135869844305,0.05535093001719815
725,70.64531044487205,2.286488504457654,6.702776624802276,69.973751,2.27093698,6.712666780000001,0.5645230724864018,0.19946658786573623,5,-0.6715594448720594,-0.015551524457654065,0.009890155197725292
726,67.87922921416857,2.691484080718962,7.339679189874182,68.0015036,2.6577812,7.3465125,0.3924745275271807,0.21057537450957026,5,0.12227438583143169,-0.0337028807189621,0.006833310125817782
727,71.46498178491616,2.3682012099384537,6.660739480411474,71.4319118,2.3314110599999998,6.6845348,0.3977391858237635,0.15380032577834993,5,-0.03306998491616753,-0.036790149938453975,0.023795319588526098
728,72.03516739977542,2.45224453698684,7.25348645839828,71.947542,2.4728658599999997,7.25762386,0.9555849976750332,0.35447715472923835,5,-0.08762539977541906,0.020621323013159554,0.004137401601719937
729,69.57419781323587,2.270797927343731,6.647997929684865,69.5653972,2.30952038,6.652824820000001,0.6557487367987587,0.12692948665907827,5,-0.008800613235862897,0.038722452656268835,0.0048268903151358344
730,70.86035768985158,2.4303048754870464,6.947021874066131,70.55608,2.4231048,6.9414966399999996,0.3739054435058122,0.16753963487033696,5,-0.3042776898515882,-0.007200075487046487,-0.005525234066131368
731,68.14746504650536,2.164461034320094,6.929114024930894,68.1632792,2.16504516,6.8686528,0.5989201100935343,0.2865452903121066,5,0.01581415349464521,0.0005841256799059558,-0.06046122493089445
732,74.2961271516006,2.02857547995261,6.410767867617105,74.31424799999999,2.0425602400000002,6.4131563599999994,0.7875424341576882,0.3545434222189109,5,0.01812084839939132,0.013984760047390132,0.0023884923828942917
733,69.62497637871748,2.484476622478644,7.190022065161715,69.56205600000001,2.4731318399999997,7.2134841199999995,0.3436486144697441,0.13828165220968414,5,-0.06292037871746459,-0.011344782478644344,0.023462054838284452
734,68.20080089294348,2.6588193877833297,7.600515691324281,67.895839,2.68683886,7.597567639999999,0.3987727161594032,0.1739150795401319,5,-0.3049618929434814,0.028019472216670227,-0.002948051324281664
735,74.64634096511487,2.2909799216444826,6.824960460503588,74.3861718,2.35907012,6.7999608600000006,0.7432542428017055,0.26981591199593946,5,-0.2601691651148741,0.06809019835551755,-0.024999600503587516
736,71.09101116947188,2.3390475550271708,6.958363028034414,70.94418399999999,2.36458092,6.98516094,0.6375895787110168,0.22855600689810296,5,-0.14682716947189078,0.025533364972829098,0.026797911965585897
737,69.75273842781452,2.575517668438354,7.269295074157585,69.8323252,2.57172412,7.3185558,0.6903614305801477,0.35675089810418037,5,0.07958677218547905,-0.0037935484383542217,0.04926072584241581
738,68.4969336478551,2.747469015816285,7.480491389410622,68.597746,2.69871708,7.50322068,0.49087807333586453,0.1573318754734419,5,0.10081235214489936,-0.048751935816284675,0.022729290589378337
739,72.85677307092253,2.331111076262615,7.186543742841439,72.61408,2.3448441,7.19137044,0.5726268027687835,0.24043562961328685,5,-0.24269307092252745,0.013733023737385164,0.0048266971585606555
740,72.6476387057022,2.338792655586666,7.062083450403064,72.7666912,2.34392268,7.070024720000001,0.6253837467162323,0.2044536504970474,5,0.11905249429779019,0.005130024413333878,0.007941269596937417
741,66.0,2.448805485000038,7.374716806838613,64.91616300000001,2.416752,7.3429692399999995,0.8799739826393267,0.2941937883554928,5,-1.0838369999999884,-0.03205348500003824,-0.03174756683861357
742,71.30479585183534,2.650610804917864,7.41371447756003,70.59357320000001,2.6514857800000002,7.45474548,0.5995307327986006,0.1937778268397096,5,-0.7112226518353282,0.0008749750821364088,0.04103100243996938
743,69.33560877069826,2.350997714687172,6.776258406768219,69.7275392,2.40922032,6.817204200000001,0.3998188756859924,0.1740806958322525,5,0.3919304293017376,0.05822260531282808,0.04094579323178227
744,70.90864819285993,2.326626544608339,6.659123704641952,71.1889152,2.30564098,6.66202732,0.6465877939977059,0.2109409992175991,5,0.28026700714006836,-0.02098556460833878,0.0029036153580479507
745,68.25840581141601,2.617199290496525,7.308401500958132,67.85013380000001,2.61317758,7.3429676200000005,0.3457564009366369,0.13080180011330056,5,-0.40827201141600256,-0.0040217104965249995,0.03456611904186868
746,73.33932772630834,2.2536163916707483,7.208783922999748,73.11177599999999,2.27056896,7.23326416,0.8303646970732013,0.27233527940663993,5,-0.22755172630834863,0.016952568329251516,0.024480237000251925
747,69.97553643116842,2.1184174383242462,6.726520163621407,69.4976656,2.17489548,6.7307609600000005,0.6677936505049442,0.2692282587176388,5,-0.477870831168417,0.056478041675753765,0.0042407963785935365
748,68.59786245592852,2.416444224159657,6.516513756407109,68.83767399999999,2.33375858,6.51342534,0.7286103587422595,0.2298724661653372,5,0.23981154407147187,-0.08268564415965685,-0.003088416407108774
749,70.75229873987311,2.489430097290786,7.113792701676116,70.1610192,2.52182834,7.15405286,0.6019308326161688,0.18076184702445103,5,-0.5912795398731134,0.032398242709213765,0.040260158323883743
750,70.42380552888605,2.6773400896671884,7.251604074989713,70.4447676,2.6663884199999996,7.22651722,0.6686292183747303,0.18231496996513677,5,0.020962071113956426,-0.010951669667188746,-0.025086854989712748
751,67.14447905505082,2.599010112945413,7.378879389042176,67.117576,2.63131564,7.4321283,0.3733270580331843,0.21509742775338161,5,-0.026903055050823355,0.03230552705458711,0.0532489109578238
752,70.66133092797791,2.2980235548561616,6.874478047491377,70.3950456,2.3316133199999998,6.89057236,0.4107606763750426,0.22183633922275617,5,-0.2662853279779114,0.03358976514383816,0.016094312508623254
753,72.54916200968265,2.1019002311859043,6.292612317470586,72.3925252,2.12619572,6.32786472,0.7966117802249005,0.21808814824399358,5,-0.15663680968265226,0.024295488814095823,0.035252402529414084
754,67.95993528333483,2.543660105558757,7.200983418101222,68.13004579999999,2.48255878,7.16472248,0.5652021539676688,0.20737629176194322,5,0.17011051666516153,-0.06110132555875669,-0.036260938101221996
755,70.55619686116813,2.522031223574442,7.144596270100034,70.344048,2.4878174,7.14412506,0.4222614860676612,0.21333802098721216,5,-0.21214886116813148,-0.03421382357444225,-0.0004712101000334812
756,71.65499087145508,2.5282963878787283,7.072312187773926,71.610872,2.51487512,7.065744960000001,0.5270469618351158,0.2694020981488167,5,-0.04411887145508331,-0.013421267878728216,-0.006567227773925488
757,66.59479778618149,2.629180756322866,7.279112053553279,66.722701,2.6044533000000003,7.29272604,0.4558051268080992,0.1478761434127768,5,0.127903213818513,-0.02472745632286566,0.013613986446721071
758,71.45725946938511,2.6632375923032803,7.159893970113673,71.172984,2.6197672400000003,7.1241405,0.7515729444036013,0.21500343782824594,5,-0.2842754693851077,-0.04347035230328,-0.035753470113673025
759,72.04117673848494,2.239274221225569,6.610410772282011,71.9287788,2.2557997,6.63419334,0.5528274567878974,0.1397198524894983,5,-0.11239793848493207,0.01652547877443089,0.0237825677179897
760,71.74768282489686,2.30757325139892,6.565580817567797,71.39297719999999,2.2556829,6.5594857200000005,0.7250108386858605,0.1982665086767929,5,-0.35470562489686586,-0.051890351398919954,-0.006095097567796692
761,68.80269256511954,2.85,7.754462289242296,68.688774,2.82238686,7.710480540000001,0.7580211146324534,0.1864366373318709,5,-0.11391856511954757,-0.027613140000000147,-0.043981749242295365
762,69.68344726359773,1.9581587411681265,6.456703378822756,70.0340312,1.97350034,6.426046220000001,0.823862242306941,0.24553275012933584,5,0.35058393640227337,0.01534159883187347,-0.030657158822755548
763,75.05721858163251,2.217358417344311,6.7394677646975385,75.0968192,2.20311826,6.74295034,0.6540088571522996,0.2789044671132623,5,0.03960061836748707,-0.014240157344310944,0.0034825753024616546
764,70.737709556752,2.75881015659934,7.243198925359136,70.54193760000001,2.6947210200000002,7.215465480000001,0.7396643839146235,0.22027968568242792,5,-0.1957719567519831,-0.0640891365993399,-0.02773344535913491
765,68.88649905737603,2.286635145543134,6.783374085274097,68.8078522,2.30303134,6.765060719999999,0.528792650228733,0.19703989858151857,5,-0.07864685737602883,0.01639619445686602,-0.018313365274098103
766,72.63686018936698,2.4352165965871087,6.703245023946077,72.5479618,2.4236394199999998,6.77971974,0.5756220108460612,0.24315137199166922,5,-0.0888983893669888,-0.011577176587108884,0.07647471605392298
767,72.40465775962693,2.284970158572932,6.479371453333431,72.1679678,2.25462948,6.509751560000001,0.587736645880332,0.2263379593270956,5,-0.23668995962692918,-0.03034067857293188,0.030380106666569873
768,70.71235575193157,2.3235668782474184,7.048138722680365,71.093736,2.3580269,7.03130674,0.5364589548320413,0.14876541992220776,5,0.38138024806843873,0.03446002175258167,-0.016831982680365343
769,73.0876731958697,2.5079009168415825,7.133074620484604,72.80622100000001,2.4863782999999997,7.12344988,0.638565513979621,0.2845392762253798,5,-0.28145219586969006,-0.021522616841582742,-0.009624740484603933
770,69.71637777844322,2.548448490871478,7.025585528348986,69.63637220000001,2.5603790799999997,7.04915922,0.7911842174121861,0.16410138517996203,5,-0.0800055784432061,0.011930589128521518,0.02357369165101364
771,68.57640788213016,2.408202807154403,6.791090018857308,68.5216198,2.41069366,6.7900592,0.7163877085332628,0.2111254590921147,5,-0.054788082130158955,0.0024908528455971357,-0.0010308188573082688
772,71.78202044880025,2.483257000040345,6.82692228558508,71.93889879999999,2.45627504,6.77832162,0.6336963495315906,0.1807312721317574,5,0.1568783511997367,-0.026981960040345143,-0.048600665585079916
773,68.22483146551046,2.2161964306888584,6.823031422059671,68.55483480000001,2.25094442,6.8686153,0.5122779930512101,0.20199711595509856,5,0.3300033344895468,0.03474798931114176,0.04558387794032903
774,70.68182422795316,2.2960369601684043,6.656690405471556,70.555028,2.30156022,6.629475019999999,0.7060883341870953,0.23774814110491974,5,-0.12679622795316448,0.005523259831595517,-0.027215385471556885
775,67.24002761699215,2.4295383100738563,6.976806621732601,67.4332528,2.41590514,7.03983516,0.5950431791897819,0.2283301866150258,5,0.19322518300785418,-0.013633170073856338,0.06302853826739874
776,68.77498017500949,2.61573827871926,7.193733155761751,68.4437736,2.67268916,7.23151022,0.5485732398941,0.1543835719504089,5,-0.3312065750094888,0.056950881280739996,0.03777706423824867
777,66.28011794610006,2.633629519877819,7.435845362199077,66.300313,2.62823456,7.4649618,0.4304000521326897,0.11330860753848962,5,0.020195053899939808,-0.005394959877818906,0.029116437800922768
778,70.7487165438648,2.6425313520525764,7.358212871752518,70.6099688,2.58644488,7.321553400000001,0.4174722994929191,0.2481641826681452,5,-0.1387477438647977,-0.05608647205257622,-0.03665947175251727
779,69.2489723889196,2.521596390485505,7.102276021408443,69.21379920000001,2.5111386199999997,7.1646600199999995,0.3182550517134622,0.17281863515078372,5,-0.035173188919586096,-0.010457770485505336,0.06238399859155663
780,69.9099939799375,2.5237135096133376,7.489618169970887,69.7687642,2.5301635,7.511156440000001,0.7526188124303437,0.25567170060597133,5,-0.14122977993748975,0.006449990386662385,0.02153827002911335
781,70.26981231522113,2.620328235858608,7.039315569024003,70.418368,2.57204034,7.056208580000001,0.5561855259082491,0.1714325048938506,5,0.14855568477887005,-0.04828789585860793,0.01689301097599749
782,69.15621562257246,2.4314839921346185,7.103429625621162,68.7555112,2.47073774,7.114376,0.4239214488454211,0.2151292929602704,5,-0.40070442257245986,0.039253747865381605,0.010946374378837831
783,70.76545711442165,2.601799965649676,7.029988605438436,70.7607184,2.59579842,7.034730059999999,0.6095160646583224,0.14967983778221397,5,-0.004738714421648638,-0.006001545649676032,0.004741454561563607
784,68.16120159933843,2.7251105517510363,7.553215822775918,68.17533399999999,2.71899552,7.51696696,0.43908293281936805,0.18453602012479753,5,0.01413240066156618,-0.006115031751036337,-0.03624886277591788
785,71.54063391411685,2.268066211765472,7.54341792945071,71.482428,2.28655808,7.492451920000001,1.0536022574552255,0.3663139083510056,5,-0.058205914116854274,0.018491868234527864,-0.05096600945070939
786,68.62391631680403,2.4986110701624225,6.962274935534374,68.3183162,2.5303652,7.000241819999999,0.7279484084234971,0.20444751137884637,5,-0.30560011680402965,0.031754129837577416,0.03796688446562513
787,68.0793115566336,2.545511747083281,7.193061911469907,68.1718672,2.58323858,7.2126966999999995,0.4859292847447259,0.2488361971183955,5,0.09255564336639566,0.0377268329167193,0.019634788530092706
788,73.65603373376418,2.016735963199287,6.401998792745976,73.831448,2.0314564400000004,6.41223052,0.8377822514431408,0.2538821565464444,5,0.17541426623581913,0.0147204768007132,0.010231727254023326
789,71.3630513689471,2.4147126947819664,6.88734412229729,71.5884948,2.41899742,6.89269288,0.3244265520201322,0.16345148942123175,5,0.2254434310529092,0.0042847252180338025,0.005348757702710039
790,70.89363590359774,2.417762918227357,6.831437978494722,70.718313,2.356989,6.86301692,0.4969747924424454,0.18744233449651276,5,-0.1753229035977455,-0.060773918227357004,0.03157894150527785
791,73.66920345595506,2.4686043470828825,7.37736268495855,73.393012,2.4453517000000002,7.37402244,0.7089155836071606,0.2169742470887146,5,-0.27619145595505756,-0.023252647082882216,-0.0033402449585500094
792,72.76571321871016,2.333699005897312,6.966828260638269,73.06214,2.35308198,6.959796900000001,0.6532340115731751,0.24427662250591275,5,0.29642678128983846,0.019382974102687633,-0.007031360638268147
793,71.44208915811221,2.301983811642589,6.905981360688966,71.280617,2.26856392,6.83390658,0.44275563089882664,0.1937402278845167,5,-0.16147215811220406,-0.03341989164258896,-0.07207478068896656
794,71.22636016920121,2.109127220898151,6.667293287609094,71.359062,2.16489738,6.68311322,0.6561533405481819,0.16881278120965124,5,0.13270183079877995,0.05577015910184935,0.01581993239090629
795,72.27967480871509,2.3223221717266243,7.305305684277647,72.5966008,2.3603078,7.328580359999999,0.8354178310797226,0.24787647092848805,5,0.3169259912849185,0.037985628273375927,0.023274675722352534
796,70.08648977188783,2.135788780932101,6.618940831086968,69.76734300000001,2.1693306999999997,6.61112776,0.618150575739601,0.1301549525425346,5,-0.3191467718878158,0.03354191906789872,-0.007813071086968826
797,69.47513986445806,2.3788746328680865,6.787242979633564,69.62835700000001,2.42520446,6.77449898,0.5760510539573921,0.2111254590921147,5,0.1532171355419507,0.04632982713191325,-0.012743999633563874
798,72.29719011265158,2.331910391824687,6.973345250116209,72.548139,2.3184614199999998,6.97037344,0.7730679632931021,0.27464743053286444,5,0.2509488873484287,-0.013448971824687295,-0.0029718101162083954
799,70.85457892936235,2.735166923050205,7.211428933607183,70.6133742,2.68113616,7.19495944,0.8190467707007685,0.1968144806686653,5,-0.2412047293623516,-0.054030763050205266,-0.016469493607183416
800,68.85968692220592,2.0384667411115096,6.331360274443771,68.828275,2.01818928,6.36752974,0.8771258994162329,0.27325359609352534,5,-0.03141192220591904,-0.02027746111150952,0.03616946555622924
801,71.86183697845505,2.371992953368303,6.877917691680823,71.81730300000001,2.39284136,6.88295946,0.5712905404268918,0.2719652915928205,5,-0.044533978455035594,0.020848406631696736,0.005041768319177464
802,70.93977141922342,2.3577510717108825,7.094388081091106,70.96704919999999,2.4088692000000003,7.05387748,0.4187112317068965,0.21523189839329357,5,0.027277780776572058,0.05111812828911777,-0.04051060109110605
803,71.05652940173924,2.248933265175974,6.979578308202615,70.812309,2.32849206,6.9412660200000005,0.3133832968543785,0.20246956185658888,5,-0.2442204017392413,0.07955879482402572,-0.03831228820261412
804,69.1025631473152,2.301092657272781,6.677836138701389,69.267016,2.28806664,6.637911579999999,0.6611443548975852,0.18370829208722975,5,0.16445285268480347,-0.013026017272780965,-0.03992455870139011
805,73.14609761686913,2.5455393353265747,7.068302858982348,72.834446,2.5480601199999997,7.056799460000001,0.7017885086331157,0.20310984846230692,5,-0.3116516168691277,0.0025207846734249806,-0.01150339898234698
806,68.80405197482578,2.196599175022676,6.515413305142081,68.7358612,2.2525688,6.560183499999999,0.7955651102495568,0.2283409608136572,5,-0.06819077482577995,0.05596962497732427,0.044770194857918
807,70.98035152353624,2.3097898070741456,6.452237724320478,71.04596219999999,2.25374756,6.43821298,0.8094341419857065,0.21723831591335646,5,0.06561067646374852,-0.056042247074145735,-0.01402474432047729
808,69.30705811724671,2.658257503064666,7.220913881044498,69.5552892,2.61743804,7.211719820000001,0.49581128521036016,0.1712427895410529,5,0.24823108275329275,-0.04081946306466566,-0.009194061044497381
809,69.58791269967529,2.23232136842937,6.891518834679144,69.616268,2.24235558,6.877239980000001,0.8719807942732526,0.2743681432835686,5,0.028355300324719224,0.010034211570630003,-0.014278854679143471
810,69.71014015107,2.548608961328861,6.853309549641392,69.4930552,2.51517032,6.9042661800000005,0.6062608617066995,0.12466340901418253,5,-0.21708495106999237,-0.033438641328860985,0.0509566303586082
811,68.45925008765295,2.764902241376545,7.273152721806975,68.658912,2.68500102,7.27132678,0.6800704988050292,0.20787198037088156,5,0.19966191234705377,-0.0799012213765451,-0.001825941806974818
812,73.06963864472655,2.305727813191387,6.816614583879145,72.81159399999999,2.2611537999999998,6.839762179999999,0.6611637387995277,0.22290048086960682,5,-0.2580446447265672,-0.04457401319138743,0.02314759612085382
813,69.8793194368451,2.316351507560213,6.884998112550674,69.4430168,2.32260916,6.8787202800000005,0.5540369084987755,0.19799802636677746,5,-0.43630263684509885,0.0062576524397868205,-0.006277832550673601
814,71.79670054654028,2.457767475641676,6.972302109842483,71.9637936,2.41210446,7.00434968,0.6177792157014012,0.2187662577431729,5,0.16709305345972325,-0.04566301564167574,0.032047570157517136
815,69.63760333630776,2.5201569910550545,6.9572092189384005,69.4468458,2.50041692,6.954550739999999,0.4045669805294258,0.16346680917839762,5,-0.19075753630775694,-0.019740071055054376,-0.0026584789384012097
816,68.57951664816393,2.412498748446386,7.268019416379988,68.2649678,2.4418773,7.24359166,0.6127595432174338,0.15238538619910746,5,-0.3145488481639376,0.029378551553613796,-0.024427756379988175
817,68.23034046070967,2.4837200391430723,6.986686370126177,68.204746,2.47816522,6.980110999999999,0.7313855115330894,0.3253390822050148,5,-0.02559446070966942,-0.005554819143072098,-0.00657537012617837
818,70.09386424106349,2.408714572644451,7.32289629685522,69.8925232,2.44031904,7.354532879999999,0.6974365310255883,0.2611760361989376,5,-0.20134104106348616,0.03160446735554867,0.03163658314477935
819,71.37726652373964,2.056095777040554,6.24612423689878,70.83335819999999,2.05443346,6.275472519999999,0.860067291644634,0.14746615704630978,5,-0.5439083237396432,-0.0016623170405543064,0.029348283101219508
820,70.96881803023778,2.4116380123209225,6.994548179181476,70.737261,2.45677512,7.016460840000001,0.4016622923437275,0.20813290950783303,5,-0.23155703023778074,0.04513710767907764,0.02191266081852472
821,69.01303368668849,2.525740138536131,7.043366342954895,69.07616279999999,2.53643042,7.032486420000001,0.4332615642263721,0.17087081606828547,5,0.06312911331150417,0.010690281463868967,-0.010879922954894816
822,68.85415016252911,2.5928345009242526,6.9819755251383935,68.498964,2.60954154,7.02861712,0.7591097851354893,0.2594445038088319,5,-0.3551861625291082,0.016707039075747332,0.04664159486160635
823,70.6158996936,2.4198350567704865,6.826518786973358,70.8769142,2.4669857399999997,6.81864736,0.5771039946472425,0.1491030807310624,5,0.26101450640000223,0.04715068322951321,-0.007871426973357742
824,69.74935570507637,2.3765891167605973,7.008844133798607,69.6839692,2.42799554,7.00423574,0.307725151935842,0.160678317530417,5,-0.06538650507636135,0.0514064232394027,-0.004608393798606336
825,71.25805160110153,2.3039932329771498,6.900231277244536,71.19479140000001,2.3180328799999996,6.8542625,0.7065981126492374,0.332520795069287,5,-0.06326020110151376,0.014039647022849877,-0.04596877724453652
826,72.12608524710696,2.316247061356355,6.824704333537045,71.992602,2.33995958,6.82047092,0.5175192365812594,0.22188964998098487,5,-0.1334832471069518,0.023712518643645097,-0.004233413537044761
827,69.26996908307733,2.6377483506562,7.40180597599227,69.00142880000001,2.6012983,7.36182048,0.2211781843940805,0.17618736193576984,5,-0.26854028307731426,-0.036450050656199995,-0.03998549599226919
828,69.37956148887383,2.490235632548394,7.017787875544154,69.7089952,2.46033854,7.02515874,0.4987407384681754,0.1795121993653289,5,0.32943371112617115,-0.0298970925483939,0.007370864455846338
829,70.40569965366912,2.495604751060448,6.743835073866343,70.0168952,2.4292049,6.75077824,0.5917743966309177,0.23140942877719795,5,-0.388804453669124,-0.06639985106044843,0.006943166133656753
830,70.14881755863951,2.042014701307542,6.233777744152274,70.2123942,2.0258510000000003,6.195642680000001,0.9207327132551496,0.1876035218289612,5,0.06357664136049834,-0.016163701307541523,-0.0381350641522733
831,70.93135309216996,2.541929223719716,7.2370327221499355,71.143395,2.56138682,7.2291363,0.620990902367984,0.2727250558260546,5,0.2120419078300415,0.019457596280283873,-0.007896422149935134
832,71.78191311857427,2.44377035770765,6.929491465029147,71.5804132,2.48989316,6.9841982400000004,0.4030775378015304,0.15977065145481578,5,-0.20149991857427096,0.046122802292349885,0.05470677497085319
833,72.1732143125293,2.2391843749745526,6.623752612632456,71.7730104,2.22273298,6.615483639999999,0.4828249121542532,0.17930925887920207,5,-0.40020391252929244,-0.016451394974552613,-0.008268972632457405
834,67.5756571987156,2.835433597074712,7.449297490258756,67.688934,2.77643342,7.4395212,0.6589299550648517,0.20456566313321206,5,0.11327680128439965,-0.059000177074711946,-0.009776290258756148
835,70.75308074851415,2.1680098436185093,6.768680236697494,70.355491,2.16941592,6.83450328,0.7913843980212023,0.1955963795639027,5,-0.3975897485141502,0.0014060763814907062,0.06582304330250555
836,72.08409991940681,2.247675510757251,6.633364761967923,72.192302,2.25782866,6.66207936,0.6701337964991219,0.2660982660383711,5,0.10820208059318759,0.010153149242749127,0.0287145980320771
837,72.84401494837583,2.260333932055989,6.841841561177216,72.5487818,2.26660486,6.86575256,0.5388328299955913,0.19942111471346635,5,-0.2952331483758286,0.006270927944011184,0.02391099882278347
838,69.97755201855527,2.2612171843277333,6.772500987314684,69.6684776,2.28715128,6.787513540000001,0.4355919082391386,0.16511705661413556,5,-0.3090744185552694,0.025934095672266455,0.015012552685316649
839,72.32528947433373,2.6202301351329256,7.23687862935923,71.953119,2.6179324999999998,7.207374659999999,0.7317432418664012,0.12366106734852722,5,-0.3721704743337284,-0.0022976351329258016,-0.029503969359231164
840,68.82849755021097,2.4996885254630263,7.156879092111967,68.5206208,2.5156154,7.2166872,0.4786587626951365,0.13986695155380202,5,-0.3078767502109656,0.015926874536973834,0.059808107888033035
841,66.27327323703284,2.447610310596447,7.281143410771412,66.672796,2.47020342,7.2753076,0.5505526493464267,0.20955730286073945,5,0.39952276296716605,0.02259310940355297,-0.005835810771412042
842,70.97994748049253,2.6382810810718347,7.467396759022845,71.03439519999999,2.6561830399999997,7.497839520000001,0.8142441479075263,0.1797172509756898,5,0.05444771950746485,0.01790195892816504,0.030442760977155814
843,72.01803097266256,2.4938420093798954,6.888033553785258,71.8952252,2.4649200799999997,6.892618000000001,0.4173862437165954,0.19407131759083215,5,-0.12280577266255932,-0.028921929379895683,0.004584446214742854
844,74.52619803183478,2.107593451817285,6.583011415438124,74.55857920000001,2.09954968,6.56865696,0.842407949397004,0.23126999075784602,5,0.03238116816523018,-0.008043771817284995,-0.014354455438123637
845,72.32018910317306,1.9316623562407478,6.251411703823171,72.12687,1.9213263999999999,6.28600414,0.8312136827464519,0.27128497199541823,5,-0.19331910317306722,-0.010335956240747901,0.034592436176828834
846,66.0,2.622451401232715,7.308694241995928,66.106841,2.61992204,7.303273419999999,0.4587068082061666,0.24480888013787427,5,0.10684100000000285,-0.002529361232714855,-0.0054208219959290815
847,70.56605660194354,2.530269207301291,7.393241391714405,70.29341980000001,2.5258076600000003,7.4086235,0.486919878513269,0.2244623645753599,5,-0.2726368019435341,-0.004461547301290558,0.015382108285595386
848,70.46718704581403,2.2424958269632387,6.574485729268874,70.544689,2.2377784,6.59733642,0.5636188621644307,0.2071382090412698,5,0.07750195418597627,-0.004717426963238847,0.022850690731126555
849,71.07393519662756,2.717225113226163,7.337244326861854,71.047262,2.6741778,7.31619216,0.6904725839133716,0.20110355856885867,5,-0.02667319662755574,-0.043047313226163286,-0.021052166861854182
850,69.46141629856125,2.222468042720038,6.752853884447556,69.586146,2.18923548,6.7499872199999995,0.5730820919243753,0.1336070079808897,5,0.12472970143875273,-0.03323256272003805,-0.002866664447556566
851,69.55863052805451,2.369120419243881,6.961218506792588,69.5888872,2.32916178,6.954841880000001,0.4293900284461893,0.2102808461875886,5,0.030256671945494418,-0.03995863924388088,-0.006376626792587103
852,68.06357184126793,2.308587972385581,6.760670271683847,67.942704,2.35531168,6.8145668200000005,0.6914326338166723,0.20792216029851232,5,-0.12086784126792338,0.046723707614418686,0.053896548316153314
853,70.86241883056852,2.332461425938438,6.675929147436494,70.512231,2.40224758,6.719833599999999,0.5143322177216743,0.2016982960262581,5,-0.3501878305685153,0.06978615406156186,0.04390445256350528
854,69.36333387445838,2.320540199298257,6.839786356759886,69.2522428,2.3474566599999998,6.85350942,0.47420487926592914,0.11662618552974088,5,-0.11109107445837196,0.026916460701742917,0.013723063240114186
855,70.75123134727549,2.7830323072224474,7.517872114359973,70.602784,2.7028630799999998,7.4700871399999995,0.6642392969618023,0.2336070690338495,5,-0.1484473472754928,-0.08016922722244768,-0.0477849743599732
856,73.38305183612876,2.3292391281943434,6.918667655535872,73.30525259999999,2.3631976000000003,6.90564684,0.7749885262247457,0.44583836096230123,5,-0.07779923612876871,0.03395847180565692,-0.013020815535871755
857,74.06855274099823,2.442726489700638,7.3257803180965695,73.9113168,2.40304818,7.2945621,0.7427940389828863,0.23799020607803972,5,-0.15723594099823401,-0.03967830970063835,-0.031218218096569217
858,68.88267453647572,2.5494588933758227,7.438465989087597,68.98657,2.53392716,7.38839888,0.6433624910069164,0.19796986280609713,5,0.1038954635242817,-0.015531733375822476,-0.05006710908759704
859,70.94100696074264,2.419233064983555,7.232090109453543,70.66114999999999,2.3843201800000005,7.2570043,0.7495245315479522,0.1914356775988574,5,-0.27985696074264865,-0.034912884983554715,0.024914190546457604
860,68.96274457286418,2.373258852148054,6.83133144442864,68.97980199999999,2.35463048,6.84221362,0.4502034834042341,0.17272203074113135,5,0.0170574271358106,-0.01862837214805424,0.010882175571359731
861,71.7237499870757,2.1999322613264782,6.678306443827791,71.3335688,2.22117904,6.658816880000001,0.6357713853400266,0.12493666065886169,5,-0.3901811870757115,0.02124677867352176,-0.01948956382778988
862,70.23144818720229,2.436225317653528,7.327885537489567,69.8606688,2.46220428,7.37306626,0.5100778388384105,0.21277943190799525,5,-0.3707793872022904,0.025978962346472123,0.045180722510433036
863,70.95118759909067,2.302988576509582,6.5976406216971615,71.031758,2.33409244,6.6382243,0.673571883034866,0.22477104923729999,5,0.08057040090932333,0.03110386349041816,0.0405836783028386
864,68.58223579376518,2.685858249644972,7.435187130561265,68.613252,2.6338373400000004,7.4362479399999994,0.4285740878775517,0.20891766224547054,5,0.03101620623482404,-0.052020909644971525,0.0010608094387345446
865,70.50765161009569,2.490337226421912,6.815718368292505,70.0818458,2.4388326,6.842974959999999,0.680906360762458,0.182098726550577,5,-0.42580581009569585,-0.051504626421912114,0.02725659170749406
866,69.0001618864092,2.5153027718246803,7.310924485957926,68.758024,2.5557554799999997,7.36791674,0.5835706547666243,0.1830194888302732,5,-0.2421378864091963,0.04045270817531943,0.05699225404207375
867,70.1969888133851,2.409593888080733,6.778216467038794,70.5423308,2.36555192,6.79603928,0.42248484131320174,0.15880214969268683,5,0.3453419866148977,-0.04404196808073291,0.017822812961205692
868,68.28305014156622,2.690487862949205,7.41845242458628,68.43293220000001,2.6385429,7.3980111399999995,0.279288048589921,0.18171426246504868,5,0.1498820584337892,-0.05194496294920503,-0.020441284586280695
869,71.82911231379433,2.4034315440190976,7.037488864738978,71.92796519999999,2.40103404,7.020000179999999,0.4685565624920097,0.22056440221876628,5,0.09885288620566257,-0.0023975040190977737,-0.017488684738978577
870,71.6377029569704,2.421921864745979,6.845525961915089,71.64349899999999,2.45668444,6.90065582,0.4821259952802642,0.20239734255714184,5,0.005796043029590692,0.034762575254021044,0.055129858084910666
871,67.83465186835332,2.5589184017570576,7.20261219693122,67.631322,2.56751168,7.22301158,0.3456324650403982,0.20408231409600347,5,-0.20332986835332179,0.008593278242942315,0.020399383068779642
872,68.81922088902867,2.397405387989858,6.830794495403286,68.6969692,2.38513614,6.85555088,0.6278337632537931,0.2146638286520441,5,-0.12225168902867267,-0.012269247989857845,0.024756384596713588
873,73.2275864309624,2.473941435751536,6.9028120231179795,73.0269988,2.4304107999999998,6.9161885,0.6222878234059166,0.2794821848976571,5,-0.20058763096240284,-0.04353063575153637,0.01337647688202015
874,68.88344954116528,2.5133959141467126,7.202078553167269,69.0417588,2.51453256,7.17959384,0.3372594116516037,0.15205573723921567,5,0.1583092588347199,0.0011366458532875434,-0.022484713167268744
875,69.61599777566238,2.405543777014045,7.093379685759065,69.564202,2.44932844,7.123114719999999,0.4563919552952025,0.17779723878142523,5,-0.05179577566238436,0.04378466298595507,0.029735034240934155
876,72.36510691723296,2.0880928943486508,6.2881787936990445,72.25287,2.0920397,6.35540966,0.7329528601424998,0.1938642757972327,5,-0.1122369172329627,0.0039468056513491945,0.06723086630095576
877,71.89850092077636,2.444755381632043,7.302725694341222,71.4590084,2.4757643,7.310193379999999,0.46658010880154704,0.1902432789616214,5,-0.4394925207763549,0.031008918367956717,0.007467685658776979
878,68.01779321057383,2.3088724490620485,6.98564475150432,68.457408,2.37658888,6.95832044,0.8781515216888888,0.2038744117464471,5,0.43961478942617305,0.06771643093795143,-0.027324311504320242
879,73.6254253436654,2.131974114780786,6.84337885376487,73.43230980000001,2.12829586,6.815007799999999,0.7786365382502274,0.2261951164166946,5,-0.1931155436653853,-0.0036782547807856503,-0.028371053764870702
880,71.84961376614746,2.457401072285806,6.903753158347973,71.8092568,2.4756978199999997,6.925531940000001,0.46173265292921534,0.1839077226171625,5,-0.04035696614745632,0.01829674771419354,0.021778781652027845
881,71.11895550030906,2.2662052978725686,6.693527847967229,71.167075,2.26260498,6.66828904,0.6678478572390291,0.2185489482013066,5,0.04811949969094087,-0.003600317872568759,-0.025238807967228993
882,69.6410100694213,2.236116577332908,6.518366462634465,70.021264,2.24884658,6.5150580399999996,0.7131292921848277,0.2033172063164273,5,0.3802539305787036,0.012730002667091789,-0.0033084226344657353
883,70.58053938075265,2.426535373013266,7.102879981210026,70.55477499999999,2.4395206000000003,7.1474604,0.47962919302515183,0.1543475360516335,5,-0.025764380752661964,0.012985226986734322,0.0445804187899741
884,71.49057802539946,2.2228323176171414,6.473706997901006,71.7095712,2.24886546,6.483244399999999,0.8227909452773113,0.18602510936326716,5,0.21899317460054135,0.02603314238285881,0.00953740209899312
885,75.16718811027133,1.9817642066099297,6.506662651878462,75.2952368,2.01275798,6.50518984,0.9146572540397633,0.2873937407471421,5,0.12804868972867212,0.030993773390070256,-0.0014728118784619326
886,73.6425275851317,2.4932484472630203,7.097752153559087,73.824116,2.50418682,7.03646352,0.8938662086327748,0.3290277426169783,5,0.18158841486830113,0.01093837273697984,-0.0612886335590872
887,70.86724767201314,2.23218522677212,6.514493598233716,70.991142,2.20609792,6.50813894,0.6352458097150077,0.14467937278092546,5,0.12389432798686073,-0.026087306772120122,-0.006354658233715504
888,71.75882233112405,2.2751426854865064,6.632046131563075,71.7653508,2.29414716,6.636478540000001,0.5441509725166845,0.1506004900128772,5,0.00652846887594194,0.01900447451349363,0.004432408436925606
889,67.88414138805635,2.7086578395371697,7.576577358544694,68.3102848,2.7059759,7.5327122200000005,0.3058608492791901,0.1790189827939468,5,0.4261434119436558,-0.002681939537169775,-0.043865138544693316
890,69.921793574278,2.633666593346654,7.157003326758179,69.5496468,2.5947870600000003,7.12024854,0.4702778042288859,0.129073959575958,5,-0.3721467742779936,-0.038879533346653616,-0.03675478675817878
891,68.78032451164269,2.673417226577511,7.131101322319774,68.70356000000001,2.6810009399999997,7.15001628,0.7626740325275351,0.22364492568779992,5,-0.07676451164267917,0.007583713422488536,0.01891495768022633
892,70.30447458011255,2.558147295931288,7.674002807957177,70.115068,2.53168098,7.635025779999999,0.7203669854616255,0.3274853338026796,5,-0.18940658011256062,-0.026466315931287898,-0.038977027957177945
893,68.69219971640709,2.390906756726722,6.976850543514471,68.78513899999999,2.4061934000000003,6.9872167,0.337243433518807,0.1076700574421174,5,0.09293928359289794,0.015286643273278333,0.010366156485528855
894,71.86256289327171,1.8795463802155528,6.146316369163391,71.704088,1.86969134,6.05843268,0.98509992261172,0.20672127959093983,5,-0.15847489327171616,-0.009855040215552835,-0.08788368916339095
895,71.02896933950389,2.356679275590213,7.487405777227859,70.8659768,2.36531258,7.4763758,0.9624531967392473,0.2637171458562629,5,-0.1629925395038896,0.008633304409786824,-0.011029977227859256
896,69.96645874830105,2.2976836286621247,6.883824854840941,70.010554,2.25390566,6.8697211199999995,0.5481584874650759,0.18053263282590942,5,0.044095251698948346,-0.04377796866212469,-0.014103734840941407
897,68.57846945430116,2.709441551347163,7.85,68.747958,2.6757804,7.90164384,1.007953893951057,0.3476478173671772,5,0.1694885456988402,-0.03366115134716319,0.05164384000000055
898,70.4525699288345,2.280032367949687,6.746712210510745,70.85223599999999,2.2722436999999998,6.744952759999999,0.7237282920571623,0.254709996260487,5,0.399666071165484,-0.007788667949687245,-0.0017594505107458858
899,69.83923212695004,2.6612855122156134,7.211948816009285,69.978076,2.67303188,7.254955239999999,0.6530917263051687,0.20238374366653145,5,0.13884387304996437,0.011746367784386536,0.04300642399071464
900,74.63786918098096,2.0803433395749367,6.379014960622029,74.61895200000001,2.0598944799999996,6.35902366,0.8035042502877134,0.290747838138505,5,-0.01891718098094941,-0.02044885957493703,-0.019991300622028696
901,72.51426502044791,2.2228385427398614,7.111083180091141,72.261013,2.2147865199999996,7.07521672,0.7141851416559302,0.14789172734425557,5,-0.25325202044790274,-0.00805202273986172,-0.035866460091140695
902,75.03938136052624,2.143042596774358,7.010226800617984,75.1946432,2.15718136,6.9589801,0.7361629237216141,0.2774520601968399,5,0.15526183947376637,0.014138763225642226,-0.051246700617983976
903,67.01431936424143,2.2832504248385868,7.042450273195581,67.0883566,2.34269202,7.0199454,0.8675576584487189,0.2329669105011934,5,0.07403723575856702,0.05944159516141312,-0.022504873195581254
904,75.63652123118075,2.1350069551712365,6.464731550315531,75.585784,2.13215952,6.45736542,0.6814014686260893,0.250941078419149,5,-0.050737231180747244,-0.002847435171236423,-0.0073661303155310165
905,69.76063360965985,2.792191183612434,7.587545962059162,69.8044038,2.7511316999999997,7.5991199,0.6288002313939436,0.1449648772516467,5,0.04377019034015461,-0.04105948361243428,0.011573937940838164
906,72.46849794560197,2.0442157896092823,6.317007358767325,72.487903,2.02743904,6.3517281400000005,0.6824244913495813,0.25271854728281595,5,0.019405054398035304,-0.016776749609282327,0.03472078123267508
907,69.45412336374828,2.245898357265206,6.550525523151774,69.39912580000001,2.27373322,6.59399236,0.6712933482035089,0.22888755580063985,5,-0.05499756374827314,0.027834862734794186,0.04346683684822583
908,66.35655967029652,2.553864524252168,7.451467570772077,66.541186,2.59340072,7.46481704,0.8151776877303185,0.23109037853974757,5,0.1846263297034767,0.03953619574783218,0.013349469227923016
909,68.31372105315145,2.454076404755015,7.211445888981531,68.1909768,2.47511526,7.19477538,0.554666371737648,0.20938623044430843,5,-0.12274425315145265,0.021038855244984944,-0.016670508981531107
910,66.0,2.5924188870007567,7.320413732976304,65.79527900000001,2.60692106,7.32030618,0.48285777353523524,0.1478761434127768,5,-0.20472099999999216,0.014502172999243168,-0.0001075529763037153
911,71.9098263188838,2.483843327373989,6.960699037103038,72.0263802,2.4622611,6.9516499,0.48445221011338796,0.18641850320286224,5,0.11655388111620368,-0.02158222737398896,-0.00904913710303834
912,71.66160163950488,2.4060486603736897,6.836151368017144,72.00029400000001,2.42692302,6.85547502,0.714366357386734,0.24392433924220733,5,0.33869236049513063,0.020874359626310124,0.019323651982856127
913,71.22150368353796,2.38846933341149,7.133788646366443,71.7168284,2.39809822,7.133949459999999,0.5817862789605545,0.2563180935523282,5,0.49532471646203646,0.00962888658850991,0.0001608136335562449
914,70.63008684189434,2.5680022359003063,6.976145850937717,70.40965220000001,2.556231,7.05108606,0.6923718721198785,0.23007400839464492,5,-0.22043464189432882,-0.011771235900306376,0.07494020906228283
915,71.31676320205875,2.695572364867667,7.618455183875997,71.16784,2.63325268,7.62063222,0.8423527840427738,0.22494432955140503,5,-0.14892320205875365,-0.062319684867667036,0.0021770361240029956
916,71.99634594777199,2.500301040784479,6.900857231977719,71.3884824,2.47759228,6.92726522,0.4854967066840617,0.1453368969635529,5,-0.6078635477719843,-0.0227087607844787,0.026407988022280726
917,68.56608669852861,2.595356098392154,7.327388045928305,68.3631268,2.63169304,7.37699338,0.3060145191536366,0.19771591790048149,5,-0.2029598985286043,0.03633694160784584,0.04960533407169532
918,75.46857822947483,2.245855902990949,6.538417550758842,74.91072799999999,2.2334567400000003,6.57272782,0.6012343456932286,0.23585969097760362,5,-0.5578502294748375,-0.012399162990948565,0.034310269241157876
919,69.9526617167674,2.228050651949192,6.50274345540697,70.001935,2.1954356,6.5072618,0.6644141961278188,0.1691124623699669,5,0.04927328323260838,-0.0326150519491919,0.0045183445930305766
920,72.29036657829285,2.2839347626745923,6.844202354557675,72.159212,2.3240988600000003,6.81295004,0.4978182636392995,0.19389745659988797,5,-0.1311545782928505,0.040164097325408044,-0.0312523145576753
921,66.0,2.746287394918673,7.649847987852949,65.8035852,2.7374290599999997,7.641181380000001,0.7413438304635018,0.11273348256047236,5,-0.19641479999999945,-0.008858334918673272,-0.00866660785294826
922,69.26674686894052,2.3971209859442872,6.779874726637869,69.1293342,2.4748931,6.803546420000001,0.6239860772586927,0.21524919766823772,5,-0.13741266894051307,0.07777211405571283,0.023671693362131485
923,70.392241128031,2.590391514672591,7.101288589525924,70.41947780000001,2.61782206,7.11600218,0.6016435005046581,0.173709854420491,5,0.02723667196900692,0.02743054532740885,0.014713590474075389
924,66.0,2.619250057698261,7.486481328814511,66.193118,2.65454614,7.4810158200000005,0.6055720127399505,0.1912859137079033,5,0.19311799999999835,0.035296082301738974,-0.005465508814510578
925,69.25365897466273,2.4814461350731074,6.976645358023147,69.25714839999999,2.5455996,7.031987580000001,0.7681571453021583,0.21564782978724678,5,0.0034894253372641515,0.06415346492689267,0.05534222197685423
926,69.00947938772316,2.195709013270407,6.700292612485971,68.567662,2.1479855800000003,6.686403199999999,0.6792838161265106,0.24056957440296198,5,-0.44181738772316237,-0.04772343327040662,-0.013889412485972308
927,69.09100368304259,2.445690597939838,7.030751461368652,68.8170488,2.4406434999999997,7.004242360000001,0.5861142938545307,0.23106807135506457,5,-0.27395488304259175,-0.005047097939838263,-0.026509101368651145
928,70.1943043253619,2.486852076560761,6.885607295019693,70.173777,2.4647023599999995,6.90782854,0.4547894782568019,0.1685065170116929,5,-0.020527325361896942,-0.02214971656076159,0.02222124498030631
929,70.50058180671427,2.651932200419515,7.056084683484255,70.9482572,2.58841734,7.073310739999999,0.7723082345446886,0.1510553415445937,5,0.4476753932857349,-0.06351486041951526,0.017226056515744048
930,69.43497190842571,2.420312735515136,6.935225151186044,69.664608,2.47438086,6.9524304400000005,0.7917084019778552,0.1553278409351424,5,0.22963609157429232,0.0540681244848642,0.017205288813956443
931,71.91817181365619,2.3074391175778204,6.9088868214967345,71.8437868,2.31938672,6.85860424,0.5088925502778582,0.2505733016475188,5,-0.07438501365618322,0.011947602422179404,-0.05028258149673448
932,71.95158815016694,2.340167950121704,6.854819464126569,72.04654020000001,2.37195366,6.8638079,0.5562031983119654,0.1870619293088888,5,0.09495204983306849,0.031785709878295876,0.008988435873431122
933,70.94123425969661,2.3664197742967428,6.940475759739071,71.1492652,2.3850246999999998,6.9022642,0.5564723688810012,0.16697805826080336,5,0.20803094030338798,0.018604925703257003,-0.038211559739070644
934,70.30827486404347,2.39363366880059,6.906603516303657,69.897598,2.3543255000000003,6.916205960000001,0.6183124245434894,0.1413690947928582,5,-0.4106768640434666,-0.03930816880058963,0.009602443696343776
935,69.22096500324976,2.5475299990219447,7.163610054078417,69.4819078,2.4470547199999997,7.08642272,0.4643192003258029,0.15499421635846997,5,0.2609427967502427,-0.10047527902194497,-0.07718733407841682
936,67.13414562355902,2.397984092521066,7.051013448222951,67.2125222,2.37340126,7.005029759999999,0.4996783740769527,0.20433871745012366,5,0.07837657644097362,-0.024582832521065967,-0.04598368822295207
937,70.35500380321965,2.275196478832185,6.455978691703541,70.676028,2.2567802,6.5110553,0.6877714253006804,0.1043324805726054,5,0.3210241967803569,-0.018416278832184663,0.055076608296459106
938,68.98372545788476,2.4236111464627954,6.980954954150276,68.9127828,2.4076639799999997,7.061139659999999,0.4685788879816153,0.16220598711601047,5,-0.07094265788475695,-0.015947166462795703,0.08018470584972359
939,72.28897222003748,2.532622443203433,7.109816853847444,72.50268679999999,2.54784904,7.0977342199999995,0.6207391392180724,0.19830565723099322,5,0.21371457996251308,0.015226596796567016,-0.012082633847444235
940,70.74125772989242,2.336048658879045,6.84278894123956,70.3442098,2.34174954,6.836991979999999,0.47360756123231595,0.1421845610720712,5,-0.3970479298924232,0.005700881120954904,-0.0057969612395609715
941,70.80751195166887,2.473546913941972,6.890021271490856,70.756812,2.4950266,6.9292423,0.6413244610609345,0.24348611063271478,5,-0.05069995166887509,0.02147968605802797,0.039221028509143885
942,70.20822994784432,2.489177691161781,6.8753322125541105,70.29263519999999,2.46966558,6.85723906,0.6858432527572036,0.17005896378540672,5,0.08440525215567618,-0.019512111161780865,-0.018093152554110148
943,70.07277795837926,2.2860925915437025,6.889814476154113,70.0145068,2.2799022,6.92379234,0.5147385793552163,0.1730446665486885,5,-0.058271158379255894,-0.006190391543702489,0.03397786384588741
944,72.71836969040605,2.243527798225545,6.7789391454002015,72.758455,2.2286655,6.7991501,0.7248971747180553,0.2406640875552087,5,0.04008530959394818,-0.014862298225545079,0.020210954599798825
945,69.72931841942585,2.224045410541026,6.49037290499454,69.4859588,2.17114402,6.52876146,0.6512629787717795,0.21610142409961516,5,-0.2433596194258456,-0.05290139054102605,0.03838855500546057
946,72.2809827747471,2.3373798022008407,6.5918189487869885,72.43514400000001,2.34364272,6.63589554,0.5645516302090928,0.1253373737433188,5,0.15416122525290632,0.006262917799159329,0.04407659121301144
947,69.30817816481459,2.6571407281478976,7.788733190508248,69.69339,2.62400776,7.767648460000001,0.9167608867538867,0.2597806856122537,5,0.3852118351854017,-0.03313296814789757,-0.021084730508246885
948,67.94395155098155,2.6805684072828075,7.402540510996635,68.00352000000001,2.67413362,7.383652100000001,0.3057513956099727,0.17344533890261107,5,0.059568449018456704,-0.0064347872828074415,-0.01888841099663452
949,71.14569338828001,2.233700426463703,6.817761875696668,71.16326000000001,2.2178111,6.80712698,0.4758954002078616,0.1662462213390271,5,0.017566611719999514,-0.01588932646370278,-0.010634895696668423
950,68.41859093999015,2.2347859732770985,6.908691750359219,68.40989520000001,2.22156582,6.9363296199999995,0.6220482350138489,0.20827427521186276,5,-0.008695739990145057,-0.013220153277098579,0.027637869640780188
951,72.12407728474126,2.3544596636462813,7.458247296240981,72.4645908,2.30423326,7.486406580000001,1.4247525263613856,0.553969821458798,5,0.34051351525873486,-0.05022640364628117,0.028159283759019438
952,71.40273695891042,2.2159230716199536,6.588376807331665,71.815888,2.20154118,6.615290519999999,0.8047228562053886,0.24204014431600918,5,0.4131510410895771,-0.014381891619953624,0.026913712668334533
953,69.91029775533072,2.100530546745796,6.481546691017705,69.945889,2.13211742,6.4993812,0.7394374455353694,0.17427532332505466,5,0.03559124466927699,0.03158687325420395,0.017834508982295105
954,69.68439858390455,2.4582180477831264,7.081902501399729,69.45634199999999,2.52206066,7.12065348,0.2852874415966735,0.12983447265253525,5,-0.22805658390456074,0.06384261221687382,0.038750978600270436
955,72.66548820360653,2.180828778330586,6.449748551830621,72.57178200000001,2.1671294199999998,6.41193712,0.8255372250687373,0.22703171734543953,5,-0.09370620360651571,-0.013699358330586442,-0.037811431830620634
956,72.27792315180295,2.086614259792249,6.479034151601314,72.278526,2.1151497200000002,6.419591420000001,0.7003224180365336,0.153522937076114,5,0.0006028481970474786,0.028535460207751218,-0.059442731601313525
957,72.97624052156993,2.456379655297798,7.417847504041653,72.68194100000001,2.4525128,7.3765934,0.7250005406159935,0.2698450356101133,5,-0.29429952156992556,-0.0038668552977978443,-0.04125410404165297
958,69.30276987883647,2.4162491922629306,6.849202646535524,69.43471600000001,2.40683212,6.84243702,0.9098048732036912,0.1762492392221773,5,0.1319461211635371,-0.009417072262930759,-0.0067656265355235945
959,70.79152788627356,2.564470604554095,7.196731095626364,70.9292612,2.579562,7.20355902,0.45245929103034344,0.1737700763972233,5,0.13773331372644293,0.01509139544590532,0.006827924373635774
960,71.36853295761983,2.46416135261007,7.124046371158478,71.333681,2.43168864,7.15245132,0.47148242229977655,0.1902432789616214,5,-0.034851957619835616,-0.0324727126100699,0.028404948841521893
961,67.97969531317574,2.332700804467888,7.001058247905748,68.22261019999999,2.3677276800000002,7.03660696,0.49462868733488297,0.1497356245869329,5,0.2429148868242521,0.03502687553211237,0.035548712094252366
962,69.12097481249886,2.438977887289455,7.218584607915704,69.498801,2.47862568,7.206305120000001,0.45688313736484065,0.1877383719362351,5,0.3778261875011424,0.03964779271054475,-0.012279487915703768
963,69.62015261089842,2.630751044334501,7.321538919672586,69.7845198,2.66822598,7.31413124,0.5085237954897527,0.24101904427688187,5,0.16436718910158277,0.037474935665498865,-0.007407679672586376
964,71.3367793033689,2.6784484591847657,7.696095546338188,71.2179128,2.68125394,7.64625056,0.7299069690908956,0.2533767643966033,5,-0.11886650336890625,0.0028054808152342403,-0.04984498633818735
965,70.17620086359042,2.4771307550292265,7.341898748302358,70.1413506,2.541333,7.33499146,0.3760739183758856,0.2257693586201203,5,-0.0348502635904282,0.06420224497077331,-0.006907288302357983
966,68.8496338508473,2.421368615499739,6.936933023355261,68.964078,2.45252686,6.9204192,0.4658544957250016,0.1649857053275853,5,0.11444414915270329,0.031158244500260945,-0.016513823355260193
967,68.03928353475733,2.5243640619212684,6.9613967201203,68.47550720000001,2.49516402,6.9444652399999995,0.5760984087060558,0.1864430510510374,5,0.43622366524267875,-0.02920004192126857,-0.016931480120300435
968,68.98479241615935,2.5281541327846195,7.3585102909613855,69.0482902,2.55888642,7.29696248,0.3554428124351227,0.1514258577964593,5,0.06349778384064564,0.03073228721538035,-0.061547810961385174
969,74.51152220775587,2.02410976977585,6.319080677875166,74.3243428,2.04881064,6.30697088,0.8209520138655112,0.17674266839340164,5,-0.1871794077558775,0.02470087022415024,-0.012109797875166528
970,68.99394749099159,2.4508721734250094,6.886951408096506,68.7234498,2.37411724,6.87054746,0.5452278060932295,0.1917160194095037,5,-0.27049769099158993,-0.0767549334250095,-0.016403948096505694
971,72.14092116983929,2.4558252451810336,7.092342237125221,72.175773,2.4486280799999998,7.09545672,0.6882522502188004,0.2433340969515967,5,0.03485183016071858,-0.00719716518103386,0.003114482874778446
972,69.57703376010498,2.558331812249407,7.241496249250922,69.40010199999999,2.5106801,7.2463572,0.4120314013064782,0.1971116219329381,5,-0.176931760104992,-0.04765171224940712,0.004860950749078441
973,72.83632431543857,2.2083681594589586,6.749828218857021,72.87077400000001,2.28865102,6.759736139999999,0.45814909321482633,0.21533858879402162,5,0.034449684561437266,0.0802828605410415,0.009907921142978005
974,71.55976943586533,2.651332160409193,7.2768365280340275,71.45952600000001,2.6364816600000003,7.2450052,0.7337343237605597,0.1299193147601268,5,-0.10024343586532325,-0.01485050040919278,-0.031831328034027884
975,70.68955412030463,2.5142160812448164,6.846520034162275,70.7196288,2.5038469,6.8674858400000005,0.5881410153366634,0.21511884090486127,5,0.030074679695360373,-0.010369181244816339,0.02096580583772578
976,70.87423139091251,2.1984969367092204,6.435749093894893,70.7991162,2.22120992,6.44599066,0.7373606536994369,0.1934887322972338,5,-0.07511519091251273,0.022712983290779754,0.010241566105106514
977,70.8501169777113,2.339584078107871,6.850720394625936,70.7758864,2.3099266999999997,6.84302122,0.5174826277366731,0.14367348501946303,5,-0.07423057771129038,-0.0296573781078715,-0.0076991746259365
978,69.74104117080145,2.6044368917895087,7.257085839267144,69.262473,2.60858728,7.2952495200000005,0.395679251432892,0.1983808269744301,5,-0.4785681708014522,0.004150388210491407,0.0381636807328567
979,69.86547040825056,2.594579399741504,7.162405126548561,69.584628,2.6072208,7.15920098,0.5272253751054309,0.2237783548059206,5,-0.28084240825056384,0.012641400258496027,-0.0032041465485610487
980,68.0419974986826,2.809968427877678,7.675140003531038,67.9059288,2.7561164,7.64394348,0.4340208703050602,0.18245105045531756,5,-0.13606869868260674,-0.0538520278776784,-0.031196523531038522
981,70.94478635994855,2.4885815263012847,7.185150131658387,70.9498834,2.51318154,7.20920306,0.5196565016492138,0.2058799597087914,5,0.00509704005145295,0.02460001369871545,0.024052928341613544
982,70.60799800958831,2.406223556872993,6.847910557200244,70.68897079999999,2.4332485,6.833312480000001,0.5092170797446007,0.1488891481181923,5,0.08097279041167837,0.027024943127007095,-0.014598077200242976
983,67.77876973506449,2.537442224753755,7.296875418095683,68.144705,2.5610801199999997,7.33078498,0.23172662893877577,0.19871904750038075,5,0.36593526493551565,0.0236378952462446,0.033909561904316377
984,70.41925883983923,2.396886072002105,6.866496693396092,70.575382,2.37358186,6.87877438,0.706931562384444,0.2529847348624205,5,0.15612316016077443,-0.023304212002105196,0.012277686603908045
985,73.21380647825204,2.2992185697937035,6.650175510482574,73.248825,2.21714722,6.5856664600000006,0.6603163717610583,0.22832411276539216,5,0.03501852174795772,-0.08207134979370334,-0.06450905048257383
986,75.92773113068135,2.258579395730103,6.86960873151061,75.7619448,2.2488281199999998,6.85590818,0.7072364425297197,0.2567605734605565,5,-0.16578633068135673,-0.00975127573010326,-0.013700551510609671
987,69.34849077205102,2.44318662671876,6.972098938865663,69.467877,2.45220962,6.98771252,0.487470568447844,0.21514392026113902,5,0.11938622794897924,0.009022993281240232,0.015613581134336307
988,70.00543280932926,2.1581387700997,6.946407186210737,70.111538,2.1891777400000003,6.9076683,0.6254746422318781,0.23467315701098773,5,0.10610519067073199,0.031038969900300195,-0.03873888621073718
989,68.41866359365757,2.550598942015389,7.024541304636628,68.715839,2.59118826,7.02604954,0.6000072311111763,0.23079732387889923,5,0.2971754063424328,0.04058931798461085,0.001508235363371746
990,72.22343757521378,2.351489566559182,6.834652005569529,71.901663,2.36666746,6.82247898,0.366811344453265,0.1527513349729499,5,-0.32177457521378017,0.015177893440817769,-0.012173025569529372
991,69.09253966361699,2.457092008066961,7.187600296181737,68.77092,2.4545983799999997,7.18473956,0.3538115346515261,0.19529854903078106,5,-0.32161966361698546,-0.0024936280669614064,-0.002860736181736989
992,68.69121246409759,2.3996021346873126,6.967989385662703,68.5705002,2.3696471600000004,6.977278200000001,0.46039895422907195,0.19333645422372617,5,-0.12071226409759106,-0.02995497468731223,0.00928881433729778
993,71.07753916856052,2.617087922586597,7.117143395650816,71.081322,2.5236175199999997,7.12080486,0.492307951061561,0.1618200390694854,5,0.0037828314394801055,-0.09347040258659733,0.0036614643491841292
994,71.24047221913314,2.5286960629873283,7.017097491329665,71.056875,2.53009928,7.011637179999999,0.45157762424770437,0.1752782863394676,5,-0.18359721913313365,0.0014032170126716537,-0.0054603113296654016
995,70.02296047592363,2.3542663473010745,7.3951014941678705,70.1100608,2.3853607,7.36398932,0.7816165116522942,0.1565737577465597,5,0.08710032407637414,0.031094352698925576,-0.0311121741678706
996,69.69897765269324,2.718054233731732,7.484058380789996,69.207798,2.7245593,7.542177479999999,0.7851983780294804,0.2539103642624468,5,-0.4911796526932477,0.006505066268267967,0.058119099210003355
997,69.7627645704599,2.3654500895683,7.163280354280003,69.72213239999999,2.38743822,7.159270599999999,0.6922828221692434,0.2082091080776825,5,-0.04063217045990086,0.021988130431700004,-0.004009754280003719
998,67.32178154058984,2.738048739768809,7.45043767917395,67.5230228,2.69074688,7.39728702,0.424877321867333,0.18634223737923564,5,0.20124125941016757,-0.047301859768809074,-0.05315065917394968
999,67.73276767798806,2.661583369041655,7.483698773872287,67.8291528,2.63930964,7.44597692,0.4735533563037541,0.1261970186879192,5,0.09638512201193805,-0.02227372904165481,-0.03772185387228699
1000,73.23801076408796,2.2849659744701443,6.670526133132879,73.272049,2.32055012,6.68023422,0.5516903194062359,0.2391250412937246,5,0.034038235912035475,0.03558414552985578,0.009708086867121324
1001,68.13912828593264,2.606784087773691,7.535675432569596,68.113219,2.65773148,7.52049382,0.4971791359913106,0.31253612832463,5,-0.025909285932641524,0.05094739222630862,-0.01518161256959516
1002,66.09314440438654,2.2955504881407163,6.995187427149352,66.3607878,2.21858588,6.973336399999999,0.7763377887176635,0.2091551064785043,5,0.2676433956134616,-0.07696460814071626,-0.02185102714935283
1003,69.3931439279509,2.61441527790221,7.2013343734759,69.4208152,2.6059147400000002,7.19856032,0.4540233631471987,0.2348543232353008,5,0.0276712720491048,-0.008500537902209615,-0.0027740534758997626
1004,67.84272384420893,2.590994906170558,7.357103363602038,67.6108368,2.62301682,7.30478134,0.380850173019308,0.18429785128483406,5,-0.23188704420893202,0.032021913829442195,-0.05232202360203786
1005,74.73574854700944,2.086605083630908,6.9322242732832935,74.4996892,2.10850046,6.88285288,0.8012585920266998,0.2220026186444572,5,-0.2360593470094301,0.021895376369092112,-0.04937139328329376
1006,67.57280108584219,2.472401748202705,7.338355602503479,67.9246564,2.52113998,7.3126212,0.7165375466128638,0.20425571988738245,5,0.3518553141578167,0.04873823179729486,-0.02573440250347936
1007,72.2076838498316,2.4524275360723475,7.188641809667757,72.235324,2.4552942399999997,7.133667819999999,0.4351460438504076,0.1804838298671724,5,0.02764015016840915,0.0028667039276522033,-0.054973989667757905
1008,69.50055091344947,2.460226893516216,6.934923535234472,69.200674,2.47844488,6.93743592,0.4908129499113601,0.2284164530128323,5,-0.29987691344946654,0.01821798648378392,0.002512384765528175
1009,77.15828478993507,1.761276816989659,6.006569520434968,76.7435672,1.7811593600000002,6.07166706,1.100262669496149,0.4691312042942307,5,-0.4147175899350657,0.01988254301034109,0.06509753956503239
1010,68.00261792182394,2.514215274336393,7.116266528056978,68.075946,2.52792542,7.15668232,0.5623043801484241,0.17686557591963484,5,0.07332807817606124,0.013710145663607065,0.040415791943021695
1011,72.78875936175615,2.1237587313462583,6.405571214940856,72.43612399999999,2.15072508,6.42243428,0.6811132757342303,0.1890949804200934,5,-0.35263536175615684,0.0269663486537417,0.0168630650591437
1012,70.84042380173118,2.64139523028354,7.808827643663152,70.84069,2.5420928,7.773607920000001,0.8721741707120063,0.32592649368992105,5,0.0002661982688181297,-0.09930243028354013,-0.03521972366315129
1013,72.01457466484315,2.489834770309948,7.029553613408426,72.24183000000001,2.49358642,7.02296272,0.6887761222782758,0.21658333839386215,5,0.2272553351568547,0.003751649690052261,-0.006590893408426446
1014,69.51370584851774,2.638095191010473,7.380018715968832,69.39667,2.65838806,7.41837072,0.3601813657507377,0.17979476160218855,5,-0.11703584851774451,0.02029286898952698,0.03835200403116801
1015,69.52141083323477,2.3697143250725468,6.725021118348801,69.772369,2.39419752,6.7078322,0.5983976571727437,0.22223585194041182,5,0.25095816676522986,0.024483194927453322,-0.01718891834880054
1016,67.59220434847515,2.601416925378542,7.329381022331208,67.85705279999999,2.61641352,7.3994349999999995,0.6108756112414072,0.24176932924160158,5,0.26484845152484127,0.01499659462145786,0.07005397766879184
1017,69.5658035825525,2.4365775782562493,6.80415647967768,69.583214,2.44174576,6.75208784,0.7444209318972838,0.267095776013513,5,0.017410417447493387,0.005168181743750555,-0.05206863967767994
1018,73.54732005296086,2.2435315073071886,6.859139127479442,73.40711,2.26209028,6.852621340000001,0.6405933980457211,0.2506409660241752,5,-0.1402100529608532,0.018558772692811143,-0.006517787479441317
1019,71.92075491715681,2.4012696034477443,6.747828213746814,71.8948164,2.4144243,6.7366496,0.5608349390671061,0.1491030807310624,5,-0.025938517156816943,0.01315469655225554,-0.011178613746814392
1020,72.06477995669361,2.178086757488518,6.756219566535984,72.4395552,2.1904522799999997,6.7230687200000006,0.8877780738340265,0.24760342670621077,5,0.374775243306388,0.012365522511481597,-0.03315084653598355
1021,69.75967493492267,2.391159858809497,6.875985045908012,69.6423972,2.4185099,6.882771460000001,0.5975846121180312,0.29615976793968535,5,-0.11727773492266635,0.027350041190503216,0.006786414091989101
1022,71.55787778377616,2.294859348552009,7.099434261733796,71.854456,2.3029126,7.123463599999999,0.7882285518033967,0.1756922654633221,5,0.2965782162238355,0.008053251447991183,0.024029338266203126
1023,68.22000840279804,2.271627362694467,6.764882792069852,68.518901,2.2917235,6.755912220000001,0.5794640472908109,0.2014511568943027,5,0.2988925972019558,0.020096137305532835,-0.008970572069851634
1024,67.65946492183329,2.4953499092962,7.2945783578879455,67.8321842,2.50604162,7.2719608,0.7334922872468208,0.22386974957649905,5,0.17271927816670996,0.010691710703799817,-0.02261755788794595
1025,67.78575996072084,2.556495605516135,7.023859928861562,68.33909200000001,2.54091222,7.008311860000001,0.4615035795291589,0.1649857053275853,5,0.5533320392791694,-0.015583385516134918,-0.015548068861560793
1026,68.00159760370026,2.7374085675447164,7.507141736484682,67.79712520000001,2.72386062,7.5117219,0.5726739977583016,0.2854119607444863,5,-0.204472403700251,-0.013547947544716443,0.004580163515318425
1027,71.29111455063497,2.363771582272665,6.717796503025741,70.90855400000001,2.39490548,6.76571886,0.4676884720528228,0.19736675551523553,5,-0.3825605506349632,0.03113389772733477,0.04792235697425884
1028,74.40416082006267,2.3646610723083903,6.817447635317507,73.983668,2.336026,6.811347979999999,0.5098696890163085,0.191367673959559,5,-0.42049282006267674,-0.028635072308390352,-0.006099655317507668
1029,70.39612616836168,2.5031965014433224,6.834886869914184,70.736476,2.48329134,6.82742448,0.586433393655396,0.1299371990792587,5,0.34034983163832067,-0.019905161443322328,-0.007462389914183909
1030,72.3819085493781,2.4805542161801486,7.045016029081465,72.205766,2.4721975,7.032565700000001,0.5642835212614408,0.2376620543649816,5,-0.17614254937809903,-0.008356716180148549,-0.012450329081463707
1031,72.94261647761431,2.193501046691445,6.601803067304656,72.7274778,2.1677235,6.59433982,0.7646411332290716,0.2602288109237161,5,-0.2151386776143056,-0.02577754669144472,-0.007463247304656306
1032,69.51896846157659,2.6189333297142725,7.112456409544028,69.8398188,2.6181445400000003,7.0777241,0.7468081909520797,0.1727658849272785,5,0.32085033842341204,-0.0007887897142722089,-0.03473230954402773
1033,68.28896825709487,1.9383678112065923,6.187420953885517,68.7738188,1.9234175,6.18597326,1.054053003134857,0.24721947650731102,5,0.48485054290513574,-0.014950311206592293,-0.0014476938855167987
1034,70.62437860104829,2.439883278600609,7.077823480353111,70.8358842,2.45199456,7.109235960000001,0.7789772821834422,0.3057609476713419,5,0.21150559895170318,0.012111281399391327,0.031412479646890645
1035,73.9080393825987,2.2482336508269816,6.430580929091882,73.9719748,2.2226991000000003,6.46670594,0.6471535902399413,0.237074337913353,5,0.06393541740129649,-0.025534550826981306,0.03612501090811815
1036,71.18131217447083,2.1157683419027977,6.509385313798155,71.19509000000001,2.15175968,6.45218984,0.7185377614000125,0.20242286105671187,5,0.013777825529174947,0.03599133809720234,-0.05719547379815548
1037,70.74328692383251,2.4023709644809688,6.793853608494369,71.210356,2.46012996,6.79735112,0.49497510666098854,0.2052700384763871,5,0.4670690761674905,0.05775899551903141,0.0034975115056310457
1038,70.65825661566869,2.539466022286002,7.004461275471536,70.24581,2.49569148,7.0194693,0.5476441113095605,0.22272477088893278,5,-0.412446615668685,-0.04377454228600186,0.015008024528463615
1039,69.2335265357138,2.367228284348583,7.103970783702591,69.1517092,2.38133628,7.10381458,0.6422485402264684,0.15553702886151938,5,-0.08181733571380789,0.014107995651417404,-0.00015620370259128435
1040,68.49775591656733,2.4417171192837874,6.872445813479442,68.7338936,2.40720118,6.851615220000001,0.4876893153308237,0.2263734420711348,5,0.23613768343267338,-0.03451593928378749,-0.02083059347944083
1041,67.8749089536672,2.174548513420192,6.705750643914608,68.209288,2.2052342000000005,6.68730134,0.6582600149125909,0.18490514401494518,5,0.33437904633279913,0.030685686579808635,-0.01844930391460764
1042,70.11404635462672,2.568256552522827,7.063259341592868,70.07539399999999,2.5787445399999998,7.050473940000001,0.49334163009431065,0.1592272180991623,5,-0.03865235462673411,0.010487987477172833,-0.012785401592867451
1043,70.00647801491546,2.480185585187916,6.968059100098745,70.02475039999999,2.46567264,6.96330622,0.4730268386712956,0.1359872563443158,5,0.01827238508452922,-0.014512945187915793,-0.0047528800987448605
1044,71.82028513462888,2.341973445437449,6.820676512707895,71.610635,2.34922184,6.87312826,0.6679702627004125,0.22759416355121426,5,-0.20965013462887327,0.007248394562550775,0.05245174729210422
1045,72.95622472350608,2.143367730560228,6.805403583513211,72.94721580000001,2.19728868,6.78821272,0.7697890758979459,0.1800781159294441,5,-0.009008923506073074,0.053920949439772325,-0.01719086351321142
1046,72.13395251951941,2.3304530356720186,6.800368671867321,72.3809262,2.30982026,6.77471854,0.4593354820025931,0.21246977773731213,5,0.24697368048059332,-0.0206327756720186,-0.025650131867320347
1047,72.3429740225492,2.452422516324977,7.037346923807371,72.20026,2.47788768,7.08334938,0.5003298325438834,0.1282339094235783,5,-0.14271402254919963,0.02546516367502294,0.046002456192628216
1048,67.7681763956691,2.85,7.449114422565255,67.5283434,2.79042454,7.45949888,0.6808228580591218,0.22819445220789497,5,-0.23983299566910432,-0.059575460000000025,0.010384457434745364
1049,68.5398257087339,2.7490471176757305,7.580938851691353,68.6471232,2.7677959999999997,7.6331897799999995,0.626264324721209,0.18351679395689632,5,0.10729749126609534,0.01874888232426919,0.05225092830864675
1050,70.41692828266835,2.550346722537942,6.859296433373873,70.50782699999999,2.52947736,6.88898938,0.6127594703686241,0.16389556868640698,5,0.09089871733164046,-0.020869362537942138,0.02969294662612665
1051,72.91017831936065,2.360443399041579,6.958249225284251,72.80761319999999,2.2680505,6.900800460000001,0.5047839073966074,0.24110832608458174,5,-0.10256511936066204,-0.09239289904157877,-0.057448765284250136
1052,70.05465310892698,2.4175664330226603,7.0226795319204225,69.949972,2.48765072,7.05590482,0.366331751847993,0.1612715802576887,5,-0.10468110892698235,0.0700842869773397,0.03322528807957781
1053,66.57543255697128,2.5212267413657963,7.138440569204461,66.931078,2.5172927,7.17467236,0.5219650488296119,0.315070829859566,5,0.35564544302872036,-0.003934041365796226,0.036231790795539176
1054,71.47277930328835,2.225074429657578,6.641234330801865,71.2201318,2.20719788,6.66140616,0.8242377724860684,0.21170869354043206,5,-0.25264750328834396,-0.017876549657578344,0.020171829198135427
1055,71.79879795497997,2.377657483208287,6.968293979021086,71.971207,2.3956465600000003,6.97584778,0.46724631105945924,0.134291504741201,5,0.17240904502003218,0.017989076791713465,0.007553800978914005
1056,68.68404282974471,2.734754442388849,7.1863485589238305,68.685799,2.70411384,7.1953542,0.7495927597339986,0.1640137326966362,5,0.0017561702552910674,-0.03064060238884858,0.00900564107616919
1057,73.52799910318126,2.308661633772041,6.777833186554791,73.6135038,2.28406538,6.792262320000001,0.49680784158635516,0.20454412293942864,5,0.08550469681874517,-0.024596253772041,0.014429133445209352
1058,70.09623046673157,2.3964047571423195,6.715186981731708,70.3282008,2.36478888,6.654284079999999,0.7048069523493831,0.21598026362284997,5,0.23197033326843552,-0.031615877142319615,-0.060902901731708425
1059,72.09864623614837,2.414493857590312,6.835563303861578,72.173123,2.33597866,6.796367459999999,0.4830334559888942,0.2143876052194508,5,0.07447676385163504,-0.078515197590312,-0.03919584386157915
1060,70.95825242090805,2.410207967807157,6.812773840427646,71.0036388,2.3970977,6.82512866,0.3777534244691302,0.1548808609334112,5,0.04538637909195131,-0.013110267807156628,0.012354819572354181
1061,69.72501742744517,2.5294254471909348,7.0766237713734785,69.684292,2.58280984,7.117816500000001,0.6296117711789131,0.1960869343385665,5,-0.040725427445167384,0.05338439280906515,0.041192728626522346
1062,70.14227501993687,2.268573998468028,6.816033281174386,70.18567920000001,2.2690535,6.824345579999999,0.6837019905595833,0.1520009963032884,5,0.043404180063134845,0.00047950153197184875,0.00831229882561324
1063,73.1255653414471,2.186472310003368,6.796574693976014,72.8029782,2.1714900399999997,6.83235468,0.8330526030019765,0.2544360548394224,5,-0.32258714144710154,-0.014982270003368381,0.0357799860239858
1064,70.20508849523392,2.670095087184996,7.460939350140175,69.7026954,2.68309396,7.48660486,0.47887721874867084,0.20771343613355348,5,-0.5023930952339271,0.012998872815003892,0.02566550985982463
1065,70.48690626874063,2.662242731860766,7.323782902609944,70.175403,2.67003524,7.32527904,0.5877211965352837,0.19389582955112306,5,-0.31150326874062273,0.0077925081392336,0.0014961373900561625
1066,70.7176531529255,2.554010718374567,7.194183194749472,70.59359620000001,2.5493539,7.231774939999999,0.4323469835617451,0.24861490813216433,5,-0.12405695292548558,-0.0046568183745669955,0.037591745250527
1067,69.41565824965946,2.547003481976056,7.204227058374525,69.4643796,2.56889386,7.24531462,0.4249832565360386,0.2290769107210699,5,0.04872135034054281,0.021890378023944113,0.04108756162547511
1068,69.93137029973849,2.337562394997612,6.929894554349003,70.047785,2.28426994,6.911548999999999,0.3738458747217223,0.1746787832617149,5,0.11641470026151524,-0.05329245499761193,-0.01834555434900409
1069,66.05155916502537,2.742725583301674,7.612888365006126,66.505639,2.73402804,7.55050648,0.6984145987257511,0.22438919791316617,5,0.45407983497463533,-0.008697543301674049,-0.062381885006125515
1070,73.07075723514649,2.213180570947388,6.753179582736623,72.8045822,2.21710358,6.72945658,0.6530296475704894,0.19734543427153348,5,-0.2661750351464889,0.003923009052611892,-0.023723002736622867
1071,69.85314942435635,2.5393589915065093,7.010044704211323,70.255032,2.5341660599999996,7.03621748,0.4889641036844884,0.23655614652139692,5,0.40188257564365415,-0.00519293150650979,0.026172775788677605
1072,72.2366256964164,2.3002668550214387,6.6296716886061855,72.0775548,2.2978452,6.64796918,0.7789072786702104,0.1829631177999996,5,-0.15907089641639516,-0.0024216550214388732,0.01829749139381409
1073,71.01794563311037,2.3819461641645723,7.23550791551192,71.11173360000001,2.35552926,7.2280991,0.5818150975648005,0.2528630670925739,5,0.09378796688963575,-0.02641690416457232,-0.007408815511920075
1074,72.21987797224436,2.3207892081710724,6.652663082496995,72.026319,2.34855632,6.662921079999999,0.5735601445018034,0.23483991788119424,5,-0.19355897224436092,0.02776711182892777,0.010257997503004823
1075,69.65827243314689,2.7040269585527845,7.399434595622767,69.8470992,2.6939845,7.3440319,0.7800698612402829,0.3045438715702462,5,0.1888267668531114,-0.010042458552784517,-0.05540269562276734
1076,70.98018506373977,2.3904580096602044,6.789869370267819,71.2188728,2.33667894,6.79263088,0.6813824058266154,0.2064993613226788,5,0.238687736260232,-0.05377906966020429,0.0027615097321813664
1077,67.66095730161194,2.6946602119302128,7.344798642414171,67.5748332,2.7006863599999997,7.351555020000001,0.4057047432828632,0.17519049320194996,5,-0.08612410161194362,0.006026148069786963,0.006756377585830364
1078,70.85922426974727,2.284273719551176,7.344690130609618,70.66680260000001,2.2988323399999997,7.3466677,0.9484914447213637,0.3141582788588308,5,-0.1924216697472616,0.0145586204488235,0.0019775693903820724
1079,71.11546474159454,2.259538813768028,6.723727379276404,70.9859958,2.2567875600000002,6.6997781000000005,0.43160727821029105,0.18001499620590533,5,-0.12946894159453848,-0.0027512537680278726,-0.02394927927640378
1080,70.3917964716478,2.60201776834702,6.929753067783781,70.10495180000001,2.58521794,6.95681448,0.6485707266954016,0.19295528366513928,5,-0.2868446716477848,-0.016799828347019652,0.02706141221621916
1081,70.07933780449197,2.699711628955489,7.633416978339163,69.9758412,2.75905886,7.6483513,0.7450614419218455,0.1704380561722046,5,-0.10349660449196563,0.059347231044510895,0.014934321660836858
1082,67.94827705606194,2.550881348561481,7.193506846151857,68.1010062,2.5460918,7.16719166,0.3142521879124337,0.0913633028686491,5,0.15272914393806047,-0.004789548561480839,-0.026315186151856906
1083,67.91794777797288,2.602462847775725,7.248548564818465,68.05318,2.6379430200000002,7.2362183799999995,0.4495394286725415,0.23689639909065932,5,0.13523222202711338,0.035480172224275464,-0.012330184818465817
1084,69.12173747382764,2.383936077702529,6.967598421234714,69.18665519999999,2.38093546,6.97907848,0.3388235675944231,0.19604961024294265,5,0.0649177261723537,-0.00300061770252924,0.011480058765285683
1085,67.26781873316823,2.153669096187705,6.842860882961015,67.645033,2.17885012,6.86505688,0.7417711855270293,0.2054156291654786,5,0.3772142668317713,0.0251810238122947,0.02219599703898467
1086,74.85846739672091,2.2041510184436284,6.589395905325742,74.901382,2.1602619,6.59814306,0.7319066738173817,0.23058759657087258,5,0.042914603279086805,-0.043889118443628305,0.008747154674257906
1087,70.87829027972496,2.552142788234629,7.168312594561355,70.67809199999999,2.54821794,7.22377044,0.4310853809753062,0.21078097232318532,5,-0.2001982797249724,-0.003924848234629241,0.05545784543864496
1088,66.96884707235674,2.7504388739504617,7.491651397304244,66.69211,2.75985024,7.521562059999999,0.6248465103144165,0.3417783172658658,5,-0.27673707235673817,0.009411366049538294,0.029910662695755263
1089,69.4292169806073,2.75475189528009,7.461671075259032,69.2615298,2.71163388,7.4508606,0.7577850568858032,0.204295152757037,5,-0.16768718060728816,-0.04311801528008985,-0.010810475259031449
1090,70.62923309750434,2.481381306351952,7.044218694808831,70.3971614,2.47790026,7.03038044,0.4344881484179483,0.2062108081377354,5,-0.2320716975043382,-0.0034810463519518997,-0.013838254808830719
1091,67.49772316988475,2.7027769130673605,7.46173681866505,68.0586138,2.67435964,7.465404940000001,0.3026052651252639,0.1692407996323691,5,0.560890630115253,-0.028417273067360416,0.003668121334951202
1092,72.05414802724383,2.3942421091188835,7.645479327484695,72.2027328,2.38356864,7.577676939999999,0.9110038438684466,0.24528504032735174,5,0.14858477275618043,-0.01067346911888345,-0.06780238748469625
1093,70.03611545796727,2.3104951146841084,7.331826797909111,70.49235519999999,2.28770294,7.289289139999999,0.8504030288543254,0.24659887419343857,5,0.45623974203272155,-0.022792174684108435,-0.04253765790911146
1094,66.0,2.673563373161399,7.464187125461782,66.393652,2.64666828,7.47367094,0.6300142876588962,0.1977756326479219,5,0.393652000000003,-0.02689509316139871,0.009483814538217672
1095,68.82084446353072,2.567986608589804,6.972838584917232,68.8334562,2.56810378,6.99026992,0.6268786991119147,0.22318965959171394,5,0.012611736469281709,0.00011717141019573774,0.01743133508276795
1096,68.96345869405295,2.493015087813582,6.907917392768235,68.48765599999999,2.48939558,6.92604724,0.9447389551586867,0.1884525380728277,5,-0.47580269405295894,-0.0036195078135818903,0.018129847231764806
1097,69.41327149263536,2.1066752674740923,6.470954446311159,69.528198,2.1146386,6.4728781600000005,0.7327860013619736,0.19789821766327803,5,0.11492650736464327,0.007963332525907862,0.0019237136888419215
1098,69.72158987149584,2.4066332591455493,6.740774954115816,69.4924518,2.37083282,6.77027998,0.4819994701609692,0.1507383946341324,5,-0.2291380714958393,-0.03580043914554931,0.029505025884184022
1099,67.2918692232255,2.421491646946377,7.082956085690083,67.32068000000001,2.4304644,7.093356099999999,0.8609369996677836,0.23956375627451126,5,0.028810776774506053,0.008972753053622995,0.01040001430991655
1100,72.76693196757786,2.227625775640872,6.825168765059692,72.7296612,2.24323348,6.82142174,0.6315586359233457,0.2250583012146828,5,-0.03727076757786563,0.015607704359127617,-0.003747025059691822
1101,71.16326647894815,2.459483933947217,7.005077214134087,71.344032,2.44052478,6.971563720000001,0.4642756719024276,0.234415740358697,5,0.18076552105185328,-0.018959153947216922,-0.03351349413408666
1102,67.61144372242148,2.701637841648232,7.6014783346193315,67.418531,2.68222462,7.61076762,0.7206658321066657,0.3062240528434669,5,-0.19291272242148239,-0.019413221648231893,0.00928928538066831
1103,72.48121342830137,2.2036158518661457,6.681950828106321,72.047539,2.17622274,6.6537185800000005,0.5660203912775995,0.19428821360770038,5,-0.4336744283013729,-0.02739311186614568,-0.028232248106320412
1104,73.91726021390805,2.4281428473087447,6.838617699990235,74.03249600000001,2.3660721000000002,6.83255584,0.5553717126303088,0.22066041031591493,5,0.11523578609195795,-0.06207074730874451,-0.006061859990234453
1105,67.90339705618307,2.650096382461028,7.4630408217415125,68.124484,2.65381456,7.42382872,0.7281340797826105,0.24288902396609777,5,0.22108694381692828,0.0037181775389716343,-0.03921210174151213
1106,73.35473714078215,2.2962715064028685,6.882113938833379,73.083049,2.31913714,6.870796,0.5346709558797775,0.16065263104251168,5,-0.2716881407821461,0.022865633597131563,-0.01131793883337906
1107,70.50517616630515,2.441059845948141,6.922902750020474,70.5105758,2.4591403,6.94346242,0.7141513726565406,0.25698016540099583,5,0.005399633694850081,0.018080454051859096,0.020559669979526518
1108,69.23477816736849,2.124479074106075,6.723494487743929,69.05265,2.14854476,6.7281831400000005,0.679220108585718,0.2304857626297104,5,-0.18212816736848936,0.024065685893924993,0.00468865225607118
1109,74.9936378883014,1.9160252738052361,6.135675701239194,74.7117818,1.95433894,6.17815254,0.8672752807914514,0.18485505021884358,5,-0.28185608830139586,0.03831366619476384,0.042476838760806324
1110,74.93231893642331,2.2846775438133324,6.822217148709827,74.90163700000001,2.31066168,6.859338800000001,0.6110754553157981,0.2709489637112944,5,-0.03068193642330641,0.025984136186667506,0.03712165129017375
1111,69.63187107216974,2.3265575278403454,6.814415569470381,69.49046200000001,2.32000724,6.83460822,0.49164120218514296,0.2214144837848957,5,-0.1414090721697363,-0.006550287840345614,0.020192650529618383
1112,70.745482278404,2.168321717560499,6.397658134824302,70.5853308,2.21904386,6.46524364,0.7738259157371733,0.12147933081961296,5,-0.16015147840400346,0.05072214243950102,0.06758550517569795
1113,69.81468536683701,2.528590572382427,7.016795542284186,69.473096,2.5692577,7.0040143200000005,0.5222460521780897,0.2346641202059873,5,-0.34158936683701313,0.04066712761757296,-0.012781222284185212
1114,71.5963645104792,2.3510826328712446,7.267784325673131,71.70442700000001,2.35548454,7.2483442600000005,0.8265773046972098,0.2611760361989376,5,0.10806248952080466,0.004401907128755322,-0.01944006567313039
1115,74.31903808717574,2.3411365900982,6.887644604440465,74.3093002,2.3544597400000002,6.925982980000001,0.6712842757686456,0.2061865715592886,5,-0.009737887175745641,0.013323149901800058,0.0383383755595359
1116,70.51278164342811,2.122552455952127,6.33418386807646,70.535502,2.1455646,6.32366912,0.7852824134953786,0.1676662751214526,5,0.022720356571880984,0.023012144047873218,-0.010514748076460023
1117,68.55818858508053,2.701566867552868,7.473434555074009,68.34526220000001,2.6802416,7.453997080000001,0.40550509596697004,0.18536464638994812,5,-0.21292638508052164,-0.0213252675528679,-0.019437475074008503
1118,67.69232111139311,2.624495840569005,7.274177611612727,67.8219292,2.65932896,7.30882126,0.419142419158322,0.19020052882391408,5,0.12960808860688644,0.03483311943099476,0.03464364838727363
1119,70.85489446428912,2.2438800784226296,6.702321204418704,71.043807,2.2757303799999997,6.71249304,0.6105097787706413,0.12657140042561593,5,0.18891253571088384,0.03185030157737012,0.010171835581296307
1120,68.35637996486878,2.697921960981758,7.481228280417083,68.7943248,2.7048240999999997,7.461173840000001,0.515330907875372,0.19957615290163952,5,0.4379448351312192,0.006902139018241549,-0.020054440417082375
1121,67.76037654469768,2.2276273773765403,6.667363412598588,67.423975,2.1978441799999997,6.64870658,0.7553240136160954,0.2986691357721565,5,-0.33640154469767936,-0.02978319737654056,-0.018656832598588302
1122,69.935940837375,2.520277810001718,6.851933618624683,70.0769504,2.51456938,6.84590938,0.5879722770473516,0.15774658101254163,5,0.1410095626250012,-0.005708430001717613,-0.0060242386246827095
1123,66.0,2.432690385659356,7.235654038259803,65.6684962,2.40929234,7.197757920000001,0.6558414988280225,0.17688877948153223,5,-0.331503799999993,-0.023398045659356104,-0.03789611825980188
1124,72.41948580019739,2.602620894831152,7.5916340404233384,72.52622679999999,2.5850805,7.55975872,0.7626022034041018,0.2091804652771379,5,0.10674099980259655,-0.017540394831152106,-0.03187532042333885
1125,70.65442292623247,2.153660305757902,6.502723489183744,70.574421,2.1699053800000003,6.48008566,0.6946680792782172,0.189660010614576,5,-0.0800019262324696,0.016245074242098312,-0.022637829183743463
1126,68.45392096927067,2.336156960086934,6.7240541690032005,68.772428,2.35354828,6.74584912,0.53261327237784,0.1647791571198015,5,0.31850703072933584,0.017391319913066194,0.0217949509967994
1127,74.11054350814818,2.1698174143222166,6.984590883216844,73.971959,2.2110585200000004,7.01234948,0.7154423367146655,0.3031473987379807,5,-0.13858450814818468,0.04124110567778372,0.02775859678315573
1128,72.7583275380491,2.338863267036173,7.213132818442439,72.70905,2.36154246,7.1582378,0.9450451609278432,0.33491376138454887,5,-0.04927753804909685,0.02267919296382681,-0.054895018442438825
1129,70.5887913953231,2.013826765583664,6.260044580973905,70.2935398,2.03397906,6.273501059999999,0.8689994355221563,0.14395252197898817,5,-0.2952515953230943,0.020152294416336147,0.013456479026094037
1130,74.10806509976325,2.0581692153874767,6.80772542875908,74.046864,2.0527815400000002,6.774943380000001,0.9107447075454005,0.27356055261742745,5,-0.06120109976325239,-0.0053876753874764205,-0.03278204875907953
1131,69.78366416668659,2.4508793769296595,6.900705453629169,69.757106,2.40053866,6.906612780000001,0.7846442554527719,0.15196533961332703,5,-0.026558166686598383,-0.05034071692965947,0.005907326370831356
1132,72.30861855449125,2.1606119720253587,6.972867901852733,72.2037138,2.15172256,7.04167078,1.069826523901798,0.335559352302834,5,-0.10490475449124403,-0.008889412025358645,0.06880287814726671
1133,72.9891978997008,2.3259483575690822,6.807944109423309,73.023076,2.30631528,6.785246979999999,0.4973031531192899,0.21424408790774496,5,0.033878100299205016,-0.019633077569082058,-0.02269712942330937
1134,68.65704319546708,2.280582781993183,6.860829764365315,69.0072248,2.30522944,6.82892892,0.6369052715689728,0.19920778823939592,5,0.3501816045329207,0.0246466580068172,-0.03190084436531482
1135,73.35201487524292,2.2515680294789764,7.109490763985297,73.39745880000001,2.2673791000000003,7.090487519999999,0.8230524917975721,0.22210643643887593,5,0.04544392475709458,0.01581107052102393,-0.01900324398529829
1136,67.77034921514974,2.7743449901485446,7.675559242863152,67.9725808,2.78182944,7.680109,0.5650934667082992,0.2144171694405957,5,0.20223158485026715,0.007484449851455466,0.004549757136848243
1137,68.57291843984254,2.3797156596366102,7.085096205535327,68.61166080000001,2.36694716,7.0919636,0.3431727037210903,0.1946348259268994,5,0.03874236015747101,-0.012768499636610198,0.0068673944646731044
1138,67.23183735466611,2.288414920037288,6.866210452102753,67.3673052,2.34588842,6.87259578,0.6526908875381774,0.2014511568943027,5,0.135467845333892,0.057473499962712005,0.006385327897246995
1139,71.45920652372021,2.605415620933538,7.1715583241912855,71.54055600000001,2.63986732,7.14001062,0.754337353676949,0.1972540910199705,5,0.08134947627979727,0.03445169906646184,-0.0315477041912855
1140,69.33954122226099,2.617262967551748,7.406168324274556,69.560384,2.62600738,7.36996396,0.5164657143419927,0.1929056166457656,5,0.2208427777390085,0.008744412448252081,-0.03620436427455598
1141,71.48862381672392,2.204473110811959,6.413597071390404,71.557502,2.16450618,6.41886796,0.6534204638056492,0.18474569761080112,5,0.06887818327608386,-0.03996693081195879,0.005270888609596014
1142,70.41651851218157,2.3396324897299565,6.63468598262745,70.46501,2.31791776,6.640710180000001,0.5168769741040777,0.18869751010301059,5,0.04849148781843837,-0.021714729729956694,0.006024197372551221
1143,70.80220632708257,2.3481051171794265,6.616675690390837,70.91816800000001,2.34713158,6.60400016,0.6104852175134347,0.20671299167939342,5,0.11596167291743598,-0.000973537179426387,-0.012675530390836798
1144,72.50035312695483,2.370023845661625,6.994450008631216,72.55754,2.3689537,6.99388212,0.6162737437428605,0.24296514838145825,5,0.05718687304516834,-0.0010701456616248883,-0.0005678886312159293
1145,71.65093420775304,2.421030210733618,6.984474996341225,71.84835480000001,2.38311792,6.932822880000001,0.3559140019387659,0.19248618518008906,5,0.19742059224697073,-0.037912290733618015,-0.05165211634122446
1146,66.82605495716844,2.413364013420861,7.225983734552473,66.730346,2.44586082,7.2577862799999995,0.6448185147571511,0.25537418203511464,5,-0.09570895716844063,0.032496806579139115,0.03180254544752614
1147,68.6884415184746,2.6754734237151143,7.328263556819364,68.793111,2.7340516399999997,7.300305740000001,0.7644332040765892,0.2097650170053306,5,0.10466948152539146,0.058578216284885354,-0.027957816819363046
1148,67.447351819113,2.3928922390170024,6.850547663590829,67.46214619999999,2.39753916,6.88157534,0.6247484477904509,0.2520355777643169,5,0.014794380886996805,0.004646920982997571,0.031027676409171256
1149,71.31307230393925,2.489037091253828,7.16423671358798,71.0459348,2.5465442400000002,7.1822828,0.4070541879525953,0.14204610201836326,5,-0.26713750393925295,0.05750714874617202,0.018046086412020657
1150,72.75329450465887,2.491828872921714,7.1053855332429965,72.5304088,2.4925435,7.03956176,0.584451705551441,0.22594077496762388,5,-0.22288570465886437,0.0007146270782860675,-0.06582377324299671
1151,66.10265287145228,2.85,7.85,66.381356,2.90692154,7.8736793800000004,0.8225870106534712,0.35108693346610714,5,0.2787031285477184,0.056921539999999826,0.023679380000000805
1152,69.98485127864669,2.381640514084044,6.977979999025578,70.00622919999999,2.39553846,6.961482800000001,0.7728624993347284,0.2810864329718189,5,0.02137792135330585,0.013897945915955834,-0.016497199025577558
1153,72.7434416819892,2.15434060063814,6.781421353678016,72.807007,2.20874548,6.7647436999999995,0.8458898616177992,0.25559178040264696,5,0.06356531801080223,0.054404879361860115,-0.016677653678016213
1154,67.25592623864259,2.255093350007936,6.7926490994143816,67.5147236,2.2724843200000002,6.77139204,0.7147444737518375,0.23692472627224298,5,0.2587973613574093,0.017390969992064242,-0.021257059414381274
1155,69.11279150215762,2.5858523163697584,7.415799195635364,69.492738,2.59669598,7.44086492,0.5273685475314807,0.24252281968148073,5,0.37994649784238277,0.010843663630241362,0.025065724364636388
1156,69.82606375230077,2.5991875006159844,7.351156359325176,69.286986,2.62593734,7.40960508,0.4961220950834611,0.222274665023981,5,-0.5390777523007699,0.02674983938401576,0.058448720674824095
1157,69.79746785091424,2.480045449050835,7.3493301355488985,69.61673800000001,2.5280674,7.36690726,0.7802479087048019,0.28378064040233403,5,-0.18072985091423277,0.04802195094916506,0.017577124451101156
1158,72.4890300474439,2.3056513155073395,6.902183623148029,72.33849380000001,2.30222312,6.94056454,0.5847631767761262,0.3084962967001687,5,-0.15053624744389538,-0.0034281955073396375,0.038380916851970426
1159,70.24697270847007,2.5250441322695343,7.087254784606978,70.0358392,2.51986592,7.070782459999999,0.3223109735617664,0.1887981030429601,5,-0.21113350847006984,-0.005178212269534299,-0.016472324606978894
1160,70.99222466956597,2.488201947368956,7.020949420260098,70.6798992,2.43213098,6.9787612999999995,0.5306096485459363,0.23605165739439998,5,-0.31232546956597673,-0.05607096736895567,-0.042188120260098216
1161,72.86567353768594,2.157098872033909,6.675844450091351,72.7825158,2.16424268,6.64935644,0.703080650085469,0.2677423392539092,5,-0.08315773768593715,0.0071438079660910425,-0.026488010091351377
1162,74.4077506686782,2.13177991914936,6.667769421286913,74.8545862,2.1133534,6.718043679999999,0.8314422066451319,0.2937601021249784,5,0.44683553132179554,-0.01842651914936022,0.05027425871308644
1163,70.97254208169016,2.3643764189568994,6.731933669566338,71.1871612,2.37335912,6.79589398,0.5344390799294304,0.17130940955069957,5,0.21461911830984093,0.008982701043100505,0.06396031043366168
1164,71.6422039330928,2.444568895822812,6.691902666206181,71.47649,2.39698558,6.705960559999999,0.5899504669674646,0.1855402205423784,5,-0.16571393309280325,-0.047583315822811834,0.014057893793818721
1165,71.89849716729022,2.3940332433001883,6.746891591189852,72.063242,2.38850504,6.75692792,0.5707161663320768,0.1654496157152249,5,0.16474483270978624,-0.005528203300188217,0.010036328810147488
1166,71.32470714499948,2.1523152600184745,6.783776014559346,71.524826,2.1493349999999998,6.780567120000001,0.8673845184277924,0.1955963795639027,5,0.2001188550005253,-0.002980260018474734,-0.0032088945593455875
1167,68.9401322203822,2.836497108788256,7.743134176532668,68.8493692,2.82182428,7.72534838,0.7181648520268086,0.23395735867012651,5,-0.09076302038219808,-0.01467282878825582,-0.017785796532668208
1168,70.08006807941769,2.0536317479087405,6.709240391491652,70.3139692,2.0640256399999997,6.6554434,0.6397179883056913,0.23182521227960112,5,0.23390112058231693,0.010393892091259183,-0.053796991491651625
1169,70.34478598744815,2.603701352193867,7.316739744550557,70.221516,2.61878624,7.36415246,0.411658892304484,0.21704607965601622,5,-0.12326998744815398,0.01508488780613293,0.047412715449442366
1170,72.01392016123178,2.16944357456091,6.698930455355962,71.8957932,2.15254302,6.7105153,0.7726419628941713,0.23814048928823187,5,-0.11812696123178057,-0.01690055456091022,0.011584844644038306
1171,71.47905706727708,2.392109684651805,6.807424751022512,71.30843,2.40486164,6.79888988,0.5362861798948336,0.23666759779139906,5,-0.17062706727708132,0.012751955348194954,-0.008534871022511936
1172,67.99490202792582,2.659206839158748,7.330348366251189,68.0724324,2.64662308,7.280605660000001,0.4153278798768169,0.1086655509876971,5,0.0775303720741789,-0.012583759158748098,-0.04974270625118837
1173,69.46987050656595,2.29520902883218,6.929753650877433,69.3750828,2.29644036,6.91055288,0.443516720052384,0.16894155924864024,5,-0.09478770656595259,0.0012313311678200378,-0.01920077087743266
1174,70.08843428920302,2.414889435349349,6.676963071877772,69.799266,2.41725894,6.6861875,0.6815261830497928,0.28676098995834093,5,-0.28916828920301896,0.0023695046506508888,0.009224428122228012
1175,68.05934594968751,2.508755613854832,7.39254651671987,67.498062,2.5947898,7.40755482,0.7456653453952768,0.20652210914366126,5,-0.5612839496875068,0.08603418614516789,0.015008303280129809
1176,68.97927621733781,2.506006702320916,7.265971931128982,68.7116944,2.5383495199999997,7.26150586,0.47297889668027293,0.1983218312865768,5,-0.2675818173378133,0.03234281767908387,-0.004466071128982563
1177,72.12995923086149,2.246899020811653,7.488880747039792,72.69052400000001,2.1691960999999997,7.434115719999999,1.1338036763927388,0.3924920616282575,5,0.5605647691385229,-0.07770292081165309,-0.05476502703979236
1178,73.5062290896831,2.1349581698742788,6.574985641711322,73.19046,2.15771214,6.587373959999999,0.6299153212076916,0.3041981872021566,5,-0.31576908968310136,0.022753970125721334,0.012388318288676814
1179,73.05018993267058,2.1801970642231496,6.372073249640048,73.23118380000001,2.15352854,6.43420634,0.7248579427117011,0.16426006526509934,5,0.180993867329434,-0.026668524223149692,0.062133090359952625
1180,70.7999354549698,2.175117237066545,6.523681250655318,70.70412719999999,2.21581808,6.530836600000001,0.6320524737863633,0.19580765411286294,5,-0.09580825496981049,0.04070084293345522,0.007155349344682982
1181,75.00245561294989,2.283995224980456,6.794811922112475,74.89678599999999,2.31035392,6.80571006,0.5810825688403445,0.2715313408409638,5,-0.10566961294989596,0.0263586950195438,0.010898137887524584
1182,66.0,2.577625021921533,7.528505839390758,64.872195,2.64084508,7.5687332,0.7519074559063705,0.2739019797189094,5,-1.127804999999995,0.0632200580784672,0.04022736060924181
1183,68.93685460857323,2.7201486517097537,7.245884573514689,69.234284,2.73763756,7.27386528,0.8562848098032612,0.2768069541796004,5,0.2974293914267747,0.017488908290246297,0.02798070648531059
1184,70.29094622605356,2.3590813943746487,6.735602775925566,70.60761199999999,2.36463592,6.749887199999999,0.4576119547922117,0.24408979250967883,5,0.3166657739464256,0.005554525625351303,0.01428442407443331
1185,69.97771365665604,2.391208057223264,6.859518472818367,70.0874474,2.3104062,6.8210184400000005,0.43800704053512246,0.19038182595797495,5,0.10973374334396624,-0.08080185722326405,-0.03850003281836667
1186,74.27120898056296,2.0408702670191223,7.169616737646611,75.09110580000001,1.89858686,7.061472159999999,1.382596570243384,0.4700835131901565,5,0.819896819437048,-0.14228340701912234,-0.10814457764661167
1187,68.22941596826303,2.0706736613567123,6.5613132407511845,68.37743520000001,2.07780504,6.57414,0.8002519513896141,0.17258106354774672,5,0.14801923173698128,0.007131378643287611,0.012826759248815378
1188,68.7712886050172,2.11367253783572,6.437822137133511,68.3977352,2.15191746,6.494863820000001,0.8395140684214624,0.25305619057593887,5,-0.3735534050172049,0.03824492216427977,0.057041682866489474
1189,71.6176631599079,2.441452412449628,6.919622983179029,71.56796,2.46561626,6.9135702,0.45574208242162906,0.1453368969635529,5,-0.049703159907906524,0.02416384755037182,-0.006052783179029575
1190,73.64334395695192,2.026186983610348,6.597453090376509,73.921254,2.0548111,6.60913202,0.8931298178458341,0.31125824936985114,5,0.277910043048081,0.0286241163896519,0.01167892962349093
1191,67.73569544294655,2.275466283620581,7.00214059673648,67.84075,2.29184184,6.99181722,0.5348537361082207,0.18367389519558297,5,0.10505455705344957,0.01637555637941901,-0.010323376736479872
1192,70.52844913050085,2.4452617748523653,6.774674952817517,70.574854,2.4261619199999997,6.7927899400000005,0.7447574294991388,0.14897516710331066,5,0.04640486949915612,-0.01909985485236554,0.018114987182483056
1193,72.7191890724583,2.176558938730431,6.6595504671317,72.9449298,2.21838302,6.631332639999999,0.6623735969170583,0.23511638138773364,5,0.22574072754169094,0.041824081269568936,-0.028217827131700624
1194,66.202826618317,2.85,7.845846481195471,66.291147,2.8684491999999997,7.86369666,0.7084789607145159,0.24920235033010524,5,0.0883203816829905,0.01844919999999961,0.01785017880452866
1195,69.58021619703388,2.221347520197672,6.713769613279514,69.6739068,2.25398602,6.7195648199999995,0.4725892658806492,0.19704898833119397,5,0.0936906029661202,0.03263849980232836,0.005795206720485169
1196,72.05758787868982,2.522863987472466,7.221330952358801,71.93856,2.50858308,7.27438884,0.5009889929558314,0.1912227483890198,5,-0.11902787868982045,-0.014280907472465909,0.053057887641199564
1197,70.31057218744257,2.460818267901273,6.973779312291912,70.2384438,2.47361362,7.0004665,0.4768999415387324,0.14089580026055432,5,-0.0721283874425751,0.012795352098727175,0.02668718770808809
1198,69.53931429603927,2.1468211867718594,6.6817640636559315,69.3651368,2.1558855,6.69339394,0.713446840790992,0.248659027585637,5,-0.17417749603926325,0.009064313228140719,0.011629876344068535
1199,70.57386343382753,2.7119569192159645,7.437253477185931,70.7154312,2.69576768,7.403939660000001,0.657232716692252,0.19230712371205966,5,0.14156776617247147,-0.0161892392159646,-0.033313817185930183
1200,69.27452302877867,2.27441945183565,6.821175897591042,69.6165438,2.28691924,6.84502006,0.8521139867590705,0.18259049008881836,5,0.34202077122132835,0.012499788164349823,0.023844162408958702
1201,72.39373706280242,2.4268384549207167,7.011516447678457,72.1472878,2.43059926,7.001954380000001,0.43887238140071017,0.134291504741201,5,-0.24644926280241464,0.003760805079283447,-0.009562067678456465
1202,70.79306626328292,2.210043309895848,6.489997546824763,70.887381,2.21483184,6.50594492,0.6476648138792561,0.17926162807923213,5,0.0943147367170809,0.004788530104152144,0.01594737317523709
1203,67.06815381214524,2.4432994500951493,7.168803049171283,67.1880288,2.44591038,7.176344040000001,0.4320737944391625,0.1788843331696039,5,0.11987498785475736,0.0026109299048506784,0.007540990828718286
1204,69.9378150785093,2.328717317986852,6.688795367989125,69.7795922,2.36668014,6.70161378,0.5515887808193101,0.19905279776465273,5,-0.1582228785093065,0.037962822013148045,0.012818412010874525
1205,70.88345827362075,2.3816241820445105,6.60789788843603,70.6234612,2.3803228400000003,6.64986574,0.5653435077358537,0.15590407918905547,5,-0.2599970736207524,-0.0013013420445102675,0.04196785156397009
1206,71.29858511649915,2.185970993844672,6.350641361677317,71.325504,2.16647828,6.3681745,0.740900387043115,0.19780897344212836,5,0.026918883500840707,-0.019492713844671883,0.017533138322683328
1207,68.58322649310453,2.0671454500015205,6.6959938508020995,68.610714,2.10608958,6.659152199999999,0.7104855040214035,0.18741336299206485,5,0.027487506895468528,0.038944129998479404,-0.03684165080210011
1208,70.80406422163364,2.497262746328082,7.731777006870827,70.929111,2.5134979,7.655791500000001,0.7451301584434757,0.2350649080604459,5,0.12504677836636802,0.016235153671917857,-0.0759855068708255
1209,70.08034542927695,2.221706659593732,6.419338809593681,70.170794,2.20864502,6.43558098,0.7256296691948999,0.14342482558735173,5,0.0904485707230549,-0.013061639593731744,0.016242170406319367
1210,69.21889055276037,2.481567141377317,7.182362823331848,69.16011019999999,2.50154786,7.23174568,0.4360005857176653,0.1571953053085526,5,-0.05878035276037963,0.019980718622683025,0.04938285666815201
1211,71.32378602724407,2.3043973208182345,7.059840814085176,71.6196492,2.3115172999999998,7.0555486400000005,0.5569102220490004,0.2102898774924034,5,0.2958631727559293,0.0071199791817653235,-0.004292174085175127
1212,68.26229530728513,2.456944788891183,7.0158727254195785,68.284425,2.41651578,7.02204302,0.7070690038310682,0.2400783926387124,5,0.022129692714869975,-0.04042900889118295,0.006170294580421398
1213,68.3471912370933,2.537370620005687,7.072765965775123,68.1577958,2.5145549,7.077474499999999,0.3656327192795079,0.1791738312853657,5,-0.18939543709329598,-0.0228157200056871,0.004708534224875827
1214,75.36574473117382,2.2382056971792244,6.976790608256232,75.0730498,2.27204502,7.02241688,0.9147189217743034,0.29479743903804045,5,-0.29269493117381273,0.03383932282077584,0.04562627174376743
1215,71.17294679087944,1.9797098878919832,6.092859981872092,71.10042999999999,1.92288788,6.11140064,0.934459574238718,0.2340561924738176,5,-0.07251679087944751,-0.05682200789198322,0.018540658127908394
1216,71.3071743177695,2.486141752467183,6.8763429471112385,70.84078099999999,2.48629246,6.888461019999999,0.6963452348490478,0.1276804507588831,5,-0.46639331776950144,0.00015070753281687388,0.012118072888760878
1217,73.06067464655467,2.163607462276082,6.680867885189736,72.8700468,2.14948606,6.65491542,0.6405208706347784,0.21132372762059198,5,-0.19062784655467624,-0.014121402276082051,-0.02595246518973582
1218,68.37381124604939,2.3737442319863336,6.718078905616764,68.67534900000001,2.38216346,6.726612040000001,0.6479866699834552,0.19912006161570467,5,0.3015377539506261,0.008419228013666569,0.008533134383236884
1219,72.27252932368233,2.664601673914116,7.290577157995782,72.2864818,2.59306372,7.26056734,0.6450344036127985,0.1667623843525029,5,0.013952476317669493,-0.07153795391411588,-0.03000981799578195
1220,71.79135137259837,2.4097179035805985,6.863336794753796,71.8495278,2.4133515,6.84041678,0.3289679160910888,0.1586503784420433,5,0.058176427401633646,0.0036335964194016412,-0.022920014753796458
1221,72.06958673544882,2.2912869107431955,6.685886858532401,71.6557978,2.32295666,6.682983680000001,0.5207834828809038,0.22955004496443393,5,-0.4137889354488209,0.03166974925680455,-0.0029031785323994086
1222,74.61198555014131,2.364460341211099,7.001544889900176,74.4471398,2.3899372999999997,7.03723662,0.8303436248311169,0.2613170385149373,5,-0.16484575014131053,0.02547695878890055,0.03569173009982407
1223,71.52100159234968,2.419839764598381,7.077183182337055,71.50791799999999,2.39016078,7.02035444,0.481437578613303,0.1948651461625636,5,-0.013083592349687478,-0.029678984598381142,-0.05682874233705437
1224,68.3379807019905,2.367517068719917,6.659951111558708,68.2168032,2.37218582,6.6544785399999995,0.7907022802360031,0.2577872804127289,5,-0.12117750199050192,0.004668751280082706,-0.0054725715587080614
1225,68.75033671303336,2.5744572465355486,7.431451565124034,68.43919439999999,2.6127833199999997,7.40857658,0.4599547831863017,0.21398959298351183,5,-0.3111423130333719,0.03832607346445105,-0.022874985124033742
1226,68.80574542556894,2.662812313111888,7.325179807541782,69.024579,2.65803856,7.31495108,0.4928204340332433,0.14775289104032993,5,0.21883357443105922,-0.004773753111888102,-0.010228727541782057
1227,69.20710478420716,2.3325347796192646,6.803001876890531,68.8136122,2.2730255,6.79559474,0.6797485992328657,0.20069464786125568,5,-0.3934925842071664,-0.059509279619264444,-0.00740713689053063
1228,66.69036253266204,2.2766445832212447,6.941689474301652,66.6455168,2.3013708999999998,6.88361444,0.6748563804284795,0.20571888735108504,5,-0.04484573266203995,0.02472631677875503,-0.05807503430165273
1229,71.62113849999427,2.0755890852947148,6.439400094102526,71.3585456,2.11065428,6.42903864,0.7214315722516046,0.2232728892034502,5,-0.2625928999942744,0.03506519470528513,-0.010361454102525869
1230,68.52928489473737,2.448339867054438,6.992662181532184,68.8992722,2.42651614,7.02592948,0.45652132259542755,0.12667693259784005,5,0.3699873052626259,-0.021823727054437914,0.033267298467816175
1231,66.0,2.1890634808304283,6.93293293071753,64.46242600000001,2.13733754,6.9076998000000005,1.0078629309978893,0.3031498992811202,5,-1.5375739999999922,-0.051725940830428474,-0.025233130717529306
1232,72.89921189784374,2.5243892165801087,7.2733767249860275,72.6401588,2.5495169,7.34495092,0.7858920475970402,0.2516057816686419,5,-0.2590530978437471,0.025127683419891245,0.07157419501397211
1233,72.63985545175436,2.210939251382253,6.920675245802461,72.472231,2.25878206,6.93477836,0.8260190296472085,0.2734966862556939,5,-0.1676244517543637,0.047842808617747146,0.014103114197538957
1234,71.98924423522361,2.353491181369224,6.745049250289942,71.69536880000001,2.3799054600000003,6.750195700000001,0.5921373401336035,0.19998645764875805,5,-0.2938754352235975,0.026414278630776167,0.005146449710058398
1235,70.20548445554186,2.5595585041536704,7.023083545837116,70.19279279999999,2.53265378,7.00768274,0.3869004403563725,0.1765669823092056,5,-0.012691655541871683,-0.0269047241536704,-0.015400805837115783
1236,73.6572331501888,1.992085260263376,6.616860941588881,73.711722,2.0165195000000002,6.73550788,1.088297448086643,0.2888643098974136,5,0.05448884981119306,0.024434239736624175,0.1186469384111195
1237,74.449233882062,2.291649023714564,6.617210041137047,74.097678,2.27978296,6.64640148,0.4833187974693899,0.1485827560969575,5,-0.3515558820620015,-0.011866063714564223,0.029191438862953056
1238,74.454695595476,2.455223882979505,6.918687114193483,74.1804558,2.39751896,6.911560059999999,0.6467647858456284,0.24229644994158836,5,-0.2742397954759923,-0.05770492297950458,-0.007127054193484028
1239,67.81355646117497,2.471749244590592,7.049491203167475,67.814126,2.47533606,7.0586117999999995,0.530925026140958,0.17121303181643482,5,0.000569538825033078,0.003586815409407862,0.009120596832524974
1240,70.80722275505225,2.4127212179195614,6.734950707905938,70.84605200000001,2.4506859800000003,6.86694598,0.8257182723191235,0.3064673576137804,5,0.038829244947763186,0.03796476208043886,0.1319952720940618
1241,69.94571629629519,2.428547342154669,7.093660920658742,69.9749732,2.42431554,7.089155320000001,0.5234035410539558,0.23001295725422238,5,0.02925690370480538,-0.004231802154669229,-0.004505600658741393
1242,71.53040854895552,2.282349778254684,6.55887039947635,71.55818500000001,2.2506438199999996,6.56315594,0.6008454909849305,0.2117530321286109,5,0.027776451044488226,-0.031705958254684585,0.004285540523649267
1243,67.315414916097,2.559737868854737,7.22393006547172,67.1914338,2.56134104,7.23811682,0.6193528943933498,0.22038059919720937,5,-0.12398111609699924,0.0016031711452626496,0.014186754528280332
1244,70.64972865200833,2.400378050900075,6.755467407448776,70.828913,2.4264744,6.8207863799999995,0.4547989062806027,0.17990064305494988,5,0.17918434799166505,0.026096349099924865,0.0653189725512231
1245,72.124560218659,2.487180060098356,7.607167866682749,72.31795100000001,2.4668272,7.58997088,0.9163535271386763,0.29132325627155703,5,0.19339078134100873,-0.020352860098356018,-0.01719698668274905
1246,67.11067452575334,2.3516227884542715,7.1678816163312025,67.0005278,2.40968172,7.14173742,0.5705259369061763,0.22191549149743245,5,-0.11014672575333861,0.0580589315457285,-0.026144196331202352
1247,73.37686452330331,2.213040790845985,6.638939987005257,73.7616812,2.2297968,6.640126759999999,0.5775474384883011,0.18026689130844523,5,0.38481667669668695,0.016756009154014873,0.0011867729947425687
1248,72.42888883334857,2.112470701938802,6.936557990770834,72.336097,2.1415903199999997,6.95287968,0.8527058376040777,0.1987488538373289,5,-0.09279183334857066,0.029119618061197894,0.01632168922916577
1249,70.13564006863186,2.5428964017808924,7.066657480023719,70.3699312,2.5112858,7.10905874,0.746763046208706,0.1843271547670645,5,0.2342911313681384,-0.03161060178089237,0.0424012599762813
1250,75.62796783346444,2.277310340792951,6.640171067085984,75.650847,2.23952728,6.66135182,0.6321772470256529,0.20522057059844273,5,0.022879166535560103,-0.03778306079295124,0.021180752914015777
1251,71.51767479878556,2.3802491851485748,6.7225653572488415,71.4183274,2.34491784,6.70994824,0.5750910405807858,0.1953840748290055,5,-0.09934739878556798,-0.03533134514857483,-0.012617117248841403
1252,70.12235546068474,2.6600350491471523,7.0285201211140444,69.9722848,2.64162198,7.05035848,0.7925607413307059,0.1640137326966362,5,-0.15007066068474728,-0.01841306914715224,0.021838358885955422
1253,69.10955821759856,2.556883887732313,7.123722981922508,68.987758,2.55264766,7.176134360000001,0.2847483892571718,0.14171198309891778,5,-0.12180021759856174,-0.004236227732313136,0.052411378077493076
1254,72.8320218225787,2.252657888143528,6.843814382506953,72.579241,2.24516278,6.8477585,0.8142799654511134,0.2425253627610932,5,-0.2527808225786998,-0.007495108143528384,0.003944117493047017
1255,73.13407444548766,2.082964468057279,6.838469671136193,72.945782,2.08744484,6.81233074,0.9308312756927803,0.21436555357083228,5,-0.18829244548766155,0.004480371942720662,-0.02613893113619259
1256,70.47231184994736,2.37455969933988,6.764324828095629,70.321024,2.39330336,6.7623386,0.4105225119265331,0.1453220128460387,5,-0.15128784994736577,0.01874366066012012,-0.0019862280956290945
1257,69.8752712609938,2.418766139937263,7.4770802588141505,70.09707499999999,2.43894372,7.471752599999999,0.6989120700582315,0.2845833364160905,5,0.22180373900619088,0.020177580062737288,-0.005327658814151093
1258,67.08642198667172,2.819376718952573,7.7752308625445865,67.2248318,2.8189196799999996,7.73242862,0.5462790109835236,0.21637719386253637,5,0.1384098133282805,-0.00045703895257354077,-0.0428022425445862
1259,70.3211742581995,2.405109314524263,7.045083066529147,69.829856,2.39389806,7.083542,0.6927997030776482,0.24736611501090353,5,-0.4913182581994988,-0.01121125452426286,0.03845893347085294
1260,70.14877495838005,2.4289915887028743,6.989341314725577,69.960834,2.44295858,7.00997354,0.4251457804189096,0.1786548475730924,5,-0.18794095838003955,0.013966991297125642,0.0206322252744231
1261,69.57293427912596,2.6931412604904352,7.179526597327824,69.4094946,2.6966721799999998,7.20436414,0.727609673955489,0.19023711343372035,5,-0.16343967912595758,0.003530919509564523,0.024837542672176305
1262,70.82316055743532,2.2726057691302017,6.767536343437813,70.6622232,2.32334828,6.79569186,0.701824160828497,0.22769916492869155,5,-0.16093735743531568,0.050742510869798085,0.028155516562186733
1263,69.1052547036831,2.6138858277095984,7.40650001469105,69.226642,2.6133472400000004,7.40121428,0.2729536327485726,0.19003962441304853,5,0.12138729631689671,-0.0005385877095980263,-0.005285734691049981
1264,67.73610993516891,2.4278882639225885,7.217275067529623,67.505154,2.50317716,7.32048626,0.3756336940980048,0.20773052819760238,5,-0.23095593516890744,0.0752888960774114,0.10321119247037736
1265,70.84230214113731,2.3229234658870346,6.8083529289679365,70.863788,2.38329308,6.8237501,0.6606269363762841,0.19104994965989353,5,0.02148585886268961,0.060369614112965486,0.015397171032063284
1266,73.25298198317735,2.326833200635943,6.866147612140478,73.1668042,2.39198116,6.89309552,0.4382763372626415,0.177071023045574,5,-0.08617778317734803,0.0651479593640567,0.026947907859522502
1267,73.57845218361605,2.198695504510113,6.3826062869796525,73.5996132,2.1906143800000004,6.439834299999999,0.6730670863720459,0.16510262369891943,5,0.02116101638394241,-0.00808112451011267,0.05722801302034686
1268,73.31738460755487,2.175633058605312,6.3546782553138685,73.3692332,2.16474364,6.330325419999999,0.699387446498856,0.19694565485754328,5,0.05184859244512552,-0.010889418605311896,-0.024352835313869114
1269,70.34624786304417,2.099718995507982,6.450072971829977,70.4025336,2.14760858,6.3778528,0.8017162239812856,0.22437105513509298,5,0.056285736955828725,0.04788958449201797,-0.07222017182997664
1270,71.61335290404581,2.19171849395754,6.510382293789971,71.48022699999999,2.19874488,6.48816568,0.6967857988845209,0.19267189908086285,5,-0.13312590404582636,0.0070263860424599756,-0.022216613789971085
1271,68.0835871621135,2.3982840140135364,7.209663209555451,68.143132,2.4656890799999998,7.22179594,0.40551431173452246,0.1893452720712126,5,0.059544837886491564,0.06740506598646334,0.012132730444548656
1272,71.55039383420338,2.337199678410582,6.792689086742756,71.443809,2.2910448800000003,6.78609336,0.5217641071048914,0.17283150506818656,5,-0.10658483420337461,-0.04615479841058168,-0.006595726742756547
1273,69.71112465145278,2.5501788196358297,7.0696628745914065,69.99583820000001,2.5115656399999997,7.02809376,0.48352216251972,0.22318308404751314,5,0.28471354854723074,-0.03861317963583,-0.04156911459140655
1274,69.96523044321313,2.144610464524006,6.367709353662377,70.3869718,2.18213692,6.409446,0.7988726957592593,0.11741972548582322,5,0.4217413567868675,0.03752645547599398,0.04173664633762275
1275,75.48939345519605,2.2281016588644915,6.812647931989266,75.626162,2.22288262,6.8030022,0.7652889863045906,0.2679573624023831,5,0.1367685448039424,-0.005219038864491488,-0.009645731989266437
1276,72.41196868838018,2.5539718823000395,7.328275182311595,72.0760156,2.54060168,7.33212256,0.8332467030155725,0.25720702908119863,5,-0.33595308838017957,-0.013370202300039491,0.0038473776884053734
1277,68.60941114861734,2.489860864205056,7.2605057011525345,68.4130232,2.5364545200000004,7.24869518,0.45543895222020614,0.2545784363184222,5,-0.19638794861734254,0.04659365579494423,-0.011810521152534115
1278,73.13571159041108,2.3162121559642177,7.023345362866953,72.68111400000001,2.3191814600000002,7.07303368,0.6932197877583297,0.26657489044039356,5,-0.45459759041106906,0.0029693040357825495,0.04968831713304667
1279,71.42208726100037,2.2237950954538874,6.7766975873255175,71.19971319999999,2.22432056,6.79291502,0.8186515054603649,0.2937615683015298,5,-0.22237406100038015,0.000525464546112353,0.01621743267448217
1280,70.64208807611082,2.5028288455263845,7.007678393457846,70.7286108,2.4756001,7.021261440000001,0.4310471370521475,0.2010800145659121,5,0.08652272388917481,-0.027228745526384657,0.013583046542154698
1281,69.40808600172404,2.6667199763946776,7.626887932600603,69.5946508,2.6040486,7.583090440000001,0.6702784925357954,0.21972912924477978,5,0.18656479827595263,-0.06267137639467757,-0.04379749260060173
1282,67.11656117588366,2.340310675830344,6.884673562609533,67.35053719999999,2.36062214,6.915107399999999,1.0168934262478273,0.22032139144084256,5,0.23397602411633045,0.020311464169656013,0.030433837390466678
1283,68.96244183872152,2.29199942580534,6.729465597084145,69.159547,2.3172500400000002,6.71211002,0.6096689459623895,0.2420818942037956,5,0.1971051612784862,0.025250614194660237,-0.017355577084145146
1284,70.96009599880314,2.247191199586528,6.483990595728686,71.0933592,2.2631464,6.51667606,0.6954891069407472,0.1890949804200934,5,0.1332632011968542,0.01595520041347198,0.03268546427131369
1285,71.14085505994468,2.5835098591016417,7.5114053458968595,71.0338912,2.5648205,7.4626844000000006,0.5421452443311304,0.20289824897780134,5,-0.10696385994468471,-0.01868935910164149,-0.048720945896858936
1286,69.27375887343239,2.553938134271008,7.23916535101107,68.9345808,2.5668748999999997,7.26211376,0.4853385207443468,0.26547188560395624,5,-0.3391780734323788,0.012936765728991606,0.022948408988930247
1287,71.93644554741111,2.5325592149599045,7.426957636371614,71.58488,2.53989346,7.42884818,0.966306424231705,0.2810100893369126,5,-0.3515655474111128,0.0073342450400954995,0.0018905436283862542
1288,68.12255092137859,2.6392499558149365,7.347158204201596,68.036903,2.6600997200000003,7.344340900000001,0.3288498962372067,0.1086655509876971,5,-0.08564792137859456,0.02084976418506379,-0.0028173042015957606
1289,68.46373094818992,2.606915365608276,7.368796575542365,68.3907688,2.6080215,7.3162744,0.2559053468498279,0.14042101844706903,5,-0.07296214818991587,0.001106134391724023,-0.05252217554236438
1290,70.94772707349799,2.4796334866991643,7.097066104926657,71.06994399999999,2.4346675600000003,7.11499848,0.4989762162130062,0.2402440314604907,5,0.12221692650200566,-0.044965926699163994,0.01793237507334311
1291,70.32977468778603,2.556691217214825,7.342781774654968,70.294993,2.56879672,7.345706680000001,0.3509369864203641,0.2050333935933936,5,-0.03478168778602253,0.01210550278517486,0.002924905345032869
1292,72.17248661659856,1.8845280949488266,6.031101946384722,71.992572,1.8691264799999998,6.06283524,0.9419596211227456,0.285123713543808,5,-0.1799146165985661,-0.015401614948826747,0.03173329361527788
1293,70.5507038320886,2.430954792118755,6.77785641611653,70.089935,2.4230478,6.807584459999999,0.5112396401049563,0.1809742880443473,5,-0.4607688320886041,-0.007906992118754896,0.029728043883469724
1294,69.73461999574897,2.439009935415567,6.795786969634172,69.99001419999999,2.44332962,6.818596680000001,0.5390980353549758,0.17240555792238924,5,0.25539420425101866,0.004319684584432881,0.022809710365828906
1295,72.6180888651994,2.249220295053332,6.604657840562739,72.6524162,2.2792379,6.64430224,0.4691508285004242,0.19915496422459836,5,0.0343273348006079,0.03001760494666783,0.03964439943726106
1296,70.40726432076602,2.3271901937445514,6.517563279583453,70.170461,2.29917648,6.54214668,0.6733683217877021,0.1043324805726054,5,-0.23680332076601474,-0.028013713744551527,0.02458340041654683
1297,70.35037873559779,2.3581701883451123,6.741049603189351,69.969522,2.45187854,6.77563226,0.5235574868767235,0.15137149514142578,5,-0.38085673559778854,0.09370835165488778,0.03458265681064887
1298,72.64508844063612,2.3301891233855816,6.945967994775176,72.7182532,2.3423912000000002,6.9696732,0.7523513716221162,0.2490014573507333,5,0.07316475936389111,0.012202076614418633,0.023705205224824333
1299,69.93101679878026,2.563395117330647,7.075933667666655,69.7604932,2.57554796,7.061587300000001,0.4748551850130423,0.1717740019459813,5,-0.1705235987802638,0.012152842669353348,-0.014346367666654203
1300,71.67208088649369,2.263340989123777,6.898392202059379,71.848206,2.26717786,6.8546357,0.7026283819133181,0.26004921446113494,5,0.1761251135063162,0.0038368708762228643,-0.04375650205937909
1301,69.11773792592048,2.2315373056480325,6.785866626142697,68.980992,2.27122928,6.772868579999999,0.5459962706835617,0.1753807068940299,5,-0.1367459259204793,0.039691974351967474,-0.012998046142698172
1302,72.66473288130454,2.258475344285704,6.582996594372844,72.021063,2.27824822,6.649452999999999,0.526137543418091,0.20128077809377504,5,-0.6436698813045467,0.019772875714295868,0.06645640562715549
1303,73.85237227450537,2.349309665025178,6.788081261835828,74.04041620000001,2.3682052,6.7987303400000005,0.5691911847506225,0.23535098747709907,5,0.18804392549463955,0.01889553497482188,0.01064907816417282
1304,71.17255600733637,2.3742018361621886,6.833079428800124,71.1358598,2.3507032800000003,6.8180371,0.5316644668877413,0.20743932778982305,5,-0.03669620733636236,-0.023498556162188322,-0.015042328800124238
1305,71.60305150391329,2.111699187782038,6.547667044036719,71.1461052,2.14698734,6.54752898,0.6155303492096611,0.2503760273803634,5,-0.4569463039132984,0.03528815221796178,-0.00013806403671878797
1306,71.29506827310642,2.052481460141736,6.496484079290302,70.9282902,2.09182928,6.50745674,0.6571108287401763,0.1782865519443675,5,-0.36677807310641697,0.039347819858263744,0.010972660709698268
1307,71.33862698318077,2.512225213785249,6.980929702102212,71.260659,2.52955074,7.0354055,0.7019715922339096,0.25126931000205543,5,-0.0779679831807698,0.01732552621475092,0.05447579789778878
1308,66.62093110471046,2.3194440939713377,6.901789255804476,66.7855548,2.2939533400000003,6.90152954,0.7463013279082505,0.2222117903524612,5,0.16462369528953502,-0.025490753971337377,-0.000259715804475924
1309,66.0,2.761834836248239,7.547552825915835,65.687747,2.7180018400000003,7.5530664000000005,0.4929578768819461,0.22378501847702278,5,-0.31225299999999834,-0.043832996248238665,0.00551357408416564
1310,69.99589545163694,2.183314650106493,6.417435682941274,69.8241244,2.1994493200000003,6.433662699999999,0.821214971013047,0.20130730168502947,5,-0.17177105163693795,0.016134669893507425,0.01622701705872487
1311,72.51553729733662,2.282007995089553,6.5619840551596536,72.403896,2.27986258,6.579194200000001,0.6221337255935847,0.2444798815767338,5,-0.1116412973366181,-0.0021454150895530155,0.01721014484034722
1312,70.4462881079538,2.7132004108496326,7.158352858001078,70.4593368,2.6538358,7.110343760000001,0.772858865794644,0.18425660858782372,5,0.01304869204619763,-0.059364610849632626,-0.048009098001077
1313,70.86998553427178,2.128756795193524,6.539990865386672,70.4977018,2.15790118,6.51631894,0.6849502294509575,0.1892984634442157,5,-0.3722837342717753,0.029144384806476076,-0.0236719253866724
1314,71.00086578879556,2.404444282576167,7.021202421636266,71.036808,2.40266584,7.02159068,0.9199601254892696,0.3013757285158901,5,0.03594221120442853,-0.0017784425761671052,0.00038825836373401756
1315,67.08161312187366,2.333005067814345,6.880745846959965,67.341275,2.35773768,6.87796462,0.57009852756282,0.1610738852974497,5,0.25966187812633734,0.024732612185655256,-0.0027812269599651884
1316,69.49936011244357,2.319545554122431,6.969302669258053,69.8560112,2.33474106,6.930982299999999,0.6189258634480772,0.1975874054130204,5,0.35665108755642905,0.015195505877569015,-0.03832036925805404
1317,70.08362439014375,2.470938974714008,7.123967669730476,70.4503428,2.42877322,7.12589718,0.45303960107472896,0.1744273749225282,5,0.36671840985624726,-0.042165754714007964,0.0019295102695240374
1318,70.70242419832425,2.58623048673401,6.936751401240164,70.8160118,2.5344184,6.90726078,0.6222205522041321,0.15121362839656147,5,0.11358760167574644,-0.051812086734010165,-0.029490621240164216
1319,66.91027938901993,2.086345656959716,6.587309632564422,67.2658212,2.1158746600000002,6.62679724,0.8648151009672367,0.19474294461030114,5,0.3555418109800712,0.029529003040284163,0.03948760743557855
1320,71.34635502942344,2.2565339862699627,6.504658013259828,71.8385992,2.23587086,6.47301406,0.643210513059539,0.1881676559203877,5,0.4922441705765692,-0.020663126269962806,-0.03164395325982827
1321,71.68613416116168,2.326583072114961,6.526888890990787,71.338899,2.27046686,6.54505408,0.5566887689404172,0.1748706072956221,5,-0.3472351611616773,-0.056116212114960984,0.01816518900921249
1322,69.22619867521146,2.302668470019208,6.900676761377926,68.8099208,2.26963522,6.903148999999999,0.5143504383100908,0.1941576537680583,5,-0.4162778752114633,-0.033033250019208094,0.0024722386220732417
1323,72.10042530291156,2.3688295421697028,6.718099687149126,72.0284202,2.33969074,6.755471679999999,0.578339905593925,0.17157626632491682,5,-0.07200510291156093,-0.02913880216970277,0.03737199285087378
1324,69.01075764407372,2.4435937456945904,6.966564235043277,68.783548,2.41877144,6.97609734,0.4480700314067036,0.22358684439488127,5,-0.22720964407372435,-0.02482230569459043,0.00953310495672266
1325,69.48460818201731,2.543562646361268,7.141485204656037,69.8434376,2.6094994,7.12302686,0.8133289921124567,0.23100556090322852,5,0.3588294179826903,0.06593675363873164,-0.018458344656036907
1326,69.69663552565777,2.426832200420048,6.742681877366792,69.74275279999999,2.41531582,6.75442618,0.5204770419072009,0.23205458260395137,5,0.04611727434222246,-0.011516380420048211,0.01174430263320847
1327,67.54097013875258,2.11067059774249,6.677944231051799,67.95935,2.15214668,6.67399732,0.8376907561992792,0.3122187331489175,5,0.41837986124741633,0.04147608225750998,-0.00394691105179934
1328,68.96731186763733,2.3465924049604787,6.977707309586725,69.07595,2.3434525600000002,6.908719100000001,0.4770360599509037,0.2116823105728634,5,0.10863813236267106,-0.0031398449604784773,-0.06898820958672403
1329,72.76268190526886,2.1601664902330566,6.842207765561025,72.309922,2.1689923799999997,6.84830554,0.9112598687777588,0.3269197583023365,5,-0.4527599052688629,0.008825889766943096,0.006097774438974746
1330,70.08957534204087,2.523379113433,7.029046215732855,70.4193988,2.48837528,7.0221068,0.5379459313660666,0.0998542015254185,5,0.3298234579591224,-0.035003833433000064,-0.006939415732854393
1331,74.36011858488281,2.11087315137974,6.954115446708139,74.4532472,2.12860198,6.940545299999999,0.8032611590595236,0.2672154455412434,5,0.09312861511719461,0.01772882862025993,-0.013570146708139497
1332,66.64430623640813,2.690211987264153,7.450649121973481,66.80983819999999,2.65636416,7.432326140000001,0.3569949029788106,0.1676131326034202,5,0.16553196359186018,-0.03384782726415292,-0.0183229819734807
1333,72.05087759087922,2.447467664353569,6.963646677591885,71.461299,2.40487322,6.96820254,0.429594152067443,0.20300929390542963,5,-0.5895785908792277,-0.042594444353569294,0.004555862408115452
1334,69.91583336047447,2.5602866387483405,6.932107339283123,70.3461542,2.5648178600000002,6.9387516399999996,0.6679662053704739,0.17374618737774658,5,0.43032083952553535,0.004531221251659723,0.0066443007168768276
1335,69.0299518906184,2.65450813070061,7.369283740787196,69.540216,2.66540596,7.378453899999999,0.579193181662698,0.2054315431026342,5,0.5102641093815947,0.010897829299389983,0.009170159212803064
1336,77.56916502805795,2.0033934595128025,6.470992838817606,77.75282999999999,2.00393112,6.41847162,0.9573486867214299,0.3605932194385503,5,0.18366497194203646,0.0005376604871973889,-0.0525212188176063
1337,68.63498987638894,2.52903901145484,7.311668143183118,68.8429272,2.51460382,7.29874758,0.5571517128999536,0.1830194888302732,5,0.20793732361106265,-0.014435191454839735,-0.012920563183118183
1338,71.6656229392296,2.1690663400177908,6.656661801321351,71.854724,2.15101596,6.620065800000001,0.728836226996595,0.20868783323221757,5,0.18910106077039757,-0.01805038001779069,-0.036596001321350435
1339,69.99999044418871,2.40114739775072,7.262104313517034,70.10985600000001,2.4393458800000003,7.25934812,0.5231388925914127,0.1877317276856563,5,0.10986555581129664,0.03819848224928046,-0.0027561935170332674
1340,68.28203070643119,2.591389623505736,7.240731369874136,68.108118,2.5659313999999998,7.282122459999999,0.4795228462305305,0.2862244617233878,5,-0.17391270643118162,-0.02545822350573612,0.04139109012586317
1341,73.12479642474464,2.2416886223426,6.928831731922033,73.1398988,2.32363958,6.8673524200000005,0.4965024936516619,0.21052767564475516,5,0.01510237525535274,0.08195095765740001,-0.06147931192203249
1342,70.28267706939779,2.7218810550538066,7.36009247101114,70.4673872,2.68327442,7.3580156,0.6334757004290028,0.2114818997320535,5,0.18471013060221253,-0.03860663505380657,-0.002076871011140291
1343,69.11551513677715,2.4588696557794245,6.938136861621016,68.672039,2.52053732,6.9398952199999995,0.804723608331263,0.2547265113156717,5,-0.44347613677715003,0.06166766422057535,0.0017583583789830826
1344,69.83638172330537,2.454732958321641,6.9001090353393995,70.3952536,2.51026052,6.891081160000001,0.5904250881971409,0.15747670034265443,5,0.5588718766946386,0.05552756167835904,-0.009027875339398861
1345,67.71094120137155,2.661915959119379,7.4433261847375904,67.9189528,2.69633536,7.452276739999999,0.6246828566405556,0.15813658515695994,5,0.20801159862844543,0.0344194008806209,0.008950555262408955
1346,73.55277417341827,2.470230122965103,7.121561417419324,73.37494099999999,2.5042051400000003,7.1527168,0.7065078213747453,0.1811284655962472,5,-0.17783317341827853,0.03397501703489736,0.031155382580676516
1347,75.14567815766323,2.1031962177648675,6.534833492044115,75.3445068,2.129393,6.4970191,0.7789678107918998,0.21865865137487947,5,0.19882864233677822,0.026196782235132332,-0.03781439204411452
1348,75.3121184430993,2.056191508075264,6.3990289489209164,75.07160999999999,2.07781816,6.408114159999999,0.8381157303447428,0.18704831523866633,5,-0.24050844309930142,0.021626651924735896,0.009085211079082889
1349,69.57966669244047,2.4855728110613047,7.165976671585736,69.19784580000001,2.5373243800000003,7.1777277,0.6703977538723898,0.1992016267505413,5,-0.3818208924404587,0.05175156893869559,0.01175102841426412
1350,71.7083685538436,2.4715880127111585,6.867173136517643,71.4056096,2.40224594,6.842771139999999,0.7067107420547858,0.2651691801915241,5,-0.3027589538435933,-0.06934207271115866,-0.02440199651764363
1351,70.96477263345702,2.4259285267784656,6.898134972310714,70.9697848,2.465296,6.90879176,0.3539629769403002,0.1787929591530223,5,0.0050121665429827544,0.03936747322153433,0.010656787689285352
1352,66.92649416527519,1.9188017964919333,6.382906691099648,67.425721,1.92089438,6.35260768,1.0780363174061924,0.2541472070833037,5,0.49922683472480855,0.0020925835080667365,-0.03029901109964772
1353,71.02850591593116,2.3095466543586927,6.664794413194737,71.16780220000001,2.2914141,6.641836840000001,0.5489117855833487,0.22316259004917632,5,0.1392962840688483,-0.018132554358692765,-0.022957573194736014
1354,66.47114727794376,2.832480189403234,7.698188801194528,66.836532,2.8038204799999997,7.70323248,0.5131446913537437,0.20140499152966546,5,0.3653847220562483,-0.028659709403234146,0.005043678805471963
1355,72.62446194452232,2.227067482449938,6.604623070545178,72.556516,2.22532628,6.597127760000001,0.4823616490335733,0.2071121236254545,5,-0.06794594452232161,-0.0017412024499381396,-0.007495310545176714
1356,66.0,2.535878583149234,7.442668854859365,64.942179,2.52172028,7.371347439999999,0.6332002077659025,0.21047247717324166,5,-1.0578210000000041,-0.014158303149234275,-0.07132141485936572
1357,73.6917316694333,2.31020648495395,6.9100367907488565,73.78301400000001,2.33939302,6.89612728,0.4988068005888754,0.24189315381337978,5,0.0912823305667132,0.029186535046050288,-0.01390951074885649
1358,73.21010844081187,2.3769565191263067,6.708287879996222,73.432908,2.29743896,6.718894799999999,0.5072666887031585,0.22671075731729645,5,0.22279955918813243,-0.07951755912630665,0.010606920003777276
1359,69.98406331317788,2.6613327883963454,7.469144783116198,70.1345972,2.6127090199999996,7.43067284,0.3556378804228621,0.16662016957022402,5,0.15053388682211732,-0.048623768396345746,-0.03847194311619795
1360,68.39114001835367,2.5739919671600173,7.113233378894456,68.1009312,2.56457702,7.118802219999999,0.3460076776782435,0.19617222975068327,5,-0.29020881835366197,-0.009414947160017118,0.005568841105542788
1361,75.76749571613009,2.060023075273197,6.601848277875087,75.135856,2.0729854,6.6521339,0.8269210798212361,0.24195606285554652,5,-0.6316397161300813,0.012962324726802699,0.050285622124913054
1362,71.27430903503578,2.502403925094933,6.93984998260936,71.3253158,2.48404098,6.938152479999999,0.4648516222457437,0.14519117170680745,5,0.05100676496421386,-0.018362945094932748,-0.0016975026093604129
1363,72.79013629622915,2.23156917545135,6.865698302199851,73.43970999999999,2.25252362,6.83976256,0.7086265022200874,0.2675599326170044,5,0.6495737037708409,0.02095444454865003,-0.025935742199851397
1364,71.9315510936034,2.074957693396961,6.954354464977395,72.0259008,2.07136468,6.99341036,1.1833617102592158,0.3391657876786211,5,0.09434970639659923,-0.0035930133969612754,0.03905589502260565
1365,73.08921923991632,2.1454593474770576,6.505160996044156,73.0426538,2.18527074,6.49215138,0.6454599245530938,0.2117530321286109,5,-0.04656543991632134,0.03981139252294241,-0.013009616044155514
1366,69.90350285435689,2.636281241732209,7.227947335768912,69.905305,2.6504397,7.28203456,0.6128275548713075,0.1595904757859017,5,0.0018021456431114302,0.014158458267791385,0.054087224231087916
1367,67.3802146370306,2.606212779719359,7.371212721168479,67.297076,2.61086338,7.34937864,0.45601920505278615,0.1331732752986382,5,-0.08313863703060065,0.004650600280641015,-0.021834081168478292
1368,70.90750620521418,2.08281953269188,6.747363308169357,71.236495,2.14063296,6.821726819999999,1.0922217651509665,0.31366831354460156,5,0.328988794785829,0.05781342730811989,0.07436351183064271
1369,67.27814070622983,2.2119163690792885,6.752045229397789,67.47362439999999,2.2338962600000003,6.767516760000001,0.7368080927694901,0.2263427451206484,5,0.19548369377015717,0.021979890920711842,0.015471530602212624
1370,67.22017973692755,2.7267382894343446,7.494219434233548,67.151791,2.70803614,7.5004041,0.6795274593428113,0.19634550794173583,5,-0.06838873692754532,-0.018702149434344673,0.0061846657664519356
1371,71.29183162822231,2.214930126863184,6.511952923220798,71.0013548,2.20173298,6.53161882,0.7338418300018978,0.2464471161364501,5,-0.29047682822231025,-0.01319714686318374,0.01966589677920183
1372,68.49041195065634,2.6317237695428486,7.218347150092003,68.4813508,2.63592738,7.18156576,0.5570254665870776,0.16578364988691208,5,-0.009061150656336281,0.004203610457151452,-0.03678139009200354
1373,67.64309682680711,2.8311205055618687,7.843741220563018,67.691122,2.80299044,7.765985980000001,0.5583746586923478,0.21892498133180477,5,0.04802517319288313,-0.02813006556186881,-0.0777552405630173
1374,71.82951667932133,2.295033733490658,6.655579610893719,71.529841,2.29268234,6.64467546,0.5268331271811675,0.1122376498676994,5,-0.2996756793213251,-0.002351393490658271,-0.010904150893718878
1375,70.87425686093322,2.520702381944929,7.356877336074876,70.83618299999999,2.4970117800000002,7.3298374,0.5996712746315666,0.276715872478014,5,-0.03807386093322407,-0.02369060194492878,-0.027039936074876536
1376,70.03642956757041,2.458510862168602,6.863938254853144,69.943329,2.4430724600000002,6.8648413,0.3818875056612772,0.21730413274064797,5,-0.09310056757040286,-0.015438402168601595,0.0009030451468561296
1377,72.54269230230186,2.288031706433604,6.622823666652789,72.56544240000001,2.25598368,6.6202667,0.5672046569509733,0.13114268219198577,5,0.022750097698150284,-0.03204802643360427,-0.00255696665278915
1378,70.72312321348947,2.4579472758215792,6.996803600381123,70.7417284,2.44627026,7.01106912,0.48947698912101123,0.20982306193085928,5,0.018605186510527005,-0.011677015821579317,0.014265519618876787
1379,68.96293735206093,2.129674144032024,6.4821064201516005,68.852276,2.13223962,6.505507539999999,0.8390907952389923,0.20033355143971243,5,-0.11066135206093008,0.00256547596797585,0.023401119848398544
1380,72.55334614951515,2.2294443177141967,6.7758681395581535,72.448541,2.26849236,6.7500475600000005,0.3996295909042842,0.1682638344624781,5,-0.10480514951514408,0.0390480422858035,-0.02582057955815298
1381,67.92650845363704,1.9877032990269807,6.404332542303831,68.7040698,2.0302207,6.417989180000001,1.011483415607786,0.2943533272679526,5,0.7775613463629583,0.04251740097301937,0.01365663769616976
1382,70.05687016256391,2.281611869835676,6.652996215368782,70.1319792,2.27955866,6.6479929,0.5012743985506986,0.13768145942576643,5,0.07510903743609276,-0.0020532098356760287,-0.005003315368782069
1383,71.08799034848778,2.628071498266361,7.201243105190895,71.245866,2.62635892,7.20229056,0.6897845408125989,0.2080137089791423,5,0.15787565151222793,-0.0017125782663609534,0.001047454809104842
1384,74.60513279806705,1.9434665392576,6.763065072415792,74.831687,1.9583871000000002,6.731740239999999,1.0586757809112497,0.2888643098974136,5,0.22655420193295583,0.014920560742400113,-0.03132483241579287
1385,74.08981870055071,2.178033762418041,6.466767773375094,74.22554319999999,2.16126416,6.48897118,0.6085986912112468,0.20698517148453374,5,0.13572449944928167,-0.01676960241804082,0.022203406624906386
1386,69.08448554221758,2.531751622908509,7.180866784718629,69.211014,2.5729877,7.186793400000001,0.5246329068083334,0.24905205881804302,5,0.1265284577824275,0.04123607709149102,0.005926615281372172
1387,71.2380203967084,2.4568519873433483,6.750573800907857,71.886391,2.43641274,6.697866379999999,0.6577286569106212,0.19348431692287843,5,0.6483706032916103,-0.02043924734334812,-0.05270742090785774
1388,72.63793386060105,2.3557992477643745,6.725678100022902,72.85773400000001,2.28228836,6.7034988,0.509878458004002,0.2049742390414157,5,0.2198001393989557,-0.07351088776437464,-0.022179300022902027
1389,68.97498162755045,2.739065299316386,7.708449121758244,68.986308,2.75186218,7.61945752,0.4854460725349815,0.13718128610933816,5,0.011326372449545374,0.012796880683613843,-0.08899160175824417
1390,70.87062647594318,2.338357578278948,6.7920526928231055,71.4561002,2.33988868,6.728540300000001,0.4563937872063891,0.22727116155190225,5,0.5854737240568113,0.001531101721051975,-0.06351239282310495
1391,70.30070428712105,2.3285382807382344,6.910447889087122,70.0433438,2.42099472,6.8888700599999995,0.4604125178717643,0.1267977821897141,5,-0.25736048712104775,0.0924564392617655,-0.021577829087122247
1392,71.30140184865193,2.4032497411690845,6.59434368472171,71.441528,2.36646148,6.61129684,0.6413237799548268,0.20951067951134927,5,0.1401261513480705,-0.036788261169084624,0.016953155278289778
1393,70.16003132521155,2.6616624395581896,7.182338309337778,70.24181300000001,2.66982598,7.1649856,0.8528855684364668,0.2204207244143382,5,0.08178167478845921,0.008163540441810557,-0.01735270933777855
1394,71.54998232587634,2.408723935740148,7.408863469187908,71.415098,2.41615818,7.3982334000000005,0.778006145993894,0.23310323899666746,5,-0.13488432587634236,0.007434244259851841,-0.010630069187907765
1395,70.5467216326328,2.5054318749626066,7.324371324424284,70.78980659999999,2.54090542,7.35329706,0.3701731027545161,0.1804838298671724,5,0.24308496736719576,0.03547354503739353,0.028925735575715983
1396,70.17669825817066,2.4790796072010184,6.956661952597541,70.2437302,2.48841658,6.98361846,0.4635277847816407,0.17500734707989868,5,0.06703194182934169,0.009336972798981602,0.026956507402458918
1397,70.31627312647646,2.481143231018871,7.688043508215232,70.8092712,2.51904532,7.66567634,0.7458526618471557,0.33975384203019543,5,0.49299807352353753,0.03790208898112901,-0.02236716821523199
1398,68.77416471408415,2.42543788897991,6.757169944769961,68.7439738,2.46334592,6.782029179999999,0.6220952874414557,0.22976871952103267,5,-0.030190914084144538,0.03790803102008988,0.0248592352300383
1399,67.80720452563816,2.7136298957821734,7.492011302813575,68.03481,2.67311654,7.42663294,0.4739386731513364,0.22444192635903365,5,0.22760547436183742,-0.0405133557821733,-0.06537836281357468
1400,68.1299944215033,2.4939644333393964,7.192406204972492,67.88696999999999,2.50634312,7.231696479999999,0.3879686496464977,0.20649074643047088,5,-0.24302442150330705,0.012378686660603488,0.039290275027506816
1401,70.50768626422028,2.399449165208973,7.080756960009867,70.3548012,2.3747316599999997,7.06418824,0.41849602093639315,0.20818003814406838,5,-0.15288506422028547,-0.0247175052089732,-0.0165687200098672
1402,67.23339647490653,2.4008721572439224,6.993756392772878,67.335987,2.3512857,6.98538776,0.6836914519693564,0.3073078871253423,5,0.10259052509347555,-0.04958645724392241,-0.008368632772877582
1403,72.31834565383446,2.116686581015271,6.714273303787536,72.656579,2.1801247,6.722551200000001,0.6637270527385273,0.1858373268306855,5,0.3382333461655378,0.06343811898472884,0.008277896212464775
1404,68.48775885771312,2.85,7.85,68.948353,2.8288985799999997,7.8111722,0.7875803636773598,0.1704380561722046,5,0.46059414228687956,-0.02110142000000037,-0.03882779999999997
1405,71.7017076854884,2.346093449125387,6.806226780398596,71.8177322,2.34815562,6.811151820000001,0.530137043720961,0.19854259129682758,5,0.11602451451159368,0.002062170874613134,0.00492503960140489
1406,72.27636126938174,2.441473179332536,7.351169131069215,71.95505419999999,2.3932369000000002,7.36141098,0.6445192107910163,0.12097631275180802,5,-0.3213070693817457,-0.048236279332535936,0.010241848930784947
1407,70.29519072644278,2.4552607388987013,6.9672764080082725,70.3530528,2.4281951,6.97401828,0.334103677308889,0.20658217649634794,5,0.057862073557217286,-0.027065638898701394,0.006741871991727599
1408,71.4187130846889,2.5365189751095976,7.314246838575492,71.4425408,2.52442062,7.2938768199999995,0.6219228311766124,0.17923588435851914,5,0.02382771531109995,-0.01209835510959767,-0.02037001857549292
1409,71.45868716749435,2.2057555877647217,6.741167100133535,71.47324019999999,2.23672032,6.72778154,0.4130230808524894,0.1626882730492747,5,0.014553032505645547,0.03096473223527818,-0.013385560133535535
1410,75.60008087834692,2.084530178233714,6.490922709061711,76.0225272,2.06894248,6.4684352,0.9089365050861092,0.2292963716979878,5,0.4224463216530836,-0.015587698233713976,-0.02248750906171093
1411,72.3710045523306,2.212019471517044,6.45396227811524,72.9147562,2.2076229599999997,6.40503234,0.7200012887574007,0.22600811958911407,5,0.5437516476693958,-0.004396511517044122,-0.048929938115239935
1412,71.65175472345977,2.6340029078291733,7.341243862630638,71.3860242,2.6450104199999998,7.3660158,0.597112219489525,0.15701686770669504,5,-0.26573052345978,0.011007512170826406,0.02477193736936112
1413,73.08355160056036,2.5273344136478064,7.044002754131162,73.01316,2.4952267,7.03001472,0.6909753363765265,0.2571273465061883,5,-0.07039160056035598,-0.03210771364780651,-0.01398803413116223
1414,72.14629206741603,2.2942942382674207,6.706444940502836,72.214136,2.26764602,6.70593724,0.6501890898852823,0.20770587221895812,5,0.06784393258396904,-0.02664821826742081,-0.0005077005028359949
1415,71.44750614403374,2.170069090512325,6.357347430947312,71.3238292,2.15918104,6.28471428,0.848879983934825,0.24130301328762882,5,-0.12367694403373264,-0.010888050512324998,-0.07263315094731215
1416,74.71024733131672,2.3961945714347705,7.167907731867709,74.71152520000001,2.36527464,7.13400452,0.8573785762554765,0.28871225324484845,5,0.0012778686832888297,-0.030919931434770564,-0.03390321186770873
1417,68.31109491439774,2.3604349357299768,7.013247437537596,68.34651699999999,2.38450236,6.969172039999999,0.4369216807115784,0.1929928443858886,5,0.035422085602249354,0.024067424270023174,-0.04407539753759693
1418,71.85261893942717,2.2656282457198125,7.0493223053808105,71.46238,2.2553946,7.084526339999999,0.8360333020255997,0.282843446435097,5,-0.3902389394271779,-0.010233645719812667,0.03520403461918864
1419,67.90295498196181,2.522767663835461,7.185436519026136,67.69484,2.5334516999999996,7.176872319999999,0.45233332995567166,0.14374769425088724,5,-0.20811498196181333,0.010684036164538835,-0.008564199026136698
1420,71.95155127914931,2.43271451019233,7.195815918872293,71.3971948,2.3753512999999997,7.1845167199999995,0.8962045202782732,0.2897626652268413,5,-0.5543564791493196,-0.05736321019233026,-0.011299198872293914
1421,69.58920647457832,2.7954423453864186,7.623871419209117,69.8839162,2.7356095,7.5595932,0.5940955611033881,0.1363136992865516,5,0.29470972542168283,-0.059832845386418754,-0.06427821920911647
1422,68.13972947733096,2.3716246361505857,7.111813528035663,68.4166098,2.3659566,7.0762955000000005,0.8387397870229772,0.2722779408085823,5,0.2768803226690437,-0.0056680361505856425,-0.0355180280356624
1423,69.1879195032082,2.4230301060751924,6.74258088613689,69.5771532,2.3651767,6.73999926,0.6343891840425236,0.1871229792791332,5,0.3892336967917913,-0.05785340607519229,-0.0025816261368900584
1424,69.61793577402912,2.5029265812923547,6.944750702255467,69.6243678,2.46950718,6.953042999999999,0.3124962284055748,0.1727133164230246,5,0.0064320259708807725,-0.03341940129235477,0.008292297744532107
1425,71.26153131116814,2.5277749431794683,7.405354164287092,71.072973,2.50599188,7.38280994,1.0268734934258503,0.20267058099543295,5,-0.18855831116813704,-0.02178306317946843,-0.022544224287092796
1426,71.66705102777372,2.349787021638125,6.678438130237941,71.5260068,2.3720286600000002,6.65145182,0.7241511296747356,0.2192374902275719,5,-0.14104422777371894,0.022241638361875093,-0.02698631023794107
1427,72.27833404227242,2.2123477810035017,6.622434910995821,71.787521,2.21413142,6.66082754,0.6799772196584972,0.19943109957494135,5,-0.4908130422724213,0.0017836389964984711,0.0383926290041785
1428,73.23344310611678,2.18643363546451,6.5078650717411195,73.0230408,2.1918630400000003,6.5879004199999995,0.646026486725225,0.17569252574631608,5,-0.21040230611677657,0.005429404535490345,0.08003534825888003
1429,70.95226425694673,2.2685822303397623,6.722400400530115,71.274962,2.29114704,6.69430872,0.7040662497268615,0.239518143951992,5,0.3226977430532685,0.02256480966023755,-0.028091680530114793
1430,69.37987060477295,2.4481745714278977,7.270522982926916,69.329263,2.43656726,7.248286160000001,0.657922863447846,0.3017800082127534,5,-0.050607604772949344,-0.011607311427897837,-0.022236822926914535
1431,71.65294207168225,2.003395144600757,6.586592509071129,71.7116182,2.0373557,6.55813626,0.7082047034664052,0.22679142480951095,5,0.05867612831775659,0.03396055539924303,-0.028456249071128425
1432,67.50291577688535,2.6885527547141046,7.507864757973165,67.720697,2.66043326,7.48382974,0.4892697783218047,0.14010084070070075,5,0.2177812231146561,-0.028119494714104576,-0.024035017973164763
1433,71.21422054528456,2.152481598164721,6.382209251595812,70.78040899999999,2.12490194,6.32939004,0.7845698311138471,0.205513754173071,5,-0.4338115452845699,-0.027579658164721188,-0.052819211595812376
1434,71.94817099849531,2.138311375918519,6.380057529039146,72.10980500000001,2.1308332400000003,6.36427646,0.6575659818250358,0.18518134771665812,5,0.16163400150469442,-0.007478135918518536,-0.015781069039145557
1435,70.62990628211051,2.5253755314156727,7.104712133328353,70.8421058,2.51081206,7.06239228,0.2633269308875469,0.19006322151418054,5,0.21219951788948777,-0.014563471415672602,-0.04231985332835286
1436,71.78158279403127,2.372288815476177,7.001974656685637,71.7113338,2.39846044,7.01704172,0.4484684274841341,0.2175554660925454,5,-0.07024899403126028,0.026171624523823045,0.015067063314362805
1437,68.42127334933566,2.4969094601484496,6.95137904729574,68.585541,2.460967,6.96655166,0.41780629428400295,0.1733481458488318,5,0.16426765066434257,-0.035942460148449484,0.015172612704260402
1438,72.5216257160896,2.511538714117756,6.996575751201435,72.286292,2.52219596,6.99511774,0.6874517401926911,0.2055745633613574,5,-0.23533371608959897,0.010657245882244037,-0.00145801120143485
1439,74.02558570429017,2.2686261575035185,6.778867154350438,73.8038938,2.2727343,6.7998641399999995,0.5363809204179795,0.23366579695873008,5,-0.22169190429016794,0.004108142496481726,0.020996985649561317
1440,71.83568712899162,2.429032773740453,7.492326459519957,71.3701112,2.42939416,7.47266942,0.6474273574422467,0.11769290982629824,5,-0.46557592899162614,0.00036138625954729164,-0.019657039519956676
1441,74.0077412850041,2.379191635895853,6.852338438235265,73.910744,2.3471131400000003,6.907682080000001,0.6415033162193666,0.22066041031591493,5,-0.09699728500410743,-0.032078495895852654,0.05534364176473616
1442,68.18618643558372,2.767677948683404,7.283108024487267,68.082694,2.76473908,7.30782318,0.8252487983946217,0.25935025404144346,5,-0.10349243558371768,-0.0029388686834042055,0.024715155512732956
1443,72.12352365468738,2.352991160332293,6.877575076997812,71.673222,2.35863518,6.87966742,0.799421379262126,0.2651691801915241,5,-0.4503016546873795,0.005644019667706779,0.0020923430021877465
1444,70.00509588030172,2.4558645836448285,7.225573562641662,69.6767912,2.49972538,7.23269976,0.3353691739752132,0.203152990321848,5,-0.3283046803017271,0.043860796355171594,0.007126197358338082
1445,70.53741440043497,2.468321098328499,7.0200777734446245,71.1497222,2.4226739999999998,6.99820636,0.44184629376507517,0.21714760438822492,5,0.6123077995650306,-0.045647098328499336,-0.021871413444624288
1446,69.0881715535647,2.6540939375014063,7.404666271847441,69.4122808,2.57756754,7.417914140000001,0.525645114637357,0.30572161134687537,5,0.3241092464352988,-0.07652639750140633,0.013247868152559406
1447,70.2372338974185,2.096373166281919,6.335823303292939,70.1957578,2.0710772000000004,6.338796159999999,0.8134795308342389,0.1858814239913509,5,-0.041476097418509994,-0.02529596628191877,0.0029728567070606005
1448,72.6654742556372,2.245593085722261,6.728343642260545,72.9337402,2.27592852,6.76279174,0.7625732342926048,0.2770514267050376,5,0.2682659443627955,0.030335434277739104,0.03444809773945501
1449,68.9030359434443,2.6318621795225403,7.1849231433537835,69.02788319999999,2.5723031,7.190207839999999,0.4291008308448876,0.1887981030429601,5,0.12484725655569662,-0.05955907952254025,0.005284696646215892
1450,71.24287443180626,2.3622955329592634,6.7476260236732415,71.075802,2.3379942199999997,6.73141116,0.5102044407942655,0.20415434283324707,5,-0.16707243180626108,-0.024301312959263743,-0.016214863673241098
1451,71.87821770607218,2.4543260038741384,6.991507288032919,71.88355920000001,2.4475165199999998,6.985854140000001,0.45797794108957196,0.2507144249093199,5,0.005341493927829788,-0.0068094838741386,-0.005653148032918054
1452,74.25577382294988,1.961099271085947,6.857486517464986,74.045583,2.03914838,6.808452099999999,1.1125722058313914,0.3809502279980193,5,-0.21019082294988323,0.07804910891405292,-0.049034417464986824
1453,71.84222395182766,2.066055410920323,6.443758006913386,72.0910794,2.10972968,6.46649218,0.6189886687334588,0.2376928549850093,5,0.2488554481723355,0.043674269079676975,0.022734173086614184
1454,69.84191173856391,2.333395646264214,6.710437752194176,70.190763,2.3293115,6.78367772,0.7646136634674408,0.21746688636044542,5,0.3488512614360957,-0.004084146264213828,0.07323996780582398
1455,71.19198394027973,2.065003689496661,6.356030110506989,71.08250419999999,2.0326134799999998,6.36428162,0.7805124940707151,0.17886224156703784,5,-0.10947974027973828,-0.03239020949666127,0.0082515094930109
1456,71.99000389304547,2.4705447346031053,6.962246323163997,71.8473812,2.4601486,6.9637513,0.3411215035383427,0.189947377419531,5,-0.14262269304546749,-0.010396134603105178,0.0015049768360029248
1457,70.2057528425143,2.3606571312887032,6.965763644888793,70.162479,2.33099156,6.99783568,0.41657467096464085,0.208165096827293,5,-0.04327384251429578,-0.029665571288703063,0.03207203511120671
1458,68.78177601392787,2.24224486809707,6.641778570724614,68.67922,2.23384946,6.62991974,0.6376570389743748,0.16487455326812775,5,-0.10255601392786673,-0.008395408097070067,-0.01185883072461369
1459,70.6598866894864,2.5244649854787538,6.916485230252723,70.75000299999999,2.49277588,6.88531912,0.566375120478049,0.1430864974787043,5,0.09011631051359359,-0.03168910547875381,-0.0311661102527232
1460,71.90078234134506,2.5006195293457765,6.976596657508145,71.6029,2.4678809999999998,6.9762208,0.6949935803576965,0.21908456509071952,5,-0.2978823413450584,-0.0327385293457767,-0.0003758575081445059
1461,69.02334668977629,2.42284655733715,6.953024135784856,69.175894,2.39511764,6.95743524,0.7360431585447169,0.2657095740353002,5,0.15254731022371004,-0.027728917337149994,0.004411104215143347
1462,69.65786894009868,2.27082290321748,6.6396265346985945,69.46018,2.2520658,6.62472648,0.6489451762100784,0.1406601187717491,5,-0.19768894009868632,-0.01875710321747981,-0.0149000546985949
1463,70.81678337134711,2.395729012916428,6.798858322534818,70.67383600000001,2.39445954,6.784793260000001,0.6124061121081482,0.191357104332178,5,-0.14294737134710545,-0.0012694729164279828,-0.014065062534816875
1464,70.93005438604219,2.459890583974517,6.800888910494107,70.867838,2.45726894,6.8294719,0.734625274368272,0.1276804507588831,5,-0.062216386042180716,-0.0026216439745168074,0.028582989505892442
1465,71.09362665805787,2.4214165174321693,6.92800885994486,70.8603072,2.40756104,6.92558622,0.4465936481865292,0.20226741978437132,5,-0.23331945805787768,-0.013855477432169305,-0.002422639944860805
1466,72.45228333704964,2.5343699931238617,7.076618171127125,72.43724599999999,2.5345608200000003,7.05277988,0.6316974871413115,0.12799044368324472,5,-0.015037337049648158,0.0001908268761385834,-0.023838291127124656
1467,72.06114170981382,2.363902412607889,6.7158113936101405,71.49920399999999,2.40189274,6.7329735600000005,0.6214005703723955,0.23415760333361518,5,-0.561937709813833,0.037990327392110945,0.017162166389860012
1468,70.92349796846904,2.1929447134514906,7.19048270785734,71.1709742,2.18401554,7.12820344,1.026621017798922,0.32764691505673593,5,0.24747623153096754,-0.00892917345149069,-0.06227926785734006
1469,71.47129262437862,2.4016552091542795,6.915240826121396,71.63101520000001,2.41066922,6.89554588,0.5540994564382252,0.2280015032100462,5,0.15972257562138736,0.0090140108457204,-0.019694946121395773
1470,66.0,2.744336212695565,7.51049108450181,66.1795832,2.71879162,7.54119594,0.4157240916934894,0.11330860753848962,5,0.17958319999999617,-0.02554459269556464,0.030704855498189687
1471,70.63664488498988,2.521638055179815,7.033006518079409,70.0190118,2.5120158,7.030932040000001,0.5446613648429415,0.21335993034652279,5,-0.6176330849898761,-0.009622255179815298,-0.002074478079408415
1472,68.05485520060951,2.3479822337213374,6.932175501020465,67.8941368,2.37467862,6.981089819999999,0.4943118513324437,0.10546188226381517,5,-0.16071840060951104,0.026696386278662665,0.048914318979534244
1473,69.76185547954839,2.319350568223307,6.858906644158647,69.497164,2.31757532,6.88757612,0.5276441971953281,0.1882303966160706,5,-0.26469147954838945,-0.001775248223307102,0.02866947584135371
1474,67.18330318138139,2.53588335075366,7.323465623653137,67.279386,2.52915468,7.31475794,0.2958263061745727,0.17934462482173283,5,0.09608281861861201,-0.0067286707536600154,-0.00870768365313701
1475,69.9372573875784,2.504494190099141,6.871801887310869,69.9492292,2.475795,6.892942720000001,0.5715861705296441,0.2069793707328656,5,0.011971812421606387,-0.028699190099140903,0.021140832689131805
1476,71.718535436406,2.594308925167679,7.060920431477292,71.8016432,2.5002818,7.030005940000001,0.43069320261819677,0.13951334276620359,5,0.08310776359400052,-0.09402712516767897,-0.03091449147729186
1477,70.4213537908032,2.613371206517752,7.339472354776262,70.337131,2.58286618,7.310902659999999,0.4721667117805601,0.23436735856400678,5,-0.08422279080319583,-0.03050502651775222,-0.028569694776263255
1478,69.9327783206893,2.2810639269762416,7.783582243517033,70.4599422,2.27638154,7.69193118,1.3390364304208733,0.3827338594244125,5,0.5271638793107059,-0.00468238697624157,-0.09165106351703312
1479,66.52671678873931,2.4499872315289304,7.0034374162568325,66.624921,2.45850668,6.996984620000001,0.6880657556845601,0.27899498515051613,5,0.09820421126069334,0.00851944847106978,-0.006452796256831483
1480,68.49864477674659,2.695913640057564,7.803762960749474,68.540369,2.6800428999999997,7.81386122,0.7116402125647908,0.31552033519359196,5,0.04172422325341074,-0.01587074005756417,0.010098259250526098
1481,71.60214309273803,1.8953822684735813,6.289326199809139,71.882324,1.88933506,6.35330796,0.8786715401987181,0.2620398142428913,5,0.28018090726196476,-0.0060472084735812,0.06398176019086144
1482,71.32982263973818,2.57373512438116,7.120729716683489,71.3264766,2.5512048399999996,7.148834980000001,0.8065298939068027,0.3183300549306608,5,-0.003346039738175932,-0.02253028438116056,0.028105263316511753
1483,73.37506585838749,2.2300539001464337,6.696595614351613,73.683414,2.21380846,6.702347779999999,0.7418190787053206,0.3101256645076037,5,0.30834814161251245,-0.016245440146433587,0.005752165648385876
1484,74.39969377868948,2.135407935237348,6.490394580960368,74.3739054,2.10123652,6.442641280000001,0.7792349415214809,0.2726121818339632,5,-0.025788378689483693,-0.03417141523734779,-0.04775330096036701
1485,70.66076038633685,2.282616489796675,6.67659269719658,70.880754,2.2684055,6.654144619999999,0.5118376784872078,0.2071382090412698,5,0.2199936136631493,-0.014210989796675122,-0.022448077196580485
1486,76.83167183586895,2.0027350505437136,6.421629312172998,76.830682,1.9827166999999999,6.40298544,0.9996530350049035,0.3800693114409723,5,-0.00098983586894974,-0.020018350543713703,-0.01864387217299779
1487,69.71023272744041,2.225042761494371,6.581329344850185,69.4397662,2.2077880399999996,6.601435739999999,0.643333375451617,0.1301549525425346,5,-0.2704665274404192,-0.01725472149437124,0.020106395149814382
1488,72.73564089196404,2.4825607333067925,6.856593460705865,72.414246,2.484931,6.88295196,0.6824132228987556,0.2125390292651456,5,-0.32139489196403304,0.002370266693207501,0.02635849929413503
1489,70.73980247148128,2.710325326948729,7.131041414646896,70.609866,2.6222272,7.12375172,0.6653846312873277,0.1824955753149809,5,-0.12993647148128673,-0.08809812694872887,-0.0072896946468965496
1490,72.73458246031973,2.460136071456504,6.937682210653944,72.9105898,2.43747812,6.9373971800000005,0.6696330976084469,0.2438872630155026,5,0.17600733968026816,-0.022657951456503955,-0.00028503065394325233
1491,69.67658807193014,2.635732462584476,7.140454263800869,69.6747968,2.6220813400000003,7.11610426,0.7302017135528357,0.269090777138361,5,-0.0017912719301449442,-0.013651122584475761,-0.024350003800869047
1492,70.75595189902403,2.374891197427296,6.725002292655278,70.78647079999999,2.3608571599999997,6.71229594,0.5378642853044424,0.23961884976364214,5,0.030518900975962993,-0.014034037427296475,-0.012706352655277975
1493,71.22506752107533,2.344051160884381,6.593319353307509,71.4078492,2.32078424,6.536484140000001,0.6707648429088214,0.17388224065573865,5,0.18278167892466968,-0.02326692088438076,-0.05683521330750807
1494,70.97598763834625,2.113301479089022,6.45570305536955,70.6453648,2.15107684,6.42647164,0.7177900470082682,0.17485102052818838,5,-0.33062283834625816,0.037775360910977884,-0.02923141536954965
1495,71.925711436778,2.52476750386633,7.246681904749808,71.9576998,2.49292406,7.232343439999999,0.5310343485047145,0.1912227483890198,5,0.031988363221998384,-0.0318434438663302,-0.014338464749808821
1496,72.85629457852498,2.34040342408393,7.0196758782277495,72.674076,2.3677019,6.9647504,0.7598444174303949,0.2954560854186905,5,-0.18221857852498147,0.027298475916070153,-0.054925478227749736
1497,73.71651192987478,2.0764264260880285,6.516773579320666,73.550101,2.12236838,6.52287506,0.6129912414566011,0.2910459782067404,5,-0.166410929874786,0.045941953911971645,0.006101480679333804
1498,66.0,2.3167599616389296,7.081103195342346,65.8120098,2.2144173599999997,7.070887619999999,1.1010031323894591,0.3687450592182856,5,-0.18799020000000155,-0.10234260163892994,-0.010215575342346739
1499,66.0,2.25868436656132,6.8446437975634895,64.684848,1.99553878,6.753280859999999,1.2791447508324174,0.4705104412440352,5,-1.3151519999999977,-0.26314558656132014,-0.09136293756349012
1500,71.37871138447399,2.490146627678108,7.067500209663459,71.7775258,2.52275806,7.0810612399999995,0.7189891494228765,0.257512519856379,5,0.3988144155260187,0.03261143232189223,0.013561030336540547
1501,71.05198105998105,2.3996805414551834,7.389201846775296,71.12013160000001,2.3830392,7.34637074,0.6442225327273621,0.2342878661071289,5,0.06815054001896215,-0.01664134145518359,-0.04283110677529578
1502,71.0259846384344,2.630688135975495,7.073345601940714,70.90002319999999,2.5835935599999997,7.04035844,0.7045058361508829,0.1510553415445937,5,-0.12596143843440188,-0.04709457597549527,-0.032987161940713605
1503,71.41090459697537,2.5528280248935022,7.06435696677855,70.980369,2.55373804,7.08947764,0.4551037718924178,0.1709599968602589,5,-0.4305355969753748,0.0009100151064975748,0.025120673221450396
1504,70.0409938768243,2.194484597997161,6.370356662754499,70.370392,2.13950362,6.35612174,0.7913120178434421,0.21511819003241278,5,0.32939812317569306,-0.05498097799716062,-0.014234922754499557
1505,69.34555721660514,2.408137263178632,6.77347388415456,69.310092,2.4375527999999997,6.811682880000001,0.6409791289711096,0.1412986709261582,5,-0.035465216605146566,0.02941553682136755,0.038208995845440796
1506,69.04155388594327,2.402453394217237,6.930966724510464,69.191985,2.40280066,6.92208526,0.6009069755961443,0.23854664533195197,5,0.1504311140567296,0.00034726578276300657,-0.008881464510463566
1507,68.03913847671177,2.302373225036599,6.90425548694036,68.096098,2.3448099200000003,6.930984820000001,0.5285183904397703,0.21129178727482828,5,0.05695952328822784,0.04243669496340141,0.02672933305964076
1508,66.5803708001614,2.85,7.85,66.47756319999999,2.91276842,7.89513642,0.7496594869556436,0.24631262355844838,5,-0.10280760016141244,0.06276841999999982,0.0451364200000004
1509,69.0342623318082,2.541209105182284,7.296942939278816,69.1808518,2.5839067,7.3160386399999995,0.3371700441112612,0.1514258577964593,5,0.14658946819180585,0.042697594817715956,0.019095700721183384
1510,66.0,2.6498013906257,7.511269760249538,65.7149812,2.6637729400000003,7.5145781,0.7964278275870187,0.2629479297487099,5,-0.2850188000000031,0.013971549374300452,0.0033083397504611867
1511,71.4406655494935,2.567539922928625,7.358433939382079,71.104466,2.61168864,7.37527716,0.7431315725317182,0.27661583190495387,5,-0.33619954949350017,0.04414871707137502,0.016843220617921872
1512,69.55615692725495,2.654245830814653,7.173572224139218,69.4331392,2.65233544,7.18855212,0.6948794452535395,0.2106721743228021,5,-0.12301772725494686,-0.0019103908146531623,0.014979895860781411
1513,68.50685570355792,2.599536259469403,7.029021297604865,68.358886,2.54033704,7.019199779999999,0.3955202511896013,0.22473865183244107,5,-0.14796970355791927,-0.0591992194694031,-0.009821517604866159
1514,67.46472326755023,2.3846162790358942,7.182655938741358,67.07125599999999,2.37451392,7.188705799999999,0.7024505566629874,0.2921800688538792,5,-0.39346726755023553,-0.010102359035894182,0.006049861258641265
1515,73.27849727471346,2.370552471793532,6.80456133611415,73.36630319999999,2.35754382,6.79769806,0.5913875274453128,0.17821885825765085,5,0.0878059252865313,-0.013008651793531723,-0.006863276114150274
1516,71.22902532600827,2.237034598759658,7.579556184060259,71.720504,2.18062392,7.53977376,1.3125298291935088,0.3727782520383435,5,0.49147867399173606,-0.056410678759657884,-0.03978242406025867
1517,67.82759711383834,2.4598186510834195,7.148447097511069,68.11822900000001,2.43261282,7.072889999999999,0.3392814746161851,0.10598474235400505,5,0.2906318861616768,-0.02720583108341934,-0.0755570975110702
1518,66.0,2.85,7.636381763766082,65.532755,2.8526445199999997,7.64547054,0.7571767870045428,0.23901434726776985,5,-0.46724500000000546,0.002644519999999595,0.009088776233918239
1519,70.58291300681249,2.680189080647833,7.574181041932455,70.932693,2.70723004,7.535467,0.650712264572692,0.21588158772580474,5,0.34977999318751074,0.027040959352166993,-0.03871404193245542
1520,68.66641368495385,2.5368481203581017,7.266034182879541,68.40972500000001,2.5165393000000003,7.2303911,0.6948211821302863,0.1524312505194613,5,-0.25668868495384345,-0.020308820358101443,-0.03564308287954088
1521,71.66654552850365,2.2785149066700248,6.795897154795307,71.216869,2.26555996,6.7905640599999995,0.7666629926777444,0.23179266868856327,5,-0.4496765285036446,-0.012954946670024725,-0.005333094795307858
1522,71.65648413390733,2.118246303701376,6.40955262769881,71.50469000000001,2.11741464,6.39185912,0.671820487104054,0.22738215608933335,5,-0.1517941339073161,-0.0008316637013763284,-0.01769350769880962
1523,68.99170010060037,2.396604196065502,6.866673168635659,68.999498,2.41564692,6.88276438,0.4960837457706521,0.2067209532679887,5,0.007797899399633934,0.019042723934497907,0.01609121136434144
1524,71.00721602902487,2.358286016631073,6.807792068035644,71.0111328,2.3716797,6.81185196,0.4325061433791963,0.22394533996076857,5,0.003916770975123995,0.01339368336892699,0.00405989196435641
1525,70.3664067419855,2.3149103961058106,6.681901868490241,70.24064080000001,2.2937932400000003,6.69886586,0.4973419565330034,0.1931918902170736,5,-0.12576594198549174,-0.02111715610581033,0.016963991509758358
1526,70.43675758641957,2.4514646656422383,6.695063168216253,70.49080719999999,2.39856152,6.6984987,0.5531558325473089,0.1081750545371345,5,0.0540496135804176,-0.052903145642238414,0.0034355317837473365
1527,69.8172874118783,2.597740856832812,7.419688980292027,69.651018,2.55315876,7.45205994,0.4488703750884285,0.22461485889034413,5,-0.16626941187830369,-0.04458209683281211,0.03237095970797288
1528,71.6639719882641,2.4630031024795143,6.914765494701795,71.85046,2.45445396,6.915175700000001,0.6206465898848594,0.24014130500266423,5,0.18648801173590357,-0.008549142479514327,0.00041020529820556817
1529,74.89974330026526,2.2035505769456174,6.437309181655325,75.092545,2.15391246,6.49499924,0.6828133304426653,0.27909580100372333,5,0.19280169973474415,-0.04963811694561748,0.05769005834467489
1530,69.54592435249225,2.317463773466138,6.542117255501465,69.6052988,2.29173346,6.559544,0.6583729654062501,0.19077751724926909,5,0.059374447507750006,-0.025730313466137744,0.017426744498535207
1531,69.91912630528182,2.558453606548767,7.168377501536931,69.85765599999999,2.5501535399999997,7.144574199999999,0.3052701165711425,0.20752115482008246,5,-0.06147030528182995,-0.008300066548767138,-0.023803301536931443
1532,69.8654404745865,2.415660109484284,7.001803735000746,69.430171,2.40945992,7.02390958,0.327339380810149,0.1727133164230246,5,-0.4352694745865051,-0.00620018948428358,0.0221058449992535
1533,69.87849970912472,2.6206448951299275,7.23857976524752,69.9687648,2.6272293600000003,7.257401679999999,0.4469881407339071,0.15045115945438808,5,0.09026509087527756,0.006584464870072804,0.018821914752479074
1534,69.71818289034373,2.4548711193343857,7.066408187924504,69.64168620000001,2.47125346,7.07339264,0.5095419008263317,0.24189673190465197,5,-0.07649669034371698,0.01638234066561406,0.006984452075495362
1535,68.18618802572566,2.468867513322628,7.232549474307135,68.0833632,2.4648533,7.22875016,0.7306004146361412,0.22759055539921663,5,-0.1028248257256621,-0.0040142133226277465,-0.003799314307134871
1536,75.03836568813485,2.099581850593991,6.422568745072121,74.86332,2.0745394999999998,6.39218292,0.755786122794956,0.21858472842537227,5,-0.1750456881348441,-0.02504235059399118,-0.03038582507212162
1537,70.8692128738411,2.635617041487526,7.5004515996978345,70.8211072,2.5852021,7.4786801999999994,0.7303909718302651,0.295184442225073,5,-0.048105673841092766,-0.05041494148752612,-0.021771399697835037
1538,70.48455035808745,2.533894012483636,7.3502049192953525,70.05273199999999,2.5985956000000003,7.38569828,0.6297384217634165,0.2040098021441772,5,-0.4318183580874546,0.06470158751636435,0.03549336070464726
1539,75.10799799787877,1.958588642262649,6.2858640398686045,74.7105572,1.96575466,6.2865575,0.7678194427168789,0.23500189842457683,5,-0.3974407978787724,0.007166017737350927,0.0006934601313952626
1540,70.25800328094287,2.1930506500694795,6.659740154462638,70.2223648,2.24326926,6.6543242199999995,0.6442607038771773,0.1875911902003371,5,-0.035638480942878914,0.05021860993052041,-0.005415934462638106
1541,70.10824210211011,2.780454843205725,7.333777760175865,70.0314982,2.7002693,7.297095400000001,0.6115166573290752,0.22782427906879468,5,-0.07674390211010973,-0.08018554320572502,-0.036682360175864126
1542,70.90557429468495,2.3472982768397004,6.990612745098143,71.11784800000001,2.37035796,6.974535919999999,0.4929745927336907,0.13927500618157448,5,0.21227370531505585,0.023059683160299826,-0.016076825098143566
1543,71.16852997160801,2.533848395012316,7.157768152829442,71.2552144,2.5451932,7.17112344,0.7665277774514855,0.20712015980099646,5,0.08668442839199031,0.011344804987683865,0.01335528717055734
1544,72.46831547113804,2.1437479469795746,6.55333391991617,72.5035288,2.17593066,6.61141856,0.7730720700512608,0.23011577112170284,5,0.03521332886195694,0.032182713020425524,0.05808464008382952
1545,72.15952139474734,2.2286204184423344,6.423197246780818,72.353264,2.2030851,6.39331622,0.825958141536146,0.21518302316924917,5,0.19374260525265186,-0.025535318442334365,-0.029881026780818054
1546,75.50510445941515,2.196890637134209,6.762096875796392,75.58076559999999,2.1947371799999997,6.7482624,0.7165676538775322,0.24978586411195836,5,0.07566114058484175,-0.0021534571342094466,-0.013834475796392631
1547,71.57951709653723,2.464741305010527,6.995782611244573,71.885016,2.5222883,7.003136860000001,0.6090091725936937,0.21602053988546116,5,0.30549890346276243,0.05754699498947291,0.0073542487554272284
1548,71.74294121571188,2.25138559135836,7.108072969857107,71.6373908,2.27228048,7.15616124,0.7030703328069193,0.2625808387713109,5,-0.10555041571187473,0.02089488864164002,0.04808827014289374
1549,71.6510844076822,2.290564071371228,6.782555369645548,71.75399660000001,2.3035463399999996,6.7689335,0.6872828843722776,0.2064993613226788,5,0.10291219231780246,0.01298226862877172,-0.013621869645548124
1550,69.72847124631826,2.4103072827363614,6.897607036102791,69.7234282,2.39918036,6.88914398,0.5407912756350636,0.1990306974832599,5,-0.005043046318263578,-0.01112692273636151,-0.008463056102790745
1551,66.9064450550138,2.363226790501145,7.196529795569818,66.95131380000001,2.36405144,7.151531319999999,0.745028896558223,0.2144662093506188,5,0.044868744986203524,0.0008246494988548569,-0.04499847556981873
1552,70.16833352655149,2.7075976935237733,7.236299041884513,70.19218120000001,2.66419028,7.243365559999999,0.6701632012750617,0.2567317242614812,5,0.023847673448514684,-0.0434074135237732,0.007066518115486531
1553,71.37924202765755,2.259916837037024,6.6678040691623846,70.8698902,2.2835959800000003,6.6779715,0.6345706806070582,0.1869283004455392,5,-0.5093518276575537,0.02367914296297613,0.010167430837615399
1554,71.43460552694468,2.381354435597919,6.972328792859902,71.3437132,2.42337634,6.94156656,0.3533970763478796,0.2010800145659121,5,-0.09089232694468308,0.04202190440208087,-0.030762232859902205
1555,66.0,2.725237226625737,7.46354235971628,66.1954238,2.69065316,7.45364646,0.5091883832475523,0.1276894091806458,5,0.19542380000000037,-0.0345840666257371,-0.009895899716280354
1556,71.574800234455,2.3798229646615514,7.214624386161515,71.6714046,2.32243386,7.16950396,0.5757741315403866,0.21243574577080562,5,0.09660436554500507,-0.05738910466155156,-0.04512042616151479
1557,70.62123508211761,2.087543708397625,6.458431149765522,70.6850502,2.13304228,6.426752379999999,0.6858997450894037,0.1805300662240281,5,0.06381511788239891,0.045498571602375026,-0.03167876976552275
1558,69.50769020707823,2.4145124357753,7.170992495387648,69.458,2.4401493800000003,7.1703223199999995,0.6047787365803285,0.1964241594831799,5,-0.049690207078228354,0.025636944224700198,-0.000670175387648797
1559,70.02902071211011,2.5193839377736773,6.93548218035866,69.79456880000001,2.5655816600000003,6.9498846400000005,0.8391071571354548,0.18567123520195267,5,-0.23445191211010297,0.04619772222632301,0.01440245964134057
1560,69.33090701883401,2.4545436844582005,6.945688685155003,69.20644180000001,2.41521752,6.943833440000001,0.6494844478063034,0.22880397041077644,5,-0.12446521883400408,-0.03932616445820036,-0.0018552451550020166
1561,69.70240032032281,2.6086888657231144,6.931116477419755,69.6893002,2.58113986,6.9562946,0.6186971162879563,0.14733854217706194,5,-0.013100120322803832,-0.027549005723114472,0.025178122580244988
1562,71.44579802391195,2.3637775517038064,6.9414434504057025,71.65337,2.31794324,6.94766686,0.6631982200931665,0.23004166029552015,5,0.20757197608804745,-0.045834311703806474,0.006223409594297458
1563,69.19393584086077,2.449920838037273,7.102433928217548,69.4392428,2.4553242,7.10560294,0.2151692922484743,0.1904214081992277,5,0.24530695913922784,0.005403361962727171,0.0031690117824521025
1564,69.10368459487715,2.608578813548018,7.219450681987506,69.08253479999999,2.60726482,7.20362624,0.49305889348387383,0.19268960773128746,5,-0.021149794877160843,-0.0013139935480177556,-0.015824441987505544
1565,70.20896009747817,2.384132650667392,6.700576049437382,69.97486280000001,2.42226702,6.706937740000001,0.5522710930606726,0.22260642509076428,5,-0.23409729747815788,0.03813436933260794,0.006361690562618705
1566,72.93268322208891,2.340552049456592,6.780878333739091,72.7094562,2.3244588,6.770815600000001,0.8267053362015963,0.342462255398558,5,-0.22322702208890632,-0.016093249456591963,-0.01006273373909039
1567,69.6806550622593,2.3112482772413228,7.046995105142722,69.559906,2.2964100800000002,6.97013146,0.4978341339909709,0.2102747214761158,5,-0.12074906225930704,-0.014838197241322515,-0.07686364514272181
1568,69.7696345102975,2.597767806093454,7.52787368839149,69.78809980000001,2.63278836,7.525581700000001,1.0197209174450146,0.35603975748157596,5,0.018465289702518817,0.03502055390654624,-0.0022919883914891415
1569,70.61169481354192,2.445391326448042,6.874533618489226,70.6284998,2.43489178,6.9227631,0.4694547649063944,0.12989672083592596,5,0.016804986458083704,-0.010499546448041741,0.04822948151077444
1570,68.8678548078537,2.0322592771908137,6.155487163733142,69.4598532,1.9781493600000002,6.075930479999999,1.0524557165781938,0.2588456813017508,5,0.5919983921462943,-0.054109917190813484,-0.07955668373314229
1571,70.27353554593402,2.371505946776517,6.94065798883941,70.3671992,2.3648737,6.92541106,0.4387477944335377,0.2054706389111624,5,0.09366365406597765,-0.006632246776517192,-0.015246928839410145
1572,75.67207347302205,2.0344378170623747,7.056430638839674,76.163766,2.0033784,6.98291814,1.01506967700683,0.37296178355053405,5,0.49169252697794263,-0.031059417062374806,-0.07351249883967448
1573,68.35814330096476,2.5822026764562627,7.357193187239301,68.577944,2.5622529399999996,7.328434659999999,0.3470608186374225,0.1747252687632291,5,0.2198006990352468,-0.01994973645626308,-0.028758527239301834
1574,71.66286885195638,2.112210977231797,6.273229844115186,71.505542,2.0835954,6.2789988,0.7679892471187794,0.19433694597738388,5,-0.15732685195636975,-0.028615577231796863,0.005768955884813742
1575,71.96846964839109,2.1255395783282123,6.514514902581854,71.616764,2.1711902600000004,6.5017242600000005,0.6474119470465742,0.15950851590730825,5,-0.3517056483910892,0.045650681671788096,-0.012790642581853362
1576,71.32207851165788,2.447041758858977,7.320092399817571,71.4033194,2.4741891600000003,7.34084692,1.1214822034324186,0.19680654029019834,5,0.08124088834212273,0.02714740114102332,0.02075452018242885
1577,70.46871682094621,1.8193061769555947,6.063511036610469,71.098429,1.83462156,6.06832646,1.0034115237604702,0.2820294671159256,5,0.629712179053783,0.015315383044405273,0.004815423389530338
1578,69.43614990091166,2.3733013071981324,7.600625126586705,69.88886620000001,2.39539126,7.5225382,0.8206679619663234,0.23311734866866068,5,0.4527162990883511,0.02208995280186743,-0.07808692658670502
1579,72.4344537060286,2.2299928967475355,6.78287431599229,72.535546,2.22970676,6.790590679999999,0.5389901303327191,0.1992965438287679,5,0.10109229397139075,-0.00028613674753552587,0.007716364007709586
1580,70.34320373106755,2.702747880659744,7.506995281865739,70.28959,2.68161432,7.48077732,0.8244011525682422,0.2979580421629062,5,-0.05361373106754286,-0.02113356065974381,-0.026217961865738992
1581,69.52389062243549,2.440754772070939,7.314666775966769,69.6017106,2.42310522,7.27582664,0.7177729555651234,0.22291632616374063,5,0.07781997756451631,-0.017649552070938768,-0.03884013596676894
1582,69.47377291471612,2.479557913467972,7.1034502592947915,69.6119,2.4531846,7.106957059999999,0.6071242428966754,0.22952341712784544,5,0.13812708528388384,-0.026373313467972004,0.003506800705207702
1583,69.61422064927872,2.310537843402026,6.53812691408648,69.532736,2.3027555,6.57111582,0.6388296233804865,0.12908277956757766,5,-0.08148464927872112,-0.007782343402026104,0.03298890591351977
1584,69.53484384551355,2.750151536946015,7.209544455025387,69.33754200000001,2.69843632,7.20893366,0.8026505476471819,0.19602460604944816,5,-0.19730184551353602,-0.05171521694601511,-0.0006107950253877448
1585,67.43478683110165,2.453265533522749,7.319989273314365,67.505274,2.49420484,7.36681128,0.4355206508846936,0.1976059316748617,5,0.07048716889835305,0.04093930647725097,0.046822006685634854
1586,69.45355412580517,2.648384743354098,7.031591004442542,69.2890828,2.5699223,7.0350011199999996,0.6097868224640525,0.19658398584204578,5,-0.16447132580516666,-0.07846244335409791,0.003410115557457516
1587,71.27742808119186,2.5522459105945403,7.3622729455471445,71.51050599999999,2.61895636,7.3686469400000005,0.6260894140640433,0.20288524808259387,5,0.2330779188081351,0.06671044940545956,0.006373994452856024
1588,73.88945952696247,2.398062336609339,7.207049069276553,73.9193812,2.39393132,7.20470718,0.6712186409822906,0.2450536239139093,5,0.0299216730375349,-0.0041310166093389,-0.0023418892765532107
1589,72.86843433731676,2.382753666703305,6.857970211189598,72.4871048,2.3741938,6.816995520000001,0.7142827637320609,0.2879089427164223,5,-0.3813295373167591,-0.008559866703305108,-0.0409746911895974
1590,72.37121216368483,2.371435954618167,6.814030719885888,72.3015418,2.38965746,6.89481754,0.4353182531154179,0.20539798469279752,5,-0.06967036368483548,0.01822150538183287,0.08078682011411242
1591,69.20127348919642,2.65034635114054,7.400580789575028,68.977247,2.66569188,7.466688,0.3497709604608622,0.22191310668986866,5,-0.22402648919641877,0.015345528859459723,0.06610721042497225
1592,67.07469560549487,2.450798894595405,7.344638878855872,67.143938,2.4841751000000003,7.381919980000001,0.484918405570088,0.1892865531077835,5,0.0692423945051388,0.03337620540459518,0.03728110114412875
1593,70.42625452699163,2.423461904360411,7.054296308044263,70.52649100000001,2.43316912,7.0674671,0.6188150402962762,0.24005174405665802,5,0.10023647300837979,0.009707215639588984,0.013170791955737116
1594,68.14867396549666,2.349688005700761,6.850255142054877,68.5364304,2.38799142,6.868613659999999,0.5244385460113947,0.1321525127586552,5,0.38775643450334485,0.03830341429923889,0.018358517945122443
1595,69.98969121459022,2.74479139961494,7.508805856401162,69.92617800000001,2.68386718,7.53611648,0.7582358911363933,0.26368597955287354,5,-0.0635132145902162,-0.06092421961493999,0.027310623598837402
1596,69.97924285284162,2.471041598677351,6.7880627406191625,69.8173988,2.481673,6.86115834,0.7145551973529093,0.1885898215768445,5,-0.16184405284161585,0.010631401322648948,0.07309559938083776
1597,73.02299968943372,2.1952907772356505,6.575572704700804,72.707822,2.2295056,6.583267619999999,0.5891261044817898,0.20767324332846063,5,-0.3151776894337246,0.034214822764349506,0.007694915299195415
1598,69.41293669301851,2.652619857127432,7.619296850759666,69.2981604,2.63511162,7.61522346,0.5496596056188228,0.19503326964958725,5,-0.11477629301850811,-0.017508237127432213,-0.004073390759665507
1599,70.49540033867508,2.3111744041576143,6.781507855501178,70.7220008,2.33108086,6.79504534,0.7504285655397055,0.24690436915561284,5,0.22660046132492084,0.019906455842385817,0.013537484498821861
1600,67.59379678099098,2.607528712517432,7.073745034604805,67.4042582,2.6010903599999997,7.1104563999999995,0.5787772925753683,0.3119746774978985,5,-0.18953858099098397,-0.0064383525174323,0.036711365395194484
1601,68.60628162425883,2.4484305064987826,7.019958530292746,68.652242,2.43761668,7.01005698,0.4587840187937736,0.18773401724301986,5,0.045960375741174175,-0.010813826498782486,-0.009901550292745753
1602,68.65427526802031,2.1817287100767464,6.373586942145473,68.811808,2.1885783400000003,6.400485860000001,0.9409463095083389,0.338750603013463,5,0.15753273197968554,0.006849629923253886,0.026898917854527582
1603,69.73759713297405,2.567187911915424,7.205769564881303,69.8530936,2.62373398,7.20498218,0.6078201951190894,0.1595904757859017,5,0.11549646702594885,0.05654606808457574,-0.0007873848813026996
1604,69.78569038776135,2.044949274675248,6.2699665626211205,69.59039,2.0445607,6.23291476,0.9222330508981778,0.16492046525932702,5,-0.19530038776134973,-0.000388574675247888,-0.03705180262112062
1605,75.8572777276919,2.1555354977309023,6.744509501305973,75.557852,2.1870028400000003,6.754045120000001,0.7130953613234903,0.2441904319356824,5,-0.29942572769189724,0.031467342269098086,0.00953561869402808
1606,71.05775934624094,2.6286780574953648,7.467932205056083,71.440108,2.5825089599999997,7.459586280000001,0.68585242562538,0.2740299065149671,5,0.3823486537590526,-0.04616909749536502,-0.008345925056081782
1607,70.76782797038484,2.350950431056108,6.790842109129334,71.08642499999999,2.36042862,6.768649740000001,0.45204618612401093,0.19456636037697045,5,0.31859702961514813,0.009478188943892185,-0.022192369129332867
1608,74.52097104043139,2.0832878508606303,6.469624761296457,74.759247,2.1104436,6.45903148,0.8172372870630047,0.2314975345134715,5,0.23827595956861103,0.02715574913936969,-0.010593281296456425
1609,72.18412621770537,2.3325204145041964,6.9115922723202505,72.02643739999999,2.34828102,6.933548419999999,0.5717706990916315,0.23723255166214555,5,-0.15768881770537746,0.015760605495803492,0.02195614767974874
1610,69.90609406910978,2.702223119137061,7.6138308824853285,69.79503600000001,2.72014486,7.561975100000001,0.6425493130751169,0.16768196429517648,5,-0.11105806910977378,0.01792174086293885,-0.05185578248532785
1611,69.02431600378864,2.37173463909861,6.776122453980152,68.9963076,2.36066994,6.7855716,0.8582689194384961,0.1884525380728277,5,-0.028008403788646774,-0.011064699098609854,0.00944914601984781
1612,71.9691117293268,2.136506318700459,6.771960128010905,71.86548619999999,2.19431478,6.8087097,0.5551385365775314,0.22213215036460926,5,-0.10362552932680558,0.05780846129954087,0.036749571989094676
1613,69.50189054940739,2.089255502000583,6.579652757759685,69.51181,2.12040482,6.582456259999999,0.7224302709895231,0.19614597479205578,5,0.009919450592605017,0.031149317999417114,0.0028035022403143373
1614,70.16973518695949,2.6285570049753217,7.149242786232951,70.237276,2.60053788,7.140606719999999,0.6462373030801709,0.22247544131810115,5,0.06754081304050885,-0.028019124975321663,-0.008636066232951656
1615,70.00595488835674,2.3975495886221547,6.757124086140001,70.077366,2.36123622,6.762327019999999,0.5914221754184102,0.18895871365392294,5,0.07141111164325764,-0.03631336862215484,0.005202933859997927
1616,68.75880374166024,2.3477193990378007,6.72189222258933,68.9916972,2.33490228,6.737013620000001,0.6915035990003754,0.2122306631416156,5,0.23289345833975972,-0.012817119037800584,0.0151213974106712
1617,73.82582643707926,2.21275365839428,7.313526211038797,73.981344,2.2029228,7.29778128,1.079287069062279,0.37464977592128845,5,0.1555175629207497,-0.009830858394280106,-0.015744931038796928
1618,72.16448151748094,2.469317601967309,7.081524584737086,71.845214,2.4149693,7.0545311,0.5722763427712031,0.20616503890278368,5,-0.31926751748093807,-0.054348301967309,-0.02699348473708607
1619,74.7045068803897,2.2485379723776084,6.72365920418112,74.750376,2.23828192,6.70653094,0.623646651864985,0.2570451794385656,5,0.04586911961030182,-0.010256052377608516,-0.017128264181119235
1620,68.24778031266547,2.538524313507971,7.156179112102819,68.31971,2.49705178,7.1105136799999995,0.474415067001154,0.1352455367846749,5,0.07192968733453142,-0.041472533507970866,-0.045665432102819814
1621,73.27235381549681,2.095665522539236,6.408597349432307,73.21911279999999,2.09065814,6.48192944,0.7750623913106884,0.2657453996919631,5,-0.05324101549682325,-0.005007382539236271,0.07333209056769263
1622,71.32968314561423,2.500027074190632,6.995124355916017,71.404612,2.5033553599999996,7.009130139999999,0.4267898564161386,0.15960869041152714,5,0.07492885438577446,0.003328285809367504,0.014005784083981787
1623,68.95362194483441,2.51582912133974,7.107106133342984,69.299184,2.5085959,7.116753900000001,0.3531454186356443,0.1551949279886553,5,0.3455620551655869,-0.007233221339740137,0.009647766657017165
1624,73.2018512330405,2.083191397844868,6.451865966015502,73.3811148,2.1411657600000003,6.4111829,0.6483319153856336,0.1867777726159095,5,0.17926356695950574,0.0579743621551323,-0.04068306601550198
1625,70.01493837866144,2.347537657613488,6.879435544486586,70.230199,2.40373446,6.8927445800000005,0.6174460493938961,0.25771295170888153,5,0.21526062133855817,0.05619680238651181,0.01330903551341489
1626,68.71510487428779,2.668546201447304,7.3349158096013785,68.68406580000001,2.68374174,7.33567354,0.6204053404208686,0.2539103642624468,5,-0.031039074287775748,0.015195538552696064,0.0007577303986217032
1627,70.41004253005045,2.341903103915124,6.8312761400665085,70.3613188,2.33472146,6.8797748,0.47512199154769885,0.13677350148533302,5,-0.048723730050440395,-0.007181643915123992,0.04849865993349134
1628,68.79959406323302,2.620461382558336,7.2079836588832675,69.1080068,2.59324784,7.22844794,0.3407002522398576,0.12972365348819442,5,0.3084127367669822,-0.027213542558335746,0.020464281116732153
1629,74.27466824650864,2.2491214577792333,6.956090602059833,74.4069778,2.25861628,6.93682478,0.6941501726114682,0.3037298687884176,5,0.13230955349136764,0.009494822220766697,-0.019265822059832516
1630,71.48942520148695,2.5183598144045223,7.139159586533969,71.3266092,2.54378366,7.13649796,0.43266288100235106,0.12531355764468494,5,-0.1628160014869593,0.025423845595477612,-0.0026616265339693967
1631,68.53728487758517,2.696135285801418,7.501664470662713,68.946011,2.67985704,7.5325554,0.3645701486011577,0.21419269332121554,5,0.4087261224148335,-0.016278245801418123,0.030890929337286543
1632,70.0587717193554,2.4838506550136383,6.970672617123677,70.2076002,2.43329364,6.94208304,0.4692375713224243,0.29591824086197316,5,0.14882848064459608,-0.050557015013638296,-0.028589577123677046
1633,72.65189968514572,2.4881005965173912,7.26980348369425,72.866356,2.49825708,7.32340942,0.6217936570443506,0.2554589822953121,5,0.2144563148542744,0.010156483482608891,0.05360593630575039
1634,70.102410260842,2.441324978498273,7.178371626994415,70.18850599999999,2.49201692,7.19034822,0.3168493979273998,0.1479103827961143,5,0.08609573915798308,0.05069194150172729,0.011976593005584846
1635,67.8268200077701,2.85,7.805276140291397,68.001994,2.87404292,7.77332696,0.6721325257329924,0.1190227308929179,5,0.17517399222990093,0.024042919999999857,-0.03194918029139693
1636,75.30196388248142,2.2062028040920696,6.850003915194456,75.2611448,2.25957628,6.86458574,0.727506029671291,0.32488748861375083,5,-0.040819082481419855,0.05337347590793051,0.014581824805543597
1637,71.78694989586762,2.400146920177679,7.24649441652583,71.14095,2.39686502,7.2712065,0.516677277300056,0.28619647424372224,5,-0.6459998958676181,-0.0032819001776789314,0.024712083474169866
1638,69.66538721089687,2.60114117196926,6.995050207991414,69.6924402,2.60968412,6.96452,0.7028545908098549,0.1689515281626527,5,0.027052989103125924,0.00854294803073996,-0.030530207991414038
1639,72.09586690966724,2.4208092981903087,7.236805562691636,72.259176,2.435303,7.21038978,0.7303899618550405,0.18864009718874988,5,0.16330909033275987,0.014493701809691562,-0.026415782691636025
1640,74.29789652547264,1.992656124353124,6.402076767829591,74.2870578,1.9625284600000001,6.43715274,0.9642074177991402,0.31086649866467264,5,-0.010838725472638089,-0.030127664353123862,0.03507597217040903
1641,68.63079247065252,2.4738113211322084,7.236335320708287,68.512676,2.47000098,7.24594386,0.730093685427776,0.1839238012826523,5,-0.11811647065252373,-0.0038103411322083502,0.009608539291712681
1642,69.78347386692917,2.702933049485007,7.763821931659601,69.930398,2.72532086,7.72359774,0.6891613758262362,0.2019811509700642,5,0.14692413307082575,0.022387810514993056,-0.04022419165960134
1643,70.96179417206388,2.526361750294978,7.437525035628513,70.93893299999999,2.60374644,7.40467982,0.9582664646757271,0.4208119828397848,5,-0.022861172063883828,0.07738468970502232,-0.03284521562851328
1644,70.53108716562402,2.390908690653577,6.880347738766789,70.558188,2.39341854,6.87635944,0.4783564264810757,0.18682262802874164,5,0.027100834375985983,0.0025098493464228433,-0.003988298766788745
1645,69.07336340381059,2.563465386763526,7.0582712273536306,69.3060318,2.5418634,7.0501552599999995,0.42408061007798425,0.16179003113454715,5,0.2326683961894105,-0.021601986763525982,-0.00811596735363107
1646,67.65547505005102,2.6036670760757112,7.338278689440209,67.91253379999999,2.5736663799999997,7.32189848,0.3193208687410958,0.1874154714948716,5,0.2570587499489676,-0.03000069607571154,-0.016380209440209015
1647,73.33972617877237,2.119751878587276,6.664248364500482,73.2476948,2.1442145,6.69564372,0.700143212433973,0.1765037179073871,5,-0.09203137877236145,0.024462621412723706,0.03139535549951766
1648,70.16027975080432,2.396549363911221,6.922479788339598,69.804822,2.42670234,6.92686636,0.6711046212505934,0.2208479945851119,5,-0.3554577508043195,0.03015297608877887,0.004386571660401906
1649,67.51737500753912,2.7497786538073243,7.736933943787276,67.549915,2.7219393,7.7172257,0.5557504614455585,0.19282030603045677,5,0.03253999246088313,-0.027839353807324496,-0.019708243787276203
1650,70.801217385016,2.346418887959364,6.777998852113744,70.781402,2.36293736,6.764018039999999,0.7915265945260855,0.239012862637744,5,-0.01981538501600255,0.016518472040635945,-0.013980812113745245
1651,70.7298211719067,2.5766899845778,6.9686666108277775,70.6314122,2.5575660200000003,6.9747673599999995,0.5432576355485867,0.2179971532758616,5,-0.09840897190670717,-0.019123964577799857,0.006100749172222031
1652,69.03465297592443,2.590981814750692,7.182971484696668,69.01712,2.62616698,7.1716308,0.4354195624492137,0.1919365989152646,5,-0.01753297592442493,0.035185165249307815,-0.011340684696667935
1653,70.7176333873943,2.305187605487081,6.816264364748413,70.9754442,2.2575236,6.7702214,0.5814123795195771,0.162489634262964,5,0.2578108126056975,-0.04766400548708116,-0.04604296474841352
1654,68.41906463778551,2.7792838876731776,7.662255178038016,68.5224704,2.77607994,7.6018165799999995,0.6355074774397719,0.183606076287059,5,0.10340576221449282,-0.003203947673177776,-0.06043859803801688
1655,71.2834000259303,2.230537775021847,6.87510892911673,71.1804388,2.19745916,6.884293560000001,0.8789169007200165,0.238082222292238,5,-0.10296122593030077,-0.03307861502184695,0.009184630883270373
1656,71.43124900969734,2.364580795172337,6.841833659528037,71.8209614,2.3398372600000004,6.83998352,0.3320149003007125,0.13569918023454589,5,0.38971239030266247,-0.024743535172336628,-0.0018501395280372535
1657,70.4907059177181,2.5634804941352805,7.333669455150326,70.2992558,2.5953276,7.32318168,0.6143735109472763,0.204295152757037,5,-0.19145011771810516,0.031847105864719616,-0.010487775150325618
1658,72.2187589634943,2.239608321744784,7.157065706168638,72.43427799999999,2.26915212,7.08449184,0.9610218481577728,0.2637171458562629,5,0.2155190365056967,0.029543798255216025,-0.07257386616863748
1659,68.03662392213785,2.4558020804933784,7.07814919741527,68.0490032,2.4184183399999997,7.099698259999999,0.4803794570319103,0.21872887637115843,5,0.012379277862152094,-0.03738374049337878,0.02154906258472966
1660,68.44418250883851,2.536903385747559,6.945750987839642,68.593812,2.55698758,6.97796664,0.4778572211786457,0.2305994159274062,5,0.14962949116149105,0.020084194252441012,0.0322156521603576
1661,67.47975864513155,2.7582051372795577,7.6527735832822374,67.599272,2.76180086,7.633257120000001,0.4074116205383791,0.19358386011721276,5,0.11951335486844528,0.003595722720442396,-0.019516463282236884
1662,71.95758332286056,2.331005482329318,6.900955729124979,71.972137,2.33816064,6.889905279999999,0.6055822032281994,0.2483953519300189,5,0.014553677139446108,0.0071551576706818665,-0.011050449124979878
1663,71.09290663474262,2.015383413388865,6.528025045989052,71.27344500000001,2.0650665,6.47226014,0.6283981724264692,0.20699960306704446,5,0.18053836525739086,0.049683086611135074,-0.055764905989051705
1664,72.20470965259055,2.403506852295924,6.938787636923385,71.91704999999999,2.37377988,6.89251608,0.5632672025590546,0.3003234614892786,5,-0.2876596525905626,-0.02972697229592436,-0.046271556923384694
1665,71.81012395115896,2.447224912507663,6.935556475879329,71.76435219999999,2.48750826,6.9229498000000005,0.5460876669414774,0.19378591820749153,5,-0.04577175115896637,0.04028334749233675,-0.0126066758793284
1666,66.0,2.7559002337975285,7.543718963309425,66.018772,2.7507904,7.5518606,0.5695986932978121,0.1778196139579806,5,0.018771999999998457,-0.005109833797528385,0.008141636690575105
1667,69.17592451126603,2.57331394835389,7.417835857545077,69.332978,2.54855586,7.38907586,0.5058359147817684,0.22792984748139009,5,0.15705348873396474,-0.024758088353889818,-0.028759997545076743
1668,67.12770235581557,2.428921327677137,7.096869217755834,67.537837,2.43246718,7.10329694,0.4044124532907423,0.1372553132489387,5,0.41013464418442425,0.0035458523228633076,0.006427722244166212
1669,70.26615346009488,2.347029595260896,6.814508512993852,69.7169528,2.3914515,6.82660274,0.4368402688955674,0.15126970947521926,5,-0.5492006600948827,0.0444219047391039,0.012094227006148373
1670,72.74228469870309,2.187261241026167,6.815978227609406,72.33398500000001,2.17090034,6.73200398,0.8784788740624411,0.0820455040458562,5,-0.40829969870307536,-0.01636090102616672,-0.0839742476094063
1671,66.97501273009419,2.35056252214723,7.160945930382949,67.2168862,2.39588966,7.17398638,0.4748725641356953,0.19896958763002728,5,0.24187346990581204,0.04532713785276998,0.01304044961705042
1672,71.91895055257028,2.2652696161208654,6.823562112909468,71.7627228,2.2401045,6.754993659999999,0.6643733759361327,0.17096113719941938,5,-0.156227752570274,-0.02516511612086525,-0.068568452909469
1673,71.19490247182948,2.430251253721348,6.94095460200351,71.3487728,2.4456653,6.91566306,0.5793349586241084,0.22083071349005112,5,0.1538703281705267,0.015414046278651838,-0.025291542003509804
1674,75.33985905295013,2.0785182421171613,6.811800303831935,75.416983,2.07454728,6.7858959,0.9406534317185653,0.3824790096250229,5,0.07712394704986991,-0.003970962117161303,-0.025904403831934708
1675,66.427617334531,2.797801558544172,7.594277403719474,66.7596508,2.81601326,7.6046644400000005,0.6868632000373729,0.1936648119063157,5,0.3320334654689958,0.018211701455828067,0.010387036280526729
1676,70.32494649030835,2.28731976482856,6.474682890241555,70.718798,2.25915204,6.467086879999999,0.7389604332368845,0.1652964258161977,5,0.3938515096916575,-0.028167724828560115,-0.00759601024155554
1677,69.59235402868865,2.617013610515453,7.021772191109892,69.5984828,2.5927070199999998,6.99559928,0.501644189012944,0.19840619358677508,5,0.006128771311352921,-0.02430659051545314,-0.026172911109891395
1678,73.14527249654753,2.1440664987731064,6.503163245798618,73.3857392,2.1352764,6.50485438,0.934767662734495,0.2224028165865232,5,0.24046670345246923,-0.008790098773106436,0.0016911342013825603
1679,70.48633872041431,2.504886796207033,7.03930883075015,70.2420092,2.55963372,7.07299256,0.6841197567319968,0.29764517353702624,5,-0.24432952041431122,0.05474692379296675,0.033683729249850636
1680,69.03919634571592,2.733173580967226,7.333573314161195,68.86451600000001,2.72757364,7.31616494,0.8048006677784845,0.22979470216691844,5,-0.17468034571591318,-0.005599940967226047,-0.017408374161195006
1681,71.86370315499245,2.193561174487962,6.434198762964089,71.968258,2.1833205399999995,6.42400974,0.6586902344594002,0.21020871594047802,5,0.10455484500755574,-0.010240634487962641,-0.010189022964088856
1682,74.07864064992367,2.478200518205324,7.084893522657646,73.945322,2.49524442,7.091694819999999,0.7091843992623107,0.1929178692156091,5,-0.13331864992366604,0.017043901794675964,0.006801297342352797
1683,73.14358362327529,2.240646921256047,6.809630468728993,73.32067119999999,2.22307686,6.811280200000001,0.6390675349357176,0.20903760768640312,5,0.177087576724702,-0.017570061256046987,0.0016497312710077594
1684,70.84715218830624,2.459104886330356,6.777122647652962,70.2997538,2.4380507600000003,6.772932299999999,0.5579274312993279,0.197080140086187,5,-0.5473983883062346,-0.02105412633035586,-0.004190347652962778
1685,71.38515925334531,2.2933369020456955,6.770372776345285,71.4228808,2.2907687599999997,6.79332494,0.6765823323807277,0.2742980829724714,5,0.03772154665469429,-0.002568142045695776,0.022952163654714752
1686,71.63867641642142,2.272769699289989,6.629730311682228,71.97253359999999,2.27599484,6.614109279999999,0.6417689215654081,0.21883528781318037,5,0.33385718357857286,0.0032251407100112317,-0.015621031682228725
1687,71.67777931210681,2.555481600806388,7.34340156844897,71.624066,2.5817769200000003,7.29776588,0.479498058220431,0.10515625969863449,5,-0.053713312106808075,0.026295319193612166,-0.0456356884489697
1688,66.0,2.372375425725047,7.262367692327716,65.8654112,2.42631672,7.24968246,0.6438672811343749,0.20109727598610866,5,-0.13458880000000306,0.05394129427495287,-0.012685232327716456
1689,71.53884387829564,2.497810785282009,6.950377250744393,71.6079568,2.45644118,6.90793348,0.5470693156552859,0.16055025370109394,5,0.06911292170435956,-0.04136960528200895,-0.042443770744393206
1690,71.95604264988728,2.51968530740318,6.940668468507804,72.10468399999999,2.50188108,6.907977839999999,0.7832560785352853,0.29064606707259416,5,0.14864135011271173,-0.017804227403180217,-0.032690628507804576
1691,67.98907614848625,2.751137159941034,7.256965642486138,67.9438788,2.69907726,7.273898679999999,0.6457223142519484,0.23034545929407318,5,-0.045197348486254896,-0.052059899941033994,0.016933037513861215
1692,69.54455771662796,2.2974356524877417,6.517475230146816,69.3810362,2.32616668,6.5816074,0.7897520230035847,0.24187140140985502,5,-0.16352151662796643,0.02873102751225831,0.06413216985318382
1693,73.67817570577841,2.1997036699572554,6.855523449097437,73.2023442,2.21475448,6.867395499999999,0.7940764376311639,0.25301256272440453,5,-0.47583150577841593,0.015050810042744445,0.011872050902561604
1694,66.0,2.481040865694264,7.354809235447132,66.038033,2.47715882,7.31364264,0.9287661461754533,0.2144436760078094,5,0.03803299999999865,-0.0038820456942638693,-0.04116659544713208
1695,71.0462984435503,2.524634561340519,7.331079552197825,70.699731,2.5997511799999997,7.379566,0.6567398035537332,0.23821568110878272,5,-0.346567443550299,0.07511661865948094,0.04848644780217448
1696,70.2558196281566,2.440343477200601,6.844067193353806,70.235748,2.41769238,6.87070312,0.45779695427002387,0.1267977821897141,5,-0.02007162815660024,-0.0226510972006011,0.026635926646194186
1697,73.84424980271304,1.9877347863446595,6.847328747461836,73.747264,1.91834868,6.866698220000001,1.2997087086800287,0.49986857304054055,5,-0.0969858027130357,-0.06938610634465947,0.019369472538165233
1698,69.13696338302188,2.53392858879348,7.061131423924445,69.143174,2.53914274,7.06293062,0.5687399523881067,0.12954476172610574,5,0.006210616978123085,0.0052141512065198015,0.0017991960755550096
1699,68.7819346677558,2.4937155321746527,7.208291064811439,69.22198660000001,2.51265334,7.169574299999999,0.3247577949706472,0.18699803924239997,5,0.44005193224420225,0.018937807825347264,-0.03871676481143993
1700,67.7190319826095,2.6420093866710683,7.4566946503022935,67.9386652,2.66160246,7.48507388,0.378755256594578,0.20084287208675997,5,0.21963321739050912,0.019593073328931787,0.028379229697706343
1701,70.25959935291878,2.4558008783687386,6.746525330497677,70.2759404,2.43022508,6.70602686,0.5567378999546374,0.1301905868955601,5,0.016341047081212423,-0.025575798368738578,-0.04049847049767763
1702,72.17811172409874,2.4226138359624767,6.862055224304096,71.8482968,2.44282056,6.8724775,0.5347930550087713,0.16696465295718096,5,-0.32981492409874136,0.020206724037523216,0.010422275695903593
1703,72.04009982564729,2.516666316761361,6.895168968005383,72.16378,2.4792095,6.8991331,0.6550533557140988,0.2415035948986398,5,0.12368017435271383,-0.03745681676136092,0.003964131994616871
1704,71.61010469982615,2.4541383246062574,6.8470257869680164,71.9185172,2.44425098,6.8266881999999995,0.5277368233988534,0.14012173929972122,5,0.30841250017384425,-0.009887344606257287,-0.020337586968016907
1705,72.27169722880996,2.293988303774605,6.652317084166799,72.190881,2.2585497400000003,6.65229686,0.6938118320104916,0.134096711858199,5,-0.08081622880995099,-0.03543856377460486,-2.022416679903216e-05
1706,69.61905926471263,2.347215896197798,6.847612759294715,69.835748,2.40579176,6.82606686,0.42730475044150146,0.19214346948720307,5,0.216688735287363,0.05857586380220203,-0.021545899294714843
1707,74.12137771214923,2.3056248943662823,6.8286804958230976,74.447232,2.2893547599999997,6.84462046,0.5825367667197557,0.24370461126686424,5,0.32585428785077397,-0.01627013436628255,0.015939964176902244
1708,71.71265942959475,2.3135782770612563,6.82067602456006,71.590279,2.3672931200000003,6.8434452199999996,0.48148507322234996,0.24474678221797586,5,-0.12238042959475592,0.053714842938743956,0.02276919543993916
1709,69.06073742944405,1.9911549380043527,6.180247038360347,69.3540912,1.89771994,6.1567520799999995,1.248872259981304,0.4298972690644508,5,0.293353770555953,-0.09343499800435273,-0.023494958360347873
1710,68.62115067796037,2.396658571323734,6.714610159807094,68.6064562,2.3615147399999996,6.727958320000001,0.635784765926671,0.188894805939334,5,-0.014694477960375707,-0.03514383132373444,0.013348160192906633
1711,72.95618562064239,2.213642461283631,6.693835522763794,72.9375912,2.2236104599999997,6.7360623,0.8648742869425122,0.1776376840905995,5,-0.018594420642386922,0.009967998716368776,0.04222677723620638
1712,66.40653932252637,2.312094845754197,7.07967267184398,66.517158,2.27621164,7.085839699999999,0.9206825834895469,0.2783762149072169,5,0.11061867747362442,-0.0358832057541969,0.006167028156019327
1713,66.0,2.598673683377184,7.370738799654544,66.285706,2.60524328,7.323252399999999,0.3289362572620773,0.23214045386384768,5,0.2857060000000047,0.006569596622815865,-0.047486399654544265
1714,70.83519444604566,2.246495954285744,6.558492279187608,70.65491399999999,2.2250955,6.594763240000001,0.5277205122567786,0.2137816370146218,5,-0.18028044604567128,-0.021400454285743997,0.03627096081239234
1715,70.76736928016348,2.6325010067164225,7.1188203576624005,70.7002008,2.6507615,7.10899734,0.7844224936443198,0.1860196717168146,5,-0.06716848016347399,0.018260493283577706,-0.009823017662400346
1716,69.10952689621543,2.6526654519520942,7.484420694541522,69.218883,2.65936402,7.500413620000001,0.5842457548192691,0.3511552128006463,5,0.10935610378457739,0.006698568047905695,0.015992925458478524
1717,70.37914944672954,2.3367120984541425,7.387122359398495,70.5305008,2.33739128,7.34722704,0.7779806962381716,0.1976691395721083,5,0.15135135327045646,0.0006791815458573325,-0.03989531939849478
1718,70.63437279219333,2.425538682422027,6.718048965238927,70.509932,2.43630036,6.73746572,0.5891242843907651,0.17724234847785164,5,-0.12444079219332593,0.010761677577973305,0.01941675476107374
1719,67.90902948698798,2.484828531699177,7.073542709788183,68.0977808,2.47241392,7.09639166,0.42629795047927727,0.17987608527394444,5,0.18875131301201975,-0.012414611699176792,0.02284895021181743
1720,68.10897765087711,2.43508382091374,6.966418383688476,68.33491799999999,2.4111880599999997,6.96854584,0.4800677595944787,0.10685589610376063,5,0.22594034912287952,-0.02389576091374046,0.002127456311524334
1721,71.65843651527436,2.4445930527096853,6.936349055511423,71.871029,2.46764912,6.89944248,0.5820896522370389,0.19536923270590387,5,0.21259248472563286,0.02305606729031462,-0.036906575511422623
1722,68.15075083189018,2.601779929964352,7.020300239692655,68.170322,2.58528606,7.028330800000001,0.6856507691200908,0.23788795168940804,5,0.01957116810982029,-0.01649386996435176,0.008030560307346057
1723,73.80894921988914,2.028748538217864,6.600251539476264,73.802781,2.0558676399999998,6.61753418,1.0389161715488238,0.4343826808087316,5,-0.006168219889147508,0.027119101782135946,0.01728264052373607
1724,69.19659646951396,2.507581380720776,6.823911832534272,69.513273,2.5059542,6.811007999999999,0.7122807266638691,0.25621129210806176,5,0.31667653048603484,-0.0016271807207757227,-0.012903832534272297
1725,70.48897244313184,2.323012110483265,6.75673218872374,70.66130000000001,2.35778184,6.7758552,0.5619816637029234,0.1724477931798719,5,0.17232755686816859,0.03476972951673485,0.019123011276259483
1726,70.9041000612005,2.5895816776368448,7.119103538712691,71.01357440000001,2.5706005,7.1163799999999995,0.6172310382805467,0.13059799160343893,5,0.10947433879951518,-0.018981177636844926,-0.00272353871269182
1727,66.28560514947492,2.827682694141156,7.748939489408036,66.5338338,2.846385,7.75525126,0.7207179090068327,0.222628341029473,5,0.24822865052507836,0.018702305858844248,0.00631177059196375
1728,66.0,2.413104696734934,7.11265057536149,65.97354800000001,2.42006938,7.1533104,0.6274217460106435,0.2379908535579379,5,-0.026451999999991926,0.006964683265066274,0.04065982463850926
1729,69.7181807872996,2.484784310715468,6.858999186634032,69.7673128,2.4741202,6.8805377199999995,0.49531043629624955,0.17234452296508843,5,0.049132012700397354,-0.01066411071546769,0.021538533365967893
1730,68.60033077999857,2.550503556018531,7.29132649926475,68.7798,2.5000843,7.2248295,0.5235496650509394,0.17851855523984697,5,0.1794692200014225,-0.05041925601853103,-0.06649699926474995
1731,68.45519671558085,2.4435460671451468,7.136964756283215,68.6856048,2.4694612400000002,7.1588234,0.3818527854403523,0.20775036496531535,5,0.23040808441913896,0.025915172854853452,0.021858643716785586
1732,72.273748750842,2.025529204059908,6.279600283797079,72.4772898,2.0227934,6.29633746,0.7301996453798173,0.187584754816894,5,0.20354104915799098,-0.0027358040599083644,0.01673717620292159
1733,76.07458674394063,2.1095776839102016,6.415953050209906,75.9550078,2.10161454,6.42136706,0.7230871980169414,0.24209625546289115,5,-0.11957894394062407,-0.007963143910201698,0.005414009790094099
1734,71.88835887834382,2.510241847598439,7.177691513937004,71.3749452,2.51784322,7.187583200000001,0.6245563294539176,0.2702371128411953,5,-0.5134136783438237,0.007601372401560891,0.009891686062996286
1735,72.4717410646214,2.064672535519641,7.174904065652704,72.87391399999998,2.06713676,7.07189788,1.0577888746094408,0.251406513332802,5,0.4021729353785872,0.0024642244803589897,-0.10300618565270447
1736,68.0527191835761,2.520947324849028,7.113393036252068,68.097487,2.50384166,7.095516000000001,0.4554269013671582,0.19662680182205108,5,0.044767816423899376,-0.0171056648490282,-0.01787703625206749
1737,73.47507661248471,2.2053941315937267,6.686540308091535,73.6476732,2.26142282,6.68435774,0.5600850987744995,0.2265614648272148,5,0.17259658751528661,0.056028688406273286,-0.002182568091535053
1738,70.42788151658546,2.075047271120751,6.3844307331812535,70.0542128,2.09299326,6.39031838,0.7656285313711517,0.1841663761195193,5,-0.3736687165854562,0.017945988879249253,0.005887646818746539
1739,71.36732722489563,2.6235221057932647,7.04365366173374,71.119181,2.5708212799999997,7.0647819,0.6214386934496814,0.21408259065894608,5,-0.24814622489563476,-0.05270082579326507,0.02112823826626009
1740,70.46002591217281,2.3551088115902585,6.710100047900182,70.741679,2.37247842,6.715343079999999,0.47991159474084066,0.11094224017360521,5,0.2816530878271948,0.017369608409741666,0.005243032099817135
1741,70.57146155483076,2.223860093007609,6.628599799397451,70.20495,2.27773352,6.68445112,0.6990771984678925,0.1881943197408143,5,-0.36651155483076536,0.05387342699239106,0.05585132060254949
1742,73.41782744530943,2.2400005128658464,7.119279294558325,73.09318479999999,2.27476878,7.06243894,0.5389583753061161,0.27506006881820594,5,-0.32464264530943865,0.034768267134153596,-0.056840354558325146
1743,71.24359087578698,2.2655117540314413,6.579528890771924,71.27923439999999,2.26655734,6.624745219999999,0.485211494788519,0.21152996921595194,5,0.03564352421301464,0.0010455859685585267,0.045216329228075836
1744,67.94066318913376,2.667527082252306,7.317368828759927,67.9206908,2.62189412,7.31817058,0.3417419845767509,0.17474312919185758,5,-0.01997238913375554,-0.045632962252306175,0.0008017512400737559
1745,72.31633135635707,2.4435024776652745,7.1005874481861495,72.36949080000001,2.44604804,7.04140618,0.436175309106289,0.22408514659648943,5,0.05315944364294012,0.0025455623347254708,-0.05918126818614944
1746,71.93553237646762,2.295243930935784,6.796375463161081,71.889724,2.27673576,6.754752600000001,0.6891473614560714,0.1414535663011981,5,-0.04580837646761893,-0.01850817093578394,-0.04162286316108066
1747,70.94099508956712,2.473749931941341,7.079421131932003,70.788534,2.4811039,7.0508400600000005,0.2305701958171494,0.20282417751175646,5,-0.1524610895671259,0.007353968058658733,-0.028581071932002544
1748,77.71504444517075,2.159526357286484,6.735805183011925,77.2002182,2.14568008,6.73467572,0.9105981526665532,0.3626307039134665,5,-0.5148262451707524,-0.013846277286484021,-0.0011294630119245141
1749,74.55781259588335,2.083510955822056,6.841626237556058,74.4465452,2.07569726,6.87664636,0.9673612155808111,0.3347174664481705,5,-0.11126739588334544,-0.007813695822056044,0.03502012244394148
1750,71.22794590712142,2.585582972825875,6.830861246020828,71.29881800000001,2.50270948,6.857248780000001,0.5628562097901072,0.1362928809901913,5,0.07087209287858798,-0.08287349282587497,0.026387533979172595
1751,72.23979739696743,2.3033702302285866,7.031719696797704,72.032433,2.32324332,7.013346520000001,0.5883193145815263,0.2069717604105184,5,-0.20736439696743503,0.019873089771413444,-0.018373176797703117
1752,70.98652086189149,2.080302390894486,6.474791173473443,70.91653699999999,2.124733,6.492483300000001,0.6095896394670071,0.2392260990083906,5,-0.06998386189150096,0.044430609105513774,0.017692126526557495
1753,72.30596927542877,2.4176418638359585,6.950959107993957,72.0493048,2.36992104,6.979849659999999,0.3920271317494775,0.21551103116626952,5,-0.2566644754287637,-0.04772082383595855,0.02889055200604229
1754,69.04763981242053,2.475328472018697,6.863533289552369,68.879252,2.4516508999999997,6.87369454,0.5120850498015995,0.18292538286828725,5,-0.16838781242053358,-0.023677572018697468,0.01016125044763072
1755,71.5228173320158,2.2386302064389074,6.447068559404343,71.075008,2.2395498,6.4259982,0.6910835600558459,0.19382792523231002,5,-0.4478093320158081,0.0009195935610923911,-0.021070359404342653
1756,69.53422974563166,2.151845610230606,6.403539119015756,69.84318920000001,2.18164478,6.431786,0.7639793596055352,0.1723213693541197,5,0.30895945436834893,0.02979916976939423,0.028246880984243994
1757,71.85048289927529,2.643715478358609,7.148097932862958,71.78199099999999,2.64653198,7.201466259999999,0.7312000731545284,0.1633636632151145,5,-0.0684918992753012,0.0028165016413908006,0.05336832713704087
1758,67.11052065565231,2.5293114107420687,7.116661537584035,67.41539,2.52538254,7.06719668,0.5550176234586442,0.22304538051734252,5,0.3048693443476935,-0.003928870742068824,-0.049464857584034405
1759,76.27877141159821,2.006428035701532,6.964132569378082,75.9334302,2.02850094,6.9258690000000005,1.09800010105507,0.44001234480693163,5,-0.3453412115982104,0.022072904298467755,-0.038263569378081286
1760,68.91581691669109,2.5189381801112907,7.117967248622603,68.6776548,2.5501695,7.084967659999999,0.40272807495632346,0.2128020362623932,5,-0.2381621166910861,0.031231319888709308,-0.032999588622603326
1761,70.7163724296985,2.543240212489613,7.519272291807427,70.79697200000001,2.53548508,7.42042046,0.5769427318330765,0.23583798239139128,5,0.08059957030151566,-0.007755132489613015,-0.09885183180742718
1762,68.65657406027077,2.1544859589034093,6.609149823466696,68.959721,2.1616199600000003,6.597053560000001,1.1537499088723278,0.24235208551286452,5,0.30314693972923124,0.007134001096591014,-0.012096263466695234
1763,70.42149820654475,2.4996498918580565,6.732590578654259,70.3701628,2.46123068,6.7123386,0.5941873338598257,0.1269770440413676,5,-0.05133540654475155,-0.038419211858056634,-0.020251978654258984
1764,66.76149429669316,2.65831134095794,7.365289505503007,66.7222332,2.65305438,7.35829116,0.5264319663186041,0.25219657414588237,5,-0.03926109669315281,-0.005256960957940038,-0.006998345503006931
1765,68.20236911672289,2.6679335306924328,7.650175099354341,68.148056,2.61732578,7.5833451,0.5422889476369118,0.1883709421976238,5,-0.05431311672289496,-0.05060775069243295,-0.06682999935434086
1766,71.76783726382351,2.4719977391199945,7.051380977235452,71.494263,2.49015068,7.0689846,0.8497345255285553,0.366907421955801,5,-0.27357426382350525,0.01815294088000563,0.017603622764548632
1767,71.219676077673,2.42218234975242,6.811421801074909,70.954031,2.4381372,6.8500057,0.5521256882640788,0.172902475984056,5,-0.2656450776729997,0.0159548502475797,0.03858389892509084
1768,73.17449421309202,2.328149951196102,7.602900262061778,73.1788164,2.2559721,7.59755452,1.4187909073627387,0.4822166651868661,5,0.00432218690798436,-0.07217785119610198,-0.005345742061777514
1769,71.65118160330914,2.3417932131395403,6.733103983475938,71.42861020000001,2.3267919,6.7566076,0.3582366566246152,0.15643510589132448,5,-0.22257140330913217,-0.01500131313954034,0.023503616524061854
1770,71.42394550914707,2.3447173374083365,6.915341448582046,71.60598680000001,2.34416328,6.9305087400000005,0.5007097733060085,0.13666381672726188,5,0.1820412908529363,-0.0005540574083364724,0.015167291417954587
1771,70.93974492999267,2.522246926699361,7.169829758637246,71.0119772,2.55412982,7.171479,0.3929299077716894,0.1796314131136853,5,0.07223227000733345,0.0318828933006392,0.0016492413627533509
1772,68.69219564090466,2.85,7.727184463696764,68.8992034,2.80303868,7.72519348,0.6153288609568024,0.0859115438398378,5,0.2070077590953474,-0.046961320000000306,-0.0019909836967642036
1773,74.21644005723078,2.3052653716034475,6.817660376701906,74.170149,2.27774258,6.79993374,0.7502341460020846,0.323798277797585,5,-0.04629105723078908,-0.027522791603447505,-0.017726636701905996
1774,72.49298594588424,2.506644233600654,6.9705456305412365,72.0188272,2.4397715399999997,6.92279802,0.5065290388358973,0.1899523997184395,5,-0.4741587458842389,-0.06687269360065429,-0.04774761054123644
1775,74.32293011756106,2.354947266003762,6.880529453081979,74.36138,2.33791528,6.827943240000001,0.6284255379066009,0.2326372852487617,5,0.03844988243893965,-0.01703198600376199,-0.05258621308197853
1776,67.51647470434735,2.6814760312581964,7.422329777116964,67.779639,2.6343032,7.39187072,0.5375418783034129,0.1585914736503771,5,0.26316429565265764,-0.04717283125819627,-0.03045905711696406
1777,70.96217070423403,2.581886267395688,7.184468112824932,70.9858242,2.62043596,7.18707754,0.6047201497996388,0.1745134302592521,5,0.02365349576596998,0.03854969260431185,0.0026094271750674025
1778,70.24672184918491,2.160182341596399,6.704291712145087,70.241506,2.17889188,6.682951300000001,0.5016845277810108,0.22220095624758435,5,-0.005215849184907029,0.018709538403601123,-0.021340412145086418
1779,72.51622852549173,2.005023460047093,6.398807365727199,72.25417680000001,2.018551,6.380697039999999,0.6941880246197933,0.2173763120574125,5,-0.26205172549171607,0.01352753995290712,-0.01811032572719995
1780,68.93993510568022,1.9972721201627448,6.299496671078936,68.84324000000001,1.98918418,6.309563160000001,0.9833309922833507,0.24014410969113625,5,-0.09669510568021167,-0.008087940162744722,0.010066488921064654
1781,71.9234733044997,2.2903705333221054,7.006404390469383,71.63809979999999,2.2738972,6.95623234,0.6406129330859143,0.24878095628819258,5,-0.28537350449970234,-0.016473333322105432,-0.05017205046938322
1782,69.88898969637526,2.0913197935416754,6.692654440307744,69.86272,2.09744658,6.69778382,0.6500844124423377,0.21863614095894288,5,-0.026269696375265994,0.006126786458324762,0.005129379692255576
1783,70.7118921825399,2.2894682941531657,6.723230794934318,70.8613512,2.35031122,6.72727822,0.4700714130142744,0.1871726474275665,5,0.14945901746010293,0.06084292584683437,0.004047425065681232
1784,70.65651329168784,2.559264849103154,6.948389538758512,70.6963068,2.5105751599999997,6.94552116,0.5864884286086327,0.2150387570889069,5,0.03979350831215811,-0.04868968910315452,-0.00286837875851198
1785,70.94318330114916,2.543193071755816,7.148251842470854,71.1005972,2.57561724,7.00630666,0.8607271980414011,0.2864782615169316,5,0.1574138988508338,0.03242416824418415,-0.1419451824708542
1786,66.94786771325825,2.315317267642971,7.039068443441425,66.667498,2.35855032,7.0492948,0.6471665490653016,0.2222117903524612,5,-0.2803697132582528,0.04323305235702879,0.010226356558574956
1787,72.4543950724624,2.263385615668968,6.792129499984519,72.06387520000001,2.27802216,6.7863384,0.7047610538767962,0.25732013385826014,5,-0.3905198724623915,0.01463654433103212,-0.005791099984518766
1788,72.12028191165432,2.1519208099673026,7.163036187997994,72.32583819999999,2.23263098,7.145380919999999,0.7768859305333051,0.2753696452241779,5,0.20555628834567585,0.08071017003269754,-0.017655267997994883
1789,72.6993152887608,1.877172824784365,6.151145960099718,72.209104,1.8694266,6.15336172,0.9156871066975792,0.1487839790364637,5,-0.4902112887608041,-0.007746224784365152,0.0022157599002827766
1790,68.43626303600847,2.5257025400876176,7.160024523608383,68.63449800000001,2.53536114,7.1333617799999995,0.44501045840097114,0.2081208437938625,5,0.1982349639915384,0.009658599912382382,-0.02666274360838372
1791,67.72300056940304,2.010115971480884,6.289765952394018,68.6631388,1.96467494,6.29486792,1.1344062264762478,0.4109799600850922,5,0.9401382305969577,-0.045441031480883964,0.005101967605981805
1792,70.22878688363248,2.1785883673431794,6.7856524285413,69.9902144,2.20702216,6.77679188,0.6359655722013908,0.24043557243875763,5,-0.23857248363248118,0.028433792656820778,-0.008860548541299806
1793,69.64445219699745,2.084186640609329,6.352963716838507,69.735997,2.0931498399999997,6.36058986,0.911040704008126,0.1985203793596752,5,0.09154480300254875,0.008963199390670695,0.007626143161493459
1794,70.75380494429692,2.209930373787893,6.817260129904821,70.648944,2.2414164,6.811340200000001,0.5203298619916172,0.1824153110848819,5,-0.10486094429691661,0.03148602621210683,-0.005919929904820265
1795,73.3080259362363,2.11939696417436,6.252494986491845,73.554611,2.09554376,6.27578168,0.7948936165782207,0.26281958728132393,5,0.24658506376368905,-0.023853204174359988,0.0232866935081546
1796,69.24358780007576,2.674888239465362,7.163388674762603,69.5319482,2.66894948,7.16911754,0.8117997859112764,0.1978449609000666,5,0.2883603999242439,-0.005938759465361709,0.005728865237396796
1797,71.6562807227936,2.500960072670048,7.007799910164392,71.67742100000001,2.4887816000000003,7.036253820000001,0.6776325744347533,0.21925422708170866,5,0.021140277206413316,-0.012178472670047569,0.02845390983560847
1798,72.49357791626366,2.2978321007851363,6.685353545218592,71.975994,2.30297544,6.7041296,0.786095054703688,0.18459850070661338,5,-0.5175839162636606,0.005143339214863651,0.01877605478140776
1799,70.22001836598427,2.315367857599798,7.088944044803847,70.14353919999999,2.3834242,7.092701840000001,0.6281872997395773,0.24047296116189912,5,-0.0764791659842814,0.06805634240020186,0.0037577951961536016
1800,73.21888759742582,2.310694483855584,7.309864589849093,72.760301,2.3500894000000003,7.29316618,0.8994559781743,0.27273884667558895,5,-0.4585865974258212,0.03939491614441648,-0.01669840984909321
1801,73.71281642246012,2.155171449684945,6.674293606573324,73.647926,2.17106186,6.758788699999999,0.8189323202285419,0.2425253627610932,5,-0.06489042246012389,0.015890410315055004,0.08449509342667572
1802,71.97998918521523,2.478028495694365,7.029924437753932,71.980632,2.46500614,7.032798,0.540706503345048,0.20194419388574653,5,0.000642814784768575,-0.01302235569436494,0.002873562246067607
1803,70.69269468062461,2.478416149551558,7.280406517233419,70.65223499999999,2.44356544,7.29411118,0.5337165494626012,0.21760831301249167,5,-0.0404596806246218,-0.034850709551558,0.013704662766580888
1804,71.25292524022625,2.367128496064271,6.759849996844011,71.123933,2.3432579000000002,6.76626132,0.5574665779245768,0.1629039630336459,5,-0.12899224022625333,-0.023870596064270888,0.006411323155989024
1805,67.5603910988125,2.5137221313634504,7.049826488263688,67.6659712,2.5038736,7.037889680000001,0.536188465726063,0.25095698203413797,5,0.10558010118749905,-0.00984853136345043,-0.011936808263686594
1806,73.12069672343111,2.204660741616903,6.844550616282649,73.3739352,2.1849711,6.85102584,0.8732285823429049,0.3259563319722692,5,0.253238476568896,-0.01968964161690323,0.006475223717351319
1807,72.419042037006,1.8528813117846785,6.1207296945881415,72.72076200000001,1.8465070000000001,6.12766942,0.9010083753072319,0.23580255030782685,5,0.3017199629940137,-0.006374311784678399,0.0069397254118586105
1808,71.49869153636091,2.533865104339699,6.898521893033863,71.3936408,2.50809866,6.90121932,0.6076025373102159,0.19077324899414758,5,-0.10505073636090856,-0.025766444339699213,0.002697426966136618
1809,71.06495998829718,2.525304002207724,7.256782846675432,70.9888952,2.5300956599999997,7.216249240000001,0.5821763656092728,0.27050534046592084,5,-0.07606478829717389,0.00479165779227575,-0.0405336066754316
1810,70.4816415918714,2.660042690825357,7.163918319649262,70.2782708,2.66636738,7.1564944,0.8008938906759561,0.3022604492099935,5,-0.20337079187139295,0.006324689174642906,-0.0074239196492627
1811,68.6995456919043,2.4562900573196456,6.90959899370942,68.65202500000001,2.4363711,6.90576152,0.56369168203071,0.21313639907655416,5,-0.047520691904296086,-0.019918957319645436,-0.003837473709420003
1812,70.7384169297706,2.262975612163308,6.612279033395893,70.8845178,2.22598158,6.60753756,0.5467545416990632,0.20352652355821163,5,0.14610087022940377,-0.03699403216330799,-0.004741473395893259
1813,70.411825564615,2.532425855728182,7.031375928171208,70.2478162,2.53203916,7.02125278,0.5478389321629874,0.217144489115055,5,-0.16400936461499782,-0.00038669572818195164,-0.010123148171207852
1814,69.09959269407405,2.525720305576766,7.3478088305703775,69.2894312,2.5405161200000004,7.2608222,0.2063469553549997,0.21658494178206728,5,0.1898385059259482,0.014795814423234521,-0.0869866305703777
1815,70.50923304129907,2.363168488517688,7.299287098230481,70.585364,2.3819211,7.280791740000001,0.6800307115375477,0.1976691395721083,5,0.07613095870092934,0.018752611482311998,-0.01849535823048054
1816,72.76097452374341,2.313730676406393,6.960774449494894,72.48009119999999,2.2522870399999997,6.983896140000001,0.6243447783588459,0.20406563633432215,5,-0.2808833237434243,-0.0614436364063935,0.02312169050510615
1817,69.86208994969472,2.2779664044305714,6.55244515465,69.892425,2.25848908,6.529123180000001,0.7053679998498406,0.22088995147711596,5,0.030335050305282607,-0.019477324430571485,-0.023321974649999078
1818,72.06123551562732,2.500398093095884,6.8113640866816,71.89220800000001,2.47079052,6.810094739999999,0.608552557746483,0.2341105716700551,5,-0.169027515627306,-0.02960757309588402,-0.0012693466816005028
1819,70.23568849251858,2.582959883617767,7.008813542606508,70.202382,2.60141478,7.0183791200000005,0.6699164404279928,0.1727658849272785,5,-0.03330649251857665,0.018454896382232633,0.009565577393492397
1820,73.15146646311162,2.417235210881095,6.950747401125909,72.83734580000001,2.44523324,6.968554279999999,0.4550601979288701,0.2274221376871794,5,-0.31412066311160913,0.02799802911890481,0.01780687887409016
1821,73.57262430373426,2.1623955407405995,7.171648150059761,73.8980012,2.16922736,7.1999071400000005,1.041568511297747,0.43127777785519744,5,0.3253768962657375,0.006831819259400351,0.028258989940239232
1822,70.28970250564674,2.085972191944148,6.290709659770696,69.939178,2.0963371200000003,6.30579698,0.8110129732225981,0.24486690324317145,5,-0.35052450564674587,0.010364928055852207,0.015087320229303813
1823,68.84092886645338,2.581350443963905,7.174602479130742,68.982636,2.53054172,7.13638244,0.3768905442676975,0.17611532865556692,5,0.14170713354661757,-0.05080872396390479,-0.03822003913074212
1824,74.01182880772072,2.219546604812583,7.144476172960282,73.92758799999999,2.28199174,7.1235596999999995,1.028831380917604,0.33241486682158766,5,-0.08424080772073239,0.06244513518741712,-0.020916472960282206
1825,68.34278280203186,2.791200293450657,7.328768132705195,68.57224,2.7191657200000003,7.31923984,0.6554822738224408,0.20645775976469,5,0.2294571979681308,-0.07203457345065667,-0.00952829270519473
1826,77.221486909258,2.1145483586796088,6.95263270083228,77.34787200000001,2.13912264,6.93082682,0.94873155502864,0.3852055006364229,5,0.126385090742005,0.0245742813203913,-0.021805880832279634
1827,70.19219670873497,2.5778868323158624,7.2338691381757085,70.22593520000001,2.52882318,7.219631219999999,0.3958461636067019,0.24765856721640844,5,0.03373849126504069,-0.049063652315862516,-0.014237918175709297
1828,71.12552963940406,2.4018313825536013,7.433442050961882,71.091215,2.37505168,7.512044520000001,1.224922229716341,0.4626742659540913,5,-0.03431463940405877,-0.026779702553601403,0.07860246903811863
1829,66.82948194219856,2.1211658348751308,6.7546755586237,67.0949448,2.13484458,6.75704382,0.847739063959364,0.2320388417015736,5,0.2654628578014382,0.01367874512486944,0.0023682613762998628
1830,70.69403997751402,2.6492390330747564,7.406099796945807,70.7620228,2.63545332,7.3432960199999995,0.45111752698994534,0.140931912232853,5,0.06798282248597332,-0.013785713074756512,-0.06280377694580785
1831,70.30011838670903,2.263200862123771,6.786345820139838,70.673529,2.27434914,6.78426814,0.5093169522875146,0.221529069255872,5,0.3734106132909716,0.011148277876229074,-0.0020776801398376676
1832,69.2722765741259,2.477115125294351,6.938143262286123,69.608074,2.4755108800000003,6.9244255,0.6786061308842807,0.182098726550577,5,0.3357974258741052,-0.001604245294350548,-0.01371776228612287
1833,71.66345489684105,2.428580787445491,6.881057747232366,71.3791472,2.39585364,6.8855537600000005,0.45222399979413674,0.199738456739072,5,-0.28430769684104007,-0.03272714744549132,0.004496012767634561
1834,71.65290906624908,2.5055397751311954,6.920766541790854,71.772919,2.49532828,6.91083,0.6825952684472095,0.22236766767817512,5,0.1200099337509215,-0.01021149513119557,-0.00993654179085457
1835,68.00699798764597,2.418555865869596,6.9254618968842205,67.79425119999999,2.45256138,6.94486984,0.6814567182308495,0.24485689731051702,5,-0.2127467876459832,0.03400551413040409,0.019407943115779425
1836,67.2469792718859,2.6718335117329284,7.444267163344877,67.4255648,2.70135924,7.43025726,0.5327773913831865,0.1697881099802044,5,0.17858552811409822,0.02952572826707156,-0.01400990334487684
1837,75.19680985460869,2.1219194461080235,7.0741264515169835,75.460884,2.08572792,7.093461379999999,1.1574964580808662,0.3766575144374261,5,0.26407414539130514,-0.03619152610802345,0.019334928483015545
1838,73.81757274679217,2.268337158791322,6.6590912020625925,73.3538798,2.29722786,6.66079004,0.6057862860530122,0.23053372351025464,5,-0.46369294679216466,0.02889070120867787,0.00169883793740766
1839,68.46081438804637,2.769373503069092,7.572416185512678,68.7313152,2.7667103,7.523390879999999,0.6428391375805463,0.20710658112316233,5,0.2705008119536245,-0.0026632030690918462,-0.049025305512678585
1840,71.23585014791618,2.3778392413742733,6.877048078789029,71.5792558,2.3546625,6.822123240000001,0.46575712097687527,0.16685456056463932,5,0.3434056520838169,-0.02317674137427339,-0.05492483878902821
1841,71.86769479617689,2.3014027205706413,6.628504158492044,71.780728,2.25644296,6.611073360000001,0.5936191146650832,0.2600325214182862,5,-0.0869667961768954,-0.044959760570641105,-0.01743079849204321
1842,73.02241636345218,2.253501376375805,6.686678937831521,72.87915100000001,2.21476194,6.6361580799999995,0.6207444410766201,0.18185033454933494,5,-0.14326536345217278,-0.03873943637580535,-0.05052085783152105
1843,70.015155629221,2.510810960368441,6.932026881316699,70.3501602,2.5534221599999998,6.9767763799999996,0.5391599689954094,0.14182533973934372,5,0.3350045707790059,0.042611199631558794,0.04474949868330036
1844,71.99166953987492,2.2314266174887485,6.610701936332949,71.76014,2.18067472,6.66501536,0.8607179289523643,0.21170869354043206,5,-0.23152953987491287,-0.05075189748874864,0.054313423667051275
1845,69.5309303502906,2.2510376051172654,6.628936812002354,69.45325,2.21224858,6.638475699999999,0.7403768250633918,0.1881943197408143,5,-0.07768035029060627,-0.03878902511726556,0.00953888799764524
1846,69.99506868026903,2.4481006707280923,6.958578032263918,69.82373720000001,2.46302476,6.98449004,0.7302624480793247,0.18934486717015175,5,-0.1713314802690178,0.014924089271907803,0.025912007736081932
1847,68.77190643740565,2.206094266765142,6.564989225662214,68.8819328,2.1904332,6.58452254,0.7971190503710421,0.3427485123524215,5,0.11002636259435405,-0.015661066765142007,0.019533314337786045
1848,71.3146327020919,2.3226269498308967,6.736340290235619,71.025235,2.32677518,6.782813880000001,0.714110986303456,0.2185489482013066,5,-0.28939770209190385,0.004148230169103151,0.046473589764381984
1849,70.4583608385475,2.4709828303059,6.965554104439455,70.5328506,2.41540108,6.8997630999999995,0.3477401725200393,0.19878116964490994,5,0.0744897614524973,-0.055581750305899735,-0.06579100443945585
1850,68.71399325255588,2.491300190110957,7.170075057877031,68.914967,2.525466,7.18742766,0.6033244013177487,0.2518540783370585,5,0.20097374744412377,0.034165809889043164,0.017352602122969074
1851,70.92774533325469,2.611846026254693,7.132694291005049,71.10289,2.57674658,7.153055480000001,0.6619013610522637,0.2638010733511928,5,0.17514466674531093,-0.03509944625469297,0.02036118899495154
1852,68.03324574660508,2.488523384743221,7.225754147222193,68.0315392,2.55599212,7.1726583,0.5733704148963122,0.22952886582470122,5,-0.0017065466050780742,0.06746873525677888,-0.05309584722219274
1853,71.92800529677895,2.390241139182378,6.983736533261554,71.62946,2.3268306,7.024856300000001,0.6977522358803848,0.17825046348330953,5,-0.29854529677895414,-0.06341053918237805,0.041119766738446195
1854,68.15535931563424,2.713794140972135,7.466244498241418,68.1556022,2.69992826,7.4892980399999995,0.4249578624806496,0.19595965124675085,5,0.00024288436576114236,-0.013865880972134814,0.023053541758581986
1855,72.01406838202378,2.1952591584020897,6.528769866138281,71.9891078,2.18723678,6.592440399999999,0.8119343778489899,0.21098799050612072,5,-0.024960582023780375,-0.008022378402089636,0.0636705338617185
1856,71.81715934064677,2.2463105267089727,7.085768411910477,71.9312708,2.20241316,7.02857714,0.8254653321258459,0.3047809452869162,5,0.11411145935322509,-0.04389736670897282,-0.05719127191047679
1857,71.87656054466414,2.2678027727299,6.633897194424028,71.71313599999999,2.25983804,6.6570265399999995,0.6670002850939651,0.24904930635556627,5,-0.1634245446641529,-0.00796473272990017,0.02312934557597135
1858,70.07556246949831,2.4075887973016306,6.759142694597128,70.162916,2.37793086,6.771882100000001,0.5539156894501175,0.18521469068014143,5,0.08735353050168726,-0.029657937301630355,0.012739405402872883
1859,67.02439670148831,2.5035686639287618,7.185587790650795,67.3102614,2.50382458,7.218022260000001,0.3477173110474197,0.1788843331696039,5,0.2858646985116877,0.0002559160712380937,0.03243446934920602
1860,70.0767570799626,2.493036515226568,7.07118363306841,69.4682068,2.4547612,7.054812459999999,0.492090811630532,0.14677895527079016,5,-0.6085502799625999,-0.03827531522656802,-0.016371173068410627
1861,66.2318520202551,2.5065202353227627,7.403821655253038,66.46753600000001,2.50286702,7.3870425,0.5427272460219572,0.1976059316748617,5,0.23568397974490551,-0.0036532153227626374,-0.016779155253038525
1862,67.57625376569887,2.7837816401212496,7.213391236354189,68.058222,2.7508316,7.2523480000000005,0.8828021876728224,0.2960142752551434,5,0.4819682343011351,-0.03295004012124947,0.03895676364581124
1863,71.82395900404377,2.255306519290519,6.706346556912434,71.9398718,2.2691968,6.7009870000000005,0.5260472973866904,0.21548038297681163,5,0.11591279595623405,0.013890280709480951,-0.005359556912433838
1864,72.151698512223,2.225816134332942,6.853418700317418,72.21355220000001,2.3133854400000002,6.851986460000001,0.49544789265884115,0.18694317324093676,5,0.06185368777700262,0.08756930566705812,-0.0014322403174169551
1865,68.7424568371889,2.3900075067971382,6.991065619434783,68.980964,2.39606152,7.039781240000001,0.3375177781191261,0.16273309925024124,5,0.2385071628111035,0.006054013202861697,0.0487156205652175
1866,69.29960548140826,2.4243457783270097,7.035119583102029,69.236611,2.4140167999999997,7.06800662,0.639295466021853,0.2532197670887957,5,-0.06299448140826769,-0.010328978327009963,0.032887036897971456
1867,73.98334318062989,2.3949673450670983,6.746402407895583,73.865158,2.3643568200000002,6.750353079999999,0.6077299900313355,0.1891838002878161,5,-0.1181851806298937,-0.03061052506709805,0.003950672104416242
1868,71.89134351708047,2.2803420640217764,6.591382121703729,72.143722,2.2563684200000003,6.5653500199999995,0.72991934096574,0.26140028385704495,5,0.252378482919525,-0.023973644021776153,-0.026032101703729715
1869,67.06075791623873,2.38604816593578,6.958365710421079,67.495498,2.35517012,6.946170480000001,0.47027101492171236,0.2248629518540494,5,0.4347400837612696,-0.03087804593578003,-0.012195230421077952
1870,71.70133782712641,2.3908272710299503,6.885041081569087,72.138518,2.35173168,6.893640240000001,0.5022291387093296,0.1568499135359505,5,0.437180172873596,-0.039095591029950416,0.008599158430913967
1871,71.13409908829992,1.9784069403912543,6.450265643897245,70.891352,1.9897973399999997,6.409663159999999,0.7965783601871035,0.2022896282584,5,-0.24274708829992164,0.011390399608745438,-0.040602483897245634
1872,70.35723968894735,2.631010990383676,7.349767509772664,70.2614724,2.61111212,7.354262660000001,0.45905945016768845,0.1180088036812266,5,-0.09576728894734288,-0.01989887038367577,0.004495150227336708
1873,69.88588404147818,2.502692733254176,7.288107102443798,69.9440502,2.5200147,7.29552324,0.621285314650244,0.157894746234047,5,0.05816615852182849,0.017321966745823758,0.007416137556202074
1874,71.94776887779095,2.3779330773761216,6.755592417247691,71.53566699999999,2.44651814,6.7606348999999994,0.7797241466078609,0.22925716050224954,5,-0.41210187779095975,0.0685850626238782,0.005042482752308786
1875,74.99416861411731,1.918183782608703,6.15785282404145,74.930764,1.87177296,6.19730312,0.9425386063057312,0.32750002652756666,5,-0.06340461411731724,-0.046410822608702995,0.03945029595854965
1876,74.1165746082531,2.074683022395028,6.370990311292768,74.115039,2.10087034,6.415395739999999,0.8185753093987739,0.25048824989831137,5,-0.001535608253107057,0.026187317604972282,0.044405428707230854
1877,69.67392508893026,2.78391225353691,7.632319351639889,69.5680384,2.76515168,7.583163399999999,0.5925688757950174,0.1596456477355577,5,-0.10588668893025499,-0.018760573536910297,-0.049155951639889395
1878,69.50939655719635,2.686579310705222,7.347496289057841,69.4847188,2.6654705400000003,7.3374622,0.6380394146716041,0.196844726112891,5,-0.024677757196357675,-0.02110877070522177,-0.0100340890578412
1879,69.35585216697649,2.4211075276556944,6.8346835664874375,69.51288,2.45167014,6.87149522,0.45949455685026647,0.2124772471741095,5,0.15702783302350554,0.030562612344305684,0.03681165351256244
1880,72.23612235631349,2.4237653128451067,6.829687338809693,71.90990400000001,2.3880459600000004,6.84554636,0.4690327470859302,0.2401111123654974,5,-0.3262183563134755,-0.0357193528451063,0.015859021190307132
1881,71.48268395455345,2.4391058846983187,6.942528670314862,71.5501848,2.44965544,6.91867274,0.7202832776280285,0.26517802295550047,5,0.06750084544654555,0.010549555301681224,-0.023855930314861773
1882,68.86565367360697,2.160168667719608,6.826036130775874,68.76055,2.1743322,6.8384259400000005,0.5746449679303539,0.15709775710313895,5,-0.10510367360697614,0.014163532280391689,0.01238980922412658
1883,70.8426999401273,2.417519695899698,6.701011117849278,71.05762100000001,2.3689921800000002,6.7546535599999995,0.45155273128331236,0.18195985029834172,5,0.21492105987270804,-0.048527515899697615,0.05364244215072134
1884,70.84726807658248,2.578903402295639,7.487229203427664,70.7118448,2.55661754,7.531016060000001,0.8016518127369856,0.27037224686372296,5,-0.1354232765824861,-0.022285862295639003,0.0437868565723365
1885,66.53673215921334,2.779798267583488,7.552365096946313,66.948362,2.72531848,7.54004676,0.4066974404648168,0.21370469708320589,5,0.41162984078665943,-0.054479787583487926,-0.012318336946313124
1886,70.53028474411802,2.3927049585134474,7.105313042495462,70.17819879999999,2.4229065800000003,7.1004181399999995,0.5546477266228059,0.21001641254026424,5,-0.3520859441180306,0.03020162148655281,-0.004894902495462539
1887,67.25524666374248,1.9983086535988612,6.604141062205429,68.0712492,1.9835872,6.61058556,0.917294597631261,0.27912062293539025,5,0.8160025362575141,-0.014721453598861123,0.006444497794571014
1888,67.11511623961971,2.694650062201396,7.4085530120720735,66.6976452,2.6554667800000002,7.41756946,0.3678904796592111,0.19920108398711997,5,-0.41747103961971277,-0.03918328220139555,0.009016447927926663
1889,68.80602507415946,2.2688224251188664,6.698320349666422,68.71752000000001,2.2699967,6.715102160000001,0.5930610868542937,0.18688441147240628,5,-0.08850507415945685,0.0011742748811336412,0.01678181033357884
1890,68.4562931374392,2.3804417030639624,6.857573804354933,68.579171,2.4027412200000002,6.8271456,0.5316584269789423,0.18735450749312635,5,0.12287786256079869,0.022299516936037822,-0.03042820435493354
1891,69.8546944373752,2.557524204791657,7.13320588013824,69.93458480000001,2.57013534,7.1155635,0.4669971351310186,0.1863114571193683,5,0.07989036262480909,0.012611135208343338,-0.01764238013823949
1892,73.2505001933923,2.382932957277735,6.806159985234191,72.94175279999999,2.32939988,6.7721266600000005,0.6084163676146033,0.18069412843431878,5,-0.3087473933923093,-0.05353307727773515,-0.03403332523419067
1893,68.36956357957474,2.4703596080523504,7.063846778909801,68.5687106,2.52851478,7.0692965999999995,0.3706076680276699,0.11509756580014566,5,0.1991470204252579,0.05815517194764963,0.005449821090198093
1894,73.89770367193783,2.233459497128817,6.722339627979428,74.254341,2.24084294,6.691770239999999,0.5921329562411474,0.20269216080439278,5,0.3566373280621633,0.007383442871182755,-0.030569387979428875
1895,71.94529156155176,2.2223773540715315,6.637913431174612,72.283782,2.17813122,6.63749442,0.869603188228772,0.282250881483157,5,0.3384904384482468,-0.04424613407153144,-0.0004190111746114056
1896,71.14348046511275,2.537958721429509,7.23967982020401,71.2656912,2.5003295000000003,7.22238344,0.4694540800650505,0.20996127914889412,5,0.1222107348872612,-0.03762922142950886,-0.017296380204010475
1897,73.26717220549516,2.499142783820996,7.385758968234538,73.39783,2.48735294,7.2892493599999995,0.7526414240911316,0.20180090698214687,5,0.13065779450484172,-0.011789843820996015,-0.09650960823453847
1898,70.49666748772242,2.255867664397832,6.739192415913476,70.6250758,2.257375,6.74445094,0.4736491819310831,0.23795613924136463,5,0.12840831227758542,0.0015073356021679807,0.005258524086523941
1899,70.68384943036652,2.426693112927246,6.940749090681353,70.7235152,2.41650224,6.94778324,0.53458595801043,0.20561288745540934,5,0.03966576963347279,-0.010190872927246186,0.007034149318646321
1900,71.28939219811434,2.486152901724465,6.904460693463062,71.2963064,2.50776552,6.93618994,0.8955948944039644,0.33433732912997194,5,0.006914201885663829,0.021612618275534956,0.03172924653693787
1901,69.56011043806829,2.6855632543991024,7.662624853627731,69.1522,2.7123063600000004,7.6788478,0.6259840173589318,0.1412653664158881,5,-0.4079104380682992,0.026743105600897987,0.01622294637226851
1902,72.72172456897698,2.510767262390037,6.939973216659743,73.06302880000001,2.51671442,6.98177728,0.7507091062563247,0.2631790823330792,5,0.341304231023031,0.005947157609963227,0.041804063340257436
1903,70.70883356580187,2.2111185497749366,6.503785369163344,70.977738,2.19356678,6.501436099999999,0.5859733232758925,0.14387540342166094,5,0.26890443419813437,-0.017551769774936776,-0.0023492691633446583
1904,69.48191422771457,2.4967314962065967,7.105507465469927,69.667315,2.4764515,7.09511062,0.3919802154279668,0.203152990321848,5,0.1854007722854334,-0.020279996206596707,-0.01039684546992703
1905,70.38586597326507,2.4649400867520503,7.005710557625401,70.5379968,2.46415948,6.999622700000001,0.5225125912708983,0.1795121993653289,5,0.1521308267349326,-0.0007806067520501614,-0.006087857625399984
1906,70.72988362688191,2.5424600095502945,6.960448052371372,70.72736499999999,2.5171122400000003,6.929018999999999,0.6559961957561599,0.2344363650672749,5,-0.0025186268819226143,-0.025347769550294164,-0.03142905237137228
1907,69.3909362834028,2.8322602035095903,7.666755579990786,69.02367319999999,2.7802248599999997,7.689230220000001,0.586175381836404,0.13342666869817407,5,-0.3672630834028041,-0.052035343509590604,0.022474640009214397
1908,70.38380748612981,2.5174684799323286,7.048734201151701,70.5550338,2.54586206,7.037952200000001,0.4323495491571741,0.14582870963038003,5,0.17122631387019283,0.028393580067671564,-0.010782001151699916
1909,75.62625289885997,2.032850148647759,6.809285530994279,75.5341232,2.04818186,6.81134696,0.8425435611728697,0.211659976996536,5,-0.0921296988599778,0.015331711352241317,0.0020614290057210383
1910,67.8880921882277,2.284973877289424,6.8433314632245175,67.9863572,2.28989288,6.83677502,0.7436559478746614,0.23544756130624087,5,0.0982650117722983,0.0049190027105758816,-0.0065564432245173165
1911,71.8416221683112,2.3848404752833616,6.9302207941384975,71.74274319999999,2.3627977199999997,6.8982391000000005,0.4773653711538944,0.2143876052194508,5,-0.09887896831121168,-0.02204275528336197,-0.03198169413849694
1912,73.10197684374533,2.332607642803369,6.808197246778283,73.193164,2.31395852,6.840021519999999,0.5226652786180387,0.2404431753118923,5,0.09118715625466223,-0.018649122803369167,0.03182427322171577
1913,70.78645310437172,2.3124360609199988,6.922583969077077,70.74906519999999,2.31185274,6.93121208,0.48955657035985667,0.17689651089995778,5,-0.03738790437172668,-0.0005833209199987976,0.008628110922923149
1914,69.93666259876501,2.5046028110272527,7.32935492397881,69.80453299999999,2.53578652,7.2682132,0.3415767292903804,0.2168088807167566,5,-0.13212959876501884,0.031183708972747137,-0.06114172397881035
1915,72.22148737622638,2.34622578173094,6.913161957665655,72.361564,2.29853732,6.924738720000001,0.5530156613684856,0.1525720496628784,5,0.1400766237736235,-0.0476884617309401,0.01157676233434568
1916,70.93814702102429,2.0548954294553354,6.4427139309536186,70.372311,2.0639079600000003,6.4059314999999994,0.8461280394046305,0.214664222183672,5,-0.5658360210242961,0.009012530544664887,-0.036782430953619105
1917,67.70103871079866,2.3193970192791844,6.966498561709062,67.40325800000001,2.3446118599999997,7.00802578,0.5019955666556724,0.187657256869693,5,-0.2977807107986479,0.025214840720815257,0.04152721829093764
1918,71.57556169576864,2.2761328356629,6.7227999102119655,71.7465532,2.28097278,6.722111440000001,0.6736458122486083,0.134096711858199,5,0.17099150423135256,0.0048399443371001105,-0.0006884702119647201
1919,76.125594598234,2.1861112605317725,6.736994316698744,76.2077568,2.20917648,6.6982379199999995,0.8660323655521569,0.4418987184787582,5,0.0821622017659962,0.023065219468227482,-0.03875639669874431
1920,69.17392358946014,2.7588925423271355,7.316501477978808,69.637384,2.71543176,7.332406000000001,0.6478130945260724,0.2483283467301975,5,0.4634604105398523,-0.04346078232713557,0.015904522021192413
1921,66.78857936557495,2.1032816366466927,6.773692269853713,67.000418,2.1011167200000003,6.79373236,0.9100248095522601,0.2767586865257498,5,0.21183863442504958,-0.002164916646692383,0.020040090146286715
1922,69.24254571445108,2.4657975139547865,7.146498302069891,69.303404,2.534968,7.135954960000001,0.3078960189611218,0.1551949279886553,5,0.06085828554891748,0.06917048604521359,-0.010543342069889938
1923,72.23481497212005,2.3685432261793107,7.140440494109737,72.50466300000001,2.41357384,7.12788762,0.4487427772397664,0.20240349523046758,5,0.2698480278799593,0.04503061382068951,-0.012552874109736933
1924,68.431668087223,2.4372233178351395,7.197840107444487,68.457892,2.4760366,7.23233384,0.2626075262310329,0.19029116790841707,5,0.02622391277699876,0.038813282164860574,0.03449373255551258
1925,69.44987366283002,2.481132186773948,7.013766805228274,69.22797399999999,2.4778238999999997,7.011174800000001,0.3504010477798569,0.10646647679200497,5,-0.22189966283002605,-0.0033082867739482325,-0.0025920052282728534
1926,67.9831162702043,2.126071566737405,6.570865485911506,68.582364,2.0851870999999997,6.55902708,0.8260503705287278,0.2442146297039795,5,0.5992477297956924,-0.04088446673740531,-0.0118384059115062
1927,68.99879282379494,2.480132424344001,7.097825168001167,69.05066000000001,2.49523014,7.099352400000001,0.4615957516072203,0.1960057982645035,5,0.051867176205064425,0.015097715655998822,0.0015272319988337557
1928,68.09603508334057,2.753019023472711,7.310605036357645,68.1452996,2.7646317799999998,7.32295642,0.8668202673336938,0.2839896143500623,5,0.04926451665943432,0.01161275652728877,0.012351383642354996
1929,67.23416243710399,2.464267281940681,7.100978311482703,68.204847,2.3907881200000003,7.0316463,0.5378402195489682,0.20050725280756812,5,0.970684562896011,-0.07347916194068072,-0.06933201148270296
1930,70.94102909849026,2.6742753003061863,7.045709137902639,70.88245900000001,2.57826762,7.0868566799999995,0.6564002090183143,0.18235287149417084,5,-0.05857009849025019,-0.09600768030618623,0.04114754209736038
1931,66.0,2.85,7.735186778274937,65.3082722,2.84758038,7.727750299999999,0.6275224620158423,0.2570526181433721,5,-0.6917277999999953,-0.0024196199999999557,-0.007436478274937208
1932,70.09372795500782,2.225446895650022,6.741866750073636,69.9569862,2.2119140600000002,6.7795219200000005,0.5056078821917168,0.1759884257633741,5,-0.1367417550078187,-0.013532835650021724,0.03765516992636453
1933,69.90125727313276,2.278560273471499,6.489331080192703,69.527908,2.26296612,6.507997779999999,0.7128903536605034,0.17960757791818566,5,-0.3733492731327601,-0.015594153471498728,0.018666699807296183
1934,73.45802946299962,2.138297153888767,6.429252220955104,73.113456,2.1091740999999997,6.4172158999999995,0.7321307721755405,0.14958363613279824,5,-0.34457346299961955,-0.02912305388876746,-0.01203632095510443
1935,70.27641713107822,2.364232091980274,6.785498715411097,70.50343699999999,2.35104698,6.791403099999999,0.40493573596235966,0.1453220128460387,5,0.22701986892177217,-0.013185111980273945,0.0059043845889021895
1936,77.29926566163986,1.857342377405629,6.428739549012032,77.396595,1.90218126,6.46350506,1.012325496310793,0.3287751535258919,5,0.09732933836014013,0.04483888259437108,0.03476551098796854
1937,72.36497821680456,1.8909444747938253,6.161816260049176,72.3135622,1.95100338,6.1523086,0.851534449622984,0.1609118565582057,5,-0.0514160168045521,0.06005890520617463,-0.009507660049176359
1938,69.53370957603836,2.594913509640667,7.370143794128849,68.9933438,2.5831603000000003,7.40641696,0.4377604122421805,0.22116706449144297,5,-0.5403657760383567,-0.011753209640666729,0.036273165871151036
1939,70.63577636575806,2.3230733953464826,6.765113680340702,70.72643479999999,2.31654692,6.76333492,0.4897152543368318,0.1421845610720712,5,0.09065843424193076,-0.006526475346482652,-0.0017787603407022345
1940,69.70110097323062,2.668899840380113,7.488790814403201,69.76261400000001,2.6947992,7.491614459999999,0.5955319319166675,0.22135148943486,5,0.06151302676938997,0.025899359619886653,0.0028236455967984853
1941,69.8510388837031,2.5180763650577265,7.156363343040643,69.683884,2.5140794,7.13603308,0.2650122656474716,0.16705640487482604,5,-0.16715488370309117,-0.003996965057726509,-0.020330263040643004
1942,72.2661951134234,2.549259752783911,7.245736853439371,72.3031738,2.51722216,7.17425176,0.9219723909754712,0.2371687691673347,5,0.03697868657660308,-0.03203759278391072,-0.07148509343937093
1943,70.31873105420571,2.4549216196567536,7.130176687715499,70.59001420000001,2.49874834,7.185000959999999,0.46868582252016433,0.2390274314011703,5,0.2712831457942997,0.04382672034324653,0.05482427228449982
1944,73.65163702687674,2.148614611693929,6.5655635717211265,73.498007,2.15199644,6.5442599999999995,0.751666584117646,0.23125052857890002,5,-0.15363002687674054,0.003381828306070922,-0.021303571721126957
1945,72.62337510081437,2.303405929929028,6.687916197677562,72.490711,2.31226726,6.68957422,0.5151911971379869,0.23748154814508077,5,-0.13266410081436675,0.008861330070971896,0.0016580223224380575
1946,69.88650462677516,2.518572922537344,6.950013430270689,70.0190648,2.49775238,6.93043696,0.5076278683486937,0.15561752795798178,5,0.1325601732248316,-0.020820542537344,-0.019576470270688873
1947,70.42501191448514,2.7343850730995065,7.475752123587528,70.6281452,2.6972162400000004,7.47196604,0.6042918419203379,0.1518413211174558,5,0.2031332855148662,-0.03716883309950614,-0.0037860835875278553
1948,73.30280486786036,2.0705223735147045,6.319055327802117,73.10217279999999,2.07561376,6.3452886,0.6427663883540545,0.2050289656968715,5,-0.20063206786036858,0.0050913864852955015,0.026233272197883295
1949,69.59583309322352,2.2412676099612896,6.630838038758013,69.47658200000001,2.2078625599999997,6.63765114,0.5871235917757803,0.16055433703517968,5,-0.1192510932235109,-0.0334050499612899,0.006813101241987418
1950,70.8660666702624,2.5213935212249656,7.605935663329282,70.865518,2.54318424,7.606624999999999,0.8108514182593307,0.2259205463337984,5,-0.0005486702624040163,0.021790718775034357,0.0006893366707174664
1951,73.84244855237381,2.4702662676652385,7.113404530519057,73.8007192,2.45398514,7.0906511199999995,0.7944413993095438,0.291147868921586,5,-0.041729352373806705,-0.016281127665238593,-0.02275341051905766
1952,70.7449862349453,2.325619873081486,6.499659842996214,71.4584758,2.26850986,6.48071954,0.6597984068815872,0.2551369347347916,5,0.7134895650547008,-0.05711001308148589,-0.01894030299621363
1953,70.26525176265208,2.193163679539333,6.667334920247738,70.59301500000001,2.19492354,6.683521260000001,0.5606710251088328,0.21007714372171157,5,0.32776323734792356,0.0017598604606670065,0.016186339752263024
1954,69.0420826209456,2.236585867450397,6.719040082284161,68.946566,2.22427694,6.71675748,1.030890449859288,0.2603029947895087,5,-0.09551662094560243,-0.012308927450396911,-0.002282602284161328
1955,71.1361996837739,2.3465726424372777,7.038134762968388,71.31120419999999,2.41050486,7.068211720000001,0.5644906863994943,0.20887887378169792,5,0.17500451622609603,0.06393221756272238,0.030076957031612395
1956,72.41674289812177,2.508664622100412,7.295110902962113,72.0182742,2.53347836,7.29743014,0.7177130698120859,0.24019698386553617,5,-0.3984686981217749,0.024813737899588073,0.0023192370378870564
1957,71.71571472597705,2.2406473594367484,6.6304028322281,71.51099400000001,2.24151064,6.63224214,0.5295427514584274,0.20015211054707432,5,-0.20472072597704027,0.0008632805632515783,0.0018393077718998896
1958,69.36011990380648,2.576416103711112,7.032617791125366,69.777809,2.5408649,7.03239262,0.5791272673762677,0.1277391720382095,5,0.4176890961935271,-0.03555120371111231,-0.0002251711253657973
1959,67.5479128078526,2.7257484201731828,7.501060651076007,67.806534,2.71756748,7.48418472,0.349868258369149,0.19402014117899208,5,0.25862119214740176,-0.008180940173182716,-0.016875931076007156
1960,78.0467121781102,1.9762409969841879,6.687046226660938,77.744673,1.9804410000000001,6.6656732199999995,0.9480375243423712,0.41077412783905576,5,-0.3020391781101921,0.004200003015812248,-0.02137300666093811
1961,71.54056021787191,2.592248338332491,7.024149014222312,71.7864736,2.57493296,6.98125386,0.740134338738457,0.1847680276031986,5,0.24591338212808012,-0.017315378332491083,-0.04289515422231194
1962,71.00207399613632,2.180674566435344,6.531299730535935,70.97632180000001,2.18510834,6.497960019999999,0.8295832879622844,0.2336174436145071,5,-0.025752196136309635,0.004433773564656018,-0.03333971053593565
1963,72.70770299125569,2.577879755600199,7.240627888048904,72.6389956,2.58751226,7.2536220600000005,0.6447632561364427,0.21007708848299292,5,-0.06870739125568548,0.0096325043998009,0.012994171951096867
1964,71.7168035274375,2.2776080323743235,6.617496542350013,71.55474000000001,2.26294266,6.6305296799999995,0.46665263341644375,0.19479629652484093,5,-0.1620635274374962,-0.014665372374323304,0.013033137649986593
1965,74.36766132152736,2.205316174409235,6.706503505503806,74.6223488,2.1449300399999998,6.6953536,0.7862438614070261,0.32541157642676105,5,0.25468747847263273,-0.060386134409235126,-0.01114990550380579
1966,70.79741774722883,2.3613227898371307,6.869038332580227,70.82789319999999,2.3579775599999997,6.8644504,0.3707963996345939,0.205279390303639,5,0.030475452771156597,-0.0033452298371310363,-0.004587932580227161
1967,70.77395910787,2.2408828522238133,6.582916368443454,71.09911600000001,2.25363426,6.6215838399999996,0.499254234295587,0.18391782649762803,5,0.32515689213001053,0.012751407776186774,0.03866747155654515
1968,71.3881341746944,2.2608870747691947,6.667914736668996,71.630803,2.30552368,6.669265,0.540239177615338,0.1285460365848891,5,0.24266882530559997,0.04463660523080515,0.0013502633310045198
1969,69.7645440073721,2.299922278280434,6.678544994700784,70.372233,2.3770149199999997,6.6913665600000005,0.5964961185572927,0.13613988103650487,5,0.6076889926278994,0.07709264171956587,0.012821565299216076
1970,69.34213480871307,2.643918514633964,7.319882939713144,69.326954,2.64663748,7.35539158,0.2745609553591574,0.1763599307089264,5,-0.015180808713068927,0.002718965366035775,0.03550864028685563
1971,70.58018293386314,2.4634343622230634,7.0151450630425725,70.566093,2.47108968,6.985277460000001,0.4431169633659541,0.19146153089499035,5,-0.014089933863147053,0.00765531777693651,-0.029867603042571744
1972,70.43669614844674,2.598856602055604,7.083572152057092,70.41008,2.5473224,7.07133832,0.3578927733314989,0.2116385581265674,5,-0.026616148446748866,-0.051534202055603995,-0.012233832057091831
1973,72.84094299458897,2.522973050292705,6.881539955765322,72.769939,2.47405826,6.875565399999999,0.6499041732880038,0.2593217983931701,5,-0.07100399458897755,-0.04891479029270496,-0.005974555765322798
1974,71.20306990629605,2.345009332446616,7.1266342453822515,71.6444068,2.30128048,7.06477426,0.745936002397411,0.3022922601534312,5,0.4413368937039479,-0.04372885244661617,-0.06185998538225146
1975,70.41789599750247,2.672690842214954,7.239463283676696,70.3458598,2.59217948,7.2717160000000005,0.449246740461977,0.17714737504131345,5,-0.07203619750247015,-0.08051136221495403,0.0322527163233044
1976,67.85223195585021,2.4695618891295203,7.29598373658303,67.2941032,2.4716991800000003,7.34466214,0.3827806401049574,0.2087855999822553,5,-0.5581287558502197,0.00213729087047998,0.04867840341696983
1977,71.37492258293538,2.5563503335103457,7.05605890986034,71.41447000000001,2.4805581,7.04821558,0.2650096493413599,0.20779119796829976,5,0.03954741706462528,-0.07579223351034559,-0.007843329860340198
1978,70.730244824644,2.400822203487463,6.909057038486013,70.83725,2.3995418,6.909157980000001,0.6186971606923697,0.17541400167234306,5,0.10700517535599374,-0.0012804034874629444,0.00010094151398742923
1979,68.81961401771404,2.501539716133612,6.891840327001196,69.1472532,2.42719006,6.877759899999999,0.505837025915451,0.19188462474708531,5,0.32763918228594946,-0.07434965613361211,-0.014080427001196938
1980,68.28421034801168,2.487364077346893,6.991973077533991,68.569952,2.4947117800000003,6.990034660000001,0.8223558770632602,0.18219387844508655,5,0.28574165198831736,0.0073477026531074685,-0.0019384175339904886
1981,68.81941452539276,2.756456990372663,7.2449984206794635,69.1404368,2.72769154,7.263894720000001,0.7573546221449584,0.1958160781190322,5,0.32102227460724464,-0.028765450372663093,0.018896299320537047
1982,74.26341782711346,2.386442700201118,7.185318377207258,73.893614,2.43700524,7.189488819999999,0.7993237843219226,0.20180090698214687,5,-0.36980382711345783,0.05056253979888181,0.004170442792741369
1983,73.42237473133927,2.536545793892495,7.154763933831925,73.3487978,2.50452968,7.191399420000001,0.7134949119562602,0.1614996241627062,5,-0.07357693133927512,-0.032016113892495035,0.03663548616807599
1984,76.40083771545149,1.8690468845667163,6.568469249730343,76.1102382,1.9223906,6.588008759999999,1.0581187924112403,0.4152044997737835,5,-0.29059951545148976,0.053343715433283645,0.019539510269655835
1985,68.64820902256359,2.2422794988012704,6.826385915290695,68.6665092,2.2511014,6.821392660000001,0.6882142099547119,0.20547627634038834,5,0.018300177436401555,0.00882190119872961,-0.004993255290694165
1986,72.5256114233829,2.2325970285131267,7.035420682381622,72.2398328,2.2268139400000004,7.0423171,0.8139294957985046,0.1582147406296953,5,-0.28577862338289606,-0.0057830885131262555,0.0068964176183783366
1987,74.56379495637647,2.271718227402105,6.8150280369783784,75.077035,2.23709776,6.81824434,0.7006697372571196,0.2441904319356824,5,0.5132400436235258,-0.03462046740210489,0.0032163030216212363
1988,69.98253607784353,2.3811233327396684,6.829171348860207,70.100913,2.36617164,6.81186862,0.6539868045496875,0.23805881223069852,5,0.11837692215647166,-0.014951692739668232,-0.017302728860206784
1989,73.66919988459281,2.147145751782147,6.376328987522732,73.445938,2.11131402,6.383495760000001,0.7631333482333484,0.22906721025799842,5,-0.22326188459281582,-0.035831731782146825,0.0071667724772686014
1990,70.81738565801788,2.0353075042930486,6.427215839205944,70.945487,2.08151742,6.424099920000001,0.82177284456442,0.1911489081342526,5,0.12810134198211642,0.04620991570695132,-0.0031159192059435625
1991,70.12789255046552,2.5029485280638264,6.793766350496291,69.941317,2.45314634,6.80331578,0.5334898239545866,0.2664157363077296,5,-0.18657555046551977,-0.049802188063826414,0.00954942950370885
1992,66.20428132746036,2.5293821967581893,7.412779258738977,66.32282599999999,2.56801192,7.400345199999999,0.8021099524912472,0.19009003393165907,5,0.11854467253962753,0.03862972324181069,-0.01243405873897796
1993,69.0114411090565,2.553356696331049,6.997431910249196,69.3691156,2.55770348,7.0057576,0.5149385921681677,0.1810051058968905,5,0.357674490943495,0.004346783668951026,0.008325689750804166
1994,75.06923216390196,2.045515016263819,6.557882878398121,75.0129724,2.0584181999999998,6.543341839999999,0.9900500075037136,0.2589948527236866,5,-0.056259763901962856,0.012903183736180601,-0.014541038398121486
1995,70.80158252096403,2.2158381823042506,6.5811801662552485,71.2079916,2.24622264,6.6156228,0.4889438845746005,0.1748706072956221,5,0.4064090790359671,0.03038445769574949,0.034442633744751205
1996,66.0,2.614585287947043,7.4219239195234765,64.70856979999999,2.61622398,7.3381807199999995,0.6328415668568975,0.3363093377383424,5,-1.2914302000000077,0.0016386920529569693,-0.08374319952347697
1997,66.59348001090257,2.6399359461078977,7.3202473229258915,66.85273,2.61708098,7.30364814,0.339770401575502,0.1696499401996181,5,0.2592499890974267,-0.022854966107897834,-0.016599182925891576
1998,66.0,1.947443466633573,6.553380775583825,66.3062488,1.9569636400000001,6.658330620000001,1.10208856065176,0.33965327500216763,5,0.30624880000000587,0.009520173366427187,0.10494984441617561
1999,70.80824944712371,2.209380911335095,6.459794955659109,71.005416,2.20929324,6.490168560000001,0.6488065210276849,0.19904720488801603,5,0.1971665528762827,-8.767133509479663e-05,0.03037360434089198
