sample_id,FAR,SD,AF,AR_ew,AR_ns,SVF,BD,OSR,SC,PAR,theta,OSLI,EUIt,EG,H,weather_station,simulation_mode
0,2.1354166666666665,34.125,10.695652173913043,1.2611721798146776,2.571551205654194,0.6279063423590228,0.1996527777777778,0.3747967479674797,0.6011723035649021,0.13422253146067206,-28.70342116673138,5.0,70.46035147806076,2.356963401453612,6.790917166284314,"Dongtai, Jiangsu",fallback_analytic
1,1.4149305555555556,26.25,6.52,0.6421900090191037,1.8545000013359587,0.6705837884746864,0.2170138888888889,0.5533742331288344,0.7019546749793157,0.12175354670786373,-17.356097912998074,7.0,69.06871163540659,2.7067142634728056,7.452923754312093,"Dongtai, Jiangsu",fallback_analytic
2,2.1354166666666665,44.25,10.695652173913043,1.7091389257023513,2.388889270265945,0.6172941499390459,0.1996527777777778,0.3747967479674797,0.6062357723577235,0.12295652173913044,40.483838798106206,7.0,71.80193074601375,2.3362206349930905,6.710602219085262,"Dongtai, Jiangsu",fallback_analytic
3,2.1527777777777777,36.375,11.272727272727273,0.7135013699192916,2.2187161566588363,0.6343085211590971,0.1909722222222222,0.3758064516129032,0.6119315806700789,0.13011632326353312,0.7783379514821007,6.0,67.46992612123992,2.518704435486773,7.384269998689267,"Dongtai, Jiangsu",fallback_analytic
4,1.4409722222222223,32.625,6.64,0.6661305628163314,5.376460601962436,0.4937477422977382,0.2170138888888889,0.5433734939759036,0.6958674698795181,0.11736,-21.917375355282545,4.0,76.23579663266031,2.141376314762365,6.574870988035029,"Dongtai, Jiangsu",fallback_analytic
5,1.6927083333333333,52.5,8.478260869565217,1.1631927092783596,1.558510486839313,0.6723471499330708,0.1996527777777778,0.4728205128205128,0.6450074394324362,0.13810425128236184,38.517119515422706,5.0,69.40397268785048,2.5527065468534897,6.944485082291167,"Dongtai, Jiangsu",fallback_analytic
6,1.8923611111111112,39.0,9.478260869565217,0.75667757002605,1.4736184189933126,0.6920034382170032,0.1996527777777778,0.42293577981651376,0.6098946422301815,0.1208938744259882,8.996703897916667,7.0,66.4831984979465,2.7473766974527734,7.570828673702016,"Dongtai, Jiangsu",fallback_analytic
7,1.7361111111111112,41.625,8.333333333333334,1.111774435994085,2.034929254636567,0.6149651857081071,0.20833333333333334,0.456,0.6423616900849689,0.12839493523525106,33.265934505280384,6.0,70.43783101988224,2.5195454895230305,6.975590638804856,"Dongtai, Jiangsu",fallback_analytic
8,1.9704861111111112,44.625,9.08,1.6467060793661021,1.7465131679060244,0.5647226189980039,0.2170138888888889,0.3973568281938326,0.6410809252122174,0.12621913782584102,44.06164045620869,1.0,72.38890009083184,2.1972904278321237,6.356394235047727,"Dongtai, Jiangsu",fallback_analytic
9,1.6145833333333333,55.125,7.153846153846154,1.0856277254884434,2.1085656065442198,0.6723017111631379,0.22569444444444445,0.47956989247311826,0.6824470969403107,0.11960917952679205,37.67352794791299,8.0,71.08728557694256,2.596154640401164,7.13713429067832,"Dongtai, Jiangsu",fallback_analytic
10,1.7100694444444444,25.875,8.208333333333334,1.127161713572718,1.339401741855677,0.6071707951161975,0.20833333333333334,0.46294416243654823,0.7161248429768035,0.15778314829119353,27.824491302999405,3.0,69.04982148645375,2.507311396671616,6.963066708776807,"Dongtai, Jiangsu",fallback_analytic
11,1.7795138888888888,27.375,9.318181818181818,0.6743769482960261,2.6559792285342376,0.5833829751490116,0.1909722222222222,0.45463414634146343,0.6106130601726496,0.1282072323544422,-9.822205247690604,1.0,68.67872566105717,2.410108533599137,6.983184994187561,"Dongtai, Jiangsu",fallback_analytic
12,2.3958333333333335,42.375,13.8,1.3220626149366128,2.0498460741164615,0.6274847635489881,0.1736111111111111,0.34492753623188405,0.5855760822412841,0.1512198889747161,-23.280654321608598,6.0,67.87864072142875,2.2992486289863017,6.936041219349563,"Dongtai, Jiangsu",fallback_analytic
13,2.03125,53.625,10.173913043478262,1.3161445436863533,1.764908620664785,0.5879731512037322,0.1996527777777778,0.394017094017094,0.6044724273900399,0.12012692755862159,-36.246691919466606,1.0,70.46520196501706,2.2559972987430084,6.521454999336019,"Dongtai, Jiangsu",fallback_analytic
14,1.5625,55.875,6.923076923076923,0.7425847940465533,2.947644176002206,0.5824602856424941,0.22569444444444445,0.4955555555555556,0.7191620001716544,0.1470583078111454,17.03473706325834,6.0,72.02692501818143,2.519361567162615,7.184687769213132,"Dongtai, Jiangsu",fallback_analytic
15,1.9357638888888888,46.125,11.15,0.8938907972986088,2.472067377033495,0.5927227841378269,0.1736111111111111,0.42690582959641254,0.5843587443946189,0.1237,18.930082727019887,3.0,67.95442304695747,2.4057074552325237,6.94425959510861,"Dongtai, Jiangsu",fallback_analytic
16,2.6996527777777777,36.75,16.36842105263158,1.5932112441922066,1.886632420580058,0.6635493089646649,0.16493055555555555,0.3093247588424437,0.531514102978338,0.1394651930366628,31.494508553749853,7.0,66.74323919733051,2.2567770272147496,6.807741983936375,"Dongtai, Jiangsu",fallback_analytic
17,1.953125,42.0,9.375,1.7568616700842348,1.7676421042629638,0.5648531823594454,0.20833333333333334,0.4053333333333333,0.6041333333333333,0.11558333333333333,-44.91307154694701,3.0,71.96104711605486,2.265747947738773,6.432168373788056,"Dongtai, Jiangsu",fallback_analytic
18,1.2239583333333333,43.875,5.222222222222222,0.5204593703190692,3.693727313740345,0.5911200326376234,0.234375,0.625531914893617,0.7588560946210833,0.12344882309612805,-15.894034113625302,5.0,73.70134683688529,2.368293891357015,7.073443943987078,"Dongtai, Jiangsu",fallback_analytic
19,1.9791666666666667,43.125,9.91304347826087,0.9616760943260543,3.8632481954792395,0.48321830618556594,0.1996527777777778,0.4043859649122807,0.6196754385964912,0.11921739130434783,-21.700288798997562,0.0,72.6596156856824,2.0406477713437603,6.343612205570492,"Dongtai, Jiangsu",fallback_analytic
20,1.5538194444444444,61.5,6.884615384615385,0.8010661780468319,1.4090191551173123,0.6416660311178787,0.22569444444444445,0.4983240223463687,0.6879185401293044,0.12877067528629824,21.738054160709453,2.0,69.78764871157472,2.5003291643617027,7.102903883778302,"Dongtai, Jiangsu",fallback_analytic
21,2.013888888888889,48.0,10.545454545454545,1.581533880466743,1.6735258640082293,0.6213948324432234,0.1909722222222222,0.4017241379310345,0.597702724164567,0.13002541417262403,43.68862305969684,4.0,70.14508286805716,2.331582593488649,6.611978914330408,"Dongtai, Jiangsu",fallback_analytic
22,1.4149305555555556,51.0,6.52,0.5367582802335292,2.14004546161678,0.6283792392148766,0.2170138888888889,0.5533742331288344,0.7192973456632984,0.12381913782584103,4.724481996508146,2.0,69.54386502972503,2.526907661803375,7.274729232837246,"Dongtai, Jiangsu",fallback_analytic
23,2.03125,51.0,9.75,1.3186823321320191,2.425712079129731,0.5560575568828633,0.20833333333333334,0.38974358974358975,0.6626397779494322,0.14712320380383548,30.620352857606264,1.0,71.6744809271139,2.1508714611202873,6.447586935863822,"Dongtai, Jiangsu",fallback_analytic
24,1.6493055555555556,33.0,7.916666666666667,0.5953463739094074,2.7217498226957924,0.6431494854691253,0.20833333333333334,0.48,0.6470159579272609,0.12252329632490537,5.256972745499802,7.0,69.09667307873592,2.672135395207682,7.497634746007593,"Dongtai, Jiangsu",fallback_analytic
25,2.2222222222222223,36.75,11.636363636363637,1.2040324182120072,2.0161993127614997,0.657787952983282,0.1909722222222222,0.3640625,0.5585899687741389,0.12340542426583166,28.899369389832543,5.0,69.02456957256751,2.365733178316498,6.872344035839686,"Dongtai, Jiangsu",fallback_analytic
26,2.0572916666666665,50.625,10.304347826086957,1.2887351638165478,1.4203989288432841,0.6028499140713844,0.1996527777777778,0.3890295358649789,0.5836633980787448,0.1261512367672185,38.38381329445119,1.0,69.57826285136176,2.292544149511056,6.564798954992067,"Dongtai, Jiangsu",fallback_analytic
27,0.6770833333333334,9.75,2.6,0.6349685469175201,1.033829015995613,0.6417897641501413,0.2604166666666667,1.0923076923076922,1.1297229061149479,0.11338261485486752,-41.332644843543875,2.0,72.06467347316162,2.058950193391172,7.037304518747197,"Dongtai, Jiangsu",fallback_analytic
28,2.0572916666666665,40.875,10.304347826086957,1.4306306321374762,1.900185604123064,0.6129826283273561,0.1996527777777778,0.3890295358649789,0.5852882110160939,0.12064866668905637,-39.31374133755578,4.0,70.48623888415042,2.366995277371562,6.665824364101913,"Dongtai, Jiangsu",fallback_analytic
29,1.8923611111111112,45.375,9.478260869565217,1.3626570414582266,1.742816017462379,0.5519963554209535,0.1996527777777778,0.42293577981651376,0.6148971560341693,0.13397732372374024,-39.99244581858525,0.0,70.63779405980935,2.167190743247354,6.374824487827861,"Dongtai, Jiangsu",fallback_analytic
30,1.640625,59.25,7.56,0.8933433427923001,2.1226706799547834,0.5798108279790055,0.2170138888888889,0.47724867724867726,0.7071361094918504,0.14434386676965932,-21.82979604668795,1.0,70.9672502637381,2.413225388535732,6.836022265718216,"Dongtai, Jiangsu",fallback_analytic
31,1.6059027777777777,52.875,7.4,0.6654426914156023,1.6764316372670418,0.6067764157415831,0.2170138888888889,0.4875675675675676,0.7005531784702367,0.13368150229775017,-8.353834298891002,1.0,68.98320052549806,2.468788762783005,7.148159638840642,"Dongtai, Jiangsu",fallback_analytic
32,2.2395833333333335,42.75,11.727272727272727,1.1188591389933773,3.314631601323545,0.5742575926095453,0.1909722222222222,0.3612403100775194,0.6016457830295677,0.13471993944075425,19.447258131346473,6.0,71.54197562783276,2.267971872276541,6.866385875619339,"Dongtai, Jiangsu",fallback_analytic
33,1.640625,15.0,8.590909090909092,0.7726297552694458,1.8700105638694104,0.610891609456668,0.1909722222222222,0.4931216931216931,0.65372588379406,0.1393071818884041,-16.045027679986053,1.0,67.63656100413861,2.4695557656557208,7.024812108148694,"Dongtai, Jiangsu",fallback_analytic
34,2.013888888888889,39.75,10.545454545454545,0.9103739736755309,3.3155445753854806,0.6175604802597817,0.1909722222222222,0.4017241379310345,0.6042385977189068,0.13157086871807858,17.306919162762192,5.0,70.00908136866231,2.400154422614232,6.9663537368934465,"Dongtai, Jiangsu",fallback_analytic
35,1.7621527777777777,56.625,8.458333333333334,0.6501850333849282,2.70810709359443,0.571501648254159,0.20833333333333334,0.4492610837438424,0.6596829755064434,0.12765994448735807,4.774243097217038,1.0,70.27107948601456,2.43978298148547,7.04005641331433,"Dongtai, Jiangsu",fallback_analytic
36,1.9878472222222223,21.375,11.45,0.8904532238609415,3.063273338085495,0.6042120486332536,0.1736111111111111,0.41572052401746723,0.6027700350087064,0.13314596669241482,13.928228057136131,6.0,67.90650294329929,2.4849490993419003,7.099613475901129,"Dongtai, Jiangsu",fallback_analytic
37,2.1006944444444446,42.0,10.521739130434783,0.9322016821395367,3.8082430673874623,0.5215974877966978,0.1996527777777778,0.38099173553719007,0.632934614399547,0.13493384546287068,15.210062148412518,3.0,72.13727202112591,2.2350909723929973,6.661494949208705,"Dongtai, Jiangsu",fallback_analytic
38,1.3368055555555556,60.375,5.703703703703703,0.5174152378338387,2.6387387055063005,0.5984413422663943,0.234375,0.5727272727272728,0.720517385294761,0.11431700414065663,-10.32071059869702,6.0,71.90360595700106,2.5135982277441498,7.382330831456031,"Dongtai, Jiangsu",fallback_analytic
39,1.71875,24.0,8.608695652173912,1.2834861734778622,1.6909857757167028,0.662236399809995,0.1996527777777778,0.46565656565656566,0.6540776263796634,0.13371645415852285,-38.964735380303495,7.0,68.91114693363761,2.622647621098951,7.0235740767695,"Dongtai, Jiangsu",fallback_analytic
40,1.0069444444444444,50.625,4.0,0.3718597237839794,3.313289444520785,0.5315176443789205,0.2517361111111111,0.743103448275862,0.9122536093374611,0.1255875019808191,8.002899646026478,3.0,74.68849790627567,2.1776719056279865,7.110740916499374,"Dongtai, Jiangsu",fallback_analytic
41,1.9357638888888888,47.625,9.695652173913043,1.4186063422189603,1.7997039911765016,0.6524828644419591,0.1996527777777778,0.4134529147982063,0.6246463140121894,0.1317321159868084,-41.25217598871769,5.0,70.38741848161999,2.366307300607877,6.773507916895933,"Dongtai, Jiangsu",fallback_analytic
42,1.3888888888888888,58.5,5.925925925925926,0.6383331633055231,2.906562964461263,0.5478916548893286,0.234375,0.55125,0.7475967668469038,0.12727399183312305,-14.58548244420421,1.0,73.47780061536686,2.23642240113644,6.8865286428950405,"Dongtai, Jiangsu",fallback_analytic
43,2.3958333333333335,40.125,13.8,1.701581293887617,2.559094680545728,0.5919340721337772,0.1736111111111111,0.34492753623188405,0.5815144927536232,0.1271,-38.161893453204144,6.0,69.70918994139679,2.1834801007325533,6.568878269650152,"Dongtai, Jiangsu",fallback_analytic
44,2.1788194444444446,47.25,10.91304347826087,1.3410258908124006,3.875573814180707,0.5025512895780534,0.1996527777777778,0.3673306772908366,0.5602390438247012,0.11652173913043479,-34.964396987153194,3.0,74.13459145129116,2.049323364969114,6.2472391611834155,"Dongtai, Jiangsu",fallback_analytic
45,2.1614583333333335,48.375,11.857142857142858,1.3402120999799172,2.050333065413401,0.5513573600509339,0.18229166666666666,0.3783132530120482,0.569555641248138,0.13145519579989184,-33.901580958974705,0.0,69.87336405133816,2.1557434805751434,6.373944397162755,"Dongtai, Jiangsu",fallback_analytic
46,2.013888888888889,48.75,9.666666666666666,1.2096917823096642,1.8925273104258848,0.5817445696239114,0.20833333333333334,0.3931034482758621,0.6371151264722963,0.1394865556413828,29.033423983021308,3.0,70.70779914967392,2.371038417690914,6.73917290665624,"Dongtai, Jiangsu",fallback_analytic
47,2.0659722222222223,39.75,10.347826086956522,1.4401861330302848,1.6874450859596677,0.5511100290181796,0.1996527777777778,0.3873949579831933,0.6126116807371803,0.12012692755862159,-39.668043389088844,0.0,70.47559484507413,2.1385159491719863,6.358233969831066,"Dongtai, Jiangsu",fallback_analytic
48,1.2065972222222223,50.25,4.964285714285714,0.5172085067232345,3.49351892321562,0.5588764583580015,0.24305555555555555,0.6273381294964029,0.8029092566688196,0.12239707941412348,15.969379446862071,4.0,74.2697841409096,2.2143943408089477,7.016810003935454,"Dongtai, Jiangsu",fallback_analytic
49,1.4322916666666667,13.125,6.111111111111111,0.7102154404454962,3.7462384315106694,0.5114293451217533,0.234375,0.5345454545454545,0.7102507274131719,0.12375846094985281,-22.68162232619845,1.0,73.94800826039646,2.1550714326109794,6.610788171076059,"Dongtai, Jiangsu",fallback_analytic
50,1.6232638888888888,26.625,7.791666666666667,1.2070838532471129,1.2147739595935367,0.6789590208197073,0.20833333333333334,0.48770053475935826,0.6521209199017565,0.13616823156015642,44.77366289060686,5.0,68.82428865334253,2.591523298003038,6.940062630283263,"Dongtai, Jiangsu",fallback_analytic
51,2.092013888888889,44.625,10.478260869565217,0.6788519514209197,4.145481514444127,0.5532419391431759,0.1996527777777778,0.3825726141078838,0.6230127137442287,0.12795301451514332,0.011715299200496077,2.0,71.32185584014336,2.2679423797133738,6.847699217609216,"Dongtai, Jiangsu",fallback_analytic
52,1.3975694444444444,67.5,5.75,0.9373178911592176,4.369336390038869,0.47203938430763215,0.24305555555555555,0.5416149068322982,0.7687978303684786,0.12198137305878663,-32.5841111512301,1.0,77.54010979013144,2.027490012055296,6.267595734225263,"Dongtai, Jiangsu",fallback_analytic
53,1.953125,52.5,9.375,0.8303511999728427,3.419621806711027,0.5358344130659785,0.20833333333333334,0.4053333333333333,0.5883935467078638,0.11728830557701235,-14.000111683489745,1.0,71.66751056411303,2.1727855499736295,6.703464735197919,"Dongtai, Jiangsu",fallback_analytic
54,1.6059027777777777,59.25,7.708333333333333,0.5589644752023142,2.5638881812060133,0.6509192270770001,0.20833333333333334,0.492972972972973,0.6916468144951383,0.13314493523525106,-0.9596672213839881,7.0,68.92007661121687,2.7603480880306663,7.62381071997984,"Dongtai, Jiangsu",fallback_analytic
55,1.9791666666666667,49.875,9.5,0.6768523769814203,2.5025075243710573,0.6486589372792342,0.20833333333333334,0.4,0.6453378596762261,0.13254659264981072,0.09714847628381307,7.0,68.73331978755053,2.6747542455385593,7.509376336241533,"Dongtai, Jiangsu",fallback_analytic
56,2.4479166666666665,36.0,14.842105263157896,1.4846536034808089,2.3008792711130917,0.5813217405717995,0.16493055555555555,0.34113475177304964,0.5751227376653492,0.14693887724718913,30.465176223321492,1.0,67.73757361038153,1.9834163353949172,6.404529673808393,"Dongtai, Jiangsu",fallback_analytic
57,1.3107638888888888,66.0,6.04,0.9316195465787466,1.0003505138297104,0.5881725864725506,0.2170138888888889,0.5973509933774834,0.7287668212432084,0.11339677335393186,42.813911432968624,0.0,71.16626451235419,2.220107287598704,6.648119965514423,"Dongtai, Jiangsu",fallback_analytic
58,1.5104166666666667,54.75,6.214285714285714,0.5037348423872072,2.9150882924314176,0.6525526301628106,0.24305555555555555,0.5011494252873563,0.6887990345182734,0.11144853970706174,-6.1381341184489315,8.0,71.27790522151696,2.6405782053512543,7.569569856175385,"Dongtai, Jiangsu",fallback_analytic
59,1.25,51.75,5.538461538461538,0.5046789567901779,3.368530528568967,0.6451410650300786,0.22569444444444445,0.6194444444444445,0.7614392871586256,0.13139991459593547,-11.833239134882191,8.0,72.71046953890955,2.5571536055418824,7.45135494230799,"Dongtai, Jiangsu",fallback_analytic
60,2.482638888888889,37.125,14.3,1.1760949384995616,3.3718405209862494,0.6504436927316786,0.1736111111111111,0.3328671328671329,0.5553235944380047,0.13144596669241482,17.74319862633805,8.0,69.25339536033349,2.3289380233353287,6.980779946655124,"Dongtai, Jiangsu",fallback_analytic
61,1.9704861111111112,36.75,9.869565217391305,0.9119621060383557,2.8837173685795467,0.5943880987930616,0.1996527777777778,0.4061674008810573,0.6399658180486762,0.14106077302149225,15.646122693018789,6.0,70.10153596895366,2.413379220608567,7.071346642309152,"Dongtai, Jiangsu",fallback_analytic
62,1.9704861111111112,46.875,9.458333333333334,1.1212796113825265,2.3046852045517,0.6387947406959642,0.20833333333333334,0.4017621145374449,0.60438340090828,0.11918996299157203,28.817856676218597,5.0,70.08328337724326,2.5081797551927214,6.911263404535087,"Dongtai, Jiangsu",fallback_analytic
63,2.0399305555555554,52.5,10.217391304347826,0.7975198769186018,2.3200926277302054,0.5515107775918253,0.1996527777777778,0.3923404255319149,0.5723363064092748,0.11803997103688245,-8.459054685229226,0.0,69.6851969317986,2.2650275121767187,6.89618889177787,"Dongtai, Jiangsu",fallback_analytic
64,2.3177083333333335,34.875,13.35,0.9571939977740502,2.4343904830815886,0.6266977318768855,0.1736111111111111,0.35655430711610486,0.5459151860329077,0.13332795558988644,9.997484430469093,4.0,67.28159727850024,2.378365975906833,6.989590502341962,"Dongtai, Jiangsu",fallback_analytic
65,1.7621527777777777,53.25,8.458333333333334,1.146168188387633,1.922391558226068,0.5830909434687852,0.20833333333333334,0.4492610837438424,0.6524634451465325,0.14512320380383548,-32.5973229702674,3.0,71.50809747675996,2.4539584703872395,6.786268557721809,"Dongtai, Jiangsu",fallback_analytic
66,1.640625,34.875,7.56,1.132661320981383,1.6843129324726798,0.5877724187507264,0.2170138888888889,0.47724867724867726,0.703898610403656,0.1316159111797729,35.30736984714031,3.0,70.55934984995937,2.397649689852452,6.775635845289374,"Dongtai, Jiangsu",fallback_analytic
67,1.1458333333333333,17.25,4.888888888888889,0.637032901355415,2.168292796435955,0.5774744720883452,0.234375,0.6681818181818182,0.78543254559499,0.11666069139617012,28.403327537456903,3.0,71.84604059113036,2.1891169441421185,6.974535910851491,"Dongtai, Jiangsu",fallback_analytic
68,2.5347222222222223,33.0,13.904761904761905,1.5140658771825937,3.395808614031015,0.5955841870181223,0.18229166666666666,0.3226027397260274,0.5578323013910259,0.1359313862760823,-30.32464994812171,5.0,70.39067627026306,2.063469988251368,6.509477520885855,"Dongtai, Jiangsu",fallback_analytic
69,1.6319444444444444,53.25,7.52,0.7356524182078462,2.0484278098822672,0.6240881797652844,0.2170138888888889,0.4797872340425532,0.6604624185438046,0.13232150229775017,15.176693872862046,4.0,69.79742679279445,2.58299203722532,7.191603795642526,"Dongtai, Jiangsu",fallback_analytic
70,1.0416666666666667,67.125,4.137931034482759,0.7774995049747986,0.8125625428289626,0.6153211291989606,0.2517361111111111,0.7183333333333334,0.8579811778979359,0.11958750198081912,43.36454596423606,1.0,73.13952059550165,2.1409900705828697,6.799874013893476,"Dongtai, Jiangsu",fallback_analytic
71,2.1527777777777777,43.5,11.80952380952381,1.1225896250853826,3.6561240035207745,0.5658306215224205,0.18229166666666666,0.37983870967741934,0.5910725806451613,0.12419047619047618,24.255140685524523,2.0,71.09536410982341,2.093008209976824,6.490118793227454,"Dongtai, Jiangsu",fallback_analytic
72,1.2760416666666667,28.5,5.444444444444445,0.9778567135874445,1.6026959192029446,0.5864653946883844,0.234375,0.6,0.7552006758455592,0.12279549798688984,40.34655708108217,1.0,71.8938636051534,2.2097750199276534,6.6449484389825715,"Dongtai, Jiangsu",fallback_analytic
73,1.5364583333333333,62.625,7.08,0.6538547343727579,2.376916343360272,0.6842205457795677,0.2170138888888889,0.5096045197740113,0.7101243805219604,0.12701913782584104,-12.406884167279578,8.0,69.57670974576732,2.7713170883626788,7.568137174275841,"Dongtai, Jiangsu",fallback_analytic
74,1.4322916666666667,34.125,7.173913043478261,0.5676958453889075,1.6651031984653555,0.6219033160236072,0.1996527777777778,0.5587878787878788,0.6739354828532508,0.13361383580849814,5.1712764529167,3.0,67.85071533619367,2.591910396309792,7.391107562784297,"Dongtai, Jiangsu",fallback_analytic
75,1.7795138888888888,56.25,8.91304347826087,1.3524644124806084,1.4442529550325314,0.564346583077252,0.1996527777777778,0.4497560975609756,0.6466695480528882,0.13310775850634893,43.27836588393984,0.0,70.49973059269894,2.2525936336527694,6.451540357094206,"Dongtai, Jiangsu",fallback_analytic
76,1.9618055555555556,40.875,9.416666666666666,1.0128113250181772,3.631359014890744,0.5900665197369764,0.20833333333333334,0.40353982300884955,0.6276450885297542,0.12095497224367902,-23.631697928927686,7.0,72.6076002442978,2.4267834610675734,6.957731927006553,"Dongtai, Jiangsu",fallback_analytic
77,1.7708333333333333,47.625,8.16,1.104273888427889,3.5787192674623203,0.5481316626532806,0.2170138888888889,0.442156862745098,0.6485803268478721,0.1314847289438183,30.769007143037896,4.0,73.55206285914657,2.317436089170566,6.588611577322787,"Dongtai, Jiangsu",fallback_analytic
78,1.9965277777777777,40.875,9.583333333333334,0.7459824767290844,4.21927390107717,0.5072230782210831,0.20833333333333334,0.39652173913043476,0.6162510493380535,0.13089493523525106,-5.877588907756014,1.0,72.53452898010046,2.2082299489020523,6.6656211934268255,"Dongtai, Jiangsu",fallback_analytic
79,1.9878472222222223,30.75,9.956521739130435,1.2292762976467222,1.8635971764377137,0.6225003388144004,0.1996527777777778,0.40262008733624455,0.5782329898287614,0.12350257007816212,-36.00279528612328,2.0,69.53705823148047,2.317045635664187,6.671250353620309,"Dongtai, Jiangsu",fallback_analytic
80,1.6666666666666667,24.375,8.347826086956522,0.6711679259034937,2.7560440946653806,0.6791267969550228,0.1996527777777778,0.48020833333333335,0.6400757708816112,0.12125736234123027,-12.100299989950194,8.0,68.85966944368188,2.775205651747898,7.4822511578692295,"Dongtai, Jiangsu",fallback_analytic
81,2.0225694444444446,48.0,10.590909090909092,1.5224372174695486,2.4364060301012183,0.6632434923193915,0.1909722222222222,0.4,0.6451711846620735,0.13871993944075425,38.78600369860939,8.0,70.43805849774995,2.531282095583813,6.896018649378818,"Dongtai, Jiangsu",fallback_analytic
82,2.048611111111111,51.375,10.727272727272727,1.0229112910287665,2.4317871796227593,0.6834092833961611,0.1909722222222222,0.3949152542372881,0.5738901017472845,0.12404178790219529,-23.541898844478123,8.0,69.01690491325473,2.600251851484512,7.187039979103583,"Dongtai, Jiangsu",fallback_analytic
83,1.953125,42.75,9.782608695652174,0.7845995894320532,1.5629376113961981,0.6523137897446477,0.1996527777777778,0.4097777777777778,0.6432426460792706,0.13845207736931836,-6.800379496095815,2.0,67.22699315892339,2.5396877551531887,7.220098015700504,"Dongtai, Jiangsu",fallback_analytic
84,1.9965277777777777,44.625,9.583333333333334,0.7051751521612613,2.779012279445114,0.6014658360690782,0.20833333333333334,0.39652173913043476,0.6180521739130435,0.11116666666666666,2.4413486417267407,4.0,69.54141384849676,2.4801675366299696,7.203132295960568,"Dongtai, Jiangsu",fallback_analytic
85,1.1024305555555556,18.0,4.535714285714286,0.5655407245912507,1.8691991624261264,0.5869159600748606,0.24305555555555555,0.6866141732283465,0.7875888976986177,0.10767569049458202,27.20968564162041,3.0,72.0068820378089,2.20557885534481,7.054353250079339,"Dongtai, Jiangsu",fallback_analytic
86,1.8142361111111112,32.625,9.08695652173913,1.378480318775851,1.8440096096835352,0.6173156806394022,0.1996527777777778,0.4411483253588517,0.6562535822899254,0.14366946867366617,-39.04395513745583,4.0,70.10069479149257,2.4214423044044193,6.741040037796214,"Dongtai, Jiangsu",fallback_analytic
87,2.4479166666666665,41.25,12.818181818181818,1.056653170522459,4.218978470378509,0.47057195658618345,0.1909722222222222,0.3304964539007092,0.5669823830006367,0.13184359599080586,-12.859785440895372,0.0,72.40134330787795,1.9451509454518425,6.326322315870892,"Dongtai, Jiangsu",fallback_analytic
88,1.0416666666666667,31.5,4.615384615384615,0.49492861853494124,1.2996723097533023,0.6932854073129147,0.22569444444444445,0.7433333333333333,0.8288911223852939,0.12601529921132007,17.099004257024212,5.0,70.11794784702256,2.408656405791845,7.546112943858609,"Dongtai, Jiangsu",fallback_analytic
89,1.640625,44.25,7.875,0.9356260929835762,1.21485514714677,0.6198140837281194,0.20833333333333334,0.48253968253968255,0.6399065503544645,0.11453830557701235,-30.03216421348875,1.0,68.86591927489285,2.42393848100606,6.8733428196025015,"Dongtai, Jiangsu",fallback_analytic
90,0.9809027777777778,30.375,4.035714285714286,0.5007508870849835,3.7801570285654256,0.5130692389295393,0.24305555555555555,0.7716814159292036,0.8912246608581056,0.1312027619783281,-22.7157809850606,1.0,76.09830681582714,1.9417268616667305,6.6783555564183965,"Dongtai, Jiangsu",fallback_analytic
91,1.7708333333333333,43.5,9.272727272727273,1.128106967278085,1.6314447333367113,0.6062151541976304,0.1909722222222222,0.4568627450980392,0.6286950490574729,0.12467815153855893,-34.486819332856705,1.0,68.91676594479283,2.361475807519378,6.7108034003529236,"Dongtai, Jiangsu",fallback_analytic
92,2.673611111111111,37.5,16.210526315789473,1.4646482286467637,3.0689795912008937,0.5513979427616492,0.16493055555555555,0.31233766233766236,0.5543689741162597,0.1454651930366628,24.69271648223308,3.0,68.69707546297079,2.02328930822345,6.4436211195834625,"Dongtai, Jiangsu",fallback_analytic
93,1.9791666666666667,42.0,9.91304347826087,0.851950220037731,2.1440772233043344,0.591374180044095,0.1996527777777778,0.4043859649122807,0.59837471068216,0.1332503478932561,11.1348816845259,1.0,68.60928187608259,2.365059443969812,6.954730276596793,"Dongtai, Jiangsu",fallback_analytic
94,1.7361111111111112,52.875,8.0,0.6120768396710288,2.5881511007846156,0.6774422712706631,0.2170138888888889,0.451,0.7027837002317335,0.1335503200617956,-1.3679999884216016,8.0,69.78504719308833,2.7492498662290483,7.691069515419962,"Dongtai, Jiangsu",fallback_analytic
95,1.5972222222222223,39.75,8.0,0.6218120067989763,2.444759590796757,0.6235524138739484,0.1996527777777778,0.5010869565217392,0.6923785001511304,0.13407994207376492,-5.579668169678428,2.0,68.67924553506269,2.576970886371183,7.22886679305899,"Dongtai, Jiangsu",fallback_analytic
96,1.3368055555555556,40.125,5.923076923076923,0.8184070520293185,2.6542223331947135,0.5911642690354831,0.22569444444444445,0.5792207792207792,0.7123910736666398,0.12082609406330867,33.496192609242286,6.0,73.1771478283171,2.3970818609595232,6.890405613902561,"Dongtai, Jiangsu",fallback_analytic
97,1.8315972222222223,46.875,8.791666666666666,0.7463292482381134,1.0773163127115832,0.6678875108953454,0.20833333333333334,0.4322274881516588,0.6250099337371502,0.1328348982268231,-6.937514579652898,6.0,66.89720570170222,2.735527577374389,7.59065869249579,"Dongtai, Jiangsu",fallback_analytic
98,1.0763888888888888,28.875,4.592592592592593,0.43029036343887356,0.6687658992034103,0.6807252494943086,0.234375,0.7112903225806452,0.8818873443933384,0.13821763796816103,-4.60542851089189,2.0,68.81450105586248,2.4774095044291586,7.5812957945068415,"Dongtai, Jiangsu",fallback_analytic
99,1.6059027777777777,63.75,7.115384615384615,1.0981793719046757,2.628557829173081,0.5109999564013341,0.22569444444444445,0.4821621621621622,0.6487532684907371,0.1266583932152099,37.0565248242948,0.0,73.87832619040829,2.1280424108477876,6.380443281773415,"Dongtai, Jiangsu",fallback_analytic
100,1.9097222222222223,33.75,9.565217391304348,0.9855432981533171,4.193189994603397,0.574065946067509,0.1996527777777778,0.41909090909090907,0.5948909090909091,0.12147826086956522,-26.74314634088208,5.0,72.24310651102648,2.3203673938430724,6.688543069903163,"Dongtai, Jiangsu",fallback_analytic
101,1.484375,51.375,6.576923076923077,0.7662280604694667,1.6156358582174004,0.6347948876969698,0.22569444444444445,0.5216374269005848,0.7091874114536054,0.12800144451706746,-19.0416048784108,2.0,70.2562394254027,2.537158050829037,7.14778811551529,"Dongtai, Jiangsu",fallback_analytic
102,1.09375,45.75,4.666666666666667,0.5001748416302315,3.5987540020787736,0.5257303462516398,0.234375,0.7,0.8403179683520566,0.12501772020911206,-18.251198153691096,1.0,75.15623973734523,1.9889815329461051,6.751722323251238,"Dongtai, Jiangsu",fallback_analytic
103,2.0399305555555554,34.125,11.19047619047619,0.9786531721646616,2.835488627362908,0.5694134946855639,0.18229166666666666,0.40085106382978725,0.6017907319740595,0.13949897360219168,-16.572497362912,1.0,68.87364530012728,2.2312233501239174,6.70333584900421,"Dongtai, Jiangsu",fallback_analytic
104,2.013888888888889,38.25,10.08695652173913,1.2828493939085064,3.1252358680824184,0.5698918672981408,0.1996527777777778,0.39741379310344827,0.6373134023343653,0.13978774885197642,-30.937462771629605,4.0,71.72691999610139,2.3425616431024876,6.598634384839445,"Dongtai, Jiangsu",fallback_analytic
105,1.4409722222222223,55.5,7.217391304347826,0.6994982090424218,1.8833297874894226,0.6079021579165039,0.1996527777777778,0.555421686746988,0.7107839037633629,0.13559817398021262,17.559116264340062,1.0,69.64257827746576,2.4853592916355267,7.077031825211561,"Dongtai, Jiangsu",fallback_analytic
106,1.4149305555555556,46.5,6.269230769230769,0.7595557993206767,1.5053225541470998,0.6744743103057333,0.22569444444444445,0.5472392638036809,0.7140067240401146,0.11860917952679205,-25.93999144142012,5.0,70.05015050421306,2.616613355025465,7.2823233418003595,"Dongtai, Jiangsu",fallback_analytic
107,0.9722222222222222,30.375,4.0,0.7263934122283451,2.379649574103982,0.5600638361022625,0.24305555555555555,0.7785714285714286,0.9057733216216827,0.11606566670344977,-37.6980453897901,3.0,74.71211218648288,2.074126539017758,6.756657654291897,"Dongtai, Jiangsu",fallback_analytic
108,2.013888888888889,39.75,10.545454545454545,0.9454786670571769,3.8229792451189946,0.5958589057351753,0.1909722222222222,0.4017241379310345,0.5899741379310345,0.11881818181818182,-20.17915594210778,7.0,71.21151360311333,2.4310611020038535,6.917073528198417,"Dongtai, Jiangsu",fallback_analytic
109,1.8315972222222223,55.875,8.791666666666666,1.252175479067031,1.6894571290251745,0.6231680290096451,0.20833333333333334,0.4322274881516588,0.6220094786729857,0.11308333333333333,39.1056818819486,2.0,70.57607443442375,2.406426418336437,6.687573011837975,"Dongtai, Jiangsu",fallback_analytic
110,0.9288194444444444,50.625,3.8214285714285716,0.6577032371497382,0.8830419107464647,0.6576757496397075,0.24305555555555555,0.8149532710280374,0.9080697882534359,0.11648137305878663,-40.363940281740774,6.0,72.39922557099503,2.3060901085860417,7.240931121060519,"Dongtai, Jiangsu",fallback_analytic
111,1.7100694444444444,44.625,8.208333333333334,0.7554443803100421,3.477649259069617,0.5365095877581469,0.20833333333333334,0.46294416243654823,0.6237465178292342,0.11895497224367901,-18.746365824178287,3.0,72.05467902224109,2.345670097917633,6.809766741811568,"Dongtai, Jiangsu",fallback_analytic
112,1.7708333333333333,27.375,9.714285714285714,1.1190037415899954,1.3917987107342633,0.7265470685736963,0.18229166666666666,0.46176470588235297,0.6270575556262368,0.13502278312600122,34.032599789052284,8.0,66.831100510086,2.8097735268377844,7.3162843840445975,"Dongtai, Jiangsu",fallback_analytic
113,2.1354166666666665,48.375,10.695652173913043,1.1021456934317766,2.104672542863182,0.6529425483259793,0.1996527777777778,0.3747967479674797,0.5859879349844698,0.12263300486077082,-22.830061360179272,7.0,69.5217636962361,2.447808650465364,7.143630895621926,"Dongtai, Jiangsu",fallback_analytic
114,1.6579861111111112,32.25,8.304347826086957,0.7494049065826254,1.882388393638743,0.605943545768923,0.1996527777777778,0.4827225130890052,0.6894873265169953,0.13958251215192705,-12.351841669194627,1.0,68.48140180589178,2.5218882638108693,7.062177620447917,"Dongtai, Jiangsu",fallback_analytic
115,1.3020833333333333,51.75,5.357142857142857,0.7755037004053078,2.479016708320815,0.5891247392065108,0.24305555555555555,0.5813333333333334,0.7817716089850154,0.12905990483547095,27.102769428641054,2.0,73.832211443596,2.2736914208220296,6.866370127771718,"Dongtai, Jiangsu",fallback_analytic
116,1.4409722222222223,45.0,6.64,0.5073839325945383,2.378705547799696,0.6900078096731195,0.2170138888888889,0.5433734939759036,0.7009580241336119,0.1277247289438183,-2.830529627345882,8.0,69.27945778856606,2.7685248336017256,7.708941617861141,"Dongtai, Jiangsu",fallback_analytic
117,2.170138888888889,39.75,11.904761904761905,0.825183287230234,2.8888499242561076,0.6084178382072131,0.18229166666666666,0.3768,0.5858283840741548,0.13156758732610935,4.624000157815701,2.0,68.09847755309409,2.3586568299075372,7.006233979332963,"Dongtai, Jiangsu",fallback_analytic
118,1.875,43.875,9.391304347826088,0.7079613988536835,1.432173312518998,0.6256098893228704,0.1996527777777778,0.42685185185185187,0.6135095556127738,0.1417251015388342,1.0079693316780833,1.0,67.26180483688796,2.604096859836755,7.272715018936159,"Dongtai, Jiangsu",fallback_analytic
119,1.2152777777777777,33.0,5.384615384615385,0.5173314071151747,1.3793484918232526,0.7242022484869073,0.22569444444444445,0.6371428571428571,0.7669622095826625,0.12411993167674837,14.15163494176408,8.0,68.7595999235203,2.7495768981772972,7.793785979629227,"Dongtai, Jiangsu",fallback_analytic
120,2.1354166666666665,31.875,12.3,0.9241645509160732,2.433711369390967,0.6280460742988294,0.1736111111111111,0.38699186991869916,0.5716572249406227,0.13602795558988645,13.7310312190058,4.0,67.36416717371628,2.3955691606559326,7.032761714459122,"Dongtai, Jiangsu",fallback_analytic
121,1.2152777777777777,16.875,5.0,0.9494833453048782,1.503089981796788,0.5862026224714889,0.24305555555555555,0.6228571428571429,0.7432788000441397,0.11237711113563317,40.17792261922648,3.0,72.62994241643165,2.2149217945117567,6.791179976606425,"Dongtai, Jiangsu",fallback_analytic
122,1.5625,44.625,6.923076923076923,1.082867927798422,1.4914117626995926,0.6270982568245238,0.22569444444444445,0.4955555555555556,0.6590808222737186,0.1118815128403191,-40.24983509011598,2.0,71.05401106697123,2.400101605832007,6.729818851378696,"Dongtai, Jiangsu",fallback_analytic
123,1.0677083333333333,43.875,4.241379310344827,0.7358974425361788,2.1999979934505847,0.5964877936716406,0.2517361111111111,0.7008130081300813,0.8394938320955472,0.12412680466873056,33.868388086228464,2.0,74.10802585098789,2.0661150988713812,6.7896136444178525,"Dongtai, Jiangsu",fallback_analytic
124,2.2743055555555554,39.75,11.909090909090908,1.1447128066569359,3.1505152922458093,0.5797880982661124,0.1909722222222222,0.35572519083969467,0.5843206106870229,0.11945454545454545,21.52199210293368,2.0,71.05622659086299,2.1567706624337077,6.593578357130767,"Dongtai, Jiangsu",fallback_analytic
125,2.170138888888889,36.0,11.904761904761905,1.1334612204652763,2.3246975120847164,0.548652817364667,0.18229166666666666,0.3768,0.5874545761112321,0.13732565084269494,23.30944601953736,0.0,69.0800332107672,2.1565846925133885,6.550976167085445,"Dongtai, Jiangsu",fallback_analytic
126,1.8055555555555556,32.625,8.666666666666666,1.437456023528863,2.1923479556334033,0.5956411741668426,0.20833333333333334,0.43846153846153846,0.6376279424116754,0.13040994448735804,-40.59847785607117,6.0,71.29526162471677,2.4711825606932694,6.765172537134302,"Dongtai, Jiangsu",fallback_analytic
127,2.5260416666666665,41.25,13.227272727272727,1.4366965202918198,4.594380599640418,0.5103541374249327,0.1909722222222222,0.32027491408934705,0.5677594501718213,0.12309090909090908,-28.550959162244055,6.0,73.77072533013248,2.0415662114126256,6.399309925326119,"Dongtai, Jiangsu",fallback_analytic
128,1.6232638888888888,52.5,7.1923076923076925,1.139903930064957,2.2134587163249453,0.5959349385888484,0.22569444444444445,0.4770053475935829,0.7055069805353551,0.13238605990168287,35.16544082334555,2.0,72.17750612010599,2.3544292955793322,6.689228115489763,"Dongtai, Jiangsu",fallback_analytic
129,2.1354166666666665,37.5,11.714285714285714,0.7937778444303907,2.5094156682186117,0.6598514261607066,0.18229166666666666,0.3829268292682927,0.6027970081803217,0.14045135455457264,-2.2749916194814688,7.0,67.21491436813238,2.624394426286954,7.46226858823839,"Dongtai, Jiangsu",fallback_analytic
130,0.8680555555555556,15.375,3.5714285714285716,0.8035500064016807,0.8258395132754068,0.689129974768472,0.24305555555555555,0.872,0.9253806401235913,0.11862423020164377,-44.67859636156635,5.0,71.60035837479936,2.320710153427371,7.165996036860689,"Dongtai, Jiangsu",fallback_analytic
131,1.6840277777777777,59.25,8.083333333333334,1.2272127410077935,1.4206148893784722,0.6349202281178826,0.20833333333333334,0.47010309278350515,0.6721137320224697,0.11678830557701235,40.714917805147095,6.0,70.50602070413777,2.5997492206196537,6.936795762873883,"Dongtai, Jiangsu",fallback_analytic
132,1.4756944444444444,56.25,6.538461538461538,1.2094935464006875,1.4595806708694532,0.5883064757536388,0.22569444444444445,0.5247058823529411,0.7157669804527408,0.1256583932152099,42.216836709806714,1.0,71.95021434193383,2.3041693870121374,6.632546152111316,"Dongtai, Jiangsu",fallback_analytic
133,1.2152777777777777,20.625,5.384615384615385,0.9974959211289706,1.5149524548403468,0.5595715094056717,0.22569444444444445,0.6371428571428571,0.7630313334068995,0.12873531629213297,-39.573442071805516,0.0,72.3914332472329,2.079940538190959,6.606872937282227,"Dongtai, Jiangsu",fallback_analytic
134,1.3975694444444444,26.25,6.708333333333333,0.48093615199624273,1.2385378404857068,0.6370543736340554,0.20833333333333334,0.5664596273291925,0.6618513292693113,0.12589493523525108,-4.340212158884455,3.0,67.4826701317825,2.658688583609288,7.535931507815837,"Dongtai, Jiangsu",fallback_analytic
135,1.3628472222222223,45.0,6.038461538461538,0.9728520826140052,2.5653163017271394,0.6235427090707986,0.22569444444444445,0.5681528662420382,0.7655466370312358,0.13446298297860593,34.526485538892246,7.0,72.77319582139843,2.4398981721880757,7.040038293929641,"Dongtai, Jiangsu",fallback_analytic
136,1.25,37.875,6.0,0.45161901044444924,3.2562022789067213,0.5575204817592865,0.20833333333333334,0.6333333333333333,0.7413799259831441,0.1342282685685844,-7.351765100777698,1.0,71.79598818878046,2.2680873315899626,7.004046231810675,"Dongtai, Jiangsu",fallback_analytic
137,1.5190972222222223,50.625,6.730769230769231,0.9308304811007777,1.9113171627423435,0.5813835386907196,0.22569444444444445,0.5097142857142857,0.704092160141247,0.13184759836322132,30.41879198613411,3.0,72.15437487893865,2.361515132327405,6.8443202199628175,"Dongtai, Jiangsu",fallback_analytic
138,1.3802083333333333,55.5,6.36,0.5417377227361038,1.6130637828868306,0.5792593286639715,0.2170138888888889,0.5672955974842767,0.7218501678282414,0.1344815022977502,9.799512417606735,0.0,70.08851865815862,2.373809338565609,7.117824701612845,"Dongtai, Jiangsu",fallback_analytic
139,2.1961805555555554,43.875,11.0,0.9634470129961253,2.456955255048923,0.5393991870559758,0.1996527777777778,0.36442687747035574,0.6131805376837454,0.13958251215192705,-12.062525417156813,0.0,69.94225916121336,2.135455629882663,6.666522029399062,"Dongtai, Jiangsu",fallback_analytic
140,1.2586805555555556,31.5,5.576923076923077,0.43641549209598707,3.271847830270372,0.65173891154979,0.22569444444444445,0.6151724137931035,0.7662506070137503,0.12828763252484715,-6.403485349232994,8.0,71.88954244501676,2.569374542469873,7.58270133453627,"Dongtai, Jiangsu",fallback_analytic
141,0.9548611111111112,17.25,3.793103448275862,0.4385801106892452,3.8567111689020455,0.5421119599274595,0.2517361111111111,0.7836363636363637,0.9341062971616378,0.1329171265255684,17.68666080220745,6.0,75.42961711584698,2.1243997128486383,7.099096502081082,"Dongtai, Jiangsu",fallback_analytic
142,1.7361111111111112,56.25,8.333333333333334,0.7440479379590983,3.9575404512904386,0.6227697977633518,0.20833333333333334,0.456,0.6978333801699379,0.1388649167310371,-11.464906864816697,8.0,71.82604688716629,2.579380706868615,7.259016837707812,"Dongtai, Jiangsu",fallback_analytic
143,2.2569444444444446,45.0,12.380952380952381,0.8986336656667808,3.7455381788699134,0.606212292885199,0.18229166666666666,0.36230769230769233,0.5487692307692308,0.1180952380952381,7.624984869193312,5.0,70.10741150211241,2.3021633364383045,6.990870758885151,"Dongtai, Jiangsu",fallback_analytic
144,1.40625,16.5,6.0,0.5885905897820309,0.7678006169994684,0.67043185172874,0.234375,0.5444444444444444,0.7004072018050298,0.12134806590719711,-13.327708357634478,4.0,68.30852273622666,2.6199725146745476,7.49577561012006,"Dongtai, Jiangsu",fallback_analytic
145,2.2135416666666665,43.875,12.142857142857142,1.1876057060076297,3.195267645732919,0.5816642325970448,0.18229166666666666,0.36941176470588233,0.5969543320422994,0.1385028148475109,25.10948644509098,6.0,71.22813673037898,2.323961654580825,6.748175433305528,"Dongtai, Jiangsu",fallback_analytic
146,1.25,44.25,5.538461538461538,0.9490692479801462,1.1546035339867255,0.6109225331657695,0.22569444444444445,0.6194444444444445,0.7560327037609218,0.1233507009075176,40.38657299104223,3.0,71.6250429874478,2.3205770877500433,6.8923759806635525,"Dongtai, Jiangsu",fallback_analytic
147,1.640625,29.25,8.217391304347826,0.9532528640981692,3.302307975893266,0.6109928441781203,0.1996527777777778,0.48783068783068784,0.6875854181365503,0.13816689859550405,-27.186453309354388,7.0,71.27932774046576,2.5091583870551917,7.007808741271834,"Dongtai, Jiangsu",fallback_analytic
148,2.03125,40.875,10.173913043478262,1.5079612765934156,1.857594662086027,0.6115930402306,0.1996527777777778,0.394017094017094,0.6081155213939298,0.12550257007816212,-41.08711426993053,6.0,70.53720599020235,2.401753200499882,6.758147949812226,"Dongtai, Jiangsu",fallback_analytic
149,2.907986111111111,28.125,18.61111111111111,1.4392086631662044,1.9993556140072621,0.6005824289130614,0.15625,0.29014925373134326,0.5263818448729632,0.14465770376092185,-16.313529905185945,1.0,66.0,2.092736775867307,6.606624681351279,"Dongtai, Jiangsu",fallback_analytic
150,2.6822916666666665,31.875,16.263157894736842,1.2026773862817846,3.54355726991651,0.5778936693076238,0.16493055555555555,0.31132686084142397,0.5408382912821346,0.14076626904198572,-13.94607014729537,6.0,67.8871465633794,2.1879325313437232,6.759087937302972,"Dongtai, Jiangsu",fallback_analytic
151,2.7430555555555554,36.0,15.8,1.7648596133660768,2.071696956604658,0.6438988483122816,0.1736111111111111,0.3012658227848101,0.5553155317726808,0.1475198889747161,33.894362486663866,7.0,67.9944048770909,2.224423249963172,6.686904913585334,"Dongtai, Jiangsu",fallback_analytic
152,1.7447916666666667,37.5,8.73913043478261,0.7863856933095539,2.028236090376619,0.6336304064303309,0.1996527777777778,0.45870646766169154,0.6408143914814933,0.13110775850634895,14.518212174370738,6.0,67.9835330624885,2.691336485811793,7.326765604089485,"Dongtai, Jiangsu",fallback_analytic
153,1.0416666666666667,21.75,4.285714285714286,0.5825300347386033,1.5828055435701716,0.5976921324232046,0.24305555555555555,0.7266666666666667,0.9283931281940397,0.1377812937550124,18.908183883400206,1.0,71.92518029492625,2.1745662547609617,7.053841339955875,"Dongtai, Jiangsu",fallback_analytic
154,1.6493055555555556,39.75,7.6,0.8634977242376352,2.7119203962309077,0.5924346640701472,0.2170138888888889,0.4747368421052632,0.6510072106482807,0.12439354670786373,-25.127982897951842,6.0,71.17316305916489,2.5111044587588705,7.032484642626141,"Dongtai, Jiangsu",fallback_analytic
155,1.1458333333333333,30.0,5.076923076923077,0.6385835322834128,1.8599426441524993,0.595128397387008,0.22569444444444445,0.6757575757575758,0.8127502424710573,0.11825227353068188,25.332998976964447,3.0,72.14027955485426,2.320968784157051,7.047749708267254,"Dongtai, Jiangsu",fallback_analytic
156,1.6579861111111112,58.875,7.958333333333333,1.0774756871315434,1.6258029812832984,0.5977021865967397,0.20833333333333334,0.4774869109947644,0.6652817906487122,0.12731160190191773,-33.78650047978073,1.0,70.48816536863515,2.424234032588623,6.730718611215562,"Dongtai, Jiangsu",fallback_analytic
157,2.5086805555555554,36.75,13.761904761904763,1.3682654908698,1.9713575609639467,0.6233942445933169,0.18229166666666666,0.3259515570934256,0.5941679240625299,0.15358652920679136,-20.994257561312054,6.0,68.24281425909501,2.2491561909592197,6.914480089416516,"Dongtai, Jiangsu",fallback_analytic
158,1.7361111111111112,42.75,8.695652173913043,0.6366879380861681,2.2503015900959413,0.5957356966504933,0.1996527777777778,0.461,0.6475819333848297,0.13345558459330548,-5.800196874681205,3.0,68.46306048502872,2.584165921496212,7.251120894554469,"Dongtai, Jiangsu",fallback_analytic
159,1.6145833333333333,58.5,7.153846153846154,0.6577588119945161,1.9897485521233218,0.5891691498797309,0.22569444444444445,0.47956989247311826,0.7195058030362694,0.1490444531168928,-7.130149442688811,3.0,70.25998420447598,2.4868059298325593,7.2601591779591885,"Dongtai, Jiangsu",fallback_analytic
160,1.5277777777777777,44.625,7.04,0.5431976320879996,1.1459922003450682,0.6678837955915662,0.2170138888888889,0.5125,0.6367531136890304,0.11259677335393185,5.388574863077515,2.0,67.47176260044431,2.6376786158535075,7.456180190733883,"Dongtai, Jiangsu",fallback_analytic
161,2.013888888888889,24.75,10.545454545454545,0.9273995867860692,5.3087964378779064,0.5371493812356631,0.1909722222222222,0.4017241379310345,0.6224660690720615,0.14224902025663752,17.063672906468348,7.0,73.53565825796542,2.321194875368832,6.775500719894805,"Dongtai, Jiangsu",fallback_analytic
162,1.171875,56.25,4.821428571428571,1.0627230830498364,1.1921389624786847,0.6291110737344148,0.24305555555555555,0.6459259259259259,0.8807317681949545,0.1482169683888396,42.36902704044192,6.0,73.14206192377549,2.351482988199225,7.021214765745901,"Dongtai, Jiangsu",fallback_analytic
163,2.638888888888889,40.125,15.2,1.3445633933620331,4.193979381940712,0.4708194000990012,0.1736111111111111,0.3131578947368421,0.5490233421662457,0.13544596669241482,-22.625027561704588,0.0,71.07819507301839,1.7998630044980526,6.115042036986937,"Dongtai, Jiangsu",fallback_analytic
164,1.2847222222222223,40.875,5.6923076923076925,0.7295737489986323,1.473747764390284,0.7119365839088877,0.22569444444444445,0.6027027027027027,0.7738419731191112,0.13007836759399055,23.629908752396034,8.0,69.98871468266984,2.695117937617849,7.504137272183502,"Dongtai, Jiangsu",fallback_analytic
165,1.5711805555555556,50.625,7.24,0.6737333394775211,3.038419710769082,0.6219652668790248,0.2170138888888889,0.4983425414364641,0.665814022193336,0.12119354670786374,12.17919079408405,7.0,70.84281585608903,2.653257890135154,7.339507145539429,"Dongtai, Jiangsu",fallback_analytic
166,2.5694444444444446,36.0,14.8,1.089025665656848,3.5661592362362935,0.5411537150353853,0.1736111111111111,0.3216216216216216,0.5584164099690612,0.14447392228230127,-10.091182609503072,3.0,69.22271025126166,2.1082283146159013,6.6766124038464465,"Dongtai, Jiangsu",fallback_analytic
167,2.2395833333333335,39.75,12.9,0.8422847827407365,1.561684752222138,0.736202329712596,0.1736111111111111,0.3689922480620155,0.5800363179192765,0.14247392228230127,0.9811231364125916,8.0,66.0,2.7134975335763447,7.685611121533233,"Dongtai, Jiangsu",fallback_analytic
168,1.875,49.875,9.391304347826088,0.9976197833639803,3.3480020474519807,0.5373904045451392,0.1996527777777778,0.42685185185185187,0.6162685185185185,0.12034782608695652,-26.957689833212005,1.0,71.89996737219893,2.1840205400077077,6.481475084740978,"Dongtai, Jiangsu",fallback_analytic
169,1.953125,51.375,9.375,1.1234335650018294,1.44534175456806,0.6030823205505378,0.20833333333333334,0.4053333333333333,0.6455064446160989,0.13151657414559675,-25.241567350323912,3.0,69.13716178271233,2.42214876479894,6.931856884539313,"Dongtai, Jiangsu",fallback_analytic
170,1.5277777777777777,38.25,7.04,0.8255345039853501,2.0830314099038123,0.6191087523333224,0.2170138888888889,0.5125,0.6831099697203771,0.11762236447190914,-26.025744948599748,6.0,70.53347405985201,2.562347839914113,7.168613548020974,"Dongtai, Jiangsu",fallback_analytic
171,1.5711805555555556,45.75,7.541666666666667,1.1904922475210178,1.9624058840230514,0.6497174080715705,0.20833333333333334,0.5038674033149171,0.6848485083726459,0.1314782685685844,39.09387061686415,7.0,71.03740988844653,2.619180978111905,7.01894348746796,"Dongtai, Jiangsu",fallback_analytic
172,2.1440972222222223,40.5,11.761904761904763,0.8159782254355326,4.759546981326561,0.533958158396183,0.18229166666666666,0.3813765182186235,0.6161781376518218,0.13123809523809524,-8.925274630618595,4.0,71.75757288958702,2.260517635356592,6.739309232073347,"Dongtai, Jiangsu",fallback_analytic
173,1.7795138888888888,29.25,9.318181818181818,0.7306133439070326,1.3436218978262333,0.7036278125528915,0.1909722222222222,0.45463414634146343,0.660076861951899,0.14110898997701465,5.062357341640599,5.0,66.0,2.789070485302871,7.572630071530015,"Dongtai, Jiangsu",fallback_analytic
174,1.2413194444444444,30.75,5.72,0.5403648249385464,1.5539963121328624,0.6516769434060325,0.2170138888888889,0.6307692307692307,0.789906718053151,0.1358415022977502,-12.152781154293415,6.0,69.443108724824,2.5596320668375454,7.5619032054871935,"Dongtai, Jiangsu",fallback_analytic
175,2.2569444444444446,40.875,13.0,1.1406936163641523,2.7359627843701717,0.642294855081738,0.1736111111111111,0.36615384615384616,0.5831991923374018,0.13314596669241482,21.039419438846167,7.0,68.22408243640409,2.4112339852750027,7.019862944264311,"Dongtai, Jiangsu",fallback_analytic
176,2.0225694444444446,40.875,10.130434782608695,1.163635506586482,4.222913636206704,0.5307533120660503,0.1996527777777778,0.39570815450643776,0.6304549356223176,0.12095652173913043,28.127840142690786,6.0,73.47546223339874,2.2207833000307726,6.614415093378464,"Dongtai, Jiangsu",fallback_analytic
177,1.7621527777777777,55.875,8.826086956521738,0.6674847937318316,1.3631272927117297,0.6299907943200352,0.1996527777777778,0.4541871921182266,0.6549565353925635,0.13610425128236184,-3.3879525051062984,1.0,67.1447059334582,2.567510241809313,7.298515782013438,"Dongtai, Jiangsu",fallback_analytic
178,2.3350694444444446,24.75,12.227272727272727,0.9522104525808252,1.276198168000385,0.6624608773989739,0.1909722222222222,0.3464684014869889,0.5942427065264536,0.13567081825204047,4.733319090416543,6.0,66.41074613403991,2.53031881363628,7.4230216240632405,"Dongtai, Jiangsu",fallback_analytic
179,2.717013888888889,34.5,17.38888888888889,1.7051999211193838,2.603341970741144,0.6007833243255789,0.15625,0.31054313099041536,0.5202172523961661,0.1341111111111111,-35.098358014262004,2.0,67.47434503205386,1.9982007195315614,6.3066419478725395,"Dongtai, Jiangsu",fallback_analytic
180,1.7447916666666667,27.375,8.73913043478261,0.81026441242577,2.6925481250577143,0.6411027762784383,0.1996527777777778,0.45870646766169154,0.6436591178880826,0.14570943971054864,16.588130930725498,5.0,68.97905558717427,2.603631853880048,7.183306049961169,"Dongtai, Jiangsu",fallback_analytic
181,1.1197916666666667,53.625,4.777777777777778,0.7563876335741805,1.886776114845915,0.5839609500631961,0.234375,0.6837209302325581,0.8448499537039381,0.134924329307113,33.395112732374244,3.0,73.29146778045775,2.2543167115070912,6.879919639367159,"Dongtai, Jiangsu",fallback_analytic
182,1.1111111111111112,28.875,5.12,0.6324309166017387,1.5995253310493933,0.6111731389828436,0.2170138888888889,0.7046875,0.7833577344353473,0.11475677335393186,-29.88803087197813,3.0,70.83440655488988,2.2802038654339394,7.0441115064339925,"Dongtai, Jiangsu",fallback_analytic
183,2.0052083333333335,49.875,10.043478260869565,1.3778946780164751,1.821346969245071,0.6182456118873159,0.1996527777777778,0.3991341991341991,0.6089886869132723,0.13509209667806338,36.97050873196959,4.0,70.57904313216385,2.392189177845577,6.73092933929758,"Dongtai, Jiangsu",fallback_analytic
184,2.013888888888889,47.625,11.047619047619047,1.1253230872675888,1.5121287274716773,0.686481094077096,0.18229166666666666,0.4060344827586207,0.6030350345893027,0.13256374608079016,-25.66479672689869,7.0,67.19177050316131,2.5805043816694333,7.2050587689648715,"Dongtai, Jiangsu",fallback_analytic
185,1.2586805555555556,43.125,5.576923076923077,0.5704898533540929,1.967410929347651,0.5935534131363747,0.22569444444444445,0.6151724137931035,0.7924642852634566,0.13757526504969428,13.800127524188497,1.0,70.98362105308708,2.382441446752126,7.075970319344442,"Dongtai, Jiangsu",fallback_analytic
186,2.03125,41.25,10.636363636363637,0.932126878325149,3.4983282183993514,0.6443790183532422,0.1909722222222222,0.39829059829059826,0.594718222275039,0.12676906062946802,18.23760836870408,8.0,70.31249581306184,2.5282567706812293,7.138418431277949,"Dongtai, Jiangsu",fallback_analytic
187,1.7361111111111112,47.625,8.695652173913043,1.3704625976716422,1.422942160661938,0.7044790874444344,0.1996527777777778,0.461,0.6527,0.114,-44.073535709846254,8.0,69.40274373759837,2.722468161476606,7.082574096879873,"Dongtai, Jiangsu",fallback_analytic
188,1.9097222222222223,45.375,9.565217391304348,0.894673226476342,5.003889216202746,0.5452727800706141,0.1996527777777778,0.41909090909090907,0.6114661273148607,0.1273443188629694,-18.74876315322843,5.0,73.45276086442996,2.257085105723511,6.642399137418974,"Dongtai, Jiangsu",fallback_analytic
189,1.7708333333333333,47.25,8.5,1.0223192581525309,1.305407157576717,0.6477242767041633,0.20833333333333334,0.4470588235294118,0.6625268759583559,0.1409565371371688,-25.087980582019334,2.0,68.58118132742655,2.5160911650184823,6.9706539215181165,"Dongtai, Jiangsu",fallback_analytic
190,1.6579861111111112,39.75,7.64,0.6043280295541527,2.266915366952053,0.5856016530286406,0.2170138888888889,0.4722513089005236,0.6847314557076813,0.14171827565168205,2.8835478896931974,1.0,69.47040414622103,2.4663333157285936,7.170883383154144,"Dongtai, Jiangsu",fallback_analytic
191,1.3888888888888888,28.125,6.4,0.5390794557432772,3.3502673159153944,0.544877518022542,0.2170138888888889,0.56375,0.7386227751738,0.12575354670786373,-7.043532696204352,1.0,72.0431558809684,2.261601941509949,6.920230962027544,"Dongtai, Jiangsu",fallback_analytic
192,1.7361111111111112,36.75,8.333333333333334,1.0372476380572704,1.9690360594319527,0.6555819854337643,0.20833333333333334,0.456,0.638532496746486,0.12731160190191773,-31.14377559410212,5.0,69.67058581358096,2.595669233584114,7.032104079819588,"Dongtai, Jiangsu",fallback_analytic
193,2.1354166666666665,28.125,11.714285714285714,1.175090247741683,1.9842106075507124,0.5606071324549708,0.18229166666666666,0.3829268292682927,0.5695287154973948,0.12613901589753793,-27.497596181522354,0.0,68.60834443060172,2.1709995782890408,6.501911439839429,"Dongtai, Jiangsu",fallback_analytic
194,1.6319444444444444,58.875,7.52,0.9465980731358592,2.8814629781367485,0.6173289468379846,0.2170138888888889,0.4797872340425532,0.6862892908349252,0.1298847289438183,27.17755057754607,5.0,72.14010854194399,2.46271289118724,6.9445339224285005,"Dongtai, Jiangsu",fallback_analytic
195,2.326388888888889,44.625,11.652173913043478,0.8025529198858451,2.9421781162958824,0.5614260363305086,0.1996527777777778,0.3440298507462687,0.564910447761194,0.11426086956521739,4.506534675063968,1.0,70.27587971469765,2.189843103360904,6.789022221037169,"Dongtai, Jiangsu",fallback_analytic
196,1.3454861111111112,18.375,5.344827586206897,0.7516483387164901,3.509209066390852,0.5084893149068175,0.2517361111111111,0.5561290322580645,0.7594219485764704,0.12441508818771567,-25.260432237542823,1.0,74.8214008380084,2.1373026141564058,6.569135464709327,"Dongtai, Jiangsu",fallback_analytic
197,2.0833333333333335,49.5,10.434782608695652,1.2133018589373625,2.956994561302219,0.5794034209681944,0.1996527777777778,0.38416666666666666,0.5992166666666666,0.11339130434782609,-30.301960718376478,2.0,71.26144567529546,2.217394431283771,6.536244462057112,"Dongtai, Jiangsu",fallback_analytic
198,2.3177083333333335,37.875,13.35,0.8146354190014096,2.24645238181371,0.6749175990785061,0.1736111111111111,0.35655430711610486,0.5621947565543071,0.1254,2.4566869170334797,5.0,66.06403686323536,2.4374119553659432,7.299221109719235,"Dongtai, Jiangsu",fallback_analytic
199,1.953125,45.75,9.782608695652174,1.5645646260514319,1.681363935470835,0.6163781353168871,0.1996527777777778,0.4097777777777778,0.5984444444444444,0.11713043478260869,44.01378946982493,4.0,70.31928916412546,2.3326723241640255,6.630433843589782,"Dongtai, Jiangsu",fallback_analytic
200,1.9270833333333333,39.375,9.652173913043478,0.7238563918762622,1.8249827207154394,0.6792617132741096,0.1996527777777778,0.4153153153153153,0.6437924235695617,0.13871294693453573,-2.30344429977805,7.0,66.96908991054327,2.8065930790182194,7.5888835867155064,"Dongtai, Jiangsu",fallback_analytic
201,1.2239583333333333,49.875,5.423076923076923,0.716553244504728,0.8700516476901536,0.7366052487566491,0.22569444444444445,0.6326241134751773,0.7729592719917878,0.13594602574005704,27.088096810211624,8.0,69.6824186809876,2.7740441166483243,7.605008627188637,"Dongtai, Jiangsu",fallback_analytic
202,1.6840277777777777,57.75,7.76,1.0617108032200435,1.891833318715944,0.5473096240114493,0.2170138888888889,0.46494845360824744,0.645478463989196,0.11499677335393185,-35.09610319189851,0.0,71.83803408425665,2.2520298354639294,6.552587203345303,"Dongtai, Jiangsu",fallback_analytic
203,1.9184027777777777,37.5,9.608695652173912,1.47718150888505,1.7618104487802584,0.6866555994711654,0.1996527777777778,0.4171945701357466,0.6380922474070856,0.1371790531998025,-40.7841735562736,8.0,69.93558006264234,2.6027879350243466,7.042405770737383,"Dongtai, Jiangsu",fallback_analytic
204,1.1371527777777777,17.625,4.678571428571429,0.5325949985290795,1.2476312558045128,0.6830965053822119,0.24305555555555555,0.665648854961832,0.8840556340123363,0.14444411917635988,10.200478724949157,5.0,69.74150958140446,2.5408892419127223,7.550443437139983,"Dongtai, Jiangsu",fallback_analytic
205,1.0329861111111112,47.25,4.103448275862069,0.9626917619271763,1.5822285920921346,0.6471267969503386,0.2517361111111111,0.7243697478991596,0.8707676863091292,0.11312272799302513,-41.22301077982509,7.0,73.52687130466123,2.3328227238569452,7.090036244362278,"Dongtai, Jiangsu",fallback_analytic
206,1.9270833333333333,52.125,9.652173913043478,1.5616766561410382,1.9055547695203994,0.5725260207513202,0.1996527777777778,0.4153153153153153,0.6174234234234234,0.11860869565217391,-42.509930966800475,1.0,71.28981907228393,2.2711844179127585,6.384068452415617,"Dongtai, Jiangsu",fallback_analytic
207,1.7274305555555556,45.75,8.291666666666666,0.9738661157148562,2.4738631168007705,0.5679241640327082,0.20833333333333334,0.45829145728643217,0.6314170854271357,0.11058333333333334,30.199659052131366,1.0,71.05620760060225,2.2748594638992956,6.586453208687658,"Dongtai, Jiangsu",fallback_analytic
208,1.1284722222222223,42.75,4.642857142857143,0.725887426264773,3.9942087978519414,0.530501706590887,0.24305555555555555,0.6707692307692308,0.8127909385684925,0.12076708734450091,32.12153450276355,4.0,76.44579958135883,2.0557136540587835,6.641607860313427,"Dongtai, Jiangsu",fallback_analytic
209,1.7013888888888888,59.25,7.84,0.5436948934845892,3.5420891922731275,0.5720200254585803,0.2170138888888889,0.4602040816326531,0.6575066633204808,0.12195677335393186,-3.839434877105667,4.0,71.58561993774359,2.47694617617215,7.162028154286424,"Dongtai, Jiangsu",fallback_analytic
210,1.4409722222222223,63.75,6.916666666666667,0.6324043705423806,1.9077913308036016,0.709225505279494,0.20833333333333334,0.5493975903614458,0.6970603334481144,0.13568324081226343,-11.977402760574286,8.0,69.09222035484069,2.7883396233904882,7.68762995082205,"Dongtai, Jiangsu",fallback_analytic
211,2.1527777777777777,40.125,11.272727272727273,0.7281057787974242,2.999392985666474,0.6724972716436662,0.1909722222222222,0.3758064516129032,0.549008064516129,0.11881818181818182,3.822766474026885,8.0,68.32281103812585,2.5777279722568567,7.458648576198512,"Dongtai, Jiangsu",fallback_analytic
212,1.9357638888888888,54.0,8.92,0.9153108680399832,2.8622417375492653,0.584349284665319,0.2170138888888889,0.4044843049327354,0.6115515695067265,0.10696,20.235210993058033,6.0,72.00869844948566,2.4098009029061163,7.023973732749762,"Dongtai, Jiangsu",fallback_analytic
213,1.71875,27.375,9.428571428571429,0.7872300903521666,1.5880062453498636,0.6269697132385855,0.18229166666666666,0.47575757575757577,0.6547306870403413,0.14375038102594714,-11.274605066606554,3.0,66.36921239674955,2.612730269903309,7.2597895187760635,"Dongtai, Jiangsu",fallback_analytic
214,1.9965277777777777,37.125,10.454545454545455,1.5537340960097232,1.7827252475146362,0.6531388484812478,0.1909722222222222,0.4052173913043478,0.6090086956521739,0.12036363636363637,-42.8592704471694,5.0,69.24087416669737,2.475042050664936,6.729489793975727,"Dongtai, Jiangsu",fallback_analytic
215,0.9809027777777778,22.875,3.896551724137931,0.7470726675791681,1.2907327633257837,0.667411393874913,0.2517361111111111,0.7628318584070797,0.9104082126081259,0.12234612267047429,-38.358315246085766,7.0,72.31976192414896,2.296333242439858,7.251864740125371,"Dongtai, Jiangsu",fallback_analytic
216,2.0746527777777777,46.125,11.380952380952381,0.9734165831963084,1.4897569531350292,0.7284522252134132,0.18229166666666666,0.3941422594142259,0.5947982148700078,0.1436379894997296,15.46556972130358,8.0,66.3604539774766,2.7308423459837172,7.477560071960253,"Dongtai, Jiangsu",fallback_analytic
217,1.9097222222222223,52.5,8.8,1.0472764581610703,2.559276849188446,0.5211892565949082,0.2170138888888889,0.41,0.631251612139938,0.1282847289438183,-26.062672382518368,0.0,72.19610827725634,2.2091243971148926,6.4958037940169016,"Dongtai, Jiangsu",fallback_analytic
218,1.3368055555555556,38.25,6.16,1.204163166513291,1.3896784008829905,0.7016977261930376,0.2170138888888889,0.5857142857142857,0.734,0.11392,-43.554683309798,8.0,70.93553708294209,2.5730755424329073,7.164740361042846,"Dongtai, Jiangsu",fallback_analytic
219,1.9965277777777777,48.75,9.583333333333334,1.4371422152693047,2.195505043624041,0.5605274429775995,0.20833333333333334,0.39652173913043476,0.6417201914252523,0.12907661115402472,38.63837467124513,1.0,71.9090624676638,2.1380920139022823,6.412864861806458,"Dongtai, Jiangsu",fallback_analytic
220,1.2586805555555556,64.5,5.37037037037037,0.4672999605106957,1.105542760556295,0.6617737911573203,0.234375,0.6082758620689656,0.7949071127963914,0.12622361323865758,-2.07102784555655,6.0,69.51569367437588,2.6310787523843553,7.756376927709989,"Dongtai, Jiangsu",fallback_analytic
221,2.2916666666666665,34.125,12.571428571428571,1.164227004658632,2.4304675077375966,0.6831913861708175,0.18229166666666666,0.3568181818181818,0.5649226515736702,0.12613901589753793,-21.81534549666977,8.0,68.54486461976799,2.490128514064696,7.139074262487286,"Dongtai, Jiangsu",fallback_analytic
222,2.0746527777777777,44.25,9.958333333333334,0.9735478758388441,3.2639630694121644,0.536332895523293,0.20833333333333334,0.3815899581589958,0.6254018075572366,0.12477329632490536,18.724373888005147,3.0,71.71110263584765,2.1967804629790657,6.6832943808636385,"Dongtai, Jiangsu",fallback_analytic
223,1.7708333333333333,48.0,8.5,0.7407893661205349,1.1927704938987755,0.6284909389325609,0.20833333333333334,0.4470588235294118,0.6258823529411764,0.105,-9.765739236955092,3.0,67.41503413178877,2.6258075286207707,7.358107305309775,"Dongtai, Jiangsu",fallback_analytic
224,2.0746527777777777,37.875,10.863636363636363,0.7941198949202054,1.2527472075741926,0.6697225381224463,0.1909722222222222,0.3899581589958159,0.5702051548375714,0.11885996972037711,4.553776300209954,4.0,66.0,2.5838795129051735,7.42825031221901,"Dongtai, Jiangsu",fallback_analytic
225,1.3107638888888888,45.375,5.8076923076923075,0.6698669955767128,3.353296334931792,0.6391429112241043,0.22569444444444445,0.590728476821192,0.7115167682528448,0.11717535045375879,24.78870844891155,8.0,73.11946243121676,2.539833807061822,7.225555302185198,"Dongtai, Jiangsu",fallback_analytic
226,1.40625,40.875,6.0,0.47166702964642326,2.5853430263084682,0.6024070977618042,0.234375,0.5444444444444444,0.7310598314060504,0.12153623872763059,2.5751725319977083,6.0,70.88546575448862,2.620935318544701,7.476777392693806,"Dongtai, Jiangsu",fallback_analytic
227,1.5451388888888888,31.5,7.416666666666667,1.1765999470449149,1.4272866851360775,0.6716778680460935,0.20833333333333334,0.5123595505617977,0.7155882547279367,0.14090322230804944,39.32410908337587,7.0,69.962649727321,2.6396941791155606,7.106352271265186,"Dongtai, Jiangsu",fallback_analytic
228,2.170138888888889,44.25,11.363636363636363,0.8303200986346794,1.479074477316522,0.6942214391841741,0.1909722222222222,0.3728,0.5823842560494366,0.12040542426583166,3.297388696312261,5.0,66.25326136980411,2.621602192294113,7.465772807245499,"Dongtai, Jiangsu",fallback_analytic
229,1.8836805555555556,49.125,9.041666666666666,1.1655646264631527,1.4992472936628856,0.5992408565282917,0.20833333333333334,0.4202764976958525,0.6396705746621391,0.13209990747893008,-31.262714835870213,1.0,69.72525189506386,2.347916640271008,6.7326001176719785,"Dongtai, Jiangsu",fallback_analytic
230,1.5277777777777777,51.375,6.769230769230769,0.7263800874968552,3.665376863874208,0.5193991663896019,0.22569444444444445,0.5068181818181818,0.6802236060840134,0.11794458122298956,21.513799819760706,1.0,73.97129003264178,2.1735205314325534,6.653673120334076,"Dongtai, Jiangsu",fallback_analytic
231,1.3975694444444444,16.5,5.962962962962963,0.6077671487671323,3.3942766048382342,0.5646057498557853,0.234375,0.5478260869565217,0.7331967455527179,0.12110513584061457,14.815186437683685,2.0,73.25250070231635,2.265785120695236,6.8834166166917665,"Dongtai, Jiangsu",fallback_analytic
232,2.126736111111111,45.75,10.652173913043478,0.9282890274339183,5.851295130298571,0.4400319114684781,0.1996527777777778,0.3763265306122449,0.599645948370784,0.13632514981069677,15.218804188370001,1.0,75.53132689054249,1.8538551244936579,6.197119923966478,"Dongtai, Jiangsu",fallback_analytic
233,1.6666666666666667,29.25,8.727272727272727,0.7259482996282309,2.3888577000404143,0.6970049822354764,0.1909722222222222,0.48541666666666666,0.6302604166666667,0.11518181818181818,-13.542684287892968,8.0,67.55301278461789,2.8073321041483963,7.525978796540861,"Dongtai, Jiangsu",fallback_analytic
234,1.5190972222222223,56.625,6.730769230769231,0.5675615508231693,2.156243802456581,0.6211172303132544,0.22569444444444445,0.5097142857142857,0.6682774171958248,0.1105738205326268,-9.719787157311444,4.0,70.15322067030182,2.5683459478102133,7.3413361878725105,"Dongtai, Jiangsu",fallback_analytic
235,1.4670138888888888,54.0,6.5,0.6022608001227046,2.5974213714098857,0.6020821575831408,0.22569444444444445,0.527810650887574,0.7005878974602744,0.12511993167674837,12.959216408185725,4.0,71.1103876950984,2.47105187920192,7.157417896013959,"Dongtai, Jiangsu",fallback_analytic
236,1.8923611111111112,37.125,9.478260869565217,0.9730418334032322,2.954969719200009,0.5890948156736481,0.1996527777777778,0.42293577981651376,0.6513947890475189,0.13606428024547937,21.191948033511423,2.0,70.9111745915558,2.3478691285095286,6.781299311904957,"Dongtai, Jiangsu",fallback_analytic
237,1.7100694444444444,58.875,8.208333333333334,0.6224858327541423,1.506863504779472,0.7256593598319887,0.20833333333333334,0.46294416243654823,0.6969006803834136,0.13244825006437042,-0.5865029486788131,8.0,66.99101535549546,2.85,7.85,"Dongtai, Jiangsu",fallback_analytic
238,1.6753472222222223,51.75,7.423076923076923,0.9499361961451367,3.051562020675474,0.57000951577162,0.22569444444444445,0.46217616580310883,0.6759631400324515,0.1397921795862109,24.83577952312693,2.0,72.72977235393552,2.341043284324593,6.724106201854067,"Dongtai, Jiangsu",fallback_analytic
239,0.9722222222222222,20.625,3.8620689655172415,0.4055139617723236,1.580610271907682,0.6344786417639109,0.2517361111111111,0.7696428571428572,0.933479970536958,0.130848161008327,9.60761914913276,6.0,71.39223423656219,2.370376408140871,7.588093492830327,"Dongtai, Jiangsu",fallback_analytic
240,1.09375,43.125,4.666666666666667,0.8714777246201559,2.3479147472288426,0.63091180112604,0.234375,0.7,0.8290322540663423,0.12279549798688984,37.96604351152706,5.0,73.58235848996054,2.24076946202877,6.91819196816997,"Dongtai, Jiangsu",fallback_analytic
241,1.4670138888888888,40.125,6.76,0.9678683528712406,1.2887484241582918,0.6101867178077076,0.2170138888888889,0.5337278106508876,0.7236975504512612,0.12095354670786373,-34.817776695477505,1.0,70.43232305347065,2.3138874014425674,6.7788525096655645,"Dongtai, Jiangsu",fallback_analytic
242,1.8055555555555556,52.875,8.666666666666666,1.66859665260563,1.6753175836895677,0.6070767638815253,0.20833333333333334,0.43846153846153846,0.6438045897633959,0.12835662965823869,44.949366786133496,4.0,71.83297695216449,2.3588979427744197,6.618451133994904,"Dongtai, Jiangsu",fallback_analytic
243,1.6493055555555556,33.75,7.916666666666667,0.8860199788768147,2.886997250203932,0.6249126441701034,0.20833333333333334,0.48,0.6237877754494378,0.12027329632490537,-27.70907152711983,5.0,70.64419717128143,2.503741431047174,6.96535603570324,"Dongtai, Jiangsu",fallback_analytic
244,1.1024305555555556,25.5,4.703703703703703,0.973423525520469,1.2185167616161654,0.6370098885145346,0.234375,0.694488188976378,0.7873964934707588,0.11727996710361958,-42.777074987673544,2.0,71.810547027566,2.1930406630185284,6.835855880619943,"Dongtai, Jiangsu",fallback_analytic
245,2.4131944444444446,40.125,13.238095238095237,0.9995924090034449,2.9561237741371134,0.5987505193410444,0.18229166666666666,0.33884892086330937,0.5769029928279841,0.1343123386570347,9.96443266638466,4.0,68.69139423458714,2.2195619082776115,6.890741828497146,"Dongtai, Jiangsu",fallback_analytic
246,1.9704861111111112,49.125,9.869565217391305,1.2107864876312147,1.4987605460788196,0.6028333964293764,0.1996527777777778,0.4061674008810573,0.5929032246968263,0.1200243092085969,-33.881550746921675,1.0,69.15752799057182,2.3047815414552635,6.629033421741424,"Dongtai, Jiangsu",fallback_analytic
247,1.9097222222222223,42.375,9.166666666666666,0.9408829962916692,2.398658081706972,0.6072516902133875,0.20833333333333334,0.41454545454545455,0.6252320334480298,0.13450156489348977,17.033921302083655,6.0,70.27860022867242,2.5510130327533584,7.150786922021877,"Dongtai, Jiangsu",fallback_analytic
248,1.3888888888888888,46.875,6.4,0.7561116466779404,2.88254915887955,0.6599049566665893,0.2170138888888889,0.56375,0.7187966708944852,0.12861913782584103,25.932773114726643,8.0,71.70527246076212,2.595092025043924,7.277992657787521,"Dongtai, Jiangsu",fallback_analytic
249,2.126736111111111,49.5,10.208333333333334,1.3204094006458176,2.855020269107207,0.6088161465432123,0.20833333333333334,0.3722448979591837,0.5826857142857143,0.11475,33.98066155812201,7.0,72.12826720876352,2.370121018696222,6.7719586358916475,"Dongtai, Jiangsu",fallback_analytic
250,1.2413194444444444,22.875,5.5,0.9334040829849262,1.116899492095932,0.68305730144121,0.22569444444444445,0.6237762237762238,0.8257088721801941,0.1417783248919583,-40.15419460275208,5.0,70.4043224729246,2.4584873422080866,7.053859585139235,"Dongtai, Jiangsu",fallback_analytic
251,2.03125,25.875,11.7,1.1541190108006294,1.6159390657990147,0.7215587880471253,0.1736111111111111,0.40683760683760684,0.5702109173965229,0.13202795558988645,29.51437927534772,8.0,66.13308617476794,2.67244349509828,7.268080970306435,"Dongtai, Jiangsu",fallback_analytic
252,1.6753472222222223,35.625,8.391304347826088,0.8940835798664851,3.4534410824858335,0.5023142912836849,0.1996527777777778,0.47772020725388603,0.6575721175292513,0.13632514981069677,-24.002905124939765,0.0,72.15613559255578,2.1931277816542614,6.490623050049835,"Dongtai, Jiangsu",fallback_analytic
253,1.0590277777777777,40.875,4.518518518518518,0.39106255895426645,2.0644182053482005,0.6264682694279012,0.234375,0.7229508196721312,0.8386779454227274,0.12344882309612805,4.783579480504784,4.0,71.2552667477182,2.3867588504600494,7.47504445701356,"Dongtai, Jiangsu",fallback_analytic
254,1.2760416666666667,69.0,5.444444444444445,0.7327646325411266,2.388402228737173,0.599840825548868,0.234375,0.6,0.7685149162434024,0.1299273169423613,-25.59611426122709,6.0,73.00927142156583,2.3973041401591986,7.163745801383309,"Dongtai, Jiangsu",fallback_analytic
255,1.8055555555555556,44.25,8.666666666666666,0.6233121522246495,3.0176035311476612,0.5251967059984408,0.20833333333333334,0.43846153846153846,0.6887906283140628,0.13597826856858442,-1.6704982319837,0.0,70.06802557357192,2.347203546484829,6.946826479168885,"Dongtai, Jiangsu",fallback_analytic
256,1.2847222222222223,63.375,5.285714285714286,0.4469331680621084,2.6324983090198453,0.5611282964722775,0.24305555555555555,0.5891891891891892,0.7597188288984185,0.11903993655698063,6.043873992952129,1.0,72.4385757370323,2.287296929324909,7.128944163723758,"Dongtai, Jiangsu",fallback_analytic
257,1.7013888888888888,50.25,8.909090909090908,0.8099750910063841,1.5872840819460305,0.5857068553041256,0.1909722222222222,0.47551020408163264,0.646794846978186,0.1228599697203771,-18.18177013611596,0.0,68.6747247192983,2.43801993034215,6.957387307899972,"Dongtai, Jiangsu",fallback_analytic
258,1.9791666666666667,48.375,9.91304347826087,1.2171066058221673,3.3347085654620283,0.5291426709264099,0.1996527777777778,0.4043859649122807,0.6035585731174841,0.12611126573033604,-32.69791308994757,1.0,72.37235536234458,2.1432979127765117,6.3354109257280316,"Dongtai, Jiangsu",fallback_analytic
259,2.3090277777777777,40.875,13.3,1.3869000140903305,2.7938532199144124,0.6301309817509213,0.1736111111111111,0.35789473684210527,0.5583028120649224,0.1307459666924148,-32.84584560385822,5.0,69.4526422033274,2.2748637110701995,6.6521690643866025,"Dongtai, Jiangsu",fallback_analytic
260,1.4930555555555556,61.125,7.166666666666667,0.5713261736651756,2.351830343134517,0.5889070726613456,0.20833333333333334,0.5302325581395348,0.6579069767441861,0.1125,-6.077442538296729,1.0,69.60139835563233,2.442919009449883,7.174488268946268,"Dongtai, Jiangsu",fallback_analytic
261,1.5625,56.25,7.2,0.6701279429016254,3.066941585619977,0.5859686077480248,0.2170138888888889,0.5011111111111111,0.6958204296410733,0.12242236447190916,-14.408773225391371,2.0,71.7216004623845,2.4130926741011645,6.919548893840621,"Dongtai, Jiangsu",fallback_analytic
262,1.8576388888888888,57.75,8.916666666666666,1.37519354369353,1.6099883386445404,0.5514260580398105,0.20833333333333334,0.4261682242990654,0.6184911028903677,0.11812163891034569,42.35685109207989,0.0,71.4140321965915,2.224347119889782,6.376841937425595,"Dongtai, Jiangsu",fallback_analytic
263,0.9982638888888888,20.25,3.8333333333333335,0.6687457101616099,3.3293050757022855,0.6186196352321108,0.2604166666666667,0.7408695652173913,0.9200960639875351,0.12160125191479182,30.913101357408976,8.0,75.85123450321038,2.262586333291619,7.125092067205488,"Dongtai, Jiangsu",fallback_analytic
264,1.6579861111111112,51.0,7.64,0.954018579384865,2.638126259302173,0.5917655953414074,0.2170138888888889,0.4722513089005236,0.6936191484337282,0.13688150229775017,-26.472261081920713,4.0,71.80953183763468,2.4284893397191962,6.870324761515582,"Dongtai, Jiangsu",fallback_analytic
265,1.5885416666666667,41.25,7.32,0.5329363420538339,3.108730634022977,0.5547847098458165,0.2170138888888889,0.492896174863388,0.6653735227911823,0.12162236447190915,-3.8857328450934503,3.0,71.33302998949243,2.4695811164883685,7.133880916616792,"Dongtai, Jiangsu",fallback_analytic
266,1.8489583333333333,54.75,8.875,0.729465040853203,1.127619578046251,0.6665499485773551,0.20833333333333334,0.428169014084507,0.6364167763095393,0.12339493523525107,4.691745961377748,6.0,67.08418586439507,2.768712800732241,7.629817089004664,"Dongtai, Jiangsu",fallback_analytic
267,1.875,46.125,9.391304347826088,1.0599580241329702,2.3775235186254373,0.6087160160674414,0.1996527777777778,0.42685185185185187,0.6328118271795665,0.12698083094772733,27.69964046843866,2.0,70.04516995078122,2.3940359633896056,6.781477943890604,"Dongtai, Jiangsu",fallback_analytic
268,1.5885416666666667,46.875,7.038461538461538,0.6145534435469642,2.102376722437848,0.6563922378050518,0.22569444444444445,0.48743169398907105,0.6574722332412322,0.12877067528629824,9.511382726579129,7.0,69.43190589215985,2.6917384873369734,7.503845651031871,"Dongtai, Jiangsu",fallback_analytic
269,1.71875,51.75,8.25,0.6710092050993894,2.0431245952290604,0.5622679813201953,0.20833333333333334,0.46060606060606063,0.6533199730847796,0.12085662965823869,-4.463169611908512,0.0,69.14593462342431,2.4400020321550695,7.047507402837251,"Dongtai, Jiangsu",fallback_analytic
270,1.9010416666666667,50.625,9.125,1.086602202211962,2.8332319575224627,0.5140399669439563,0.20833333333333334,0.41643835616438357,0.6324065388410026,0.12393996299157203,27.885083435338316,0.0,72.43754928029574,2.175395107191968,6.4118378655783275,"Dongtai, Jiangsu",fallback_analytic
271,1.2586805555555556,55.875,5.576923076923077,0.4221773549195928,2.3450837112651666,0.6193790017970541,0.22569444444444445,0.6151724137931035,0.7671568368810504,0.13338605990168284,-0.1955324239007794,2.0,70.50639477499816,2.4392548854238605,7.391810667811894,"Dongtai, Jiangsu",fallback_analytic
272,2.3871527777777777,31.125,13.75,1.7057627200955001,2.793439269482297,0.5823930315279991,0.1736111111111111,0.3461818181818182,0.5735709090909091,0.1328,-37.95335300125812,2.0,70.18665350739161,2.025404311437092,6.298645661896824,"Dongtai, Jiangsu",fallback_analytic
273,2.265625,39.75,12.428571428571429,1.1518182276362574,2.2731155162382404,0.5849818169116868,0.18229166666666666,0.36091954022988504,0.5514022988505747,0.11780952380952381,23.90887502656173,3.0,68.93322894765731,2.2514972467403354,6.743532957679185,"Dongtai, Jiangsu",fallback_analytic
274,0.9895833333333334,58.875,4.071428571428571,0.595356099088336,3.913357494694403,0.503957011804246,0.24305555555555555,0.7649122807017544,0.878859649122807,0.10907142857142857,-30.779599830769463,1.0,77.38325785241635,1.8668184398779826,6.514420424821837,"Dongtai, Jiangsu",fallback_analytic
275,1.5885416666666667,56.625,7.32,0.8509986402582221,3.647406376868657,0.5555151882038137,0.2170138888888889,0.492896174863388,0.6628397668600721,0.12026236447190915,26.53764953161111,4.0,73.63024460638893,2.3704040367346795,6.711702002399888,"Dongtai, Jiangsu",fallback_analytic
276,1.875,55.875,9.391304347826088,0.753961752489531,1.0478517026460359,0.639142739572355,0.1996527777777778,0.42685185185185187,0.6099600464035803,0.13687119814972845,-5.899834439666279,3.0,66.44929462888918,2.6807276367205204,7.398840591435752,"Dongtai, Jiangsu",fallback_analytic
277,1.5972222222222223,40.875,7.36,0.9663539611588091,1.8386145537438425,0.6232526482927829,0.2170138888888889,0.4902173913043478,0.6644442464551756,0.12485913782584103,-32.33937567405912,6.0,70.41295820228598,2.628680300193121,7.033841118650893,"Dongtai, Jiangsu",fallback_analytic
278,1.5885416666666667,42.0,7.32,1.3747129868431955,1.6392597119471461,0.6148924809372752,0.2170138888888889,0.492896174863388,0.6697577996469573,0.12162236447190915,42.595277223059796,2.0,71.24682419092179,2.3643253397516055,6.595589194427772,"Dongtai, Jiangsu",fallback_analytic
279,1.6753472222222223,39.75,7.72,0.6415815423195721,1.7680426269878988,0.7090664221165901,0.2170138888888889,0.46735751295336786,0.6753715509926049,0.1274847289438183,6.818129179836831,8.0,67.97484494764522,2.85,7.724125554797304,"Dongtai, Jiangsu",fallback_analytic
280,1.3628472222222223,28.5,6.28,0.7368352646698659,2.663844838425474,0.5994241847650754,0.2170138888888889,0.5745222929936306,0.7162551847920964,0.1298847289438183,24.670837610730658,2.0,71.55691856293055,2.3444806121674717,6.8728934442114085,"Dongtai, Jiangsu",fallback_analytic
281,1.9097222222222223,49.125,9.166666666666666,1.2428267225254663,2.967391174372734,0.5024246174574053,0.20833333333333334,0.41454545454545455,0.6340836455879677,0.12765994448735807,33.94344674999614,0.0,73.45079378852822,2.0884896113999907,6.293647282818625,"Dongtai, Jiangsu",fallback_analytic
282,1.0677083333333333,23.25,4.392857142857143,0.5550398756549519,1.1056836499265148,0.6878766145322969,0.24305555555555555,0.7089430894308943,0.9215757781503935,0.139411285824635,-14.871658173099522,7.0,69.96556294673198,2.5884824196439085,7.682564261570823,"Dongtai, Jiangsu",fallback_analytic
283,1.7361111111111112,55.5,8.0,0.7293520605940089,2.6080558897938584,0.5669550708733742,0.2170138888888889,0.451,0.6903895901622135,0.12575354670786373,8.568475862747412,3.0,70.64456370564331,2.461673030839967,7.120677083887848,"Dongtai, Jiangsu",fallback_analytic
284,1.4930555555555556,58.5,6.615384615384615,1.1233216989871657,1.3198788910947017,0.5973414208411697,0.22569444444444445,0.5186046511627908,0.6709208527730577,0.12358147013828683,-42.43822033287773,1.0,71.69706468362223,2.335577777811652,6.642486392648909,"Dongtai, Jiangsu",fallback_analytic
285,1.0850694444444444,45.75,4.62962962962963,0.4605760650545643,1.7006287489838678,0.6382393074384627,0.234375,0.7056,0.8589397387449411,0.12057327576466761,-12.054261007182525,4.0,71.2336747627455,2.365580985355182,7.4301261303927895,"Dongtai, Jiangsu",fallback_analytic
286,1.3628472222222223,38.625,6.038461538461538,1.044872473089916,1.2030580423367594,0.7101522238273774,0.22569444444444445,0.5681528662420382,0.7780157072720512,0.1276445385209573,-41.337939777648515,8.0,70.35256984649955,2.636901675317737,7.2631430673230915,"Dongtai, Jiangsu",fallback_analytic
287,1.484375,17.625,7.125,0.8085777529911151,3.834640931676815,0.5901045859466161,0.20833333333333334,0.5333333333333333,0.6849388772471892,0.12678830557701234,-27.275053068394545,5.0,72.22075465809078,2.4204372010482125,6.854455712321846,"Dongtai, Jiangsu",fallback_analytic
288,1.2413194444444444,23.625,5.296296296296297,0.4872082234689846,5.739223730913903,0.5106302218246844,0.234375,0.6167832167832168,0.7707556923941198,0.12863400828131324,-14.06424834664314,7.0,77.12039268602737,2.231693431433531,6.873348255817398,"Dongtai, Jiangsu",fallback_analytic
289,1.7013888888888888,57.375,8.909090909090908,0.9444694910879712,1.8007377245201401,0.5717889335978977,0.1909722222222222,0.47551020408163264,0.6408113877866304,0.1249508788112862,-27.812889736351803,0.0,69.12789770875322,2.3992203565898165,6.705832624929383,"Dongtai, Jiangsu",fallback_analytic
290,1.1979166666666667,25.5,5.3076923076923075,0.8763284035003777,0.8876005794387637,0.6945122851268787,0.22569444444444445,0.6463768115942029,0.7435942028985507,0.10415384615384615,44.601222926755355,5.0,70.05905773632584,2.483685793885559,7.120480676130372,"Dongtai, Jiangsu",fallback_analytic
291,1.9357638888888888,55.5,9.291666666666666,0.6501907539462031,3.650766267506674,0.6387950524752182,0.20833333333333334,0.40896860986547084,0.5955142481407766,0.12527329632490536,-2.841693308268326,8.0,70.67513979639689,2.5798267562876,7.428474312551389,"Dongtai, Jiangsu",fallback_analytic
292,2.2569444444444446,35.625,13.0,0.8454325600237325,3.6468819325843844,0.6176685314067862,0.1736111111111111,0.36615384615384616,0.5754615384615385,0.1284,6.833640839336667,7.0,68.29989784787259,2.377784001893542,7.146886545352234,"Dongtai, Jiangsu",fallback_analytic
293,1.3888888888888888,21.0,6.153846153846154,0.9554304353532013,1.2370911654988603,0.6423685804103619,0.22569444444444445,0.5575,0.7227217668469038,0.12601529921132007,-37.47497876912227,4.0,70.06330261312556,2.4296983135108428,6.994069030325504,"Dongtai, Jiangsu",fallback_analytic
294,1.6319444444444444,44.25,7.52,0.566947158112317,1.68452031882431,0.6103926898114238,0.2170138888888889,0.4797872340425532,0.6597602908842302,0.12621913782584102,1.0834932181107035,1.0,68.34634149777295,2.5440255798870894,7.302243769728945,"Dongtai, Jiangsu",fallback_analytic
295,1.6319444444444444,43.5,7.833333333333333,0.9872401198716723,1.9281734305263478,0.6592167913174125,0.20833333333333334,0.4851063829787234,0.7028635000903924,0.1398348982268231,28.230507409073084,5.0,69.5829034654832,2.620710116087091,7.141540827221093,"Dongtai, Jiangsu",fallback_analytic
296,1.0590277777777777,43.5,4.357142857142857,0.8403646581193347,1.5934282561375404,0.6219538389852807,0.24305555555555555,0.7147540983606557,0.85113696181617,0.12025422227126634,38.58061904934594,2.0,73.30432067159944,2.143689312816332,6.825384993337149,"Dongtai, Jiangsu",fallback_analytic
297,1.1284722222222223,22.125,4.814814814814815,0.6321108070846132,1.4591494907591316,0.6060370880862502,0.234375,0.6784615384615384,0.83080768229688,0.1327021070848908,22.875169386434564,3.0,70.77279024965385,2.312130678067442,7.161046748215939,"Dongtai, Jiangsu",fallback_analytic
298,0.9635416666666666,30.0,4.111111111111111,0.3272266208446214,1.084108164750042,0.6682341085762133,0.234375,0.7945945945945946,0.8815598619685658,0.11835105354244539,3.876567408144595,2.0,69.4808476228626,2.4079283519781187,7.573041794670932,"Dongtai, Jiangsu",fallback_analytic
299,2.248263888888889,46.875,12.333333333333334,0.9457284732635335,1.83368115346263,0.6808027815976201,0.18229166666666666,0.3637065637065637,0.5813781262016806,0.13854659264981076,10.087076139155485,7.0,67.06379094442262,2.5714953536809686,7.353939551781667,"Dongtai, Jiangsu",fallback_analytic
300,1.4930555555555556,46.125,7.166666666666667,1.0669153885917635,1.1213718093513956,0.6533018454156069,0.20833333333333334,0.5302325581395348,0.6879416668163653,0.13318324081226343,42.76308085788146,2.0,69.5127749662966,2.5269350193498616,6.803936774523612,"Dongtai, Jiangsu",fallback_analytic
301,1.5972222222222223,64.125,7.076923076923077,1.3615961717488174,2.377774352524363,0.5804946234735172,0.22569444444444445,0.48478260869565215,0.686625173946628,0.12386765814606648,39.751213426343554,2.0,73.29921266110226,2.3163636510712506,6.549734449985263,"Dongtai, Jiangsu",fallback_analytic
302,1.3715277777777777,56.25,6.076923076923077,1.0376352067827528,1.127117562717865,0.7134793336644196,0.22569444444444445,0.5645569620253165,0.7362829705162832,0.12136455560177022,43.024243539562704,8.0,70.64485418838613,2.7061813800297627,7.268387805450459,"Dongtai, Jiangsu",fallback_analytic
303,1.9704861111111112,48.375,9.458333333333334,0.9647706158852085,4.218579289864875,0.5334993371033299,0.20833333333333334,0.4017621145374449,0.6388328077469891,0.1400848982268231,18.77568214324387,6.0,73.45339659033404,2.290220999222435,6.776467668866732,"Dongtai, Jiangsu",fallback_analytic
304,1.9010416666666667,37.875,9.521739130434783,1.0883840708951573,2.5597531160009748,0.5652897903019324,0.1996527777777778,0.42100456621004567,0.6220335829716273,0.12611126573033604,28.386314434702754,1.0,71.08262352825582,2.2159553203209823,6.582994208860539,"Dongtai, Jiangsu",fallback_analytic
305,1.8923611111111112,39.375,9.478260869565217,0.672689011870762,3.3272223410268404,0.5512188236618736,0.1996527777777778,0.42293577981651376,0.5979816513761468,0.11391304347826087,4.5256830094273965,3.0,70.18769227655444,2.4499952578897957,7.066593567269541,"Dongtai, Jiangsu",fallback_analytic
306,1.3194444444444444,49.125,5.846153846153846,0.6223118089688997,1.8367755453785888,0.6317059502705449,0.22569444444444445,0.5868421052631579,0.7919944738874856,0.13757526504969428,13.844539061895098,6.0,70.59261980264455,2.581194497319039,7.423244556424962,"Dongtai, Jiangsu",fallback_analytic
307,1.6840277777777777,35.25,8.083333333333334,1.2636375393080908,1.3547249903790166,0.601098832145849,0.20833333333333334,0.47010309278350515,0.685240598113338,0.12432661115402473,43.18210064093984,3.0,70.08087616349603,2.398691884266459,6.691931358570763,"Dongtai, Jiangsu",fallback_analytic
308,1.7274305555555556,54.0,7.96,1.1730881626341036,1.8300967024789243,0.5803239942843678,0.2170138888888889,0.45326633165829144,0.6834533100043716,0.14354386676965933,-32.72303560893529,3.0,71.41293911239316,2.4654378221951285,6.770224109404101,"Dongtai, Jiangsu",fallback_analytic
309,1.1631944444444444,33.0,5.153846153846154,0.7449965905209028,2.0615213955680574,0.617808725000886,0.22569444444444445,0.6656716417910448,0.7666640548224434,0.12236455560177022,34.64447843522362,4.0,72.25653144052924,2.3073137151949856,6.962158030101503,"Dongtai, Jiangsu",fallback_analytic
310,1.4149305555555556,28.5,7.086956521739131,1.1388947248553478,1.3008557427294662,0.6486252590743852,0.1996527777777778,0.5656441717791411,0.6940146421899751,0.13371645415852285,-42.443281137964185,2.0,69.47111143398406,2.4202913348066293,6.728492685327203,"Dongtai, Jiangsu",fallback_analytic
311,2.0833333333333335,50.25,10.909090909090908,1.057383693013545,3.299724561070212,0.6123128920588718,0.1909722222222222,0.3883333333333333,0.5690833333333334,0.11545454545454545,24.16248365485818,5.0,70.72429782349846,2.310462358792848,6.834225368160402,"Dongtai, Jiangsu",fallback_analytic
312,2.282986111111111,47.625,10.958333333333334,0.9262636177664043,2.540016314393698,0.6721821360469292,0.20833333333333334,0.3467680608365019,0.5960878175609836,0.11787163891034569,9.79716685474628,8.0,69.42957320517002,2.5222897139780396,7.334912550175682,"Dongtai, Jiangsu",fallback_analytic
313,1.1197916666666667,27.75,4.777777777777778,0.6250881403819066,2.6161942214036795,0.5950362055285765,0.234375,0.6837209302325581,0.8004576124510043,0.1241895638368688,27.75035860136998,4.0,72.93183212799428,2.2900038304443213,7.0013573587607505,"Dongtai, Jiangsu",fallback_analytic
314,1.3368055555555556,31.5,6.16,0.5158367519451984,1.954071001941874,0.706655078733406,0.2170138888888889,0.5857142857142857,0.7512033854753325,0.14171827565168205,4.590787348817017,8.0,68.48605162098724,2.7741321998912696,7.783142554801569,"Dongtai, Jiangsu",fallback_analytic
315,2.1788194444444446,31.125,11.952380952380953,1.4289455246489546,2.1120869130805264,0.5453378691574875,0.18229166666666666,0.3752988047808765,0.5999477530926818,0.13732565084269494,-34.68095868538114,0.0,69.65826563820795,2.086169187362527,6.31659274987873,"Dongtai, Jiangsu",fallback_analytic
316,1.8923611111111112,45.75,9.478260869565217,0.7070767051875566,2.2458983534635015,0.6280962754317354,0.1996527777777778,0.42293577981651376,0.6240363212497371,0.1299929855520258,4.539247112789589,2.0,68.24521192165419,2.4985521469994305,7.1788194417428395,"Dongtai, Jiangsu",fallback_analytic
317,1.8576388888888888,42.375,8.916666666666666,0.9815500350824027,3.3066386586670626,0.5693057855833547,0.20833333333333334,0.4261682242990654,0.6642004019918838,0.12907661115402472,-23.200378058766084,6.0,72.05040805512719,2.420690208177177,6.924168825559452,"Dongtai, Jiangsu",fallback_analytic
318,2.2222222222222223,46.875,11.636363636363637,0.7706141161738043,4.336064347626177,0.47733008367022295,0.1909722222222222,0.3640625,0.5740625,0.12245454545454545,-2.1409560427936754,0.0,71.5634085464254,2.0436783915357077,6.533258269417481,"Dongtai, Jiangsu",fallback_analytic
319,1.71875,54.375,8.608695652173912,0.5867028665065678,1.5910415743222674,0.6941055001446242,0.1996527777777778,0.46565656565656566,0.6483970304122649,0.13197732372374024,-1.5662708567068435,7.0,66.7935209100344,2.85,7.738870331869076,"Dongtai, Jiangsu",fallback_analytic
320,1.3541666666666667,31.125,6.0,0.5244965306158307,2.267838636400681,0.618376037763784,0.22569444444444445,0.5717948717948718,0.7437717094677304,0.12542762398444068,10.452871342802858,2.0,70.66803675242572,2.43619369287451,7.195898485635261,"Dongtai, Jiangsu",fallback_analytic
321,1.4583333333333333,56.625,6.461538461538462,0.5200822442897566,2.1094478163785824,0.5548882420177108,0.22569444444444445,0.530952380952381,0.7721950794876897,0.14394602574005705,2.481473866585638,0.0,70.58080203288272,2.3640449080767123,7.112544285247127,"Dongtai, Jiangsu",fallback_analytic
322,1.6840277777777777,52.125,7.76,1.1751437421174487,1.2387050156810353,0.7088974385769495,0.2170138888888889,0.46494845360824744,0.6651837321021031,0.12785591117977288,41.21182042025325,8.0,69.2565662591555,2.7475505111130647,7.177466429447271,"Dongtai, Jiangsu",fallback_analytic
323,1.9704861111111112,55.875,9.458333333333334,0.845420114174296,1.7915499435220616,0.600354531025479,0.20833333333333334,0.4017621145374449,0.6431167314885092,0.14047154638927578,8.15447519066577,1.0,68.86190703588073,2.4495788345955067,7.046551104562366,"Dongtai, Jiangsu",fallback_analytic
324,1.9184027777777777,40.875,9.608695652173912,1.0229141295012991,1.5120908723735633,0.7148150777027832,0.1996527777777778,0.4171945701357466,0.6039036621790622,0.12987470537371554,-23.79836295785966,8.0,67.41487489486548,2.7604631220845883,7.411970385695766,"Dongtai, Jiangsu",fallback_analytic
325,1.3628472222222223,48.0,6.28,0.766961228991448,2.8219382686201695,0.6618954089844242,0.2170138888888889,0.5745222929936306,0.7152845690152432,0.12346236447190916,-28.807839972251536,8.0,71.92164800905512,2.6085927074508533,7.253504656217858,"Dongtai, Jiangsu",fallback_analytic
326,1.9618055555555556,49.5,11.3,0.6737283497076689,2.4594704419886964,0.6370331594432564,0.1736111111111111,0.42123893805309737,0.569858407079646,0.1287,1.5709882144514538,2.0,66.30531156058862,2.483228014723245,7.20509012007501,"Dongtai, Jiangsu",fallback_analytic
327,1.7708333333333333,39.75,8.16,0.9252461080577535,1.4462372733655724,0.6755920536319558,0.2170138888888889,0.442156862745098,0.6096356732127116,0.11522236447190914,-27.622652043888895,5.0,68.73781370368923,2.6110941362459017,7.1790589175413775,"Dongtai, Jiangsu",fallback_analytic
328,1.484375,50.25,7.125,0.9812006513554297,1.3519077873522867,0.6475089957850245,0.20833333333333334,0.5333333333333333,0.7305198013231762,0.14378987047050212,31.81356581688442,2.0,70.15021820519529,2.4938454850452545,7.00306163091709,"Dongtai, Jiangsu",fallback_analytic
329,2.7864583333333335,34.875,16.894736842105264,1.8233785422204187,1.9006219931987438,0.5837830341387891,0.16493055555555555,0.29968847352024924,0.5341578692647588,0.1394651930366628,41.23786758993697,1.0,68.03252160046077,1.946212528087572,6.195399459401954,"Dongtai, Jiangsu",fallback_analytic
330,2.1440972222222223,48.375,11.227272727272727,0.8869900145276449,4.098152967471618,0.5521915029422517,0.1909722222222222,0.37732793522267205,0.5862173171473408,0.13066177780898766,11.965130112757969,4.0,71.42631843014864,2.2068567728040835,6.7757899977752505,"Dongtai, Jiangsu",fallback_analytic
331,0.9809027777777778,27.375,4.185185185185185,0.7585166667432921,0.7972714318030472,0.6624559760581463,0.234375,0.7805309734513274,0.8249500413343926,0.1120947819184344,-43.872020796733686,4.0,70.90539603185503,2.280976526525223,7.064998265722628,"Dongtai, Jiangsu",fallback_analytic
332,1.5798611111111112,39.75,7.583333333333333,0.5509103685319149,1.98692654099316,0.5693198569523303,0.20833333333333334,0.5010989010989011,0.6885678828065185,0.13112992598314407,-0.5024673930195362,0.0,68.53942353693469,2.4649558581312796,7.17618067377411,"Dongtai, Jiangsu",fallback_analytic
333,1.8055555555555556,43.875,9.043478260869565,0.8095485111073129,1.8454777599652188,0.6400142269348764,0.1996527777777778,0.44326923076923075,0.6331154584249374,0.13023819328895764,12.816381695280718,4.0,68.12099388040454,2.585856977104543,7.258905298734768,"Dongtai, Jiangsu",fallback_analytic
334,1.9010416666666667,45.375,10.428571428571429,1.2391075027400822,2.981441449867526,0.5531572085623624,0.18229166666666666,0.4301369863013699,0.6177889954690614,0.1309009206594427,-34.943566918579606,1.0,71.37314770759501,2.1773506810792074,6.407753401696334,"Dongtai, Jiangsu",fallback_analytic
335,1.8923611111111112,55.125,8.72,1.367748198495268,3.689838492965454,0.56814792123046,0.2170138888888889,0.41376146788990825,0.6626413089913369,0.13608150229775018,-36.336135435467824,7.0,74.20044944774904,2.2840596491096625,6.655162543061709,"Dongtai, Jiangsu",fallback_analytic
336,1.3802083333333333,56.625,6.115384615384615,0.8560732067026913,2.769949020976108,0.5850285553372925,0.22569444444444445,0.5610062893081761,0.7012538029609205,0.11640611968452803,-33.09733550961213,6.0,72.86893344635638,2.4457748028904,6.9879972360090985,"Dongtai, Jiangsu",fallback_analytic
337,2.204861111111111,51.375,10.583333333333334,0.8477777805450735,3.23582330075011,0.6474892900815259,0.20833333333333334,0.3590551181102362,0.6296170867966405,0.14438821305594243,-4.182637508978125,8.0,70.51990341761986,2.51074386929777,7.317816376627756,"Dongtai, Jiangsu",fallback_analytic
338,1.8055555555555556,46.125,8.32,0.7557769217643298,2.9659609697693536,0.5865818732275416,0.2170138888888889,0.43365384615384617,0.6868111026037151,0.1302047289438183,-12.432502881469247,6.0,70.94777266814901,2.539137627506639,7.179510194827533,"Dongtai, Jiangsu",fallback_analytic
339,2.1614583333333335,50.25,10.375,0.7150221165112489,5.629148977735598,0.4870664895634593,0.20833333333333334,0.36626506024096384,0.6054269317703384,0.12453830557701236,-1.3692404240218536,2.0,75.0889053621132,2.0602818864481707,6.572688829716189,"Dongtai, Jiangsu",fallback_analytic
340,1.5538194444444444,53.625,7.16,1.0290377937521686,1.215733396835818,0.5756605412653695,0.2170138888888889,0.5039106145251396,0.675679396768874,0.13152150229775017,-37.211889468278684,0.0,70.60811829171942,2.312863314539021,6.613783327936395,"Dongtai, Jiangsu",fallback_analytic
341,2.03125,50.25,9.75,0.7463596643145074,2.399030904495172,0.615017710580946,0.20833333333333334,0.38974358974358975,0.6200372850169219,0.1375848982268231,2.279991751766161,2.0,68.86141028121708,2.3998835148454565,7.13548091947593,"Dongtai, Jiangsu",fallback_analytic
342,1.7795138888888888,57.375,8.541666666666666,0.7728778665664766,2.6351751469191793,0.674511212793907,0.20833333333333334,0.4448780487804878,0.6431660097862418,0.12227329632490537,-15.25401657108021,8.0,70.0440296114923,2.7077027310051074,7.414537384536045,"Dongtai, Jiangsu",fallback_analytic
343,2.5086805555555554,40.875,13.761904761904763,1.278890138044194,3.251000955332474,0.5757835229316001,0.18229166666666666,0.3259515570934256,0.5605652410753853,0.13307424341893948,-22.98050284036607,2.0,70.08323010432359,2.052251647501644,6.454999489431645,"Dongtai, Jiangsu",fallback_analytic
344,1.6319444444444444,46.5,7.833333333333333,0.8146958580802725,2.3705650667703186,0.5784228963393097,0.20833333333333334,0.4851063829787234,0.6690674257126998,0.1318649167310371,17.720679582209833,3.0,70.21565491404064,2.4904850729929686,6.993022573846445,"Dongtai, Jiangsu",fallback_analytic
345,1.5104166666666667,51.375,6.6923076923076925,0.60558791398127,2.577902674098926,0.6727298209212366,0.22569444444444445,0.5126436781609195,0.6838105287711469,0.11341997437878064,-11.194115445732827,8.0,70.27756961909961,2.7405249860789263,7.4814211866652265,"Dongtai, Jiangsu",fallback_analytic
346,1.7621527777777777,36.0,8.458333333333334,1.3839942254911475,1.389209856478722,0.5599051700545385,0.20833333333333334,0.4492610837438424,0.6360886699507389,0.11058333333333334,-44.91535662273134,0.0,70.75783476244845,2.2300491330282135,6.411398484689209,"Dongtai, Jiangsu",fallback_analytic
347,1.6666666666666667,55.125,7.68,1.0071465574071308,1.8744478094727237,0.6201876142136947,0.2170138888888889,0.46979166666666666,0.6818182883902377,0.1310559111797729,-28.866711396068503,4.0,70.49205730083722,2.470364276291507,6.994292868410629,"Dongtai, Jiangsu",fallback_analytic
348,2.4652777777777777,44.625,12.347826086956522,1.235573547878058,4.927568258803849,0.5346896055105014,0.1996527777777778,0.3246478873239437,0.5624625164464309,0.12871996138250993,23.357604724785972,5.0,74.22176311249832,1.9922536282297798,6.443720605170257,"Dongtai, Jiangsu",fallback_analytic
349,1.8402777777777777,49.5,8.833333333333334,0.8351484305462693,5.410325262890261,0.491014385595872,0.20833333333333334,0.43018867924528303,0.6250839151307758,0.12453830557701236,-19.718738480047104,4.0,75.30571702475424,2.1839852532628665,6.5202955976659505,"Dongtai, Jiangsu",fallback_analytic
350,1.7881944444444444,45.0,8.24,0.8963878837630139,4.067809182779794,0.5368835062271766,0.2170138888888889,0.43786407766990293,0.6713611748997713,0.13608150229775018,-19.609582075912986,6.0,73.34728161067476,2.3989879207423472,6.882679597665129,"Dongtai, Jiangsu",fallback_analytic
351,1.796875,55.875,8.28,1.308693409997355,1.3658899722348385,0.6634680535996011,0.2170138888888889,0.4357487922705314,0.6514465412344563,0.12119354670786374,43.820565546282594,5.0,70.61917380894104,2.5626740762684888,6.847087236340805,"Dongtai, Jiangsu",fallback_analytic
352,1.4149305555555556,52.125,6.269230769230769,0.5793572704764063,1.9948619712497035,0.6621006747753999,0.22569444444444445,0.5472392638036809,0.6701840490797546,0.10615384615384615,-16.648442195376248,7.0,69.8273012623315,2.6042956793598093,7.460585272041784,"Dongtai, Jiangsu",fallback_analytic
353,1.3541666666666667,58.875,5.777777777777778,0.4557681949698317,2.819062057994654,0.6286942898814205,0.234375,0.5653846153846154,0.7477367608092005,0.12301772020911206,1.178011773112516,7.0,71.50546280197423,2.600441166685923,7.5833639794619945,"Dongtai, Jiangsu",fallback_analytic
354,2.5347222222222223,42.0,13.904761904761905,2.050931715850356,2.153400216578124,0.5888058893695276,0.18229166666666666,0.3226027397260274,0.5528391507060944,0.1359313862760823,-44.005108123328014,2.0,70.82672212805005,1.9407997197616127,6.172380057629197,"Dongtai, Jiangsu",fallback_analytic
355,1.9097222222222223,45.75,9.565217391304348,1.1764809287064115,1.5438723569986563,0.567401146349575,0.1996527777777778,0.41909090909090907,0.6124631940002532,0.12849906285417503,33.25225118205945,0.0,69.96537856859621,2.279673822295825,6.5700926165238105,"Dongtai, Jiangsu",fallback_analytic
356,1.9791666666666667,36.0,9.91304347826087,0.7648569015359855,1.3334334230408347,0.6622836647947049,0.1996527777777778,0.4043859649122807,0.6028469123620118,0.11777910147166507,5.903723550249481,4.0,66.48946244814026,2.6012766980485704,7.425147038353082,"Dongtai, Jiangsu",fallback_analytic
357,2.734375,36.0,16.57894736842105,1.7118926844802367,3.125448398703667,0.5042494122281993,0.16493055555555555,0.3053968253968254,0.5727837651627401,0.15009677198403124,30.94738132634204,0.0,69.65779199596689,1.8719051847063133,6.06825794518234,"Dongtai, Jiangsu",fallback_analytic
358,1.5711805555555556,27.0,7.24,0.8643625771890122,4.7181218840105315,0.5121520104409072,0.2170138888888889,0.4983425414364641,0.6805295802214562,0.12895354670786374,-27.034392487853335,6.0,74.78402537074102,2.2587639942293354,6.656235535310872,"Dongtai, Jiangsu",fallback_analytic
359,2.3350694444444446,13.125,14.944444444444445,0.8529560903565874,1.6525033509196732,0.7079066223489495,0.15625,0.3613382899628253,0.5547344981986948,0.13938440743601646,-0.9154585599156704,7.0,66.0,2.5511687760665462,7.553954400970144,"Dongtai, Jiangsu",fallback_analytic
360,1.0590277777777777,45.0,4.357142857142857,0.649974290651752,2.223680945947032,0.6393593460916042,0.24305555555555555,0.7147540983606557,0.8391723934932751,0.11903993655698063,30.892642098482327,5.0,73.46003389146787,2.2558758152126495,7.071691879393812,"Dongtai, Jiangsu",fallback_analytic
361,1.1545138888888888,48.75,5.115384615384615,0.4706760903802679,3.2183857629191808,0.5825069703124665,0.22569444444444445,0.6706766917293233,0.7577443609022556,0.1076923076923077,14.24894971919393,4.0,73.12078708433707,2.3034044288962203,7.119418866121849,"Dongtai, Jiangsu",fallback_analytic
362,2.4652777777777777,32.625,14.2,1.662829072802901,1.6784275153018158,0.6287108475869224,0.1736111111111111,0.3352112676056338,0.5602254602280773,0.1458198889747161,-43.770212165052165,2.0,68.15023068312331,2.1170626271462503,6.362587335786127,"Dongtai, Jiangsu",fallback_analytic
363,1.875,39.0,9.818181818181818,1.123419441477957,2.4891247689735874,0.5720954538041605,0.1909722222222222,0.43148148148148147,0.640414722293745,0.12804178790219528,29.68587643157238,1.0,70.11154795946895,2.305331816066024,6.617781893065146,"Dongtai, Jiangsu",fallback_analytic
364,1.640625,57.75,7.269230769230769,0.6478820718987637,6.3511960904397515,0.4151063179509038,0.22569444444444445,0.47195767195767196,0.6487830687830688,0.11076923076923077,-16.432518300322517,1.0,78.06874994721265,1.9797230517990794,6.240893040012009,"Dongtai, Jiangsu",fallback_analytic
365,1.8055555555555556,54.0,8.666666666666666,0.8128634384736924,3.5144114075299417,0.6027423394931879,0.20833333333333334,0.43846153846153846,0.6588703461835556,0.12727329632490536,15.72951660207692,7.0,71.75814696900225,2.559752113281421,7.1366755713440755,"Dongtai, Jiangsu",fallback_analytic
366,1.4756944444444444,16.5,6.8,1.173113432254429,1.3202012247264436,0.670718802609654,0.2170138888888889,0.5305882352941177,0.6777476236384629,0.11819677335393186,-43.38457468127948,7.0,69.33168661291363,2.5576010287702116,7.079790763160038,"Dongtai, Jiangsu",fallback_analytic
367,2.6041666666666665,35.625,15.789473684210526,1.0368191223018404,2.0083853881222824,0.5759348751385905,0.16493055555555555,0.32066666666666666,0.5359322577846439,0.1358189006209331,6.004672544096131,0.0,66.0,2.0899192745266166,6.777865088165781,"Dongtai, Jiangsu",fallback_analytic
368,1.4236111111111112,52.5,6.3076923076923075,0.4549884829520045,1.8697636117036334,0.6720793606582188,0.22569444444444445,0.5439024390243903,0.6966404390620705,0.11694458122298956,3.678010438098397,5.0,69.32842001864019,2.6635550605557197,7.600152055050746,"Dongtai, Jiangsu",fallback_analytic
369,1.1284722222222223,20.625,4.642857142857143,0.626356469646004,1.3582100763625722,0.6049228937152126,0.24305555555555555,0.6707692307692308,0.8010521027225529,0.11648137305878663,27.98560549233001,3.0,71.03821394570934,2.2814961961571125,7.072166984017841,"Dongtai, Jiangsu",fallback_analytic
370,1.5277777777777777,25.875,6.769230769230769,1.4456057218225205,1.4563788169797176,0.6489900628923548,0.22569444444444445,0.5068181818181818,0.7180916365040808,0.13446298297860593,-44.909704372846996,7.0,71.23838421336326,2.5592717673569685,6.97532695245487,"Dongtai, Jiangsu",fallback_analytic
371,2.2743055555555554,31.875,12.476190476190476,1.0174176566826976,3.0744117708094083,0.5583059895669824,0.18229166666666666,0.35954198473282445,0.5891816031124004,0.1306152063737284,-12.648371958429543,1.0,69.71401733292035,2.157026928773983,6.646759779377707,"Dongtai, Jiangsu",fallback_analytic
372,2.0399305555555554,40.125,10.217391304347826,0.8311184315484065,2.2240494253690897,0.6240085635010779,0.1996527777777778,0.3923404255319149,0.5659533276858705,0.11717040581949115,-9.28868180509616,4.0,68.58270475693945,2.485674030704185,7.173153534307946,"Dongtai, Jiangsu",fallback_analytic
373,1.7100694444444444,45.375,8.208333333333334,1.2997907736451157,1.6698848571006948,0.5520463081035009,0.20833333333333334,0.46294416243654823,0.6700220203908314,0.14008489822682307,40.48629923714185,0.0,71.22704192189521,2.2304252802774607,6.430727637369667,"Dongtai, Jiangsu",fallback_analytic
374,1.6666666666666667,55.5,7.68,0.8338935348604386,2.9117224369748986,0.5856267500154755,0.2170138888888889,0.46979166666666666,0.7011428056413828,0.14110709341572744,18.887536593184464,6.0,71.41928841332174,2.607016009257167,7.112419699555018,"Dongtai, Jiangsu",fallback_analytic
375,1.4149305555555556,30.0,6.791666666666667,0.811761723137226,2.3505616730997683,0.6493403974838535,0.20833333333333334,0.5595092024539877,0.7325254234834848,0.13494825006437042,-26.338470038314103,5.0,70.19759030645254,2.498417198877103,7.109485047096371,"Dongtai, Jiangsu",fallback_analytic
376,1.5538194444444444,24.375,8.136363636363637,1.1178343458078213,1.2729837358326987,0.6909644989566014,0.1909722222222222,0.5206703910614525,0.6705804618997525,0.13406720207481934,40.1428549081795,5.0,68.07137809465432,2.667660816299091,7.04370434966236,"Dongtai, Jiangsu",fallback_analytic
377,1.4236111111111112,44.25,6.3076923076923075,0.5210339795164174,1.8436150148510713,0.6354834846697449,0.22569444444444445,0.5439024390243903,0.7356506667169069,0.1256583932152099,2.788801697799123,2.0,69.21723068354135,2.5239946992298012,7.381939610653987,"Dongtai, Jiangsu",fallback_analytic
378,1.9270833333333333,45.75,9.652173913043478,0.6838012172603856,3.219725069055637,0.5200742263251368,0.1996527777777778,0.4153153153153153,0.6354580060152846,0.12845909181729256,-4.430814907797497,0.0,70.11933148990445,2.2375610081464785,6.8152232877880365,"Dongtai, Jiangsu",fallback_analytic
379,2.1354166666666665,42.375,11.181818181818182,1.1670325546442375,1.4426664495093557,0.5772092620560785,0.1909722222222222,0.37886178861788616,0.5758831599627727,0.14036534352017066,24.662849761999937,0.0,68.21470926188147,2.2084654626650857,6.642021488160017,"Dongtai, Jiangsu",fallback_analytic
380,1.3628472222222223,45.375,6.28,0.6933112653690505,3.0737839074154563,0.6197675819775086,0.2170138888888889,0.5745222929936306,0.7174743142873735,0.12725913782584103,-23.48610531095876,5.0,72.13686869804381,2.454515666086744,7.0485373126036,"Dongtai, Jiangsu",fallback_analytic
381,1.875,52.875,9.391304347826088,1.2586705596566317,3.905810626078525,0.6096360303483714,0.1996527777777778,0.42685185185185187,0.6144351851851851,0.118,36.85960819506606,8.0,72.93700786396587,2.422971195099149,6.755020752843465,"Dongtai, Jiangsu",fallback_analytic
382,2.0052083333333335,44.625,10.043478260869565,0.7174538860963942,1.6617226730742682,0.6160482154109512,0.1996527777777778,0.3991341991341991,0.6344509813190061,0.14069728510625018,-0.3216754177919583,3.0,67.06933893756182,2.562938386197474,7.2995913463753554,"Dongtai, Jiangsu",fallback_analytic
383,1.9357638888888888,49.125,10.136363636363637,0.6433709523923281,3.4499426270934945,0.5878646790427893,0.1909722222222222,0.4179372197309417,0.6243318385650224,0.12463636363636364,1.5990417626470972,6.0,69.7538320583988,2.5509559908965285,7.2912227512476395,"Dongtai, Jiangsu",fallback_analytic
384,2.65625,34.125,15.3,1.6598347437863623,3.5635746140317104,0.5534247367983882,0.1736111111111111,0.3111111111111111,0.5659009063248143,0.13942795558988644,-32.14654327011786,2.0,70.7685004331956,1.9173329311106388,6.174827651664775,"Dongtai, Jiangsu",fallback_analytic
385,2.7777777777777777,31.125,16.0,1.024479154231841,2.1450495940031544,0.6355799611817112,0.1736111111111111,0.2975,0.53463381879345,0.1307459666924148,1.5289262134301325,6.0,66.0,2.371855762936486,7.2532565701988085,"Dongtai, Jiangsu",fallback_analytic
386,1.8836805555555556,40.875,9.863636363636363,0.7856599361922577,3.767360416702462,0.6044764081064333,0.1909722222222222,0.4294930875576037,0.6035969954344209,0.12676906062946802,-13.332427608635452,7.0,70.61460529091748,2.5344590737481854,7.14733725987505,"Dongtai, Jiangsu",fallback_analytic
387,2.7256944444444446,32.25,15.7,1.4322088772772428,3.636176791433882,0.559625684362666,0.1736111111111111,0.30318471337579617,0.53127183016174,0.13632795558988645,-24.59807281392103,6.0,69.75124909380064,2.127223917303948,6.568876801787301,"Dongtai, Jiangsu",fallback_analytic
388,1.7621527777777777,56.25,8.12,1.2836196432788982,1.507650118845753,0.5888005984039029,0.2170138888888889,0.44433497536945815,0.654151037840397,0.12245913782584103,-41.803539831704754,3.0,70.99872046065197,2.377420775202641,6.635018162714202,"Dongtai, Jiangsu",fallback_analytic
389,1.6232638888888888,50.625,7.791666666666667,0.957317424792334,2.5021094552131253,0.6024562581331149,0.20833333333333334,0.48770053475935826,0.6733282709998178,0.12814493523525106,-29.121322651168942,2.0,71.01407195302417,2.4549924747480003,6.739687285975033,"Dongtai, Jiangsu",fallback_analytic
390,1.7795138888888888,28.875,9.318181818181818,0.8552659075672886,4.570266126077542,0.499575940876429,0.1909722222222222,0.45463414634146343,0.6264295805480933,0.13040542426583165,21.330934197810166,3.0,72.90505790719206,2.203448710520472,6.569296917214473,"Dongtai, Jiangsu",fallback_analytic
391,2.2743055555555554,39.75,12.476190476190476,0.8953124920428701,3.6582975321276625,0.6098347656998453,0.18229166666666666,0.35954198473282445,0.5636893588611774,0.13665898417602826,-7.834678707912552,7.0,69.6448799536287,2.4063842374373148,7.085411758965639,"Dongtai, Jiangsu",fallback_analytic
392,1.6840277777777777,57.75,8.083333333333334,0.6745907918880916,2.637182754750294,0.6083623914677978,0.20833333333333334,0.47010309278350515,0.6289836186283713,0.12756160190191773,-9.47848742003076,6.0,69.82853141845341,2.598572925157384,7.315731271666225,"Dongtai, Jiangsu",fallback_analytic
393,1.71875,45.75,8.608695652173912,0.7475525143422534,2.8112571883269055,0.5338628896710114,0.1996527777777778,0.46565656565656566,0.6696225118729399,0.13606428024547937,13.4634412483977,0.0,70.45927680664484,2.290695225606509,6.7628480927494765,"Dongtai, Jiangsu",fallback_analytic
394,1.2152777777777777,64.125,5.0,0.6685710870256094,4.082713296552472,0.45925418021243236,0.24305555555555555,0.6228571428571429,0.8134247667365545,0.12198137305878663,26.24474831972303,0.0,77.67144405956235,1.9180788374674813,6.402273124227345,"Dongtai, Jiangsu",fallback_analytic
395,2.4479166666666665,45.0,12.26086956521739,1.1596050810208616,4.525373705936513,0.5188161262994827,0.1996527777777778,0.32695035460992905,0.597266352379169,0.14132164258670965,-16.199239271444316,4.0,73.5763607256388,1.996916699276369,6.526268119074745,"Dongtai, Jiangsu",fallback_analytic
396,2.282986111111111,44.625,13.842105263157896,0.8533507197095711,1.8772140660191192,0.7285204641264079,0.16493055555555555,0.36577946768060837,0.5632036045979824,0.13594312283412086,-4.295079613075401,8.0,66.0,2.634880614851265,7.575378453380295,"Dongtai, Jiangsu",fallback_analytic
397,2.6822916666666665,34.5,16.263157894736842,0.9023474817068189,3.378305044779557,0.5615169544961005,0.16493055555555555,0.31132686084142397,0.5347831715210356,0.13305263157894737,1.0757441018033305,1.0,66.99470873853856,2.0826868783091275,6.769214822992223,"Dongtai, Jiangsu",fallback_analytic
398,1.4670138888888888,39.75,7.041666666666667,0.8989614567134017,1.1599091831261203,0.6234785077397524,0.20833333333333334,0.5396449704142012,0.7107981421672375,0.1291149167310371,30.876393834800524,1.0,69.47800423051669,2.4245642834553065,6.903902373464938,"Dongtai, Jiangsu",fallback_analytic
399,1.7881944444444444,19.125,10.3,1.0081348576490745,1.4766810494395555,0.6979684748275657,0.1736111111111111,0.4621359223300971,0.5985875340105804,0.13302795558988645,-28.060391288382288,7.0,66.0,2.7687046360862935,7.300247750380701,"Dongtai, Jiangsu",fallback_analytic
400,2.048611111111111,44.25,11.238095238095237,1.333754266584336,3.005283207846765,0.5134176676894227,0.18229166666666666,0.39915254237288134,0.6189008983967307,0.14084946036650445,33.27885637511284,0.0,71.40419402667257,2.083904886000661,6.30985665271344,"Dongtai, Jiangsu",fallback_analytic
401,1.6753472222222223,46.5,7.72,0.7357036576972407,2.2330071496613253,0.6167029565945463,0.2170138888888889,0.46735751295336786,0.6654934751142462,0.12865591117977287,-11.279172389537607,4.0,69.98423840887189,2.5356624720463343,7.232578405381754,"Dongtai, Jiangsu",fallback_analytic
402,1.9965277777777777,31.5,11.5,1.176684200155902,1.8676960129110074,0.6405859025884346,0.1736111111111111,0.41391304347826086,0.5887535043948445,0.1307459666924148,31.369924144636485,4.0,67.57678075354356,2.43151933772985,6.8836967499379496,"Dongtai, Jiangsu",fallback_analytic
403,1.484375,40.125,6.84,1.1578590857206998,2.2498155272456994,0.6691444043702329,0.2170138888888889,0.5274853801169591,0.6969534035449098,0.12642236447190916,-38.39481130279041,8.0,71.64625133050941,2.589596804298868,7.118644449345986,"Dongtai, Jiangsu",fallback_analytic
404,2.1614583333333335,38.625,12.45,0.9784408578479894,4.59678797080911,0.504351957964827,0.1736111111111111,0.3823293172690763,0.5798232931726908,0.1314,17.900330115476656,1.0,71.86971427051256,2.0338569908784425,6.3856571890671505,"Dongtai, Jiangsu",fallback_analytic
405,1.9618055555555556,37.125,10.272727272727273,1.0594863394908471,3.0519462934979984,0.5871399169026684,0.1909722222222222,0.41238938053097346,0.6337245192378421,0.1489107980656252,-23.75892608650323,6.0,70.57523768352858,2.428547447609562,6.886476408462364,"Dongtai, Jiangsu",fallback_analytic
406,0.9982638888888888,38.625,4.107142857142857,0.5750613529491756,2.9514144073296675,0.5782465251444019,0.24305555555555555,0.7582608695652174,0.9184105103553908,0.1260856349819401,24.982176330762428,6.0,74.62620845816123,2.2266655163128584,7.129826430385367,"Dongtai, Jiangsu",fallback_analytic
407,2.1440972222222223,42.75,10.73913043478261,0.8363494737928809,3.78451008027843,0.5963808956149252,0.1996527777777778,0.37327935222672065,0.5828313954282849,0.12463300486077082,-8.511811947686674,7.0,71.26236312650654,2.390253513855892,7.116403457344206,"Dongtai, Jiangsu",fallback_analytic
408,1.796875,52.125,9.409090909090908,1.1652629520470987,1.661863518493643,0.6735121634005925,0.1909722222222222,0.4502415458937198,0.6151690821256038,0.11609090909090909,36.425194794295535,5.0,68.3555318032321,2.634195405260523,6.975185673800502,"Dongtai, Jiangsu",fallback_analytic
409,1.2152777777777777,26.25,5.384615384615385,0.4549706135202376,2.8201478424575326,0.5640647062053337,0.22569444444444445,0.6371428571428571,0.7736572525170499,0.13415529067091364,-8.703307891637976,3.0,72.13990736305904,2.312669867334894,7.172365131056305,"Dongtai, Jiangsu",fallback_analytic
410,1.6319444444444444,26.625,7.833333333333333,1.2376308194712884,1.99260303717782,0.6466239790673689,0.20833333333333334,0.4851063829787234,0.7227673194118962,0.1388649167310371,-38.38002854332754,7.0,70.7616946911489,2.5553880637700397,6.977587745660163,"Dongtai, Jiangsu",fallback_analytic
411,1.2760416666666667,37.875,5.88,0.7069970272976861,2.567436203608886,0.534474059652626,0.2170138888888889,0.6136054421768707,0.7595661588072281,0.13077913782584102,26.52483246678689,0.0,72.80078323495607,2.137483217148603,6.663445089463139,"Dongtai, Jiangsu",fallback_analytic
412,0.7552083333333334,17.625,2.9,0.773064721223953,1.1199547404371804,0.6328208882002213,0.2604166666666667,0.9793103448275862,1.0634770040149104,0.11538261485486752,42.646837642497786,2.0,73.18860404347646,2.0670881247016664,6.930599511453996,"Dongtai, Jiangsu",fallback_analytic
413,2.4565972222222223,36.375,12.863636363636363,1.2288099298384114,3.1841033397743175,0.5400806914377131,0.1909722222222222,0.32932862190812723,0.590512136700478,0.13833992934754663,-19.96885891167578,1.0,70.83516481303587,2.0074403093865754,6.458377354419023,"Dongtai, Jiangsu",fallback_analytic
414,1.7013888888888888,28.875,7.84,0.6884355408275524,2.5837373354667013,0.6745644738371188,0.2170138888888889,0.4602040816326531,0.6548475919628481,0.12621913782584102,9.900220627239875,8.0,69.2489966379676,2.7630488079699007,7.534470193147623,"Dongtai, Jiangsu",fallback_analytic
415,1.7795138888888888,50.625,8.541666666666666,0.6723691857835352,1.9735649102196524,0.6349959694932057,0.20833333333333334,0.4448780487804878,0.6693591579220265,0.1413048797226091,-3.506924984375445,4.0,68.11374858076243,2.605480699448075,7.386387829579909,"Dongtai, Jiangsu",fallback_analytic
416,0.9201388888888888,28.5,3.6551724137931036,0.40463538203475624,2.3331511368913644,0.6044121503540663,0.2517361111111111,0.8132075471698114,0.8784875220320111,0.10712272799302514,19.68324865324088,4.0,72.93233654001651,2.1998598725753586,7.209892123954136,"Dongtai, Jiangsu",fallback_analytic
417,1.25,12.75,5.333333333333333,1.0190616164258526,1.1583891049428057,0.6025894711452536,0.234375,0.6125,0.7440781760475145,0.1284458354608798,43.02256570548943,1.0,71.94832399098937,2.214186122548631,6.6893387143183025,"Dongtai, Jiangsu",fallback_analytic
418,1.7621527777777777,31.5,9.227272727272727,0.9783741493861565,1.9927228847875313,0.5977533408552747,0.1909722222222222,0.45911330049261084,0.6170065912167182,0.13044721216802696,-27.768127662423172,3.0,68.46805554604546,2.4740899831777297,6.879913711983316,"Dongtai, Jiangsu",fallback_analytic
419,1.5364583333333333,29.625,7.08,1.209628417914365,1.4556227569632696,0.6288413418937836,0.2170138888888889,0.5096045197740113,0.7084185274844412,0.14218386676965933,41.19302608153433,2.0,70.76351463394398,2.3745807133157983,6.72193397671327,"Dongtai, Jiangsu",fallback_analytic
420,1.9097222222222223,54.75,9.565217391304348,1.3010311342492002,3.3683355971722237,0.5244406085209208,0.1996527777777778,0.41909090909090907,0.6198181818181818,0.12147826086956522,-35.47698752947378,1.0,73.34954749547123,2.0930071249171895,6.299987052860725,"Dongtai, Jiangsu",fallback_analytic
421,2.2222222222222223,45.0,12.8,0.86052099986651,2.8033028314165715,0.6158081578597878,0.1736111111111111,0.371875,0.5828021666827592,0.13772795558988643,-7.282397699190724,6.0,67.77636239001205,2.3922337247011396,7.1887863288940865,"Dongtai, Jiangsu",fallback_analytic
422,1.6059027777777777,56.25,7.115384615384615,1.1258645752983505,4.0811464029780735,0.5567890053133874,0.22569444444444445,0.4821621621621622,0.6910937190107772,0.11649689745570371,36.479937993404235,7.0,75.24536169118983,2.3071612596131015,6.66633290372195,"Dongtai, Jiangsu",fallback_analytic
423,1.7881944444444444,32.625,8.583333333333334,1.240302845933645,1.5388198260934254,0.6996684264522505,0.20833333333333334,0.44271844660194176,0.6079502007172443,0.12756160190191773,-41.30101132394269,8.0,69.41293348784845,2.690319762426849,7.072806872429387,"Dongtai, Jiangsu",fallback_analytic
424,1.3194444444444444,48.75,5.846153846153846,0.7190201768015207,3.4430928464989776,0.5635849235124245,0.22569444444444445,0.5868421052631579,0.7476689298381131,0.11825227353068188,26.768761030747,6.0,73.73738483102143,2.361731938307278,6.958144353478165,"Dongtai, Jiangsu",fallback_analytic
425,1.8576388888888888,43.875,9.727272727272727,0.7841135699834723,2.7326509738468046,0.6109266404690111,0.1909722222222222,0.4355140186915888,0.6244534205896242,0.12676906062946802,11.599716779519959,6.0,68.74639510198371,2.56036981349275,7.226214200328644,"Dongtai, Jiangsu",fallback_analytic
426,2.013888888888889,24.375,11.6,1.1096551004144959,1.5609494235202321,0.6205369301537219,0.1736111111111111,0.4103448275862069,0.5934574483824063,0.1407739222823013,24.27389493785097,1.0,66.73736613644061,2.398199189725077,6.801676817789891,"Dongtai, Jiangsu",fallback_analytic
427,1.6840277777777777,41.625,8.083333333333334,1.0631839251869586,2.3560609057347537,0.6740635400964647,0.20833333333333334,0.47010309278350515,0.6526885567806644,0.11953830557701235,-34.49250206543833,8.0,70.11516301119097,2.6654989105112787,7.152907031177268,"Dongtai, Jiangsu",fallback_analytic
428,2.0052083333333335,38.25,10.043478260869565,0.9381563791750174,2.74744067175455,0.633791395740595,0.1996527777777778,0.3991341991341991,0.6048785051352176,0.12962949763678372,16.968302289341686,5.0,69.62936288892251,2.3990166676434486,7.092540775204633,"Dongtai, Jiangsu",fallback_analytic
429,1.5104166666666667,21.375,7.565217391304348,1.1295710202968963,1.5434873218925989,0.6742929440901979,0.1996527777777778,0.5298850574712644,0.6606284751194619,0.12611126573033604,39.6165479054671,7.0,69.05022309582978,2.6347338457714393,7.143792606193853,"Dongtai, Jiangsu",fallback_analytic
430,1.9097222222222223,40.875,10.0,0.7900501698423179,2.665880519312063,0.648359994656047,0.1909722222222222,0.42363636363636364,0.6126946455177454,0.1258599697203771,8.967655472449927,7.0,68.02653229209818,2.6437014804121417,7.3605328494059705,"Dongtai, Jiangsu",fallback_analytic
431,1.09375,54.75,4.344827586206897,0.34425234065464216,1.3034301168820592,0.6480163128096431,0.2517361111111111,0.6841269841269841,0.8198335873506315,0.11424545598605026,0.38951214906347786,2.0,70.42245391996252,2.418880700593518,7.534533900017342,"Dongtai, Jiangsu",fallback_analytic
432,1.9965277777777777,40.5,10.952380952380953,0.7374560244537601,2.138510619401809,0.711940500912444,0.18229166666666666,0.40956521739130436,0.5803304347826087,0.12066666666666667,-2.024275284054589,8.0,66.0460141505569,2.8293929045154385,7.672170875773044,"Dongtai, Jiangsu",fallback_analytic
433,1.9444444444444444,28.875,9.73913043478261,1.582398034351062,1.713027062633637,0.5793982738983897,0.1996527777777778,0.41160714285714284,0.6457397680364605,0.14132164258670965,-43.185716367528364,3.0,70.84138555708867,2.299466387193783,6.509404548820122,"Dongtai, Jiangsu",fallback_analytic
434,1.9618055555555556,35.25,10.272727272727273,0.9588961517135899,1.7774290938177142,0.6421442124009701,0.1909722222222222,0.41238938053097346,0.6165518112458971,0.13732355561797535,-18.264349671056685,6.0,67.33229803591998,2.6084745805850584,7.252076615282232,"Dongtai, Jiangsu",fallback_analytic
435,1.7795138888888888,41.625,8.2,1.1035379024574856,2.644136639960572,0.5855444071921666,0.2170138888888889,0.44,0.6611125073773616,0.1274847289438183,30.191704320335006,2.0,71.63473688981674,2.306398141311767,6.653353510451907,"Dongtai, Jiangsu",fallback_analytic
436,2.3784722222222223,43.5,13.047619047619047,1.261706999566589,3.6703736541843166,0.48969594051663046,0.18229166666666666,0.3437956204379562,0.5930898248964543,0.1418018413188854,23.355221388179118,0.0,71.87136258140671,1.9328770959610913,6.236622832902265,"Dongtai, Jiangsu",fallback_analytic
437,1.2413194444444444,28.875,5.5,0.4096482376922499,2.172435242227738,0.6267861052476449,0.22569444444444445,0.6237762237762238,0.708951048951049,0.10615384615384615,6.985040722672089,6.0,70.38656710860839,2.5568427877007487,7.562765630438179,"Dongtai, Jiangsu",fallback_analytic
438,2.2309027777777777,48.375,11.681818181818182,1.0477519147266463,5.603382662285165,0.45055183914174973,0.1909722222222222,0.36264591439688715,0.5899165292189469,0.13222360608401348,19.738423169960782,1.0,74.99642639628134,1.8817908526780076,6.136561236968263,"Dongtai, Jiangsu",fallback_analytic
439,2.048611111111111,55.5,10.26086956521739,1.6035752855131045,1.7904246953649534,0.6454552785426553,0.1996527777777778,0.3906779661016949,0.6455159832734163,0.14718770058011388,41.61752991124952,5.0,70.76509960632278,2.3853619246269604,6.7315918111042965,"Dongtai, Jiangsu",fallback_analytic
440,2.3871527777777777,33.75,13.75,1.2264504088526513,4.281614930081113,0.5420384975537604,0.1736111111111111,0.3461818181818182,0.568427917583248,0.13972795558988643,-23.461585367451093,6.0,71.62735062667346,2.1448332747588714,6.5644892846797775,"Dongtai, Jiangsu",fallback_analytic
441,2.126736111111111,48.375,10.652173913043478,0.7313225046206604,3.269905760267987,0.5511661471822318,0.1996527777777778,0.3763265306122449,0.6004624735135276,0.1253443188629694,-3.6702986512499294,1.0,70.44106254987496,2.2664334323405755,6.841064891352878,"Dongtai, Jiangsu",fallback_analytic
442,1.0590277777777777,19.125,4.206896551724138,0.42209690850400894,1.1398279588454066,0.7214466164171345,0.2517361111111111,0.7065573770491803,0.9103503282487435,0.1323405594875982,4.17208601802426,8.0,69.3861584149749,2.608668854491549,7.85,"Dongtai, Jiangsu",fallback_analytic
443,2.8993055555555554,27.0,18.555555555555557,1.832663762120325,2.424110356726703,0.6378540352461188,0.15625,0.29101796407185626,0.5188975748734265,0.14049551854712758,-35.93437898305859,7.0,66.61588342097885,2.107584355752717,6.614172478153891,"Dongtai, Jiangsu",fallback_analytic
444,1.8229166666666667,51.75,9.130434782608695,0.9089592248401863,3.815490516813412,0.5222372881116337,0.1996527777777778,0.439047619047619,0.6282778000809228,0.13321037685637363,-21.813478141220003,3.0,72.85103663871492,2.3340697909385884,6.6879726383882145,"Dongtai, Jiangsu",fallback_analytic
445,1.3454861111111112,42.375,6.2,0.4655713109359648,2.8441609555813727,0.5330620982281954,0.2170138888888889,0.5819354838709677,0.6883870967741935,0.1096,-4.365795962962721,0.0,71.50295939333634,2.3047027283021264,7.022347747573967,"Dongtai, Jiangsu",fallback_analytic
446,1.8402777777777777,40.875,8.833333333333334,0.7691641311110683,2.1323354169440067,0.6247733514111302,0.20833333333333334,0.43018867924528303,0.6330949435128218,0.13533489822682307,-7.7722622468533515,6.0,68.49427126091456,2.68615116419564,7.394381369475497,"Dongtai, Jiangsu",fallback_analytic
447,1.5972222222222223,41.25,7.076923076923077,0.8469517009131913,2.7178884777137413,0.6224758372993671,0.22569444444444445,0.48478260869565215,0.6905759059370371,0.13030913682475978,-21.54219059607616,5.0,71.60819677025444,2.534412143483944,7.085093602634914,"Dongtai, Jiangsu",fallback_analytic
448,1.875,27.0,9.818181818181818,0.7076858550465832,2.1138828850507174,0.6037344726183302,0.1909722222222222,0.43148148148148147,0.6203614074646256,0.12404178790219529,4.9577086374844015,3.0,67.38848232886157,2.4837179845965704,7.235146046693519,"Dongtai, Jiangsu",fallback_analytic
449,1.4322916666666667,38.25,6.346153846153846,0.6361790576842652,4.539771906354762,0.4880314058828833,0.22569444444444445,0.5406060606060606,0.7200685212776621,0.11572766668647294,-17.070320188988752,3.0,75.17518266087271,2.1521787758307616,6.725608236965358,"Dongtai, Jiangsu",fallback_analytic
450,1.4930555555555556,48.75,6.37037037037037,0.985077473782911,1.4816279121858216,0.6610192845612507,0.234375,0.5127906976744186,0.7055865466643205,0.12548287249791684,-33.16537319312583,5.0,70.90528310812311,2.5812431720882345,7.134071700338746,"Dongtai, Jiangsu",fallback_analytic
451,1.8489583333333333,40.5,8.875,0.6959164992722022,3.1685260803145523,0.6212556301498631,0.20833333333333334,0.428169014084507,0.6485976808019448,0.12178830557701235,7.45395070371076,7.0,69.9253130544747,2.6431864377819116,7.342510627680544,"Dongtai, Jiangsu",fallback_analytic
452,1.6753472222222223,52.875,8.041666666666666,1.15062824748692,1.5628005682411255,0.5972961807042115,0.20833333333333334,0.47253886010362695,0.6871876097972536,0.14677486121839514,-32.716428854618236,1.0,70.35188999141091,2.37813242605304,6.712351350910113,"Dongtai, Jiangsu",fallback_analytic
453,1.6145833333333333,17.625,7.44,1.2126496116381111,1.6975364651107343,0.6190439458189352,0.2170138888888889,0.48494623655913977,0.6197204301075269,0.11256,-41.49093042854491,4.0,70.6773705937188,2.446635026976341,6.797429702654822,"Dongtai, Jiangsu",fallback_analytic
454,1.5104166666666667,34.125,7.25,0.5472328689373973,2.2265662798850823,0.5948813673804341,0.20833333333333334,0.5241379310344828,0.6633296245447493,0.1233566296582387,8.62307434772466,1.0,69.21613678313808,2.4529015863784913,7.122603608444721,"Dongtai, Jiangsu",fallback_analytic
455,1.4409722222222223,30.75,7.217391304347826,0.5693707862273327,1.0329250875710239,0.6821234428258435,0.1996527777777778,0.555421686746988,0.7339308114559288,0.14457900492793996,3.4192245295644597,6.0,66.22334061240304,2.783621332016688,7.75708347236876,"Dongtai, Jiangsu",fallback_analytic
456,1.8142361111111112,49.875,8.708333333333334,0.8622990788733251,3.4154600401954243,0.6397229685705833,0.20833333333333334,0.43636363636363634,0.6189921276114181,0.12168996299157203,-19.437385533085614,8.0,71.32878120540185,2.5714470755163434,7.189188033004946,"Dongtai, Jiangsu",fallback_analytic
457,1.7708333333333333,56.625,8.16,0.838794414093046,4.0816857349746325,0.5036321829261817,0.2170138888888889,0.442156862745098,0.6534338203396921,0.13608150229775018,19.161129897797352,1.0,74.42330525579979,2.17903035478861,6.5065495112553196,"Dongtai, Jiangsu",fallback_analytic
458,2.013888888888889,42.0,10.545454545454545,1.114687057335793,1.7495101258851238,0.6370293348933855,0.1909722222222222,0.4017241379310345,0.5654310344827587,0.11363636363636363,30.85498825972826,4.0,68.59441623233653,2.4243888357399084,6.905709170665251,"Dongtai, Jiangsu",fallback_analytic
459,1.5885416666666667,56.25,7.32,0.6790198104837335,4.4975762925337275,0.5983875447681904,0.2170138888888889,0.492896174863388,0.6475616940312812,0.11899677335393186,15.051210877878042,8.0,73.29078832972309,2.5515367136221,7.156432530747114,"Dongtai, Jiangsu",fallback_analytic
460,1.875,49.5,9.391304347826088,0.8416576333209385,3.3353275587109446,0.5791358700965024,0.1996527777777778,0.42685185185185187,0.6074907407407407,0.11626086956521739,-19.12840717532132,4.0,71.06701892438824,2.3279846610967168,6.876211412139709,"Dongtai, Jiangsu",fallback_analytic
461,2.404513888888889,32.625,13.19047619047619,1.0203327847102968,1.9847982449410726,0.5667739254806119,0.18229166666666666,0.340072202166065,0.557074647420192,0.12859805294274898,12.076997666082832,0.0,67.66495385214098,2.1379003757286577,6.714824087329551,"Dongtai, Jiangsu",fallback_analytic
462,2.326388888888889,41.625,12.181818181818182,0.9051114988216681,1.817955795653472,0.7126745304432166,0.1909722222222222,0.34776119402985073,0.577021184087288,0.12457086871807858,-5.358409647146267,8.0,66.77564813607245,2.6672217335785726,7.54345341832452,"Dongtai, Jiangsu",fallback_analytic
463,1.3802083333333333,48.0,6.115384615384615,0.7702513735142236,2.3135380315736085,0.6067178682409311,0.22569444444444445,0.5610062893081761,0.6908115220514438,0.11134305130185755,-30.03291563184481,6.0,71.95466149048627,2.5180172446969475,7.0792896521588755,"Dongtai, Jiangsu",fallback_analytic
464,0.9982638888888888,47.625,4.2592592592592595,0.5148011747997969,1.7588142832311762,0.7037428816787611,0.234375,0.7669565217391304,0.8512987362677076,0.12344882309612805,23.630949226022295,8.0,71.53196930828676,2.4700940356935925,7.589035985529893,"Dongtai, Jiangsu",fallback_analytic
465,1.6145833333333333,52.5,7.153846153846154,0.6259593842508309,4.504503441043235,0.5598509314326817,0.22569444444444445,0.47956989247311826,0.6951503585613701,0.13270760690362776,-10.171789818995144,7.0,74.01670348121637,2.5036825175552284,7.129257772053892,"Dongtai, Jiangsu",fallback_analytic
466,1.5451388888888888,28.5,7.416666666666667,0.7566933133992702,4.259005529079992,0.5752053796341627,0.20833333333333334,0.5123595505617977,0.6598988764044944,0.1195,-24.39832752468151,5.0,73.26549055745119,2.345479738355899,6.845796150591913,"Dongtai, Jiangsu",fallback_analytic
467,0.9982638888888888,26.625,4.2592592592592595,0.5307965733019262,2.4536760154910118,0.6053085964482824,0.234375,0.7669565217391304,0.8451150029970654,0.12153623872763059,-26.42881853604424,6.0,73.2672341726943,2.253998886286454,7.178077976702205,"Dongtai, Jiangsu",fallback_analytic
468,1.8663194444444444,43.5,9.772727272727273,1.188548274940219,2.513093734822648,0.5685315418317075,0.1909722222222222,0.43348837209302327,0.641837358168277,0.1271326969931044,32.77630701524251,1.0,70.38423541591605,2.2527394742928943,6.51406271516973,"Dongtai, Jiangsu",fallback_analytic
469,1.171875,16.875,5.0,0.33146018449884973,3.944018809634191,0.5886683402346784,0.234375,0.6533333333333333,0.7404444444444445,0.10814814814814815,4.864485924313421,7.0,73.37798854947401,2.412659879417252,7.369423618272258,"Dongtai, Jiangsu",fallback_analytic
470,1.7013888888888888,58.125,8.166666666666666,0.9957646537501477,1.3304809714517436,0.6127835083252576,0.20833333333333334,0.46530612244897956,0.6526076327476463,0.14452486121839514,-27.123821247073106,3.0,69.6647774079934,2.5454602444343415,6.994867742749761,"Dongtai, Jiangsu",fallback_analytic
471,2.1180555555555554,42.375,12.2,1.1244249004137237,1.9030297392664326,0.6412629255239047,0.1736111111111111,0.3901639344262295,0.5831790054729229,0.13372795558988643,23.805924522086187,4.0,66.80400751366538,2.3735421917027124,6.939841121949019,"Dongtai, Jiangsu",fallback_analytic
472,1.8402777777777777,45.375,8.833333333333334,1.2405597627266873,2.51508543819009,0.5906075252966622,0.20833333333333334,0.43018867924528303,0.6352754088536129,0.1297132593164774,-35.63220202163169,6.0,71.71424134928472,2.4896028309437717,6.874849581844614,"Dongtai, Jiangsu",fallback_analytic
473,0.9635416666666666,47.625,3.9642857142857144,0.7617362279211048,0.9049833811489922,0.6526367711927518,0.24305555555555555,0.7855855855855856,0.8875530331258192,0.12784561912118525,-41.400539589490094,4.0,72.67680220589041,2.2028844630922237,7.079867999056412,"Dongtai, Jiangsu",fallback_analytic
474,1.1805555555555556,49.875,5.230769230769231,0.47671789780905466,2.4951994530799455,0.5761927504088844,0.22569444444444445,0.6558823529411765,0.7735501618669413,0.1318475983632213,11.97353233500484,1.0,72.45385684577391,2.2602200094447453,7.03873927521694,"Dongtai, Jiangsu",fallback_analytic
475,2.4913194444444446,41.25,13.045454545454545,1.1862983076399414,4.736309459408313,0.47969291154029203,0.1909722222222222,0.32473867595818817,0.6024080535572323,0.14838171724974192,17.136664259443734,1.0,73.35823532655785,1.909757410302066,6.194495792161983,"Dongtai, Jiangsu",fallback_analytic
476,2.2395833333333335,49.5,11.217391304347826,0.700890227298643,4.1520520771141864,0.5520975856012645,0.1996527777777778,0.3573643410852713,0.5896861705665875,0.13132865703468385,0.5518553855043322,4.0,71.6794992089337,2.257186733561511,6.917510674707582,"Dongtai, Jiangsu",fallback_analytic
477,2.4305555555555554,43.875,12.727272727272727,1.3846267393987755,2.204325052516557,0.608039150545609,0.1909722222222222,0.33285714285714285,0.5620536857363556,0.12520723235444223,-28.713946273355727,2.0,69.61503142813996,2.142714349679083,6.526902647645658,"Dongtai, Jiangsu",fallback_analytic
478,1.4322916666666667,50.25,6.346153846153846,0.5658997538749019,2.8329415017190107,0.5591157942206879,0.22569444444444445,0.5406060606060606,0.69995581419135,0.1256583932152099,10.472313863422123,1.0,71.85795422673044,2.3445435314609666,6.966874984316777,"Dongtai, Jiangsu",fallback_analytic
479,1.7447916666666667,37.5,9.571428571428571,0.779974552115557,1.833809560663227,0.5824278021555154,0.18229166666666666,0.46865671641791046,0.6231790216229225,0.13883230693552503,-12.83592415959815,0.0,67.14724543252873,2.4435900674242865,6.96637801012711,"Dongtai, Jiangsu",fallback_analytic
480,1.7013888888888888,29.625,8.521739130434783,1.1544684416676747,2.0311134093764727,0.5837920037360118,0.1996527777777778,0.4704081632653061,0.6574016566018354,0.13871294693453573,-36.50309596711105,1.0,70.9076530107926,2.3448439991856938,6.566002095088887,"Dongtai, Jiangsu",fallback_analytic
481,1.8663194444444444,52.875,9.772727272727273,1.0929706004887385,1.463362070347168,0.6843439153887859,0.1909722222222222,0.43348837209302327,0.6011249024189933,0.12953812125893607,-31.386339515000724,5.0,68.03391546366892,2.5396420697684037,7.087265354969265,"Dongtai, Jiangsu",fallback_analytic
482,1.328125,42.75,6.12,0.5698416282835082,2.1767961605367163,0.62558587733608,0.2170138888888889,0.5895424836601307,0.7193008627854873,0.1274847289438183,-15.50134558571009,4.0,70.41778736700303,2.5179049799711515,7.265265646625709,"Dongtai, Jiangsu",fallback_analytic
483,1.0416666666666667,69.375,4.137931034482759,0.5238141855462741,3.0343277715082984,0.6065979328289282,0.2517361111111111,0.7183333333333334,0.8593333333333333,0.10344827586206896,25.198709197559594,7.0,75.1082221797582,2.2878478371642212,7.186471035235545,"Dongtai, Jiangsu",fallback_analytic
484,1.3368055555555556,41.25,6.416666666666667,0.48369256188430365,3.01799353949213,0.6007658892782759,0.20833333333333334,0.5922077922077922,0.739669039001166,0.12428830557701236,-7.0024357258904075,6.0,70.44501351913203,2.483543931728143,7.4060547329416835,"Dongtai, Jiangsu",fallback_analytic
485,1.4756944444444444,55.5,6.538461538461538,0.4964629627111866,3.698297062470594,0.6322790434371731,0.22569444444444445,0.5247058823529411,0.6648235294117647,0.11,-3.7294215657908723,8.0,71.83958554178797,2.672845120194811,7.470751062450913,"Dongtai, Jiangsu",fallback_analytic
486,1.2152777777777777,44.25,5.0,0.4712675413971983,2.3732294915428476,0.6755256742379537,0.24305555555555555,0.6228571428571429,0.7577096762199027,0.11023425399277603,13.053490964241021,8.0,71.66889335334112,2.527624972154292,7.597314310356296,"Dongtai, Jiangsu",fallback_analytic
487,1.8142361111111112,51.0,9.08695652173913,1.075496364520938,1.3114659872476127,0.6157367837070357,0.1996527777777778,0.4411483253588517,0.6067942583732058,0.10782608695652174,-34.47993219207641,1.0,69.23410569823824,2.409658628899276,6.762899140428967,"Dongtai, Jiangsu",fallback_analytic
488,1.9184027777777777,54.75,9.208333333333334,0.9311624152735728,4.440339611408664,0.4559732522660438,0.20833333333333334,0.41266968325791853,0.6,0.11391666666666667,22.48431394865341,0.0,74.76697349625861,2.029434578142783,6.291435860295489,"Dongtai, Jiangsu",fallback_analytic
489,1.4409722222222223,47.625,6.384615384615385,0.7886352996747589,3.6414650542344904,0.5178654302880744,0.22569444444444445,0.5373493975903615,0.7053182049030362,0.11441997437878064,-26.740243890884358,3.0,74.23322120411734,2.220413781724141,6.66280253985676,"Dongtai, Jiangsu",fallback_analytic
490,1.4409722222222223,54.75,6.148148148148148,1.1937269336147422,1.2795554936741502,0.6257562029084442,0.234375,0.5313253012048192,0.766551100575329,0.14500576966811898,42.69083623249851,2.0,72.08230037013811,2.308695036476568,6.701912656946667,"Dongtai, Jiangsu",fallback_analytic
491,1.2673611111111112,56.625,5.407407407407407,0.44173282592830687,1.3780664131781264,0.6168955304357426,0.234375,0.6041095890410959,0.7310892603162984,0.10987255969621218,-2.372991504011523,1.0,69.57255377069917,2.389880957960138,7.3523445324762875,"Dongtai, Jiangsu",fallback_analytic
492,1.8923611111111112,33.75,9.909090909090908,0.9180910400503991,1.966864060585175,0.6711990181967992,0.1909722222222222,0.42752293577981654,0.6089876422514414,0.1249508788112862,20.857458853452286,7.0,67.85649285408782,2.705952738629579,7.310488137770665,"Dongtai, Jiangsu",fallback_analytic
493,1.2934027777777777,66.0,5.321428571428571,0.8950687295174846,3.2568271206185195,0.5182297215501155,0.24305555555555555,0.5852348993288591,0.8035187205169239,0.12864419848013406,-32.94202150787353,1.0,75.83965222417983,2.0381793169256506,6.507939790164544,"Dongtai, Jiangsu",fallback_analytic
494,1.5972222222222223,50.625,6.814814814814815,0.9576881936178063,2.9733607147120353,0.5674455436668062,0.234375,0.47934782608695653,0.6831416522410821,0.12122660087390583,29.0201327987201,2.0,73.76860647924019,2.262839424110496,6.653926126782464,"Dongtai, Jiangsu",fallback_analytic
495,0.9895833333333334,24.375,4.071428571428571,0.414096134900393,1.5690962758202178,0.6749778591267311,0.24305555555555555,0.7649122807017544,0.8826004446432022,0.11576708734450092,10.136819113237173,5.0,70.94008281355967,2.387733615820677,7.584932777751486,"Dongtai, Jiangsu",fallback_analytic
496,1.1458333333333333,33.0,5.076923076923077,0.4847779827493038,3.434757199084208,0.573288037171104,0.22569444444444445,0.6757575757575758,0.813679121422788,0.13018300005941885,-11.03079100786045,2.0,73.22753782453513,2.18479511129093,7.021668821249399,"Dongtai, Jiangsu",fallback_analytic
497,1.1805555555555556,36.75,5.230769230769231,0.4579539991122725,2.4686709599719787,0.5780044460810744,0.22569444444444445,0.6558823529411765,0.7643481961087233,0.11617535045375879,-10.538275191828006,1.0,71.85471296622632,2.243827621414396,7.10982406906765,"Dongtai, Jiangsu",fallback_analytic
498,2.1180555555555554,44.625,11.090909090909092,0.7778336111574502,4.13874466010673,0.589934091371655,0.1909722222222222,0.3819672131147541,0.5970873197164518,0.12949633335674074,6.427241192129799,7.0,70.92298387376908,2.389380332403578,7.112724233268986,"Dongtai, Jiangsu",fallback_analytic
499,1.7447916666666667,58.5,8.04,0.8180904882157648,1.804666517230153,0.5605411086710521,0.2170138888888889,0.4487562189054726,0.6153185671949232,0.11466236447190915,-18.59550741351796,0.0,70.18386823676391,2.365922431140767,6.802218578936896,"Dongtai, Jiangsu",fallback_analytic
500,1.1805555555555556,41.625,5.230769230769231,0.5450834749048933,2.455488636485447,0.5750465599888308,0.22569444444444445,0.6558823529411765,0.7863768922856036,0.12986145305747393,-13.977251116039312,3.0,72.09676016781265,2.3629788811078467,7.138922659177982,"Dongtai, Jiangsu",fallback_analytic
501,1.9270833333333333,30.375,11.1,0.9951235936297341,1.9436846527893592,0.6448087812543473,0.1736111111111111,0.42882882882882883,0.5674234234234234,0.1247,26.53599432178035,2.0,67.10970571691206,2.4849112662359762,6.855014583664098,"Dongtai, Jiangsu",fallback_analytic
502,1.9097222222222223,45.375,9.166666666666666,0.8967875137296728,1.6383483997027755,0.6744278967960353,0.20833333333333334,0.41454545454545455,0.6238199394407542,0.12862992598314407,17.993518350478297,7.0,68.30944340062857,2.675314297036247,7.396896055881662,"Dongtai, Jiangsu",fallback_analytic
503,1.6059027777777777,59.25,6.851851851851852,0.7587545321739362,2.437275971640301,0.5618462798474305,0.234375,0.47675675675675677,0.6959752361251107,0.12939545686641432,-17.113071698400915,1.0,71.8702692646436,2.3882630330311097,6.893376707761591,"Dongtai, Jiangsu",fallback_analytic
504,2.3871527777777777,40.875,13.75,0.9947933410735055,3.470707551894418,0.618741075392394,0.1736111111111111,0.3461818181818182,0.5669381818181818,0.1284,11.726858752601231,7.0,68.84961193995676,2.312623452396801,7.024712776105525,"Dongtai, Jiangsu",fallback_analytic
505,2.5260416666666665,30.0,14.55,1.1056182111187263,3.6740642133496317,0.5711738141323767,0.1736111111111111,0.32714776632302406,0.5290446735395189,0.1257,16.34442316734352,6.0,69.44034750293744,2.1567731522256386,6.7911411522516545,"Dongtai, Jiangsu",fallback_analytic
506,1.40625,45.375,6.48,0.523539418718132,1.0502707162055929,0.7424989834919399,0.2170138888888889,0.5567901234567901,0.6950123456790124,0.10456,5.740786560211795,8.0,66.88101481014009,2.85,7.85,"Dongtai, Jiangsu",fallback_analytic
507,2.1440972222222223,47.625,11.227272727272727,1.1168227783325455,3.3222523753779694,0.6090342160738016,0.1909722222222222,0.37732793522267205,0.6261359514795503,0.13076906062946803,22.41998137471211,5.0,70.73386595187777,2.302496304825589,6.82687303221625,"Dongtai, Jiangsu",fallback_analytic
508,1.8402777777777777,39.375,9.217391304347826,0.8869421136260685,3.956921961613909,0.5174607147681786,0.1996527777777778,0.4349056603773585,0.6117358490566037,0.118,21.401674523451476,3.0,72.28257468560788,2.2645711552238326,6.656468604521681,"Dongtai, Jiangsu",fallback_analytic
509,2.5347222222222223,40.125,13.904761904761905,1.371692299796452,2.5931076019784522,0.6333871705956705,0.18229166666666666,0.3226027397260274,0.5380799817492683,0.13174091008560612,-26.91534718621738,7.0,69.3050906815869,2.302979764139708,6.847190668044144,"Dongtai, Jiangsu",fallback_analytic
510,1.5190972222222223,56.25,7.291666666666667,0.8759490413057807,1.4542584588805811,0.6826250333258788,0.20833333333333334,0.5211428571428571,0.6894382439301724,0.13616823156015642,-25.82348158765627,7.0,68.92724879547174,2.6910420730168387,7.37810957016996,"Dongtai, Jiangsu",fallback_analytic
511,2.265625,39.0,13.736842105263158,0.9994850301675491,3.1497602616571543,0.6367732438825673,0.16493055555555555,0.3685823754789272,0.5783133716771052,0.14194312283412086,15.16673499759981,7.0,67.63803255544627,2.4145668749628952,7.062705379703344,"Dongtai, Jiangsu",fallback_analytic
512,1.9704861111111112,42.375,10.318181818181818,1.6264034541125207,1.9713430873538467,0.6776873605635675,0.1909722222222222,0.4105726872246696,0.620236464032569,0.1342981414453513,42.188766775424355,8.0,69.93248096540933,2.5682986514524004,6.930931110899106,"Dongtai, Jiangsu",fallback_analytic
513,1.171875,48.375,5.1923076923076925,0.6049277957708437,2.5157761268631886,0.6752412875390831,0.22569444444444445,0.6607407407407407,0.8120793284560944,0.12773531629213297,-22.357728649809662,8.0,72.11102521640538,2.5174416968850495,7.413094345588862,"Dongtai, Jiangsu",fallback_analytic
514,2.361111111111111,43.875,11.826086956521738,1.6421530563084723,2.171706830306096,0.593660882313195,0.1996527777777778,0.33897058823529413,0.5822246177152158,0.12186605799340419,-39.289407575179844,6.0,71.08323175160342,2.2832463014615034,6.595319794074076,"Dongtai, Jiangsu",fallback_analytic
515,1.6059027777777777,54.75,7.4,1.0392346611197212,1.6251372347651352,0.6288765130534947,0.2170138888888889,0.4875675675675676,0.6898873515183664,0.1287503200617956,34.97452390407474,2.0,70.21554537476943,2.475976320912356,6.853430697104519,"Dongtai, Jiangsu",fallback_analytic
516,2.1875,39.0,12.6,1.2187399051010241,1.7101908874368772,0.6802038794095949,0.1736111111111111,0.37777777777777777,0.5929342620457637,0.14593790007724453,-24.291534229718277,5.0,66.98168871887968,2.464346981313735,7.047658208118782,"Dongtai, Jiangsu",fallback_analytic
517,1.4756944444444444,39.75,6.8,0.5973392644616096,2.339267307782583,0.6529871259991211,0.2170138888888889,0.5305882352941177,0.7151495216655617,0.12597913782584103,9.82183903505642,7.0,69.53824429258862,2.6902669587616006,7.526547434223582,"Dongtai, Jiangsu",fallback_analytic
518,1.4583333333333333,45.375,7.0,0.6425180771277269,3.123400362065068,0.5551965957656215,0.20833333333333334,0.5428571428571428,0.7134334643684762,0.12095497224367902,-14.558664105154087,1.0,71.38832560862545,2.352892275694663,6.877483969975229,"Dongtai, Jiangsu",fallback_analytic
519,1.1024305555555556,28.125,4.703703703703703,0.4190536207965793,3.072842358143487,0.6200116608423973,0.234375,0.694488188976378,0.8060814017086125,0.1138859012536406,-8.555982172242118,7.0,72.31241144920088,2.4480806937525856,7.467715157454269,"Dongtai, Jiangsu",fallback_analytic
520,1.6753472222222223,43.125,8.391304347826088,0.7622344129899363,5.05627137240175,0.5484750463621102,0.1996527777777778,0.47772020725388603,0.6485646805502975,0.13832514981069677,18.931847189887606,5.0,73.92386983727575,2.299497525856792,6.770164310628059,"Dongtai, Jiangsu",fallback_analytic
521,1.6059027777777777,49.5,7.708333333333333,0.8490565902750262,3.289638113384955,0.575285545186934,0.20833333333333334,0.492972972972973,0.6573125514265081,0.12790994448735807,-25.324842591000326,6.0,72.19143690582077,2.4507782476138944,6.993684554069286,"Dongtai, Jiangsu",fallback_analytic
522,2.0399305555555554,50.25,10.681818181818182,0.7971365605266597,2.7891187087416656,0.6081470114514892,0.1909722222222222,0.39659574468085107,0.6280306752802977,0.14474535361337829,5.00260858533877,2.0,69.22681900108408,2.4021180727064393,7.021315417217326,"Dongtai, Jiangsu",fallback_analytic
523,1.953125,54.0,9.375,0.9692888905790414,2.9646925967251327,0.5834740738411662,0.20833333333333334,0.4053333333333333,0.6325752623801443,0.12707661115402472,17.068405283237702,4.0,71.0968167011581,2.443968435704259,6.9471111908965915,"Dongtai, Jiangsu",fallback_analytic
524,1.4930555555555556,42.375,6.615384615384615,0.7279532578152811,2.906509845800456,0.5146909202998149,0.22569444444444445,0.5186046511627908,0.6976242443207753,0.12159532483253944,19.825140647785616,0.0,72.78933278137538,2.189673050775604,6.69568003064407,"Dongtai, Jiangsu",fallback_analytic
525,1.9270833333333333,47.625,9.25,1.2611700610275605,1.8716808168881656,0.6855192982167042,0.20833333333333334,0.41081081081081083,0.6275123484132987,0.12731160190191773,-36.61769344303224,8.0,70.24330098599602,2.5878551138671977,7.087070127437836,"Dongtai, Jiangsu",fallback_analytic
526,1.8489583333333333,44.625,9.681818181818182,1.0932314633222506,1.8793542364277473,0.5976937942322222,0.1909722222222222,0.4375586854460094,0.6339173804194972,0.14319989906792374,27.91425637202623,3.0,69.13848013423994,2.4568751542458442,6.8986614738827585,"Dongtai, Jiangsu",fallback_analytic
527,1.7795138888888888,43.875,8.91304347826087,0.6610052848924535,2.6077717259631013,0.6504641973435554,0.1996527777777778,0.4497560975609756,0.641469785418606,0.12299649277601289,-4.658107278330341,5.0,68.55342400206933,2.6502785765387955,7.3901387931970115,"Dongtai, Jiangsu",fallback_analytic
528,1.7361111111111112,53.625,8.0,1.2963479307451193,1.448620367723644,0.6606526569501383,0.2170138888888889,0.451,0.6470967733539319,0.11866236447190914,42.930326130723955,7.0,70.29010202831495,2.613986610800768,6.998666845035198,"Dongtai, Jiangsu",fallback_analytic
529,1.7881944444444444,57.75,7.923076923076923,0.6472238243219279,2.6016245128594786,0.5301155109571881,0.22569444444444445,0.4330097087378641,0.6455145631067961,0.10515384615384615,8.004079563866334,0.0,71.40173222124268,2.3087776084131977,6.862893621729087,"Dongtai, Jiangsu",fallback_analytic
530,1.9010416666666667,51.75,9.521739130434783,0.9190188514071006,1.4103745370222724,0.6880395422406027,0.1996527777777778,0.42100456621004567,0.610425832652247,0.13834945901929366,-17.73658952624974,7.0,67.43997724753555,2.712170359687196,7.453252750146677,"Dongtai, Jiangsu",fallback_analytic
531,1.171875,56.25,4.821428571428571,0.5042764486710531,2.177315178489314,0.5420418904691409,0.24305555555555555,0.6459259259259259,0.7895800445245499,0.10767569049458202,15.716855117731313,0.0,72.58116289495068,2.172087182999034,6.905290148599425,"Dongtai, Jiangsu",fallback_analytic
532,2.2222222222222223,46.875,11.130434782608695,1.3354674620069782,3.74442400695487,0.4730196190193038,0.1996527777777778,0.36015625,0.5901849791827593,0.12671996138250993,-30.83046962986816,0.0,73.663370886716,1.9159300522946843,6.143223785717008,"Dongtai, Jiangsu",fallback_analytic
533,1.7534722222222223,30.75,9.619047619047619,1.1331828244963638,1.844276163528198,0.6378808071456843,0.18229166666666666,0.46633663366336636,0.621950495049505,0.12133333333333333,35.81256069328772,2.0,68.19902398658537,2.4894488938942656,6.746469174376166,"Dongtai, Jiangsu",fallback_analytic
534,1.40625,50.25,6.230769230769231,1.0211413833099505,1.6288374481432957,0.5890702911863146,0.22569444444444445,0.5506172839506173,0.7182039012727134,0.11694458122298956,-38.951411752339794,3.0,72.07713714595228,2.3374745781912534,6.817545216706053,"Dongtai, Jiangsu",fallback_analytic
535,1.5798611111111112,36.75,7.28,1.1465153084264914,2.972695709825677,0.5706829481588022,0.2170138888888889,0.4956043956043956,0.7116306228238015,0.12757913782584102,-37.01775774189448,2.0,73.09279013185589,2.381050754587763,6.546447994410573,"Dongtai, Jiangsu",fallback_analytic
536,2.048611111111111,54.375,9.833333333333334,0.754830585540261,3.0065757450751205,0.625377080108718,0.20833333333333334,0.3864406779661017,0.6264618588923492,0.13651657414559676,4.649855578985424,7.0,70.3467641921665,2.568158191697671,7.31574179925348,"Dongtai, Jiangsu",fallback_analytic
537,1.40625,35.25,6.230769230769231,0.9922811917288002,2.426003746144011,0.6283380469295319,0.22569444444444445,0.5506172839506173,0.7581650620144859,0.13581988897471609,-35.17216533288819,5.0,72.12283156554076,2.409028294258328,6.923113667195079,"Dongtai, Jiangsu",fallback_analytic
538,1.9965277777777777,40.125,10.952380952380953,0.858513149301231,2.4283300215386285,0.5905054398330724,0.18229166666666666,0.40956521739130436,0.6133417913983846,0.13894469846174254,12.015863608932094,1.0,67.95528074121157,2.3991037283132584,6.882381931518918,"Dongtai, Jiangsu",fallback_analytic
539,1.4149305555555556,61.5,6.037037037037037,0.6489983581981682,2.806755549195393,0.5864573437042575,0.234375,0.5411042944785276,0.7044132188391802,0.12048586013316509,-17.454025756603667,2.0,72.86850128035321,2.3765858117838987,6.935470849917067,"Dongtai, Jiangsu",fallback_analytic
540,2.5520833333333335,32.25,16.333333333333332,1.0558348999049025,2.3341409155334856,0.6025259673824646,0.15625,0.3306122448979592,0.5473673469387755,0.13233333333333333,-8.606340570893764,1.0,66.0,2.153635866327431,6.808952195962236,"Dongtai, Jiangsu",fallback_analytic
541,2.265625,32.25,13.05,1.5603586032673484,2.468725440179355,0.6011977493732429,0.1736111111111111,0.36475095785440614,0.5932529961922589,0.14342795558988644,-35.32605380704947,2.0,69.3973020596324,2.117285076169339,6.431154927702673,"Dongtai, Jiangsu",fallback_analytic
542,1.5190972222222223,54.75,7.291666666666667,0.9033115171958221,2.2011404325524495,0.6166552553434024,0.20833333333333334,0.5211428571428571,0.671083870487961,0.12168996299157203,-31.292562236193216,2.0,71.2029172378554,2.3818352327253915,6.810216163316059,"Dongtai, Jiangsu",fallback_analytic
543,1.484375,47.25,7.125,0.7600283153062288,3.443339277380014,0.5376986296258836,0.20833333333333334,0.5333333333333333,0.6792631578947368,0.11475,-24.848967624888868,3.0,72.64629225954735,2.252637357129433,6.748285531285795,"Dongtai, Jiangsu",fallback_analytic
544,1.640625,39.0,8.217391304347826,0.9988081108287776,3.064487447005773,0.6186834554643956,0.1996527777777778,0.48783068783068784,0.6539277143756285,0.12673562321079548,31.450626814237125,7.0,71.55985288254341,2.5451146040149335,6.998726036574452,"Dongtai, Jiangsu",fallback_analytic
545,1.5972222222222223,20.625,7.36,0.4914145566767659,5.355275497694516,0.5365837867140376,0.2170138888888889,0.4902173913043478,0.6359782608695652,0.116,-6.6804711014303635,5.0,73.8846921093249,2.342382726289804,6.947447969098669,"Dongtai, Jiangsu",fallback_analytic
546,2.0746527777777777,25.875,11.95,1.3074480952345346,1.7429695545257218,0.6053444051207008,0.1736111111111111,0.398326359832636,0.552468619246862,0.12,37.30896417887605,3.0,68.04545490282239,2.286485788831243,6.649858455811781,"Dongtai, Jiangsu",fallback_analytic
547,2.404513888888889,22.5,14.578947368421053,0.8397378303820389,2.688206706682023,0.591625274072993,0.16493055555555555,0.34729241877256317,0.5606826571066379,0.14046943862359454,0.3608124807612825,1.0,66.18736944887335,2.1933903544308357,6.941831397145075,"Dongtai, Jiangsu",fallback_analytic
548,2.1006944444444446,45.75,10.521739130434783,0.9803836592433561,3.2589888263434994,0.5416403783543035,0.1996527777777778,0.38099173553719007,0.5973487052767187,0.14320336240839943,15.857768878439344,1.0,71.02780935002458,2.2099418971592693,6.636079919733085,"Dongtai, Jiangsu",fallback_analytic
549,2.0399305555555554,43.875,10.217391304347826,0.8163709387031258,3.620750325134842,0.568730427224259,0.1996527777777778,0.3923404255319149,0.6217716511361437,0.1253443188629694,-10.53953210346058,4.0,71.41961722743241,2.3652177836358566,6.930368861067611,"Dongtai, Jiangsu",fallback_analytic
550,1.9704861111111112,48.375,10.318181818181818,1.167101014068173,2.7439629533201613,0.6651546635266888,0.1909722222222222,0.4105726872246696,0.6042378854625551,0.12154545454545454,-31.056711994337263,8.0,69.61782135424694,2.5642308632306685,7.062388878485369,"Dongtai, Jiangsu",fallback_analytic
551,1.5364583333333333,49.5,7.08,0.6149411055451262,3.270345959438657,0.6150399062895375,0.2170138888888889,0.5096045197740113,0.6988193898654212,0.1298847289438183,11.371513859890314,5.0,71.66608652557329,2.539702304038317,7.218585020704673,"Dongtai, Jiangsu",fallback_analytic
552,1.5885416666666667,54.375,7.32,0.7108766419498027,1.9686527028421437,0.663270215097211,0.2170138888888889,0.492896174863388,0.6629420036992674,0.1245247289438183,13.464869139842612,5.0,69.22367880559763,2.6647761760913693,7.402206070404188,"Dongtai, Jiangsu",fallback_analytic
553,1.2847222222222223,40.875,5.92,1.0004443754389227,1.0584609698638203,0.6530951750767793,0.2170138888888889,0.6094594594594595,0.7209394054471592,0.11579677335393186,44.08896094614184,2.0,70.99259154299102,2.398174855082879,6.81097807569313,"Dongtai, Jiangsu",fallback_analytic
554,1.4583333333333333,46.5,6.72,0.85536296345109,1.5569458799170168,0.6039590351541646,0.2170138888888889,0.5369047619047619,0.7232974207881835,0.14067827565168206,-27.48653772569629,3.0,70.50180581946131,2.4209085566586777,6.986067860984052,"Dongtai, Jiangsu",fallback_analytic
555,2.1354166666666665,51.375,11.181818181818182,1.6497646121062977,1.951570375224782,0.537543822728979,0.1909722222222222,0.37886178861788616,0.5942085610195701,0.12831451517492257,41.731553413829516,0.0,71.05873283388071,2.0124589180369954,6.238885729177692,"Dongtai, Jiangsu",fallback_analytic
556,1.4583333333333333,26.625,7.0,1.0392490862523427,1.6851148301754408,0.6318587766762219,0.20833333333333334,0.5428571428571428,0.6843156667034498,0.12002329632490537,38.53565505504193,2.0,69.99059383906867,2.4123162184008984,6.789662291280994,"Dongtai, Jiangsu",fallback_analytic
557,2.0225694444444446,46.125,10.590909090909092,1.2044945742286646,3.302704282792761,0.6063092679413652,0.1909722222222222,0.4,0.6092685837572914,0.12767815153855894,-30.200721823168394,5.0,71.46852963497518,2.3036442336566845,6.735619337554822,"Dongtai, Jiangsu",fallback_analytic
558,2.03125,46.5,10.173913043478262,0.9174314180248624,2.730920190262169,0.6702812134462964,0.1996527777777778,0.394017094017094,0.6075842279554391,0.13023819328895764,14.388766516621736,8.0,69.08095929280155,2.6046691850920016,7.327910162126114,"Dongtai, Jiangsu",fallback_analytic
559,1.9097222222222223,29.625,10.0,1.090546987570298,4.499903505893947,0.45797920248365237,0.1909722222222222,0.42363636363636364,0.6161,0.12581818181818183,28.73440449813299,0.0,73.95600349277812,2.027406603622957,6.168639876657478,"Dongtai, Jiangsu",fallback_analytic
560,2.2916666666666665,36.375,12.0,1.4177035838604364,1.5903031441397242,0.6662769531022157,0.1909722222222222,0.353030303030303,0.5489357272961347,0.13241446470888443,-37.034393615318834,5.0,68.67507978666542,2.3645464878633495,6.794024092198384,"Dongtai, Jiangsu",fallback_analytic
561,2.6649305555555554,39.375,14.619047619047619,1.8558766796336803,2.3741837664011145,0.6227767488252749,0.18229166666666666,0.30684039087947884,0.5761784648414294,0.1481141799759201,-37.39243520236829,5.0,70.29973223776214,2.124536897332493,6.488983887156388,"Dongtai, Jiangsu",fallback_analytic
562,1.0243055555555556,22.875,3.933333333333333,0.2839828799458962,2.3951327883130196,0.53137703993631,0.2604166666666667,0.7220338983050848,0.8728676837031012,0.11577060745318192,1.7384924241474948,0.0,72.64687913922528,2.073626258517082,7.136110271992589,"Dongtai, Jiangsu",fallback_analytic
563,2.1875,45.75,10.956521739130435,1.2388989077223265,2.7935270564292987,0.5849182392117127,0.1996527777777778,0.36587301587301585,0.5896143730710476,0.12238779712383897,-28.983632738881067,2.0,71.73013032856839,2.1543365275659987,6.576341523380303,"Dongtai, Jiangsu",fallback_analytic
564,1.6232638888888888,58.5,7.791666666666667,1.1255001146237142,3.353583869423541,0.6316699739714431,0.20833333333333334,0.48770053475935826,0.6984152087048556,0.13744825006437042,34.763107148036,8.0,72.5774453614056,2.514521334479096,6.8997956947739505,"Dongtai, Jiangsu",fallback_analytic
565,2.34375,45.375,12.272727272727273,0.9498734483654687,4.392000484676988,0.5729222649005239,0.1909722222222222,0.3451851851851852,0.5685407407407408,0.12190909090909091,-12.43134592384429,5.0,71.48561859221925,2.1893184568292963,6.784782978762821,"Dongtai, Jiangsu",fallback_analytic
566,2.34375,29.25,14.210526315789474,1.8570110795500245,1.91542212329129,0.616845727441903,0.16493055555555555,0.3562962962962963,0.5802296296296297,0.13136842105263158,44.20047614925524,2.0,68.82706319646141,2.1101899107755893,6.328093480495532,"Dongtai, Jiangsu",fallback_analytic
567,1.5711805555555556,62.25,7.541666666666667,0.7234374288925689,1.9074286827976688,0.6355986888657237,0.20833333333333334,0.5038674033149171,0.679531270888938,0.1318649167310371,-12.562292341705756,2.0,69.63842047482265,2.55461503744998,7.181519496495695,"Dongtai, Jiangsu",fallback_analytic
568,2.0833333333333335,54.0,10.434782608695652,1.6629777548421052,1.7190618247023204,0.6109336945960007,0.1996527777777778,0.38416666666666666,0.6030870251094297,0.1326016812041997,-44.35920156607244,6.0,71.11094165672786,2.329984437164577,6.687431353943141,"Dongtai, Jiangsu",fallback_analytic
569,2.0052083333333335,41.25,10.5,0.7467409854107987,1.3484933650943451,0.6327878482020165,0.1909722222222222,0.40346320346320347,0.6279315672600752,0.13812536370658593,1.4783065690034007,1.0,66.61752996136444,2.531115182568449,7.25513332515042,"Dongtai, Jiangsu",fallback_analytic
570,1.0503472222222223,40.875,4.321428571428571,0.33166812607495205,1.6265487392355924,0.7109768809431338,0.24305555555555555,0.7206611570247934,0.8371740827467696,0.11903993655698063,-0.18505966304456933,8.0,70.03740296631923,2.6299176661357717,7.85,"Dongtai, Jiangsu",fallback_analytic
571,1.4236111111111112,46.125,6.3076923076923075,0.4563841434359175,4.600639343475497,0.5277885049679878,0.22569444444444445,0.5439024390243903,0.7253965366230462,0.1310430085998253,-6.668672653106761,6.0,74.10571596695047,2.3319678350061976,7.111022853596683,"Dongtai, Jiangsu",fallback_analytic
572,1.8142361111111112,52.125,8.708333333333334,1.2199510849258202,1.277865905820148,0.6759206537034945,0.20833333333333334,0.43636363636363634,0.631346268053461,0.12124327782069139,-42.075642883420244,5.0,69.37891870657862,2.5422393236976837,6.934215676538702,"Dongtai, Jiangsu",fallback_analytic
573,2.013888888888889,46.125,10.545454545454545,0.8935138466677423,3.1018706062467585,0.6267818441056421,0.1909722222222222,0.4017241379310345,0.5958001897750346,0.1331744848952997,14.559810499555887,5.0,69.951176558083,2.4251149012312507,7.011111497764266,"Dongtai, Jiangsu",fallback_analytic
574,1.3194444444444444,28.875,6.08,0.7466233196662151,1.7342531778357255,0.6362163289888113,0.2170138888888889,0.593421052631579,0.7143919737858481,0.12405913782584102,-27.37480299659857,2.0,70.35652292159364,2.367454821405341,7.027326893034317,"Dongtai, Jiangsu",fallback_analytic
575,1.9618055555555556,51.0,9.826086956521738,0.7090498200922251,2.4926001889202984,0.6531492774172767,0.1996527777777778,0.4079646017699115,0.5985840707964601,0.11304347826086956,2.664444676416842,5.0,68.30129934039414,2.607516590852836,7.411044347501458,"Dongtai, Jiangsu",fallback_analytic
576,1.5451388888888888,62.625,7.12,0.7556654768516304,2.7842408980316566,0.5938551338935575,0.2170138888888889,0.5067415730337078,0.6804313109771454,0.12645913782584103,18.782278148795676,6.0,71.47958866002865,2.5453459215149907,7.121963257249835,"Dongtai, Jiangsu",fallback_analytic
577,1.5277777777777777,59.25,6.769230769230769,0.5199363073069585,1.4685345953212425,0.6505306083393164,0.22569444444444445,0.5068181818181818,0.6896407576927948,0.12236455560177022,1.9413456455873046,6.0,68.92286674168798,2.7844856092672923,7.7033304787549675,"Dongtai, Jiangsu",fallback_analytic
578,1.8315972222222223,42.75,9.173913043478262,1.1344704192646344,1.647853414805184,0.5999223244149849,0.1996527777777778,0.4369668246445498,0.6009402212178481,0.13223819328895764,-34.87391553751274,3.0,69.69401740083761,2.3973103859699867,6.780894314784948,"Dongtai, Jiangsu",fallback_analytic
579,1.5885416666666667,45.0,7.625,0.9846797071960955,2.0808849519402965,0.6532107469678776,0.20833333333333334,0.49836065573770494,0.6525665428163562,0.12277329632490537,33.60577719578633,5.0,70.11216086435792,2.5115732015465073,6.995641821383565,"Dongtai, Jiangsu",fallback_analytic
580,1.5364583333333333,51.375,6.8076923076923075,1.075135162598722,2.6118349907116087,0.5475906383120311,0.22569444444444445,0.503954802259887,0.6797459435377377,0.11848304276145111,-37.13973111751079,1.0,73.5977721364092,2.222339650001971,6.490530028218556,"Dongtai, Jiangsu",fallback_analytic
581,1.9097222222222223,39.75,9.565217391304348,1.5437224434884178,2.3504240462666814,0.5204494181875737,0.1996527777777778,0.41909090909090907,0.6238348969790599,0.1328069179042491,40.216239862718226,0.0,72.05140894417998,2.0953851271883672,6.234841101477058,"Dongtai, Jiangsu",fallback_analytic
582,2.2395833333333335,38.25,11.727272727272727,1.6557118559007593,1.8572639840908056,0.5760781886225597,0.1909722222222222,0.3612403100775194,0.5994188527610819,0.13641446470888444,-40.604308394525944,1.0,70.60657531032957,2.112985094410549,6.363006674331309,"Dongtai, Jiangsu",fallback_analytic
583,1.328125,31.125,6.12,0.7457338636363215,2.541836229160507,0.5689485851770157,0.2170138888888889,0.5895424836601307,0.762886562273255,0.12575354670786373,24.69104359257301,1.0,72.28411207446254,2.2909701249660785,6.802965679118791,"Dongtai, Jiangsu",fallback_analytic
584,1.171875,27.0,5.1923076923076925,0.6718064872330192,3.528774817036894,0.6320461922736479,0.22569444444444445,0.6607407407407407,0.81278852362463,0.13501529921132008,26.193748195578166,8.0,73.61063433181188,2.419242597638017,7.168418244157696,"Dongtai, Jiangsu",fallback_analytic
585,1.8489583333333333,43.875,9.26086956521739,1.049837065107052,3.1998869994774495,0.5762263151943976,0.1996527777777778,0.4328638497652582,0.6739519814672594,0.14668162327796463,-23.74999213045775,6.0,71.82832827169698,2.4413513063974532,6.914304765145819,"Dongtai, Jiangsu",fallback_analytic
586,1.9618055555555556,26.25,10.761904761904763,1.345482331293271,1.489415944171801,0.6785832356480638,0.18229166666666666,0.4168141592920354,0.6036264602453492,0.12613901589753793,-41.51660396833758,5.0,67.8955891240003,2.5292371768291613,6.83514333668927,"Dongtai, Jiangsu",fallback_analytic
587,1.3541666666666667,37.125,6.0,0.9659553469879775,2.734684502476256,0.5820438504658751,0.22569444444444445,0.5717948717948718,0.7607992053460743,0.1378060342804635,-36.10430453093978,4.0,73.19749032041992,2.257172917892138,6.7406391986006,"Dongtai, Jiangsu",fallback_analytic
588,2.404513888888889,45.75,12.590909090909092,1.6219643556771852,1.9987314186451761,0.6767693912493278,0.1909722222222222,0.3364620938628159,0.5375724910305015,0.12431451517492256,-40.15135121464068,8.0,70.12462138600117,2.2942281649021496,6.831007399295818,"Dongtai, Jiangsu",fallback_analytic
589,2.109375,51.0,10.125,1.5909110613396,1.6671851512832527,0.6805094848284192,0.20833333333333334,0.37530864197530867,0.6419656764617078,0.15264650012874084,-41.71160130822385,8.0,71.15923130945008,2.514340743257345,6.954625418410564,"Dongtai, Jiangsu",fallback_analytic
590,1.0416666666666667,46.875,4.285714285714286,0.7121639749004585,2.7526306681959096,0.5807137698317009,0.24305555555555555,0.7266666666666667,0.8384865556413827,0.12046850798555206,-33.64814834312166,2.0,74.8324588845219,2.086928221826997,6.754411464647614,"Dongtai, Jiangsu",fallback_analytic
591,2.0659722222222223,25.875,10.347826086956522,1.6527838479966555,1.7231622589585405,0.6111774334995699,0.1996527777777778,0.3873949579831933,0.5797997395672008,0.13223819328895764,-44.17137551764956,6.0,70.26455485992355,2.3820296204567764,6.7242233046863555,"Dongtai, Jiangsu",fallback_analytic
592,1.640625,60.75,7.875,1.2809452967323396,1.7175672358566263,0.6558928320297747,0.20833333333333334,0.48253968253968255,0.6701630794386455,0.12765994448735807,-41.112749814627165,5.0,70.91461619915765,2.533394688912716,6.9024246140426255,"Dongtai, Jiangsu",fallback_analytic
593,1.875,48.375,9.0,1.2070412662923031,2.4333709747405017,0.5952168436920211,0.20833333333333334,0.4222222222222222,0.624439962991572,0.13387992598314405,34.01325803690082,6.0,71.15726569570828,2.4584717763951263,6.832961456359739,"Dongtai, Jiangsu",fallback_analytic
594,1.6927083333333333,57.0,7.8,0.6135318281108627,4.415404290892953,0.6042939441287363,0.2170138888888889,0.4625641025641026,0.6606797333808685,0.12115677335393185,-6.7884119776930945,8.0,72.96982886046962,2.548064379567601,7.294460455792624,"Dongtai, Jiangsu",fallback_analytic
595,1.3975694444444444,61.5,5.962962962962963,1.0944674827387322,1.2680267221348398,0.5951877318050571,0.234375,0.5478260869565217,0.7548579380417282,0.13661469145338825,-40.23932315955642,1.0,72.28847407853472,2.259716165254397,6.689243417285613,"Dongtai, Jiangsu",fallback_analytic
596,1.6666666666666667,58.5,7.384615384615385,0.8912318943307067,2.185560912142865,0.6769977321855015,0.22569444444444445,0.46458333333333335,0.6457258055770123,0.11179073506914342,25.365765142579022,8.0,69.99816889613682,2.6639607786223647,7.292692247253139,"Dongtai, Jiangsu",fallback_analytic
597,1.6840277777777777,32.25,8.083333333333334,0.6861751972946459,3.6176883883038458,0.4986787899093936,0.20833333333333334,0.47010309278350515,0.6197888247741214,0.12193996299157203,14.995570655292575,0.0,71.889845714209,2.200858020442411,6.6470463254824965,"Dongtai, Jiangsu",fallback_analytic
598,1.4670138888888888,48.0,6.76,0.8728592324838943,1.5865578076107894,0.7070747072851016,0.2170138888888889,0.5337278106508876,0.7078782170600325,0.13574709341572747,26.253357986063477,8.0,69.36760157965234,2.7561543858324224,7.430805910167399,"Dongtai, Jiangsu",fallback_analytic
599,2.0399305555555554,39.75,11.19047619047619,0.7525192351112702,1.8673238119584468,0.722185444783878,0.18229166666666666,0.40085106382978725,0.6241801617744416,0.1392132593164774,-1.4424536241847505,8.0,66.0,2.749315268335103,7.725822269890681,"Dongtai, Jiangsu",fallback_analytic
600,1.7361111111111112,16.875,8.333333333333334,1.105428751174347,2.6592318100438663,0.6252469108846047,0.20833333333333334,0.456,0.6129,0.11666666666666667,-34.74604657748824,7.0,71.16444218213354,2.588028094446271,6.975552115478767,"Dongtai, Jiangsu",fallback_analytic
601,1.875,43.125,8.64,0.9790503548885208,3.8577410670113994,0.47197973201289206,0.2170138888888889,0.41759259259259257,0.644770308689657,0.1312447289438183,-24.016291923672643,0.0,74.06347464046867,2.0537416821344885,6.343378461152143,"Dongtai, Jiangsu",fallback_analytic
602,2.282986111111111,40.125,11.954545454545455,1.5967972622787339,2.3706588242092783,0.5928989787627017,0.1909722222222222,0.3543726235741445,0.586376790945014,0.1261326969931044,38.919989977995854,6.0,71.1655761286403,2.1931766208868346,6.649752461200192,"Dongtai, Jiangsu",fallback_analytic
603,0.9288194444444444,14.625,3.689655172413793,0.5099085512438224,1.9160887463685556,0.686883719206616,0.2517361111111111,0.805607476635514,0.9085830530557564,0.12481645984114437,26.14185088077896,8.0,72.33183959684335,2.394446416649633,7.469187194393195,"Dongtai, Jiangsu",fallback_analytic
604,1.8576388888888888,43.125,8.916666666666666,0.6989617147574856,5.429645591702165,0.4256890410749472,0.20833333333333334,0.4261682242990654,0.6226092835372239,0.13637992598314405,-10.010985415886267,0.0,75.15246621153392,2.036120371789593,6.3322275614002,"Dongtai, Jiangsu",fallback_analytic
605,1.7013888888888888,48.75,7.538461538461538,0.5532141434863433,2.7413003141887122,0.5982888661374421,0.22569444444444445,0.45510204081632655,0.6225510204081632,0.1076923076923077,-1.369393070772226,4.0,70.18955955411148,2.595069147684724,7.354113412248817,"Dongtai, Jiangsu",fallback_analytic
606,2.092013888888889,47.25,11.476190476190476,1.1281947931312415,1.6096491037531684,0.6824654107912903,0.18229166666666666,0.3908713692946058,0.603531114931927,0.14525703711877724,-22.51490863968137,5.0,67.1502345943204,2.563623646302638,7.089766776670785,"Dongtai, Jiangsu",fallback_analytic
607,1.4756944444444444,38.625,7.083333333333333,0.5636749634015781,2.5283258297601896,0.5821533016068626,0.20833333333333334,0.5364705882352941,0.7032563530320524,0.12203830557701235,5.867066513919248,1.0,70.07025024846736,2.419524450484378,7.089443276493048,"Dongtai, Jiangsu",fallback_analytic
608,1.5017361111111112,61.125,6.92,0.561941947208664,1.2595619442648658,0.5925912332299477,0.2170138888888889,0.5213872832369942,0.6957188131259328,0.1242847289438183,-5.363729975773758,0.0,69.0317276112859,2.503145973977955,7.218167671291479,"Dongtai, Jiangsu",fallback_analytic
609,1.4930555555555556,48.0,6.88,1.097501843456585,1.2947486380132305,0.6397613696300963,0.2170138888888889,0.5244186046511627,0.7172918141690544,0.13725268453370476,-39.562225998621386,4.0,70.7904493526111,2.4894642420035558,6.912391444824679,"Dongtai, Jiangsu",fallback_analytic
610,1.5364583333333333,57.0,6.8076923076923075,0.8459190732392817,2.918762434017486,0.6144821841541737,0.22569444444444445,0.503954802259887,0.7080082900741109,0.12497994021715483,-26.459654051804524,5.0,72.97042029351059,2.4736468139661687,6.97802956763961,"Dongtai, Jiangsu",fallback_analytic
611,2.1614583333333335,37.5,11.857142857142858,1.2085109632493851,3.1561669536681514,0.6523920499899653,0.18229166666666666,0.3783132530120482,0.5667122677541621,0.13145519579989184,27.451916195807684,8.0,70.22555590244339,2.4245811296589896,6.986269412850625,"Dongtai, Jiangsu",fallback_analytic
612,2.1875,33.75,12.6,1.2427883845962095,2.3267216910118544,0.5495807080867884,0.1736111111111111,0.37777777777777777,0.5532539682539682,0.121,30.91733184227533,0.0,68.90405952164242,2.102212943844158,6.408825185317209,"Dongtai, Jiangsu",fallback_analytic
613,1.8489583333333333,50.625,8.875,1.0375019711648235,4.131257516510859,0.49908295382630596,0.20833333333333334,0.428169014084507,0.6191503850055379,0.12443996299157203,-28.168318359272366,1.0,73.8005961943269,2.1140177015348423,6.310221134241454,"Dongtai, Jiangsu",fallback_analytic
614,2.265625,47.25,11.347826086956522,1.6116209152408616,1.835543502372759,0.5733287010732329,0.1996527777777778,0.35325670498084294,0.5998818391988421,0.1297321159868084,-41.18129556251008,1.0,71.30119569955707,2.07021815667204,6.279155929802856,"Dongtai, Jiangsu",fallback_analytic
615,1.5711805555555556,35.625,6.961538461538462,0.8303310105411872,1.0626365887318352,0.6543507404735236,0.22569444444444445,0.49281767955801103,0.632479057135761,0.11973531629213298,-27.683995292420892,4.0,69.14831414618592,2.5782692774174634,7.170811181390054,"Dongtai, Jiangsu",fallback_analytic
616,1.7795138888888888,43.875,8.541666666666666,1.0704299785517974,2.235265391438139,0.6086055185337358,0.20833333333333334,0.4448780487804878,0.6727555415915274,0.12657661115402472,-29.134768201767372,2.0,70.55248465502329,2.3928220107424547,6.790594618668152,"Dongtai, Jiangsu",fallback_analytic
617,2.4479166666666665,30.375,12.818181818181818,1.5843182613836702,1.9151122796153617,0.611620000582261,0.1909722222222222,0.3304964539007092,0.555645390070922,0.11427272727272728,38.23570606741363,4.0,69.75315811044577,2.1688497723263462,6.547393117029017,"Dongtai, Jiangsu",fallback_analytic
618,1.7621527777777777,23.25,9.227272727272727,1.2897416883432113,1.4878736887631572,0.5704926071379675,0.1909722222222222,0.45911330049261084,0.6402126109896443,0.14319989906792374,40.37299159463578,0.0,69.38250407953923,2.3076946266197487,6.4556295330422,"Dongtai, Jiangsu",fallback_analytic
619,2.0225694444444446,37.875,9.708333333333334,0.7906511119466142,2.6823480913422806,0.6019133652017774,0.20833333333333334,0.39141630901287555,0.6478922147049919,0.1398348982268231,7.237391550703528,6.0,69.5765637606347,2.507177814233284,7.244715723683737,"Dongtai, Jiangsu",fallback_analytic
620,1.6666666666666667,45.75,8.347826086956522,0.6672264534390691,1.6255510181376005,0.6195041789147109,0.1996527777777778,0.48020833333333335,0.6755969376126483,0.13197732372374024,-6.184333569890171,1.0,67.60757562968944,2.583185561753548,7.236849760435048,"Dongtai, Jiangsu",fallback_analytic
621,2.361111111111111,41.625,12.952380952380953,1.4301623746320882,1.7760042082249863,0.6287325033523838,0.18229166666666666,0.3463235294117647,0.5766280785525404,0.14335227521401533,-30.808288619945536,2.0,68.79406233376558,2.146748276911078,6.6299407755307405,"Dongtai, Jiangsu",fallback_analytic
622,1.328125,48.0,5.666666666666667,0.643282138412745,4.315007332141774,0.5613559211778192,0.234375,0.5764705882352941,0.7444815512117201,0.11853922636287884,23.401884213795668,7.0,75.55365588892874,2.317278849131402,6.977538795925605,"Dongtai, Jiangsu",fallback_analytic
623,1.3888888888888888,18.375,6.153846153846154,1.0623483843196277,1.6252442709694697,0.5875657382328805,0.22569444444444445,0.5575,0.6917439500386223,0.11717535045375879,39.09801179262526,1.0,71.36819187114118,2.299760473210169,6.660835832846795,"Dongtai, Jiangsu",fallback_analytic
624,1.4930555555555556,39.375,6.88,0.5559372699604544,4.149199373819758,0.5122459231376805,0.2170138888888889,0.5244186046511627,0.67370967449046,0.12059677335393186,-10.733062915796985,1.0,73.40877852730087,2.253893935824736,6.788900420709161,"Dongtai, Jiangsu",fallback_analytic
625,2.0572916666666665,31.5,10.304347826086957,1.193092232965281,2.6579672008509427,0.6271729004251287,0.1996527777777778,0.3890295358649789,0.5886386273028961,0.12176343964337952,29.898515203475412,7.0,70.11647063358411,2.497915567382624,6.952119358276592,"Dongtai, Jiangsu",fallback_analytic
626,2.361111111111111,43.875,12.363636363636363,1.2596280357816783,2.5372941974724763,0.5997203328920561,0.1909722222222222,0.3426470588235294,0.5703756495760676,0.13279447480209208,23.78014206467425,4.0,70.05658026305211,2.179257235753181,6.733832979382938,"Dongtai, Jiangsu",fallback_analytic
627,1.7361111111111112,48.75,8.333333333333334,0.7482558739962446,1.4900146440404236,0.6863025126118665,0.20833333333333334,0.456,0.6352667733539319,0.11752329632490537,14.590172119645885,5.0,67.70573243557372,2.6890254939083036,7.403737598284024,"Dongtai, Jiangsu",fallback_analytic
628,1.3454861111111112,65.25,5.7407407407407405,0.760148896047959,2.217285223855858,0.5705901352038474,0.234375,0.5690322580645162,0.7372736689235193,0.1303584198293773,-25.165680485256924,3.0,72.69697483398396,2.317380095165772,6.9193659091011614,"Dongtai, Jiangsu",fallback_analytic
629,1.6232638888888888,59.25,7.48,0.9191228200377054,2.4223520253319837,0.6717923950741014,0.2170138888888889,0.4823529411764706,0.6791233369644873,0.13814709341572748,25.38405797106367,8.0,70.72348900035323,2.6473516863392432,7.255358109276517,"Dongtai, Jiangsu",fallback_analytic
630,1.4670138888888888,38.625,7.3478260869565215,0.874085670803084,1.374691635372932,0.586264185530737,0.1996527777777778,0.5455621301775148,0.6728508284480738,0.12038779712383897,31.842429163331957,0.0,68.94740365321563,2.35972772911937,6.770974164433937,"Dongtai, Jiangsu",fallback_analytic
631,1.4583333333333333,37.875,6.72,0.5641633187480997,4.550472815690841,0.5308659435113313,0.2170138888888889,0.5369047619047619,0.7030576031868642,0.12618236447190914,13.530705084444548,2.0,74.12810012322457,2.276710302232758,6.727777483174264,"Dongtai, Jiangsu",fallback_analytic
632,1.3802083333333333,44.625,6.36,0.8718246275544979,1.1376296269215094,0.6550732187098487,0.2170138888888889,0.5672955974842767,0.7148683271217554,0.13128150229775018,33.38134961806399,6.0,70.25351633832614,2.612625162822368,7.224726527574085,"Dongtai, Jiangsu",fallback_analytic
633,1.4583333333333333,17.25,6.461538461538462,0.6732931627945481,2.805119876479149,0.5909329228734965,0.22569444444444445,0.530952380952381,0.6856686786725821,0.12236455560177022,-19.579886159480633,6.0,71.29245782334142,2.467548776319636,7.183476800720251,"Dongtai, Jiangsu",fallback_analytic
634,1.3628472222222223,39.0,5.814814814814815,0.5504936905778601,1.8631712683206945,0.6981409016440578,0.234375,0.5617834394904458,0.7323017198928239,0.11931401650540836,10.429291194155986,8.0,69.85616286515348,2.7286178342430305,7.7221119721953855,"Dongtai, Jiangsu",fallback_analytic
635,2.03125,44.625,10.636363636363637,1.2318265116186116,2.0798950287952045,0.6191283606056696,0.1909722222222222,0.39829059829059826,0.6209330684486913,0.12558724244764985,30.433418084022293,6.0,69.10722220033819,2.426865377619247,6.963718102202366,"Dongtai, Jiangsu",fallback_analytic
636,1.6840277777777777,45.0,8.083333333333334,1.0799685932937102,2.370007502095747,0.637834289517755,0.20833333333333334,0.47010309278350515,0.6874339795725637,0.1341149167310371,-32.139782741285245,5.0,70.40029011274706,2.4868134449020953,6.9394479791755534,"Dongtai, Jiangsu",fallback_analytic
637,2.109375,42.375,11.045454545454545,1.0076188433061277,1.8768774243668673,0.7062173715153024,0.1909722222222222,0.38353909465020575,0.6274277779367171,0.13967081825204047,-15.714426185445923,8.0,67.77750408364759,2.6827952602150194,7.38072229005122,"Dongtai, Jiangsu",fallback_analytic
638,1.1284722222222223,48.375,4.642857142857143,1.0350517151036436,1.9556813966270705,0.634676231086327,0.24305555555555555,0.6707692307692308,0.8255617846629197,0.11787711113563316,-40.418582698034186,7.0,73.54490012194067,2.380105355178428,7.030816420016738,"Dongtai, Jiangsu",fallback_analytic
639,1.8663194444444444,38.25,9.347826086956522,0.9463070700758563,2.23481877195474,0.6189702440965539,0.1996527777777778,0.4288372093023256,0.6359855164012238,0.1418277198888589,-19.443398630136237,4.0,69.03610231805874,2.433261495017884,7.028198324626691,"Dongtai, Jiangsu",fallback_analytic
640,1.71875,31.125,9.0,0.7253899633064255,2.4085128411769894,0.6262411100428856,0.1909722222222222,0.4707070707070707,0.6275130303810551,0.1331744848952997,-11.537807437390192,2.0,67.92875024866012,2.5525579232409426,7.0653824781367325,"Dongtai, Jiangsu",fallback_analytic
641,1.5972222222222223,38.25,7.666666666666667,1.0815715467384313,1.4625793084876908,0.6040672991242885,0.20833333333333334,0.4956521739130435,0.6803267827430338,0.14487320380383548,35.646967572143225,1.0,69.98362774154596,2.34273118316091,6.727283634830738,"Dongtai, Jiangsu",fallback_analytic
642,1.8836805555555556,37.125,8.68,1.0642324931661102,3.9326092949018827,0.6055777173661692,0.2170138888888889,0.41566820276497696,0.6484105807305931,0.12091677335393186,27.64462645064357,8.0,73.49124867355108,2.454361808253075,6.902850026940901,"Dongtai, Jiangsu",fallback_analytic
643,1.7534722222222223,56.625,8.08,1.446083965440812,1.4916095555949962,0.5829436480474566,0.2170138888888889,0.44653465346534654,0.6753091618283419,0.14354386676965933,44.35196234839715,1.0,72.03058567294259,2.224665633405946,6.442542272423828,"Dongtai, Jiangsu",fallback_analytic
644,2.0833333333333335,31.875,12.0,1.1469616069599922,1.6030093637383072,0.6523622722831791,0.1736111111111111,0.39666666666666667,0.5734180750708074,0.1264459666924148,26.13592925136804,6.0,66.5848925971869,2.443643334323996,7.12336838026022,"Dongtai, Jiangsu",fallback_analytic
645,1.5017361111111112,47.625,6.92,1.1025042155745155,1.149769673596122,0.6103604333220635,0.2170138888888889,0.5213872832369942,0.6981741504318973,0.12175354670786373,-43.78943379834126,3.0,70.76731506942309,2.423411859420284,6.773375156067293,"Dongtai, Jiangsu",fallback_analytic
646,1.7100694444444444,53.25,7.88,1.0854750224447023,1.763220631376061,0.6565035627360584,0.2170138888888889,0.4578680203045685,0.6662956380560888,0.1310559111797729,32.83169393500458,7.0,70.45289391535302,2.714474807986268,7.148792796550449,"Dongtai, Jiangsu",fallback_analytic
647,1.8663194444444444,51.0,8.958333333333334,0.8782194913884007,3.1797040874888376,0.5435163901782438,0.20833333333333334,0.4241860465116279,0.6472955721361365,0.12095497224367902,-17.842727851733695,1.0,71.69760313738576,2.2729894863573703,6.696707243835991,"Dongtai, Jiangsu",fallback_analytic
648,1.7447916666666667,37.875,8.73913043478261,0.707610046581364,3.1036356484728276,0.5937654499756101,0.1996527777777778,0.45870646766169154,0.6689792139995223,0.13606428024547937,-9.35964927542038,4.0,69.73274909477024,2.5394302912166817,7.114545608907248,"Dongtai, Jiangsu",fallback_analytic
649,1.8055555555555556,53.25,8.32,0.6190423910847681,4.235158188239934,0.5762833657159008,0.2170138888888889,0.43365384615384617,0.6338461538461538,0.1112,4.347814811309036,5.0,71.98034448807852,2.482514748219568,7.095907440771566,"Dongtai, Jiangsu",fallback_analytic
650,1.8142361111111112,52.875,9.08695652173913,0.7592203067845746,2.7324313607660065,0.6415492110757544,0.1996527777777778,0.4411483253588517,0.6154657321387264,0.12738428989985187,13.380955761130132,5.0,69.49320940321952,2.5943304779881684,7.208360937750389,"Dongtai, Jiangsu",fallback_analytic
651,1.5451388888888888,47.625,6.846153846153846,0.820458543261775,2.8297701067872056,0.6540602984424851,0.22569444444444445,0.501123595505618,0.7039321237777679,0.12909222228824316,22.74436317379454,8.0,71.79372814161573,2.636600926405581,7.261341306957807,"Dongtai, Jiangsu",fallback_analytic
652,2.1527777777777777,45.375,10.782608695652174,0.7772307917009795,2.7945099798116018,0.6033456469172744,0.1996527777777778,0.3717741935483871,0.6095580107942175,0.13570079233023727,-3.601964667766147,2.0,69.3614296986906,2.3367597956626054,7.0332634641606875,"Dongtai, Jiangsu",fallback_analytic
653,2.048611111111111,43.125,11.238095238095237,0.9398372742644314,2.7422907507274674,0.6446940456669907,0.18229166666666666,0.39915254237288134,0.567897415286968,0.12928187304039507,18.532216045687314,5.0,68.34522054863561,2.491304614599715,7.037923502884156,"Dongtai, Jiangsu",fallback_analytic
654,2.092013888888889,42.0,10.041666666666666,0.9399597996482074,3.859189999645512,0.5138673413615845,0.20833333333333334,0.3784232365145228,0.6141175851327543,0.11953830557701235,15.25224009909644,3.0,72.8413526555874,2.1822365962214176,6.6403999652228825,"Dongtai, Jiangsu",fallback_analytic
655,2.0746527777777777,39.75,9.958333333333334,1.0600991350218114,1.3431913391613122,0.5747017143660084,0.20833333333333334,0.3815899581589958,0.5580753138075314,0.10416666666666667,-25.47932497440425,0.0,69.31289251840752,2.2386174147853652,6.6782808474132525,"Dongtai, Jiangsu",fallback_analytic
656,1.5277777777777777,59.25,6.769230769230769,0.6416067713616754,3.616389517527704,0.6297495928888692,0.22569444444444445,0.5068181818181818,0.6704490454896567,0.11794458122298956,-16.57008425063249,8.0,73.01338750089973,2.5681310610777945,7.259216171511656,"Dongtai, Jiangsu",fallback_analytic
657,1.7274305555555556,59.25,7.96,0.9959626365534069,1.2379833438326993,0.6460935496734447,0.2170138888888889,0.45326633165829144,0.6243151223194611,0.1229247289438183,30.724837323646057,2.0,68.96353684855191,2.5048634202563926,6.950058053620631,"Dongtai, Jiangsu",fallback_analytic
658,0.9288194444444444,36.75,3.8214285714285716,0.3334702243486204,1.451444102648841,0.6479089824756572,0.24305555555555555,0.8149532710280374,0.9153953832786378,0.10888997620886773,6.732848314128923,6.0,70.8053345308649,2.4221124607289672,7.741902716604116,"Dongtai, Jiangsu",fallback_analytic
659,1.328125,58.875,5.884615384615385,0.9832211660792846,1.2054856775204912,0.7125211707004534,0.22569444444444445,0.5830065359477125,0.7348518824640117,0.11441997437878064,-41.45412141790656,8.0,70.6114539303189,2.6912496673294743,7.257812852791746,"Dongtai, Jiangsu",fallback_analytic
660,1.953125,49.5,9.782608695652174,1.1369826521326476,2.988893597595029,0.5811802277886706,0.1996527777777778,0.4097777777777778,0.6184043704275886,0.13545558459330545,-28.846745810785595,4.0,71.05116443400142,2.357547857725288,6.715728105011653,"Dongtai, Jiangsu",fallback_analytic
661,1.6319444444444444,39.0,7.52,0.7926781621389373,3.491445729879927,0.6340864332081343,0.2170138888888889,0.4797872340425532,0.6537366986664744,0.12405913782584102,20.75047477654546,8.0,71.6602429939706,2.679196895439811,7.1922511649592,"Dongtai, Jiangsu",fallback_analytic
662,1.4149305555555556,49.125,6.52,0.844527149855276,3.828954092658447,0.6185121391883399,0.2170138888888889,0.5533742331288344,0.69479754601227,0.11416,-31.25288880358739,8.0,73.699515392232,2.511722827806471,6.993883507562962,"Dongtai, Jiangsu",fallback_analytic
663,1.3020833333333333,15.0,5.555555555555555,0.46136147278876394,2.4740278036977137,0.6072719289405408,0.234375,0.588,0.7435741868314549,0.11666069139617012,6.551569942126044,2.0,70.56360456808349,2.420789592771474,7.216185493993218,"Dongtai, Jiangsu",fallback_analytic
664,1.8229166666666667,31.125,9.545454545454545,0.9379745192228649,2.310163421122917,0.6216717046083909,0.1909722222222222,0.4438095238095238,0.6055145905350434,0.12158724244764983,22.792886077219066,6.0,68.78441428515882,2.569445872043246,7.149644567161315,"Dongtai, Jiangsu",fallback_analytic
665,1.6666666666666667,35.25,8.727272727272727,0.7935402556423452,1.9506686455593512,0.6768288661741543,0.1909722222222222,0.48541666666666666,0.6547709132936822,0.14410898997701463,17.864014933484356,7.0,67.98826845944029,2.7067166045570135,7.442489309840001,"Dongtai, Jiangsu",fallback_analytic
666,1.7447916666666667,51.0,8.375,1.0510069069693098,1.4772383195195304,0.6397035242737796,0.20833333333333334,0.4537313432835821,0.6083582089552239,0.1075,37.22107619460165,4.0,69.49483081513013,2.5540789350197466,6.9371565346718045,"Dongtai, Jiangsu",fallback_analytic
667,2.404513888888889,34.125,12.590909090909092,0.924425981328716,2.610690365428549,0.5751925683519317,0.1909722222222222,0.3364620938628159,0.5757380290091425,0.13108357580439062,3.4799172484752035,1.0,68.82468648887253,2.148956169872344,6.870508532048809,"Dongtai, Jiangsu",fallback_analytic
668,1.6840277777777777,48.75,7.461538461538462,0.6934302417587619,4.118912107349625,0.4675757504801089,0.22569444444444445,0.45979381443298967,0.6615001649803071,0.11617535045375879,-13.958823180316735,0.0,74.35920777930227,2.171486996696396,6.552926776733814,"Dongtai, Jiangsu",fallback_analytic
669,1.1024305555555556,20.625,4.703703703703703,0.9649644235154636,1.0480635259446587,0.6791663820215951,0.234375,0.694488188976378,0.8011245827866457,0.130668057683102,-43.81294334885704,7.0,71.44699936263187,2.418712158160818,7.1685432163123775,"Dongtai, Jiangsu",fallback_analytic
670,1.5711805555555556,39.375,7.24,0.5842791480927274,3.778761274133828,0.5959297719998267,0.2170138888888889,0.4983425414364641,0.6794350350704548,0.13998709341572746,8.08084495594752,7.0,71.6208876912056,2.5650854396586893,7.26752927192313,"Dongtai, Jiangsu",fallback_analytic
671,1.4149305555555556,58.875,5.821428571428571,0.8524495930858476,4.807100105633728,0.4229235676067726,0.24305555555555555,0.5349693251533743,0.7121393211139432,0.1226113651284092,-30.288645690332395,0.0,78.28421589527046,1.9135785731295172,6.164550802510201,"Dongtai, Jiangsu",fallback_analytic
672,1.6579861111111112,50.625,8.304347826086957,0.8479441667927159,2.8958228775620274,0.596464596003588,0.1996527777777778,0.4827225130890052,0.6861350262184527,0.12595301451514332,-21.52806762136867,2.0,70.72425403927824,2.433847207218825,6.85553253281351,"Dongtai, Jiangsu",fallback_analytic
673,1.3020833333333333,65.625,5.555555555555555,0.5260381792035699,2.589100979987904,0.530081933632341,0.234375,0.588,0.773038275651682,0.1323584198293773,-11.93079614558087,0.0,73.00585032115016,2.2098682284631845,6.892167190434417,"Dongtai, Jiangsu",fallback_analytic
674,1.5885416666666667,44.25,7.625,0.8276122960508137,2.508437966200207,0.6073913228432923,0.20833333333333334,0.49836065573770494,0.657938918108765,0.12062163891034569,24.8585096673836,6.0,70.76567516064308,2.5672618409797288,7.1574806707901235,"Dongtai, Jiangsu",fallback_analytic
675,2.0225694444444446,39.0,10.590909090909092,1.4296595294175878,1.4921763318299748,0.5997237877723197,0.1909722222222222,0.4,0.5955690129418408,0.12158724244764983,43.45411320975127,3.0,69.37786801682167,2.276931722116378,6.586219595936306,"Dongtai, Jiangsu",fallback_analytic
676,1.4496527777777777,52.875,6.423076923076923,0.6679216484815697,4.212365331293702,0.4998579652534335,0.22569444444444445,0.5341317365269461,0.7041437125748503,0.11207692307692307,21.178626401859688,1.0,74.79217007507557,2.1256162963110836,6.5680847458496165,"Dongtai, Jiangsu",fallback_analytic
677,2.1354166666666665,45.0,11.181818181818182,1.4986951700450888,1.5702248163110994,0.5938404227679747,0.1909722222222222,0.37886178861788616,0.5852982521267209,0.13161265662027388,-42.57918647175566,3.0,70.0911107411243,2.2635395848367312,6.533502382088025,"Dongtai, Jiangsu",fallback_analytic
678,1.953125,44.625,9.782608695652174,0.7294333546609797,1.958241004501958,0.6387083034112602,0.1996527777777778,0.4097777777777778,0.6432848711935053,0.12921037685637363,-5.514545673888584,2.0,67.84570334938527,2.4707652677068186,7.160332094389957,"Dongtai, Jiangsu",fallback_analytic
679,1.640625,43.5,7.875,0.693755774973128,3.4552996570305705,0.6098711160531853,0.20833333333333334,0.48253968253968255,0.6285714285714286,0.11416666666666667,12.75170441793663,7.0,70.67814884841385,2.6127549841578004,7.262875449698161,"Dongtai, Jiangsu",fallback_analytic
680,1.8489583333333333,37.5,9.26086956521739,1.4738329384359443,1.7393408755772997,0.652688325217248,0.1996527777777778,0.4328638497652582,0.611737089201878,0.1191304347826087,42.59759741288643,5.0,69.94387974477006,2.4586195441881835,6.793349888003039,"Dongtai, Jiangsu",fallback_analytic
681,1.25,37.875,5.142857142857143,0.863165886057959,3.012884816764972,0.5992635274426383,0.24305555555555555,0.6055555555555555,0.8244701947233829,0.12487134926765436,-32.625627278088366,5.0,74.55632755240347,2.225562788390753,6.873185984357838,"Dongtai, Jiangsu",fallback_analytic
682,1.2413194444444444,67.5,5.296296296296297,0.40736164354863974,4.483531920938194,0.5640517574205266,0.234375,0.6167832167832168,0.7909090909090909,0.11385185185185186,-5.452567515688372,5.0,75.39457925973811,2.301716235539139,7.13441383968271,"Dongtai, Jiangsu",fallback_analytic
683,1.6579861111111112,49.125,7.64,0.6823176462464,2.9331719895758885,0.5908318034559974,0.2170138888888889,0.4722513089005236,0.6738316964402281,0.13552150229775017,10.928698825747801,2.0,70.97704498531812,2.432690632904106,6.996748368974583,"Dongtai, Jiangsu",fallback_analytic
684,1.7621527777777777,39.75,8.826086956521738,1.0533199321383515,2.0951650911586777,0.6202758768458966,0.1996527777777778,0.4541871921182266,0.628824407245253,0.12498083094772734,30.84660612685751,6.0,69.75152209336518,2.5478959861124113,7.025550437036507,"Dongtai, Jiangsu",fallback_analytic
685,1.7534722222222223,23.625,8.782608695652174,0.9905763234849685,1.650702929356649,0.605564107664113,0.1996527777777778,0.45643564356435645,0.6373437328491707,0.1364677391976039,-27.769038850525753,3.0,68.82893846003742,2.4487448645621925,6.911011184038985,"Dongtai, Jiangsu",fallback_analytic
686,1.2934027777777777,52.125,5.730769230769231,0.7994416265816872,1.3775785352478762,0.6079886379712619,0.22569444444444445,0.5986577181208054,0.7640723043888045,0.13007836759399055,-29.5454098814771,3.0,71.1164265509252,2.380367214053182,7.039582745587561,"Dongtai, Jiangsu",fallback_analytic
687,1.6232638888888888,47.625,7.48,0.6201574525230588,1.4438604306716392,0.652890673561101,0.2170138888888889,0.4823529411764706,0.7016793085816789,0.13081591117977287,-3.2946173557629947,4.0,67.69353261598094,2.686839358802912,7.538127123281757,"Dongtai, Jiangsu",fallback_analytic
688,1.0677083333333333,34.5,4.555555555555555,0.5483063709263271,3.268171644636131,0.5720283793775016,0.234375,0.7170731707317073,0.8128350352973394,0.12567104531835027,-23.91096946977668,2.0,74.05399245382797,2.073973021513008,6.871611034748149,"Dongtai, Jiangsu",fallback_analytic
689,0.78125,27.375,3.103448275862069,0.6210748150436676,0.9029961930365757,0.6529607707879014,0.2517361111111111,0.9577777777777777,0.9993297481710354,0.10781238316543892,40.87915992185604,4.0,72.77974060161874,2.1583062090322214,7.152266969279867,"Dongtai, Jiangsu",fallback_analytic
690,2.4305555555555554,43.5,13.333333333333334,0.8870099210684596,4.057837628473676,0.6291852646849813,0.18229166666666666,0.3364285714285714,0.5665100786210857,0.13280568256420458,3.862175426847422,8.0,69.74287504167488,2.326502052817617,7.16803241581565,"Dongtai, Jiangsu",fallback_analytic
691,1.4930555555555556,54.75,7.166666666666667,0.7145959738384595,2.539601019633632,0.5756654535944496,0.20833333333333334,0.5302325581395348,0.6967442753045755,0.13064493523525106,18.79709496933048,1.0,71.09149565384499,2.3399528734351267,6.900675893475818,"Dongtai, Jiangsu",fallback_analytic
692,1.7795138888888888,45.0,9.318181818181818,1.191396476250836,1.220478048131855,0.5851222412469146,0.1909722222222222,0.45463414634146343,0.5837073170731707,0.11363636363636363,-44.125722768321474,0.0,68.91233748227728,2.2874243979857116,6.495753062739157,"Dongtai, Jiangsu",fallback_analytic
693,2.0746527777777777,36.75,10.391304347826088,1.2451109762841706,2.989154207629979,0.5768446704212118,0.1996527777777778,0.3857740585774059,0.5942677824267782,0.118,-31.561956240299153,2.0,71.42545415758433,2.2049911614462108,6.493008348174286,"Dongtai, Jiangsu",fallback_analytic
694,1.7881944444444444,57.75,8.956521739130435,0.7275778204028447,3.1904478287210045,0.5194942518128237,0.1996527777777778,0.4475728155339806,0.6444519224200908,0.1306016812041997,10.296604080500643,0.0,71.42294999023689,2.2410754886627857,6.727820438120477,"Dongtai, Jiangsu",fallback_analytic
695,1.4409722222222223,51.375,6.384615384615385,0.9427405377503859,2.052161599260178,0.5752733589640219,0.22569444444444445,0.5373493975903615,0.7430306989068595,0.134141435976661,29.339198680789124,3.0,72.00278648932488,2.3183293938289613,6.861210601910823,"Dongtai, Jiangsu",fallback_analytic
696,1.9618055555555556,28.5,10.272727272727273,1.1864380761343636,1.8593635393598311,0.6297651576024544,0.1909722222222222,0.41238938053097346,0.6127022537237732,0.1388690101634299,30.367208639264277,6.0,68.57406039712323,2.5647022032938773,6.994059783499034,"Dongtai, Jiangsu",fallback_analytic
697,1.8055555555555556,47.25,9.043478260869565,1.4003596130712594,1.6586811918208058,0.6938536455820951,0.1996527777777778,0.44326923076923075,0.6321975770122052,0.12151823190644767,-42.74951572968467,8.0,69.67201675273375,2.64903288974434,7.0466050568650775,"Dongtai, Jiangsu",fallback_analytic
698,1.7013888888888888,60.0,8.166666666666666,0.7444968073596152,1.2196187348606289,0.6272687116445236,0.20833333333333334,0.46530612244897956,0.6421994694823402,0.1350848982268231,-13.098668857056406,1.0,68.22666047980454,2.594194456377917,7.135831950107306,"Dongtai, Jiangsu",fallback_analytic
699,1.6666666666666667,54.375,7.384615384615385,1.1391751573657052,2.24092098867887,0.5948655986026614,0.22569444444444445,0.46458333333333335,0.6611357500643704,0.1369106667458918,34.57490041445796,6.0,71.770783942447,2.471316992332939,6.857426015757116,"Dongtai, Jiangsu",fallback_analytic
700,1.7013888888888888,47.25,8.521739130434783,0.9748960368077513,1.8992772824556727,0.7012483450072408,0.1996527777777778,0.4704081632653061,0.616734693877551,0.11043478260869566,-31.487944372737193,8.0,69.11039555027146,2.6751311629021655,7.316770199552111,"Dongtai, Jiangsu",fallback_analytic
701,1.9270833333333333,49.875,9.25,0.6657645468362323,1.7285518195459593,0.6450606786780455,0.20833333333333334,0.41081081081081083,0.6308274445395503,0.12814493523525106,-1.7010659817978961,2.0,67.86128432882354,2.5375726267282226,7.2832570495159175,"Dongtai, Jiangsu",fallback_analytic
702,2.3350694444444446,29.25,14.157894736842104,1.7469081125522439,1.7646850379851218,0.627279329534061,0.16493055555555555,0.3576208178438662,0.5551078066914498,0.12810526315789475,44.758930568385495,6.0,68.13084499067202,2.2949147767020954,6.614788849922439,"Dongtai, Jiangsu",fallback_analytic
703,1.3628472222222223,30.75,6.28,0.5165018355323108,2.9873919808103997,0.6652956362351805,0.2170138888888889,0.5745222929936306,0.7709972188640529,0.1377759111797729,5.986598881974402,8.0,70.30147069878402,2.6979116708337205,7.589689544145659,"Dongtai, Jiangsu",fallback_analytic
704,1.875,46.5,9.0,0.7322787902722523,2.4581701170451353,0.6132153770406377,0.20833333333333334,0.4222222222222222,0.6541987716955336,0.12956160190191773,-7.797007941623832,4.0,69.54157958788505,2.5194956419840993,7.199220408380192,"Dongtai, Jiangsu",fallback_analytic
705,1.9965277777777777,28.875,10.952380952380953,1.2547360060669588,2.2632868943280595,0.616258250650866,0.18229166666666666,0.40956521739130436,0.6017654957059092,0.12804377780229984,-34.1780303170661,4.0,69.02387899839356,2.341768528251444,6.721418481901587,"Dongtai, Jiangsu",fallback_analytic
706,1.71875,33.75,8.25,0.780159704429905,1.5075628251452144,0.6493244321503284,0.20833333333333334,0.46060606060606063,0.6645040674753101,0.13434990747893008,15.432202354908398,6.0,67.93795969960824,2.7055977288327813,7.408056889790279,"Dongtai, Jiangsu",fallback_analytic
707,1.6232638888888888,40.875,7.1923076923076925,0.5611572142735549,3.183513204284886,0.5802826277021068,0.22569444444444445,0.4770053475935829,0.6632439145541629,0.12390301714023176,-4.241684434848544,6.0,70.96374814691403,2.5951822684891432,7.376774402421264,"Dongtai, Jiangsu",fallback_analytic
708,1.5625,58.5,7.2,0.83930946554831,3.027111284104789,0.6157945589027649,0.2170138888888889,0.5011111111111111,0.707297481710354,0.14125268453370476,-21.29495844196027,7.0,71.97824471337341,2.5426981039434557,7.162773525503728,"Dongtai, Jiangsu",fallback_analytic
709,1.9270833333333333,52.5,9.25,0.9564446207839195,2.6142636662466474,0.6680050018521106,0.20833333333333334,0.41081081081081083,0.6192734655025799,0.13137992598314407,20.527250739919126,8.0,70.25106639814439,2.6100751561026128,7.250590781353488,"Dongtai, Jiangsu",fallback_analytic
710,1.9791666666666667,41.25,9.91304347826087,1.4508970239472812,2.0169577759550066,0.5725010857816862,0.1996527777777778,0.4043859649122807,0.6270021901284965,0.13345558459330548,-39.73865350374021,1.0,71.1335471998901,2.2145891586563815,6.394846572531943,"Dongtai, Jiangsu",fallback_analytic
711,2.0399305555555554,54.0,9.791666666666666,1.4898601850326694,1.6497375033064574,0.5452494257997682,0.20833333333333334,0.3880851063829787,0.6288640966423554,0.14047154638927578,-42.3830238649821,0.0,72.01094633633777,2.130400450884564,6.283248024113524,"Dongtai, Jiangsu",fallback_analytic
712,1.5277777777777777,48.75,7.04,0.7106343010584534,2.152621981144582,0.6209211376007675,0.2170138888888889,0.5125,0.695081189528532,0.13608150229775018,-15.615077143380514,4.0,70.12071761636308,2.5348425988692354,7.202304799620629,"Dongtai, Jiangsu",fallback_analytic
713,1.8923611111111112,30.0,10.380952380952381,1.034409744609777,1.4762324333253836,0.6565534795492604,0.18229166666666666,0.43211009174311926,0.6012125597109808,0.13597516407838217,-24.95066877203688,4.0,66.92564211338156,2.5437696119033473,7.053070963181568,"Dongtai, Jiangsu",fallback_analytic
714,1.5711805555555556,39.75,7.869565217391305,0.6062782878245039,2.03184869459625,0.7106901984809475,0.1996527777777778,0.5093922651933702,0.652922828763423,0.13622253146067206,8.779296867756678,8.0,67.34688431670078,2.85,7.715077058623299,"Dongtai, Jiangsu",fallback_analytic
715,2.1354166666666665,39.375,11.181818181818182,0.8473622531654674,1.8491741369365222,0.6437357666181427,0.1909722222222222,0.37886178861788616,0.6019139106256259,0.1228599697203771,7.234767442981244,2.0,67.2827369751792,2.4807234826384006,7.115498672906535,"Dongtai, Jiangsu",fallback_analytic
716,1.7013888888888888,37.875,8.521739130434783,0.9288758567134333,3.12195580263303,0.5841820114039192,0.1996527777777778,0.4704081632653061,0.6579214899062676,0.1297321159868084,24.64570799370682,4.0,70.951788166027,2.4319612139274738,6.837259623187373,"Dongtai, Jiangsu",fallback_analytic
717,0.7638888888888888,15.0,2.838709677419355,0.44722776773937284,4.528879478546868,0.5391154323707726,0.2690972222222222,0.9568181818181818,1.0418108485316633,0.10924384231605577,-29.232806216019505,7.0,77.50296196649244,2.0338054777188477,6.952840247043483,"Dongtai, Jiangsu",fallback_analytic
718,2.3177083333333335,39.75,12.136363636363637,0.8496704828259369,4.41468509904874,0.5760229989472351,0.1909722222222222,0.349063670411985,0.6096779601212996,0.14197629298391026,5.439950686872514,5.0,71.11366426900896,2.1898767756447777,6.872169917294024,"Dongtai, Jiangsu",fallback_analytic
719,2.126736111111111,40.5,11.666666666666666,0.8497086761430928,1.4512310891966747,0.6999415760530759,0.18229166666666666,0.38448979591836735,0.551265306122449,0.11523809523809524,-10.316741234764294,7.0,66.0,2.6998534819107296,7.491520636545565,"Dongtai, Jiangsu",fallback_analytic
720,1.9270833333333333,48.0,10.090909090909092,1.2999722580983697,1.958396227455226,0.5862624828000784,0.1909722222222222,0.4198198198198198,0.6446677508876104,0.14683626270428737,-34.20614071247286,3.0,70.2283264334749,2.3620850098611608,6.684415491409843,"Dongtai, Jiangsu",fallback_analytic
721,1.6927083333333333,60.375,7.8,0.8436067145365899,1.7995985489277526,0.6297231783503152,0.2170138888888889,0.4625641025641026,0.6546728650813843,0.12945591117977287,-19.506662222197868,4.0,69.76774389473356,2.5825177124481926,7.154220963703402,"Dongtai, Jiangsu",fallback_analytic
722,1.8663194444444444,46.5,8.958333333333334,0.7018637582049072,4.494235938579246,0.49798934546196716,0.20833333333333334,0.4241860465116279,0.6215876961431923,0.12477329632490536,-11.893949006350091,3.0,73.02367668138996,2.282256142108874,6.681358264258438,"Dongtai, Jiangsu",fallback_analytic
723,1.2239583333333333,24.0,5.222222222222222,0.5739204224237019,4.344052143816967,0.5979685973503732,0.234375,0.625531914893617,0.7646671206550293,0.12567104531835027,19.820430926896634,8.0,74.28039248122937,2.4098858400588656,7.114967165782595,"Dongtai, Jiangsu",fallback_analytic
724,1.8489583333333333,40.125,8.875,0.6391675132447032,3.2644175599396754,0.5146899304059581,0.20833333333333334,0.428169014084507,0.6474382066525529,0.12428830557701236,4.733282518788762,0.0,70.7489572156714,2.2560457613015568,6.7855775499828015,"Dongtai, Jiangsu",fallback_analytic
725,2.2569444444444446,40.875,12.380952380952381,1.3116082123926809,2.8977500636926297,0.6236048356232542,0.18229166666666666,0.36230769230769233,0.5741501231006906,0.12871044446896648,29.709222285337773,5.0,70.64531044487205,2.286488504457654,6.702776624802276,"Dongtai, Jiangsu",fallback_analytic
726,1.5972222222222223,39.375,7.666666666666667,0.7459001535007797,1.3875582265132798,0.6554949981327709,0.20833333333333334,0.4956521739130435,0.6902997827766184,0.1434565371371688,12.369608732349711,4.0,67.87922921416857,2.691484080718962,7.339679189874182,"Dongtai, Jiangsu",fallback_analytic
727,1.7795138888888888,42.75,8.91304347826087,1.0586991557565044,2.8721185071319777,0.5539825712622384,0.1996527777777778,0.4497560975609756,0.6565002341915578,0.12682257973253463,29.35478182293832,3.0,71.46498178491616,2.3682012099384537,6.660739480411474,"Dongtai, Jiangsu",fallback_analytic
728,1.1197916666666667,17.25,4.777777777777778,0.8004802230887693,2.003863934768273,0.6825137336857183,0.234375,0.6837209302325581,0.8115710130356635,0.13289027990532423,35.51155344490107,8.0,72.03516739977542,2.4522445369868393,7.253486458398279,"Dongtai, Jiangsu",fallback_analytic
729,1.9965277777777777,52.875,10.0,1.26481396677218,1.3661905278067619,0.60597509799462,0.1996527777777778,0.4008695652173913,0.6122384233316999,0.13375642519540532,-35.4881718705859,1.0,69.57419781323587,2.270797927343731,6.647997929684866,"Dongtai, Jiangsu",fallback_analytic
730,2.0052083333333335,50.25,10.043478260869565,1.0147864876958053,2.9078866997085053,0.6243083502816053,0.1996527777777778,0.3991341991341991,0.6189294776691461,0.13570079233023727,20.9289894661283,5.0,70.86035768985158,2.4303048754870464,6.947021874066131,"Dongtai, Jiangsu",fallback_analytic
731,2.595486111111111,35.625,14.238095238095237,1.007792227931822,2.6856282229804194,0.5742423486301771,0.18229166666666666,0.31505016722408025,0.5474648829431438,0.12066666666666667,-4.354512573836033,3.0,68.14746504650536,2.164461034320094,6.929114024930894,"Dongtai, Jiangsu",fallback_analytic
732,2.1614583333333335,49.125,11.857142857142858,0.8826556732584846,5.979518802184559,0.482492187648945,0.18229166666666666,0.3783132530120482,0.5604819277108434,0.12571428571428572,13.108395841385551,4.0,74.2961271516006,2.02857547995261,6.410767867617105,"Dongtai, Jiangsu",fallback_analytic
733,2.0052083333333335,49.5,9.625,0.6954452727817275,2.744738143963635,0.6032259966635187,0.20833333333333334,0.3948051948051948,0.6042337662337662,0.11225,3.898750502973762,4.0,69.62497637871748,2.4844766224786436,7.190022065161714,"Dongtai, Jiangsu",fallback_analytic
734,1.4236111111111112,50.25,6.56,0.52794370070193,1.188415081179841,0.6667970376136181,0.2170138888888889,0.55,0.7235110082933623,0.12945591117977287,1.9016965766304423,4.0,68.20080089294348,2.6588193877833297,7.600515691324282,"Dongtai, Jiangsu",fallback_analytic
735,1.9444444444444444,52.875,9.333333333333334,1.0207716996737708,4.942068412949872,0.5723197288283876,0.20833333333333334,0.40714285714285714,0.6397767857142858,0.1195,25.077370496512756,8.0,74.64634096511487,2.2909799216444826,6.824960460503588,"Dongtai, Jiangsu",fallback_analytic
736,1.5711805555555556,52.875,6.961538461538462,0.623589337182739,2.235149080638486,0.5457199077315954,0.22569444444444445,0.49281767955801103,0.7116417681265071,0.13757526504969425,8.857253503883207,0.0,71.09101116947188,2.3390475550271708,6.958363028034413,"Dongtai, Jiangsu",fallback_analytic
737,1.3194444444444444,24.75,5.846153846153846,0.806683761750545,1.2536514977685644,0.6476560340636801,0.22569444444444445,0.5868421052631579,0.7753167327441133,0.14299523942847492,26.816990448994133,6.0,69.75273842781452,2.575517668438354,7.269295074157584,"Dongtai, Jiangsu",fallback_analytic
738,1.6927083333333333,30.0,8.478260869565217,0.5828895125906419,2.9210668488407685,0.6410570233205213,0.1996527777777778,0.4728205128205128,0.6315540102881003,0.12524170051294473,4.0692339324235505,7.0,68.4969336478551,2.747469015816285,7.480491389410623,"Dongtai, Jiangsu",fallback_analytic
739,1.1805555555555556,53.625,5.037037037037037,0.5329828070950289,2.5372974691514605,0.6018762889501403,0.234375,0.6485294117647059,0.8134463922174466,0.12248586013316509,15.813582167024954,4.0,72.85677307092253,2.331111076262615,7.1865437428414385,"Dongtai, Jiangsu",fallback_analytic
740,1.2065972222222223,29.625,5.148148148148148,0.669301651914741,2.812737051871487,0.6204059518485509,0.234375,0.6345323741007194,0.8021988778978993,0.11888291361839234,25.17762985314711,5.0,72.6476387057022,2.338792655586666,7.062083450403064,"Dongtai, Jiangsu",fallback_analytic
741,2.6475694444444446,26.25,16.05263157894737,1.0035283520006273,1.7622244942209988,0.6921129417066905,0.16493055555555555,0.31540983606557377,0.5077836065573771,0.12284210526315789,4.990513682905096,7.0,66.0,2.448805485000038,7.374716806838613,"Dongtai, Jiangsu",fallback_analytic
742,1.8663194444444444,51.0,8.958333333333334,0.6198053673432355,3.696518758362542,0.6381803683051022,0.20833333333333334,0.4241860465116279,0.6500131256460652,0.13456160190191774,3.0851155487329294,8.0,71.30479585183534,2.650610804917864,7.41371447756003,"Dongtai, Jiangsu",fallback_analytic
743,1.7708333333333333,36.375,9.272727272727273,0.9214129643961813,2.7903599265910057,0.6031263065827348,0.1909722222222222,0.4568627450980392,0.6392615425038548,0.12793450508171494,22.632786670210365,2.0,69.33560877069826,2.3509977146871717,6.776258406768219,"Dongtai, Jiangsu",fallback_analytic
744,1.6579861111111112,57.75,7.958333333333333,0.9138583893394554,2.202347009097663,0.5461851173958485,0.20833333333333334,0.4774869109947644,0.66489781515971,0.13318324081226343,24.49637929457525,0.0,70.90864819285993,2.326626544608339,6.659123704641952,"Dongtai, Jiangsu",fallback_analytic
745,1.7447916666666667,49.125,8.375,0.6323534832602405,1.7125438162566575,0.6470374413526573,0.20833333333333334,0.4537313432835821,0.6405193367013231,0.1317132593164774,-4.032683050969048,2.0,68.25840581141601,2.617199290496525,7.308401500958133,"Dongtai, Jiangsu",fallback_analytic
746,1.0069444444444444,22.5,4.142857142857143,0.44164079079918217,2.9229486797457924,0.6197219767337565,0.24305555555555555,0.7517241379310344,0.8467484656371036,0.11606566670344977,18.7253051806275,5.0,73.33932772630834,2.2536163916707483,7.208783922999748,"Dongtai, Jiangsu",fallback_analytic
747,2.3177083333333335,43.125,13.35,0.9260619618578072,3.8247843742329897,0.5723272576674792,0.1736111111111111,0.35655430711610486,0.5852813783697313,0.14489193338482967,7.997319232769222,2.0,69.97553643116842,2.1184174383242462,6.726520163621408,"Dongtai, Jiangsu",fallback_analytic
748,1.8923611111111112,41.625,10.9,1.5881886370802911,1.6516273006119389,0.6327684736034218,0.1736111111111111,0.43669724770642204,0.5970733944954129,0.1314,44.33362090115389,2.0,68.59786245592852,2.416444224159657,6.516513756407109,"Dongtai, Jiangsu",fallback_analytic
749,1.2673611111111112,40.875,5.84,0.8336141367701977,1.3174769241381727,0.6844077464525541,0.2170138888888889,0.6178082191780822,0.7321073790095424,0.12002236447190914,36.04111439424443,5.0,70.75229873987311,2.489430097290786,7.1137927016761155,"Dongtai, Jiangsu",fallback_analytic
750,1.6927083333333333,54.75,8.125,0.9459374815141923,2.489520306747513,0.673415021802865,0.20833333333333334,0.4676923076923077,0.6615568205920457,0.12037163891034569,-27.571007356886607,8.0,70.42380552888605,2.6773400896671884,7.2516040749897135,"Dongtai, Jiangsu",fallback_analytic
751,2.0572916666666665,43.125,10.304347826086957,0.7927143049604868,1.6083044637510262,0.6851745270293171,0.1996527777777778,0.3890295358649789,0.58933632633575,0.13161383580849814,8.05315082027321,5.0,67.14447905505082,2.599010112945413,7.378879389042176,"Dongtai, Jiangsu",fallback_analytic
752,1.9444444444444444,34.5,10.181818181818182,0.764239599189376,3.5855244220735414,0.5426066613717055,0.1909722222222222,0.4160714285714286,0.6216865625344842,0.12922360608401348,9.636400681912185,3.0,70.66133092797791,2.2980235548561616,6.874478047491377,"Dongtai, Jiangsu",fallback_analytic
753,1.8836805555555556,51.375,9.041666666666666,1.230661428949194,2.625134534061127,0.5166014948129205,0.20833333333333334,0.4202764976958525,0.5897695852534562,0.11333333333333333,-37.22532623744321,0.0,72.54916200968265,2.1019002311859043,6.292612317470586,"Dongtai, Jiangsu",fallback_analytic
754,1.6666666666666667,38.625,7.68,0.6758856189593012,1.1237682529624877,0.5934652340120173,0.2170138888888889,0.46979166666666666,0.6905477084942595,0.13128150229775018,5.381373107375957,0.0,67.95993528333483,2.543660105558757,7.200983418101222,"Dongtai, Jiangsu",fallback_analytic
755,1.6753472222222223,50.625,7.72,0.6103921284954604,2.7983581376691387,0.5991013782423049,0.2170138888888889,0.46735751295336786,0.6940056788525321,0.14110709341572744,-5.162556256312044,2.0,70.55619686116813,2.5220312235744426,7.144596270100034,"Dongtai, Jiangsu",fallback_analytic
756,1.71875,35.25,8.608695652173912,0.797717134202979,3.934556056607509,0.5919243501453582,0.1996527777777778,0.46565656565656566,0.6457407105131343,0.13371645415852285,17.910182558616697,7.0,71.65499087145508,2.5282963878787283,7.0723121877739255,"Dongtai, Jiangsu",fallback_analytic
757,1.7534722222222223,35.25,9.619047619047619,0.6569078816149405,2.0643346294576257,0.6481294662237641,0.18229166666666666,0.46633663366336636,0.6447503961160838,0.13894469846174254,-4.9336181540474655,2.0,66.59479778618149,2.629180756322866,7.279112053553278,"Dongtai, Jiangsu",fallback_analytic
758,1.4756944444444444,41.25,6.538461538461538,1.0651495827363522,1.9623558581142855,0.6789692268104189,0.22569444444444445,0.5247058823529411,0.666819733357567,0.11640611968452803,39.42604817928637,8.0,71.45725946938511,2.6632375923032803,7.159893970113673,"Dongtai, Jiangsu",fallback_analytic
759,2.1527777777777777,45.0,10.782608695652174,1.3686102986575726,3.132084176478336,0.6011874987723413,0.1996527777777778,0.3717741935483871,0.5821573871216917,0.12785039616511865,-33.507014985464366,5.0,72.04117673848494,2.239274221225569,6.610410772282011,"Dongtai, Jiangsu",fallback_analytic
760,1.5451388888888888,45.0,7.12,1.1015655326282177,1.6072146140478984,0.5571001830218443,0.2170138888888889,0.5067415730337078,0.6805682285309597,0.12701913782584104,-39.498311220136586,0.0,71.74768282489686,2.30757325139892,6.565580817567798,"Dongtai, Jiangsu",fallback_analytic
761,1.5972222222222223,53.25,7.076923076923077,0.6062925877074524,1.727210617509972,0.7067293162357474,0.22569444444444445,0.48478260869565215,0.6628260869565218,0.10538461538461538,-5.772691337636921,8.0,68.80269256511954,2.85,7.754462289242296,"Dongtai, Jiangsu",fallback_analytic
762,2.5260416666666665,36.375,13.857142857142858,1.1248110531237239,3.188315116406245,0.514454119885468,0.18229166666666666,0.3237113402061856,0.5326720962730204,0.12356758732610935,-13.833424072920415,0.0,69.68344726359773,1.9581587411681265,6.456703378822756,"Dongtai, Jiangsu",fallback_analytic
763,1.4236111111111112,31.875,6.56,0.570364634644644,5.148575544286581,0.5066937817316399,0.2170138888888889,0.55,0.6927640610415502,0.12059677335393186,15.095750937192328,4.0,75.05721858163251,2.217358417344311,6.739467764697538,"Dongtai, Jiangsu",fallback_analytic
764,1.7013888888888888,54.0,7.538461538461538,1.1249717451799255,1.634037067324314,0.6897090919442748,0.22569444444444445,0.45510204081632655,0.6724016566018354,0.13825371804774936,33.154207760775236,8.0,70.737709556752,2.7588101565993393,7.243198925359136,"Dongtai, Jiangsu",fallback_analytic
765,2.048611111111111,44.625,10.727272727272727,1.0388177485688883,1.9866284107122874,0.5955793758509752,0.1909722222222222,0.3949152542372881,0.598472796675631,0.12404178790219529,-21.562166431706167,1.0,68.88649905737603,2.286635145543134,6.783374085274097,"Dongtai, Jiangsu",fallback_analytic
766,1.6927083333333333,45.375,7.5,1.2913905799111751,2.5310804083274654,0.6121706049148987,0.22569444444444445,0.4574358974358974,0.690715046336064,0.1408829573573866,-37.754822174813036,5.0,72.63686018936698,2.4352165965871087,6.703245023946077,"Dongtai, Jiangsu",fallback_analytic
767,1.875,51.0,9.0,1.2569181015181146,2.825197291194064,0.577548717624846,0.20833333333333334,0.4222222222222222,0.6114166666666667,0.11391666666666667,37.47515781912105,2.0,72.40465775962693,2.2849701585729316,6.479371453333432,"Dongtai, Jiangsu",fallback_analytic
768,2.2569444444444446,45.375,11.304347826086957,0.9273945097269072,3.6152249629636053,0.5995104988701572,0.1996527777777778,0.3546153846153846,0.602606323183877,0.1306016812041997,-9.317873406406008,7.0,70.71235575193157,2.3235668782474184,7.048138722680365,"Dongtai, Jiangsu",fallback_analytic
769,1.4496527777777777,46.5,6.185185185185185,0.8574757047085171,2.8969803790888706,0.6095092566481044,0.234375,0.5281437125748503,0.7818227666428318,0.14009617293486976,-24.606008884186945,7.0,73.0876731958697,2.5079009168415825,7.133074620484603,"Dongtai, Jiangsu",fallback_analytic
770,2.0746527777777777,48.75,10.391304347826088,1.3748200419000198,1.746673837813923,0.69135552258922,0.1996527777777778,0.3857740585774059,0.6067577239269402,0.12125736234123027,-37.3161366357548,8.0,69.71637777844322,2.5484484908714786,7.025585528348987,"Dongtai, Jiangsu",fallback_analytic
771,1.4930555555555556,16.875,7.818181818181818,0.9376632150786588,1.6019221115088178,0.6150138091587232,0.1909722222222222,0.541860465116279,0.6560795193918209,0.12729814144535131,33.957908005683706,1.0,68.57640788213016,2.408202807154403,6.791090018857308,"Dongtai, Jiangsu",fallback_analytic
772,1.5538194444444444,47.625,6.884615384615385,1.444984346611173,1.634733278117599,0.6418807394552934,0.22569444444444445,0.4983240223463687,0.672504953502603,0.12621070944792406,-43.648270412903315,5.0,71.78202044880025,2.483257000040345,6.82692228558508,"Dongtai, Jiangsu",fallback_analytic
773,2.404513888888889,41.25,13.19047619047619,1.1113167916169218,2.5074139395042594,0.6122299374218195,0.18229166666666666,0.340072202166065,0.5592744837768215,0.1298361481808442,-16.198420670041244,4.0,68.22483146551046,2.2161964306888584,6.823031422059671,"Dongtai, Jiangsu",fallback_analytic
774,1.5451388888888888,33.0,7.12,1.0376984770973723,1.3289132356681126,0.5707869203782695,0.2170138888888889,0.5067415730337078,0.6627279776148816,0.12461913782584103,37.602909722077456,0.0,70.68182422795316,2.2960369601684043,6.656690405471556,"Dongtai, Jiangsu",fallback_analytic
775,1.9010416666666667,44.625,9.954545454545455,0.7363042972662417,1.7061406321925399,0.5838994250438709,0.1909722222222222,0.42557077625570777,0.6029680365296803,0.11581818181818182,9.470052400884718,0.0,67.24002761699215,2.4295383100738563,6.9768066217325995,"Dongtai, Jiangsu",fallback_analytic
776,1.8402777777777777,38.625,9.217391304347826,1.0081334077010409,1.7209700647609765,0.6720511388792969,0.1996527777777778,0.4349056603773585,0.6006290314659735,0.12350257007816212,28.097472769049787,7.0,68.77498017500949,2.61573827871926,7.193733155761752,"Dongtai, Jiangsu",fallback_analytic
777,2.048611111111111,36.75,11.238095238095237,0.7290576208649981,2.0697723925656186,0.680025966129442,0.18229166666666666,0.39915254237288134,0.600250135619405,0.13307424341893948,1.4569556761437283,5.0,66.28011794610006,2.633629519877819,7.435845362199077,"Dongtai, Jiangsu",fallback_analytic
778,1.5798611111111112,39.75,7.28,0.6293710714071427,2.845424402472635,0.5964595699336979,0.2170138888888889,0.4956043956043956,0.6949689745570372,0.14091827565168202,-5.90115675487786,6.0,70.7487165438648,2.6425313520525764,7.358212871752518,"Dongtai, Jiangsu",fallback_analytic
779,1.7447916666666667,36.0,8.375,0.6455428148422877,2.6023271413517164,0.610918535085573,0.20833333333333334,0.4537313432835821,0.6564959835212943,0.13064493523525106,6.423588548112775,2.0,69.2489723889196,2.5215963904855054,7.102276021408443,"Dongtai, Jiangsu",fallback_analytic
780,1.1284722222222223,34.125,4.642857142857143,0.6014466275410641,0.6923973055925003,0.702551798230213,0.24305555555555555,0.6707692307692308,0.8137406873617049,0.12028705562299123,21.6652354219554,5.0,69.9099939799375,2.5237135096133376,7.489618169970888,"Dongtai, Jiangsu",fallback_analytic
781,1.5277777777777777,47.25,7.04,1.028481219772788,1.4885069141580538,0.6347718635316553,0.2170138888888889,0.5125,0.6831923523868384,0.12279354670786373,-37.30412216355195,6.0,70.26981231522113,2.620328235858608,7.039315569024004,"Dongtai, Jiangsu",fallback_analytic
782,2.0746527777777777,39.375,10.863636363636363,0.9133701940635368,2.6889037864136,0.6425062630031367,0.1909722222222222,0.3899581589958159,0.6054172581337227,0.14229080815883283,11.64582135068742,5.0,69.15621562257246,2.4314839921346185,7.103429625621162,"Dongtai, Jiangsu",fallback_analytic
783,1.7361111111111112,48.375,8.0,1.216803704763161,1.7833763643507314,0.6504441861243332,0.2170138888888889,0.451,0.6638403200617956,0.13654709341572746,35.933675208716124,7.0,70.76545711442165,2.601799965649676,7.029988605438437,"Dongtai, Jiangsu",fallback_analytic
784,1.7795138888888888,39.375,8.91304347826087,0.6791171746510306,2.3898087557489984,0.6584582405617765,0.1996527777777778,0.4497560975609756,0.640853339932855,0.13110775850634895,5.456390511656792,7.0,68.16120159933843,2.7251105517510363,7.553215822775918,"Dongtai, Jiangsu",fallback_analytic
785,0.8854166666666666,16.125,3.4,0.3450747456152274,1.5024024012243378,0.634642580793084,0.2604166666666667,0.8352941176470589,0.9678549871653915,0.1258198889747161,-8.762926281114758,4.0,71.54063391411685,2.268066211765472,7.54341792945071,"Dongtai, Jiangsu",fallback_analytic
786,2.0659722222222223,47.25,11.333333333333334,1.2945987443879106,1.660675840608917,0.6737681832667936,0.18229166666666666,0.3957983193277311,0.5710084033613445,0.11714285714285715,38.05914864113261,7.0,68.62391631680403,2.4986110701624225,6.962274935534374,"Dongtai, Jiangsu",fallback_analytic
787,1.6840277777777777,48.375,8.083333333333334,0.7258760916472641,1.5320073286373024,0.6505179965219505,0.20833333333333334,0.47010309278350515,0.63,0.10833333333333334,14.295855564451067,2.0,68.0793115566336,2.545511747083281,7.193061911469907,"Dongtai, Jiangsu",fallback_analytic
788,1.9791666666666667,44.625,9.91304347826087,0.6966709181918058,5.000027297846095,0.4483473491362617,0.1996527777777778,0.4043859649122807,0.5964827368963119,0.1276051884281868,7.35777503737566,0.0,73.65603373376418,2.016735963199287,6.401998792745976,"Dongtai, Jiangsu",fallback_analytic
789,1.5364583333333333,40.125,7.375,0.8409855538615789,2.9705716194867438,0.5883710463994003,0.20833333333333334,0.5152542372881356,0.6763063578794493,0.1289782685685844,25.723103359774697,4.0,71.3630513689471,2.4147126947819664,6.887344122297289,"Dongtai, Jiangsu",fallback_analytic
790,2.0659722222222223,40.125,10.818181818181818,1.0456863746372391,3.211215018937791,0.581321166479221,0.1909722222222222,0.3915966386554622,0.5816766050679814,0.1293890505362604,-23.720245958865092,6.0,70.89363590359774,2.4177629182273574,6.831437978494722,"Dongtai, Jiangsu",fallback_analytic
791,1.2152777777777777,58.875,5.185185185185185,0.45884839497517504,3.4166201496526045,0.6046687582148887,0.234375,0.63,0.8022359429012826,0.12693030457760954,-8.634135804824638,7.0,73.66920345595506,2.4686043470828825,7.37736268495855,"Dongtai, Jiangsu",fallback_analytic
792,1.3107638888888888,22.125,5.8076923076923075,0.792770291943989,3.1262358436853273,0.5733091990192718,0.22569444444444445,0.590728476821192,0.7515211436276832,0.12828763252484715,29.626783118715295,6.0,72.76571321871016,2.3336990058973117,6.966828260638269,"Dongtai, Jiangsu",fallback_analytic
793,2.092013888888889,51.75,10.041666666666666,0.8261323737606784,3.386097199595578,0.5723441503990829,0.20833333333333334,0.3784232365145228,0.6110199392535743,0.13783489822682307,6.229330603609938,2.0,71.44208915811221,2.301983811642589,6.9059813606889655,"Dongtai, Jiangsu",fallback_analytic
794,2.404513888888889,43.875,13.19047619047619,1.1461065220145206,3.9538358440542756,0.5529814720239149,0.18229166666666666,0.340072202166065,0.5557256317689531,0.12352380952380952,21.264046980522735,6.0,71.22636016920121,2.109127220898151,6.667293287609094,"Dongtai, Jiangsu",fallback_analytic
795,1.09375,21.75,4.344827586206897,0.46946280784629146,2.4042262017501947,0.5989760507272517,0.2517361111111111,0.6841269841269841,0.815177285849157,0.11384408433262157,-16.51517342130022,6.0,72.27967480871509,2.3223221717266243,7.3053056842776485,"Dongtai, Jiangsu",fallback_analytic
796,2.4131944444444446,41.25,13.238095238095237,1.4279455965611192,2.4955729565542466,0.6000384245420521,0.18229166666666666,0.33884892086330937,0.568478762656614,0.12547234923087125,30.769979025845515,4.0,70.08648977188783,2.135788780932101,6.6189408310869675,"Dongtai, Jiangsu",fallback_analytic
797,1.6493055555555556,20.625,8.26086956521739,1.013352515835978,2.2005837877753405,0.6176578256333249,0.1996527777777778,0.48526315789473684,0.6484213895387323,0.1253443188629694,32.157023141360725,2.0,69.47513986445806,2.3788746328680865,6.7872429796335645,"Dongtai, Jiangsu",fallback_analytic
798,1.1371527777777777,20.625,4.851851851851852,0.9041001426726084,1.9359015575656966,0.6460874319904677,0.234375,0.6732824427480916,0.7973411655555738,0.130236954796086,39.097687590410615,5.0,72.29719011265158,2.331910391824687,6.97334525011621,"Dongtai, Jiangsu",fallback_analytic
799,1.640625,60.75,7.269230769230769,1.1636710842761628,1.4410229520545133,0.6958816829912173,0.22569444444444445,0.47195767195767196,0.7066336333340701,0.12732299151901239,-38.65264501697761,8.0,70.85457892936235,2.735166923050205,7.211428933607184,"Dongtai, Jiangsu",fallback_analytic
800,2.3958333333333335,37.5,14.526315789473685,1.263252714513912,2.9370967168053848,0.5297290783027836,0.16493055555555555,0.34855072463768116,0.5466524058418809,0.1352062807288577,24.56592556032963,0.0,68.85968692220592,2.0384667411115096,6.331360274443771,"Dongtai, Jiangsu",fallback_analytic
801,1.5017361111111112,51.0,6.653846153846154,0.9346918593910585,1.94427765053983,0.5799106640472089,0.22569444444444445,0.5156069364161849,0.7326500039845378,0.1490444531168928,27.606785867068453,3.0,71.86183697845505,2.371992953368303,6.877917691680823,"Dongtai, Jiangsu",fallback_analytic
802,1.3888888888888888,45.375,6.4,0.6492575522780308,2.450340270676876,0.6114674759706926,0.2170138888888889,0.56375,0.7333399167310372,0.1314847289438183,16.177574668141915,2.0,70.93977141922342,2.3577510717108825,7.094388081091106,"Dongtai, Jiangsu",fallback_analytic
803,2.03125,46.125,9.75,0.7974837619373101,3.0466305302507175,0.5520687616458122,0.20833333333333334,0.38974358974358975,0.6139245214401444,0.1289782685685844,-6.587304832974482,3.0,71.05652940173924,2.248933265175974,6.979578308202615,"Dongtai, Jiangsu",fallback_analytic
804,1.8923611111111112,46.5,9.909090909090908,1.1012928106930397,1.7197970732890884,0.5687536268629371,0.1909722222222222,0.42752293577981654,0.6376571438112022,0.13406720207481934,-27.71889626243602,0.0,69.1025631473152,2.3010926572727812,6.677836138701389,"Dongtai, Jiangsu",fallback_analytic
805,1.7100694444444444,60.375,7.576923076923077,1.0057734623930528,3.260047740194711,0.6294365963409339,0.22569444444444445,0.4527918781725888,0.6827768901450079,0.13238605990168284,-27.16710851231892,8.0,73.14609761686913,2.5455393353265747,7.0683028589823484,"Dongtai, Jiangsu",fallback_analytic
806,2.2309027777777777,38.625,12.85,1.6942797114851265,1.7019317883676368,0.6265126511170005,0.1736111111111111,0.37042801556420235,0.5829652296200745,0.13214596669241482,-44.87253177503643,4.0,68.80405197482578,2.196599175022676,6.515413305142082,"Dongtai, Jiangsu",fallback_analytic
807,1.6145833333333333,60.0,8.08695652173913,1.323401739327033,1.5288436072659635,0.5621254639140578,0.1996527777777778,0.4956989247311828,0.6593298638214321,0.12845909181729256,-42.77628399729042,0.0,70.98035152353624,2.3097898070741456,6.452237724320478,"Dongtai, Jiangsu",fallback_analytic
808,1.6232638888888888,34.875,7.1923076923076925,0.9677561799069603,1.233669439661746,0.6420124196616962,0.22569444444444445,0.4770053475935829,0.7053368023786193,0.1230291539055727,28.030371222821415,6.0,69.30705811724671,2.658257503064666,7.220913881044499,"Dongtai, Jiangsu",fallback_analytic
809,2.595486111111111,35.25,14.95,1.2574812084621014,3.742146438700992,0.6323760052245873,0.1736111111111111,0.3183946488294314,0.5534793913611832,0.13344596669241482,-18.20315533267328,8.0,69.58791269967529,2.23232136842937,6.891518834679143,"Dongtai, Jiangsu",fallback_analytic
810,1.9010416666666667,52.875,9.521739130434783,1.2638773712551132,1.6193377591846805,0.6658866725601859,0.1996527777777778,0.42100456621004567,0.6082374429223745,0.11278260869565217,39.026085543255476,5.0,69.71014015107,2.548608961328861,6.8533095496413905,"Dongtai, Jiangsu",fallback_analytic
811,1.7708333333333333,35.25,9.714285714285714,0.8486962206109173,2.9924803193955185,0.6733321050664093,0.18229166666666666,0.46176470588235297,0.5894117647058823,0.12,-21.559138915794787,8.0,68.45925008765295,2.764902241376545,7.273152721806975,"Dongtai, Jiangsu",fallback_analytic
812,1.2586805555555556,54.375,5.37037037037037,0.8271803863301317,2.11236300119955,0.6071057644988127,0.234375,0.6082758620689656,0.81517296113618,0.1270517696109008,-31.929786471328104,2.0,73.06963864472655,2.305727813191387,6.8166145838791445,"Dongtai, Jiangsu",fallback_analytic
813,2.03125,39.375,11.142857142857142,0.8525198633442661,3.2301243420226564,0.5586733984519898,0.18229166666666666,0.4025641025641026,0.615386541407372,0.14878084664258676,-10.050790208765655,3.0,69.8793194368451,2.316351507560213,6.884998112550675,"Dongtai, Jiangsu",fallback_analytic
814,1.2934027777777777,37.875,5.96,0.8397596415925618,2.3158806512929697,0.6092257771734677,0.2170138888888889,0.6053691275167785,0.7088590604026845,0.1112,35.80112899761275,6.0,71.79670054654028,2.457767475641676,6.972302109842482,"Dongtai, Jiangsu",fallback_analytic
815,1.6666666666666667,49.5,8.0,0.9232796022738943,1.7083263204953436,0.6355690964225638,0.20833333333333334,0.475,0.674472444487358,0.13004659264981072,25.633000266330185,2.0,69.63760333630776,2.5201569910550545,6.9572092189384005,"Dongtai, Jiangsu",fallback_analytic
816,2.3003472222222223,44.25,12.619047619047619,0.8680516867776671,2.9736369028397465,0.6383116230819701,0.18229166666666666,0.35547169811320756,0.5729844755708042,0.13951612703317112,-3.815348910027545,7.0,68.57951664816393,2.412498748446386,7.268019416379989,"Dongtai, Jiangsu",fallback_analytic
817,1.6493055555555556,16.875,9.5,0.718536676124639,3.1516679839621977,0.6075529247076376,0.1736111111111111,0.5010526315789474,0.6631150211583345,0.14859193338482968,-13.194418518403268,2.0,68.23034046070967,2.4837200391430723,6.986686370126178,"Dongtai, Jiangsu",fallback_analytic
818,1.1284722222222223,23.25,5.0,0.5643933654383486,1.2779384608099327,0.6563761713945132,0.22569444444444445,0.6861538461538461,0.7906645128997379,0.12136455560177022,-21.783961233989135,4.0,70.09386424106349,2.408714572644451,7.3228962968552205,"Dongtai, Jiangsu",fallback_analytic
819,2.1875,43.125,10.956521739130435,1.5777200527647137,1.637589909047564,0.5476028793052865,0.1996527777777778,0.36587301587301585,0.5854577566301046,0.12263300486077082,-43.839291747742884,0.0,71.37726652373964,2.056095777040554,6.24612423689878,"Dongtai, Jiangsu",fallback_analytic
820,1.5625,57.0,7.826086956521739,0.6912350349133078,2.8646280927541556,0.5689807526710792,0.1996527777777778,0.5122222222222222,0.669823474137014,0.13484688894113156,-14.271330599046664,3.0,70.96881803023778,2.4116380123209225,6.994548179181475,"Dongtai, Jiangsu",fallback_analytic
821,1.7100694444444444,54.375,8.208333333333334,0.8920318686093573,1.5978838046685575,0.6412367064022166,0.20833333333333334,0.46294416243654823,0.6571168291999339,0.13616823156015642,21.24228195400667,2.0,69.01303368668849,2.525740138536131,7.0433663429548945,"Dongtai, Jiangsu",fallback_analytic
822,1.9010416666666667,38.625,9.954545454545455,1.3315686555738937,1.3550372982213004,0.6791329840704144,0.1909722222222222,0.42557077625570777,0.6039383531931379,0.14127443442926158,43.870267401301035,7.0,68.85415016252911,2.5928345009242526,6.9819755251383935,"Dongtai, Jiangsu",fallback_analytic
823,1.7361111111111112,60.0,8.333333333333334,1.263231162204106,1.7462451509663937,0.6204542808065132,0.20833333333333334,0.456,0.6873201535238698,0.13709990747893008,-37.030254408333995,4.0,70.6158996936,2.4198350567704865,6.826518786973359,"Dongtai, Jiangsu",fallback_analytic
824,1.9618055555555556,42.75,9.826086956521738,0.8513247243071378,2.710494837459674,0.6037424953071053,0.1996527777777778,0.4079646017699115,0.5834470442751308,0.11890953625427376,-15.590310952179731,4.0,69.74935570507637,2.3765891167605973,7.008844133798607,"Dongtai, Jiangsu",fallback_analytic
825,1.6840277777777777,18.75,8.083333333333334,0.5724582353206078,3.8124140095742245,0.53043844353754,0.20833333333333334,0.47010309278350515,0.6210927835051546,0.11391666666666667,4.8798910007292235,1.0,71.25805160110153,2.3039932329771498,6.900231277244536,"Dongtai, Jiangsu",fallback_analytic
826,1.7274305555555556,54.75,7.653846153846154,0.7491264468711665,2.91201589833701,0.5486237506361173,0.22569444444444445,0.4482412060301508,0.6637996383151671,0.12236455560177022,13.283194798154838,1.0,72.12608524710696,2.316247061356355,6.824704333537045,"Dongtai, Jiangsu",fallback_analytic
827,1.5798611111111112,44.25,7.583333333333333,0.556742688321114,2.4277335476964734,0.6214542838926297,0.20833333333333334,0.5010989010989011,0.6598865641251999,0.1211066296582387,1.0688735012515735,4.0,69.26996908307733,2.6377483506562,7.40180597599227,"Dongtai, Jiangsu",fallback_analytic
828,2.013888888888889,50.25,10.545454545454545,1.0541730477827822,2.5243578444847703,0.6084559865315201,0.1909722222222222,0.4017241379310345,0.637831681200958,0.14085263643385865,-20.69746687626094,6.0,69.37956148887383,2.490235632548394,7.017787875544154,"Dongtai, Jiangsu",fallback_analytic
829,1.6493055555555556,39.75,7.916666666666667,1.2024043135309137,1.2671082985195838,0.6070528288513134,0.20833333333333334,0.48,0.6342213895387323,0.11787163891034569,-43.64316717123303,3.0,70.40569965366912,2.495604751060448,6.743835073866343,"Dongtai, Jiangsu",fallback_analytic
830,2.204861111111111,41.625,12.095238095238095,1.6988408712638003,1.798017156328123,0.5471048455629898,0.18229166666666666,0.37086614173228344,0.5712755905511812,0.12133333333333333,-43.771017499538374,0.0,70.14881755863951,2.042014701307542,6.233777744152274,"Dongtai, Jiangsu",fallback_analytic
831,1.4496527777777777,22.875,6.68,0.7124472527311507,2.9657130418968647,0.6233249771037682,0.2170138888888889,0.5401197604790419,0.702368159853321,0.13265591117977288,-20.208582501498437,7.0,70.93135309216996,2.541929223719716,7.2370327221499355,"Dongtai, Jiangsu",fallback_analytic
832,1.5798611111111112,40.875,7.28,0.8111075392240935,3.054705881875332,0.6158188520449118,0.2170138888888889,0.4956043956043956,0.6384597655790833,0.12106236447190916,-27.22596089057251,5.0,71.78191311857427,2.44377035770765,6.929491465029147,"Dongtai, Jiangsu",fallback_analytic
833,2.0746527777777777,51.0,9.958333333333334,1.1344938348257338,2.896272908319399,0.5796026636075279,0.20833333333333334,0.3815899581589958,0.6076015621503426,0.12756160190191773,-25.36971899382156,2.0,72.1732143125293,2.2391843749745526,6.623752612632456,"Dongtai, Jiangsu",fallback_analytic
834,1.7447916666666667,46.875,9.136363636363637,0.8929165814951275,1.8291653408981694,0.7127139453264904,0.1909722222222222,0.46368159203980097,0.6209603582396993,0.1263890505362604,21.880441711737475,8.0,67.5756571987156,2.835433597074712,7.449297490258757,"Dongtai, Jiangsu",fallback_analytic
835,2.595486111111111,41.25,14.95,1.076995769855728,4.355084747886982,0.5800778904014026,0.1736111111111111,0.3183946488294314,0.5474581939799331,0.1281,14.766953878105546,7.0,70.75308074851415,2.1680098436185093,6.768680236697494,"Dongtai, Jiangsu",fallback_analytic
836,1.3541666666666667,22.875,6.24,1.0283412680059554,2.455423121442962,0.5961008133109322,0.2170138888888889,0.5782051282051283,0.7145357693298007,0.12725913782584103,-38.15973469804253,2.0,72.08409991940681,2.247675510757251,6.633364761967922,"Dongtai, Jiangsu",fallback_analytic
837,1.2586805555555556,44.25,5.8,0.6944906964298078,2.6655957921163584,0.5660479293470423,0.2170138888888889,0.6220689655172413,0.7340951035015479,0.11819677335393186,-28.112934048664858,3.0,72.84401494837583,2.260333932055989,6.841841561177216,"Dongtai, Jiangsu",fallback_analytic
838,2.0746527777777777,48.375,11.380952380952381,0.9647911260252795,2.9778196976688625,0.564274733718901,0.18229166666666666,0.3941422594142259,0.5877489539748953,0.12323809523809524,18.00639684022051,3.0,69.97755201855527,2.2612171843277333,6.772500987314684,"Dongtai, Jiangsu",fallback_analytic
839,1.484375,57.375,6.333333333333333,0.897799418221497,2.306220672561142,0.6665266963686944,0.234375,0.5157894736842106,0.68908205851567,0.1210043786516836,32.27452079938605,8.0,72.32528947433373,2.6202301351329256,7.23687862935923,"Dongtai, Jiangsu",fallback_analytic
840,1.5104166666666667,42.0,7.25,0.6180056460131709,1.658743676818953,0.6147633604200483,0.20833333333333334,0.5241379310344828,0.7124825671977864,0.13543324081226343,-8.560146616290439,1.0,68.82849755021097,2.4996885254630263,7.156879092111968,"Dongtai, Jiangsu",fallback_analytic
841,2.2569444444444446,35.25,13.0,0.8511988331879329,2.310775505435229,0.6358821375661845,0.1736111111111111,0.36615384615384616,0.5522050231185163,0.1307459666924148,5.765602840277673,6.0,66.27327323703284,2.447610310596447,7.2811434107714135,"Dongtai, Jiangsu",fallback_analytic
842,1.3541666666666667,50.625,5.777777777777778,0.5917260042541075,2.3376478706477957,0.6775125450039239,0.234375,0.5653846153846154,0.69,0.1037037037037037,-20.23867381394577,8.0,70.97994748049253,2.6382810810718347,7.467396759022846,"Dongtai, Jiangsu",fallback_analytic
843,1.796875,54.75,8.28,1.002963133075632,2.919557019827663,0.6135505827727571,0.2170138888888889,0.4357487922705314,0.6326554460647014,0.12106236447190916,29.17289701561485,5.0,72.01803097266256,2.4938420093798954,6.888033553785258,"Dongtai, Jiangsu",fallback_analytic
844,1.8836805555555556,60.0,8.346153846153847,0.6166603813920921,4.534159563982901,0.45403664662944465,0.22569444444444445,0.4110599078341014,0.6358142520174201,0.12697994021715484,-3.3350573633559506,0.0,74.52619803183478,2.107593451817285,6.583011415438124,"Dongtai, Jiangsu",fallback_analytic
845,2.4479166666666665,48.375,12.818181818181818,1.1213990371258742,3.8241413440476704,0.48377560697528044,0.1909722222222222,0.3304964539007092,0.5594125461595524,0.12922360608401348,19.356045041458103,0.0,72.32018910317306,1.9316623562407476,6.251411703823171,"Dongtai, Jiangsu",fallback_analytic
846,1.7621527777777777,33.75,9.666666666666666,0.6772638956835266,1.6879585351781285,0.6623702694322006,0.18229166666666666,0.4640394088669951,0.6058522167487684,0.11971428571428572,6.530942729152386,2.0,66.0,2.622451401232715,7.308694241995929,"Dongtai, Jiangsu",fallback_analytic
847,1.2413194444444444,39.0,5.72,0.533123245897228,2.224486456015006,0.6601470008123995,0.2170138888888889,0.6307692307692307,0.7575797390213685,0.12701913782584104,-13.98039516387708,5.0,70.56605660194354,2.530269207301291,7.393241391714405,"Dongtai, Jiangsu",fallback_analytic
848,2.013888888888889,31.5,11.047619047619047,1.1110674612375646,3.2535668268193323,0.5473937951443908,0.18229166666666666,0.4060344827586207,0.5926551724137931,0.12514285714285714,-27.8823446656685,3.0,70.46718704581403,2.2424958269632387,6.574485729268873,"Dongtai, Jiangsu",fallback_analytic
849,1.5798611111111112,59.25,7.0,0.8561557702462976,2.369353364916304,0.6710490790379403,0.22569444444444445,0.4901098901098901,0.7066339012262272,0.12367224790946252,-23.720968220222705,8.0,71.07393519662756,2.717225113226163,7.337244326861854,"Dongtai, Jiangsu",fallback_analytic
850,2.2569444444444446,43.875,11.818181818181818,0.9184681471913259,2.896001902331215,0.5640184202413205,0.1909722222222222,0.35846153846153844,0.5772307692307692,0.11609090909090909,9.636943335401888,1.0,69.46141629856125,2.222468042720038,6.752853884447556,"Dongtai, Jiangsu",fallback_analytic
851,2.048611111111111,37.5,10.727272727272727,0.7174693088998987,3.513616676287187,0.5823537828147388,0.1909722222222222,0.3949152542372881,0.5969322033898306,0.12427272727272727,3.1910553956377754,2.0,69.55863052805451,2.369120419243881,6.961218506792587,"Dongtai, Jiangsu",fallback_analytic
852,2.2569444444444446,34.875,13.0,1.4283337751125231,1.8729274797493591,0.6653106609166357,0.1736111111111111,0.36615384615384616,0.5763684231066325,0.13114596669241482,34.9812240006635,5.0,68.06357184126793,2.308587972385581,6.760670271683847,"Dongtai, Jiangsu",fallback_analytic
853,1.7795138888888888,48.375,8.541666666666666,1.297123919971296,1.471069932612405,0.5951055792299853,0.20833333333333334,0.4448780487804878,0.6645545984769764,0.12706160190191773,40.46169545433035,3.0,70.86241883056852,2.332461425938438,6.675929147436494,"Dongtai, Jiangsu",fallback_analytic
854,1.9791666666666667,44.625,9.91304347826087,0.9276920399813401,2.1315964223096806,0.5888437392861369,0.1996527777777778,0.4043859649122807,0.623659590688447,0.1354399227650199,18.332414542533783,1.0,69.36333387445838,2.320540199298257,6.839786356759886,"Dongtai, Jiangsu",fallback_analytic
855,1.5104166666666667,63.0,7.25,0.6351101815304747,2.975688825229784,0.6664013730629229,0.20833333333333334,0.5241379310344828,0.6792936552789579,0.12790994448735807,10.861346424920995,8.0,70.75123134727549,2.7830323072224474,7.517872114359973,"Dongtai, Jiangsu",fallback_analytic
856,1.7708333333333333,10.875,8.16,0.6985194128951345,4.750878542936648,0.5174754706556177,0.2170138888888889,0.442156862745098,0.6606530590355731,0.1321903200617956,10.404845060569166,6.0,73.38305183612876,2.3292391281943434,6.918667655535872,"Dongtai, Jiangsu",fallback_analytic
857,1.1892361111111112,58.875,4.892857142857143,0.5218411464024753,3.225502569024311,0.6044118069384841,0.24305555555555555,0.6364963503649635,0.8241682288946464,0.12487134926765436,13.29998978086337,7.0,74.06855274099823,2.442726489700638,7.3257803180965695,"Dongtai, Jiangsu",fallback_analytic
858,1.4409722222222223,60.375,6.148148148148148,0.5122614860598431,1.0477457326791575,0.62728721125044,0.234375,0.5313253012048192,0.704499606543586,0.11635105354244539,1.5788326683732663,1.0,68.88267453647572,2.5494588933758227,7.4384659890875975,"Dongtai, Jiangsu",fallback_analytic
859,1.1284722222222223,54.0,4.642857142857143,0.6118767899509381,0.7914177858996387,0.6631737725215325,0.24305555555555555,0.6707692307692308,0.8347028463321027,0.12980702390148155,21.775771136744126,2.0,70.94100696074264,2.419233064983555,7.232090109453543,"Dongtai, Jiangsu",fallback_analytic
860,2.03125,41.25,10.636363636363637,1.0192750792234295,2.302831042229082,0.6187129773641218,0.1909722222222222,0.39829059829059826,0.6155223305327459,0.13770356571118297,21.26381837823436,2.0,68.96274457286418,2.373258852148054,6.831331444428641,"Dongtai, Jiangsu",fallback_analytic
861,1.8489583333333333,43.125,9.26086956521739,0.7816716367744854,3.3956958769136136,0.5091205772302537,0.1996527777777778,0.4328638497652582,0.6591205447605051,0.13294950729115623,11.505550103696535,0.0,71.7237499870757,2.1999322613264782,6.67830644382779,"Dongtai, Jiangsu",fallback_analytic
862,1.2760416666666667,39.75,5.88,0.4235147298688812,2.0193523589495213,0.6027367053361528,0.2170138888888889,0.6136054421768707,0.7066666666666667,0.11016,7.116689666886067,3.0,70.23144818720229,2.4362253176535273,7.327885537489568,"Dongtai, Jiangsu",fallback_analytic
863,1.6145833333333333,35.625,7.44,1.1542163962094234,1.6921394373448344,0.5865971555467187,0.2170138888888889,0.48494623655913977,0.6899176130859547,0.14011827565168206,-38.79179789039239,1.0,70.95118759909067,2.302988576509582,6.597640621697161,"Dongtai, Jiangsu",fallback_analytic
864,1.8055555555555556,26.625,8.666666666666666,0.6824138081386388,2.3834707398859782,0.6181979514123486,0.20833333333333334,0.43846153846153846,0.6944760290912566,0.1363649167310371,3.083378542710399,6.0,68.58223579376518,2.685858249644972,7.435187130561265,"Dongtai, Jiangsu",fallback_analytic
865,1.9965277777777777,34.125,10.952380952380953,1.2974995031085768,2.931730769357536,0.6228099557680221,0.18229166666666666,0.40956521739130436,0.6042521739130435,0.12323809523809524,-34.65464051585197,7.0,70.50765161009569,2.490337226421912,6.8157183682925035,"Dongtai, Jiangsu",fallback_analytic
866,1.5104166666666667,63.75,6.96,0.48544656896256083,1.6599781751710376,0.614634399123545,0.2170138888888889,0.5183908045977011,0.669917685835593,0.12002236447190914,1.6828409276486909,1.0,69.0001618864092,2.5153027718246803,7.310924485957926,"Dongtai, Jiangsu",fallback_analytic
867,1.9878472222222223,48.75,9.956521739130435,1.152462759547511,2.3720978560156682,0.6052328531552505,0.1996527777777778,0.40262008733624455,0.6079405531745237,0.13223819328895764,-29.270947771800518,4.0,70.1969888133851,2.409593888080733,6.778216467038794,"Dongtai, Jiangsu",fallback_analytic
868,1.5711805555555556,44.625,7.541666666666667,0.5839179361834964,1.9549465228174627,0.6392787549732949,0.20833333333333334,0.5038674033149171,0.649544640969331,0.11728830557701235,-4.151529657959848,4.0,68.28305014156622,2.6904878629492055,7.41845242458628,"Dongtai, Jiangsu",fallback_analytic
869,1.7361111111111112,50.625,7.6923076923076925,0.5602009137889674,3.641914971717545,0.5619848090241839,0.22569444444444445,0.446,0.641098386676966,0.11717535045375879,-1.916077055934828,2.0,71.82911231379433,2.4034315440190976,7.037488864738978,"Dongtai, Jiangsu",fallback_analytic
870,1.8489583333333333,54.75,8.875,1.0315309388240874,2.8550440325975606,0.5853703344764674,0.20833333333333334,0.428169014084507,0.5937982723294816,0.12027329632490537,29.153922411429875,6.0,71.6377029569704,2.421921864745979,6.845525961915089,"Dongtai, Jiangsu",fallback_analytic
871,1.9704861111111112,48.0,9.869565217391305,0.9109521380203138,1.3082706653793283,0.657446365641792,0.1996527777777778,0.4061674008810573,0.5963091483907065,0.1270208019846098,-16.22154128080469,4.0,67.83465186835332,2.5589184017570576,7.20261219693122,"Dongtai, Jiangsu",fallback_analytic
872,2.1961805555555554,31.875,11.5,1.2831648492854422,1.850866733078521,0.6612359589276636,0.1909722222222222,0.3683794466403162,0.5538263399697989,0.12158724244764983,-33.957448172500506,5.0,68.81922088902867,2.397405387989858,6.830794495403286,"Dongtai, Jiangsu",fallback_analytic
873,1.6493055555555556,34.5,8.26086956521739,0.7773941802567008,4.6554483820733354,0.5639015752845762,0.1996527777777778,0.48526315789473684,0.6329673158301287,0.1258660579934042,-20.999778497948544,7.0,73.2275864309624,2.4739414357515357,6.9028120231179795,"Dongtai, Jiangsu",fallback_analytic
874,1.7447916666666667,40.875,8.73913043478261,0.6209584364188068,2.8118350038823277,0.6089035401657323,0.1996527777777778,0.45870646766169154,0.660490849162192,0.13519471502808808,0.7477815005355737,2.0,68.88344954116528,2.5133959141467126,7.202078553167269,"Dongtai, Jiangsu",fallback_analytic
875,1.8315972222222223,46.125,8.44,0.6228834242045679,2.373058107032745,0.5806137276393964,0.2170138888888889,0.42748815165876775,0.6276685498216072,0.13758709341572747,2.3559304370013052,1.0,69.61599777566238,2.405543777014045,7.093379685759065,"Dongtai, Jiangsu",fallback_analytic
876,1.9704861111111112,39.0,9.869565217391305,1.1530028489644497,3.201141761729662,0.5020494933500133,0.1996527777777778,0.4061674008810573,0.6211058678686324,0.13683122711284598,28.734754356362885,0.0,72.36510691723296,2.0880928943486508,6.2881787936990445,"Dongtai, Jiangsu",fallback_analytic
877,1.3802083333333333,58.5,6.115384615384615,0.45293718123836035,2.907614498317194,0.5956473772622223,0.22569444444444445,0.5610062893081761,0.6986122935269583,0.11794458122298956,5.017987065970402,4.0,71.89850092077636,2.444755381632043,7.302725694341222,"Dongtai, Jiangsu",fallback_analytic
878,2.4131944444444446,38.25,13.9,1.4143409975096275,2.4555805541785514,0.6775642490435838,0.1736111111111111,0.3424460431654676,0.582906935340713,0.14189193338482967,28.04582991460562,8.0,68.01779321057383,2.3088724490620485,6.98564475150432,"Dongtai, Jiangsu",fallback_analytic
879,1.1111111111111112,28.125,4.7407407407407405,0.589669031002551,2.681625928405669,0.5588357016236711,0.234375,0.6890625,0.8247505000965556,0.1323584198293773,23.58154402223974,1.0,73.6254253436654,2.131974114780786,6.84337885376487,"Dongtai, Jiangsu",fallback_analytic
880,1.5017361111111112,51.375,6.92,0.9646555399146354,2.5303943149636776,0.6306493946937564,0.2170138888888889,0.5213872832369942,0.6693604316230426,0.12026236447190915,34.56878477387829,5.0,71.84961376614746,2.457401072285806,6.903753158347974,"Dongtai, Jiangsu",fallback_analytic
881,2.2309027777777777,46.875,11.681818181818182,1.4830294792499747,2.643535986853778,0.5865346035780721,0.1909722222222222,0.36264591439688715,0.6015714164205586,0.1367944748020921,-34.541952662282185,6.0,71.11895550030906,2.2662052978725686,6.6935278479672276,"Dongtai, Jiangsu",fallback_analytic
882,1.7881944444444444,29.625,9.363636363636363,1.098458948257167,2.261337570705798,0.5472053614637036,0.1909722222222222,0.4524271844660194,0.6157961165048543,0.12036363636363637,33.09206930701285,0.0,69.6410100694213,2.236116577332908,6.518366462634465,"Dongtai, Jiangsu",fallback_analytic
883,1.5711805555555556,47.25,6.961538461538462,0.5142116271943538,2.617492069543438,0.5698012965749327,0.22569444444444445,0.49281767955801103,0.6686606630687785,0.12390301714023176,2.260183381570897,1.0,70.58053938075265,2.426535373013266,7.102879981210026,"Dongtai, Jiangsu",fallback_analytic
884,1.5798611111111112,59.25,7.28,1.2890298986762807,1.3456365708911744,0.5600647301061906,0.2170138888888889,0.4956043956043956,0.6986917729673391,0.12621913782584102,-44.22347681115719,0.0,71.49057802539946,2.2228323176171414,6.473706997901006,"Dongtai, Jiangsu",fallback_analytic
885,1.1805555555555556,57.0,5.037037037037037,0.7313335482992053,3.163521522579384,0.4988932971648564,0.234375,0.6485294117647059,0.8224269412673465,0.11366367903141839,30.59416694465834,0.0,75.16718811027133,1.9817642066099297,6.506662651878462,"Dongtai, Jiangsu",fallback_analytic
886,1.40625,67.5,5.785714285714286,1.1108205390453303,2.4514072840894974,0.6468164426301625,0.24305555555555555,0.5382716049382716,0.741216642089745,0.13807987311396128,-37.2501606102958,8.0,73.6425275851317,2.4932484472630203,7.097752153559086,"Dongtai, Jiangsu",fallback_analytic
887,2.013888888888889,44.25,10.08695652173913,1.2880085589226193,2.2821231914878988,0.568410007761357,0.1996527777777778,0.39741379310344827,0.6244127443971521,0.13784338171714444,-32.81413186335396,1.0,70.86724767201314,2.23218522677212,6.514493598233716,"Dongtai, Jiangsu",fallback_analytic
888,1.640625,46.875,8.217391304347826,0.8296149642843025,3.3376237133417104,0.5445257306727371,0.1996527777777778,0.48783068783068784,0.6383017566464527,0.12412692755862159,-23.28856236538024,1.0,71.75882233112405,2.2751426854865064,6.632046131563076,"Dongtai, Jiangsu",fallback_analytic
889,1.5711805555555556,48.375,7.541666666666667,0.5503951791036696,2.189932777866563,0.666220215054524,0.20833333333333334,0.5038674033149171,0.6804032229072233,0.12731160190191773,-0.538742320155535,5.0,67.88414138805635,2.7086578395371697,7.576577358544694,"Dongtai, Jiangsu",fallback_analytic
890,1.6232638888888888,38.625,7.791666666666667,0.9499653103674264,1.7377559809474388,0.6333244816807386,0.20833333333333334,0.48770053475935826,0.6604440214234202,0.12002329632490537,-29.20953387971922,6.0,69.921793574278,2.633666593346654,7.157003326758179,"Dongtai, Jiangsu",fallback_analytic
891,1.5885416666666667,46.125,7.956521739130435,1.0839548042442262,1.16736189100958,0.6911626099676254,0.1996527777777778,0.5038251366120219,0.6414972677595628,0.11104347826086956,-42.822210551733505,7.0,68.78032451164269,2.673417226577511,7.131101322319773,"Dongtai, Jiangsu",fallback_analytic
892,1.171875,61.875,4.821428571428571,0.40955441069704246,1.2240135716035874,0.6539628362635305,0.24305555555555555,0.6459259259259259,0.8565523211974542,0.13316416675862439,-0.7395541992737762,4.0,70.30447458011255,2.558147295931288,7.674002807957177,"Dongtai, Jiangsu",fallback_analytic
893,1.9965277777777777,48.0,10.454545454545455,0.9019706258003569,2.198313345454901,0.5925858633720119,0.1909722222222222,0.4052173913043478,0.6024263652711267,0.12340542426583166,-15.241571061809935,3.0,68.69219971640709,2.390906756726722,6.9768505435144705,"Dongtai, Jiangsu",fallback_analytic
894,2.6822916666666665,37.5,14.714285714285714,2.0354317677511173,2.9160759210244414,0.5589188591156444,0.18229166666666666,0.3048543689320388,0.5818473204333463,0.13794853970706172,-39.07021107999324,2.0,71.86256289327171,1.8795463802155534,6.146316369163391,"Dongtai, Jiangsu",fallback_analytic
895,0.9027777777777778,42.375,3.8518518518518516,0.5463482454434305,0.6653698315265142,0.6762187769212021,0.234375,0.8480769230769231,0.9158421155331625,0.11486957206096392,29.521632862890698,6.0,71.02896933950389,2.3566792755902135,7.487405777227859,"Dongtai, Jiangsu",fallback_analytic
896,2.1180555555555554,50.25,10.608695652173912,0.7632107143483825,3.0236299777993594,0.559741650091868,0.1996527777777778,0.3778688524590164,0.5760409836065574,0.11539130434782609,-5.262843991530723,1.0,69.96645874830105,2.2976836286621247,6.883824854840941,"Dongtai, Jiangsu",fallback_analytic
897,1.0677083333333333,12.0,4.730769230769231,0.31448045604879027,1.5848294957844133,0.7240970463711163,0.22569444444444445,0.7252032520325203,0.7645475989494827,0.11794458122298956,-2.7184023417929524,8.0,68.57846945430116,2.709441551347163,7.85,"Dongtai, Jiangsu",fallback_analytic
898,1.4496527777777777,22.5,6.68,0.8218263233415439,1.9371071963507478,0.5550940481011972,0.2170138888888889,0.5401197604790419,0.7333754972465099,0.1311503200617956,25.24021556774788,0.0,70.4525699288345,2.280032367949687,6.746712210510745,"Dongtai, Jiangsu",fallback_analytic
899,1.5104166666666667,60.375,6.96,0.9312470707192968,1.4522328119219883,0.6751121935832375,0.2170138888888889,0.5183908045977011,0.6889438238198996,0.12461913782584103,33.06812227748381,7.0,69.83923212695004,2.6612855122156134,7.211948816009285,"Dongtai, Jiangsu",fallback_analytic
900,1.9444444444444444,31.5,10.181818181818182,0.8257406692384802,5.973957507454292,0.47960929515451134,0.1909722222222222,0.4160714285714286,0.6215461518615794,0.13376906062946803,14.539434185837436,2.0,74.63786918098096,2.0803433395749367,6.379014960622029,"Dongtai, Jiangsu",fallback_analytic
901,1.1111111111111112,39.75,4.7407407407407405,0.43466972571876356,2.4162352936417126,0.5756512992255809,0.234375,0.6890625,0.7990845469836251,0.11857327576466761,-9.837890784897603,1.0,72.51426502044791,2.2228385427398614,7.111083180091142,"Dongtai, Jiangsu",fallback_analytic
902,1.1805555555555556,53.25,4.857142857142857,0.36547242350547265,4.134397063406723,0.5393107760790679,0.24305555555555555,0.6411764705882353,0.8032258039821525,0.12546850798555206,3.3736451074030285,2.0,75.03938136052624,2.143042596774358,7.010226800617984,"Dongtai, Jiangsu",fallback_analytic
903,2.5520833333333335,33.0,14.7,1.3586105129537,1.7781448558398576,0.6718908963593686,0.1736111111111111,0.3238095238095238,0.5568542858193802,0.1468198889747161,21.357492079585327,7.0,67.01431936424143,2.2832504248385868,7.042450273195581,"Dongtai, Jiangsu",fallback_analytic
904,1.6493055555555556,40.5,7.6,0.8682127012560725,4.9200964050191995,0.46891902463787805,0.2170138888888889,0.4747368421052632,0.6738421052631579,0.11872,26.01177556587409,3.0,75.63652123118075,2.1350069551712365,6.464731550315531,"Dongtai, Jiangsu",fallback_analytic
905,1.5364583333333333,39.375,6.8076923076923075,0.5764003763626565,2.5343169941011965,0.6756407496258903,0.22569444444444445,0.503954802259887,0.6954069604868902,0.11825227353068188,9.602977588299204,8.0,69.76063360965985,2.792191183612434,7.587545962059162,"Dongtai, Jiangsu",fallback_analytic
906,2.3350694444444446,41.625,12.227272727272727,1.369165685944959,3.6753247398217748,0.5148176051915528,0.1909722222222222,0.3464684014869889,0.5690634349901826,0.12704178790219528,-30.54025973627423,3.0,72.46849794560197,2.0442157896092823,6.317007358767325,"Dongtai, Jiangsu",fallback_analytic
907,2.092013888888889,34.125,10.954545454545455,1.4642549621616707,1.5421757465133275,0.5963399938752223,0.1909722222222222,0.3867219917012448,0.5924715519826058,0.13044721216802696,-42.978343725015705,3.0,69.45412336374828,2.245898357265206,6.550525523151774,"Dongtai, Jiangsu",fallback_analytic
908,2.326388888888889,33.375,12.761904761904763,0.948763731992856,2.0480947231564985,0.7071048284606926,0.18229166666666666,0.35149253731343283,0.5993998508615589,0.14687608473782487,-7.445942065483457,8.0,66.35655967029652,2.553864524252168,7.451467570772077,"Dongtai, Jiangsu",fallback_analytic
909,1.71875,39.375,8.25,0.5721284328817061,1.8195215685309347,0.5751673332768277,0.20833333333333334,0.46060606060606063,0.65162300338781,0.12085662965823869,-0.7439866714111645,0.0,68.31372105315145,2.454076404755015,7.211445888981531,"Dongtai, Jiangsu",fallback_analytic
910,1.8923611111111112,33.75,10.380952380952381,0.7349522171903508,1.5136364301278586,0.6670356207739384,0.18229166666666666,0.43211009174311926,0.6243950826821938,0.13608755560459967,-5.614558060438249,2.0,66.0,2.5924188870007567,7.320413732976304,"Dongtai, Jiangsu",fallback_analytic
911,1.5451388888888888,36.75,7.12,0.9420879534710489,2.845024532542361,0.5839668894483525,0.2170138888888889,0.5067415730337078,0.6980902472604446,0.1322847289438183,-28.840878296862886,6.0,71.9098263188838,2.4838433273739895,6.960699037103037,"Dongtai, Jiangsu",fallback_analytic
912,2.03125,41.625,10.173913043478262,1.3292778544091437,3.368747096137259,0.6282942797559216,0.1996527777777778,0.394017094017094,0.6117390371206636,0.13571645415852285,33.73972959205895,8.0,71.66160163950488,2.4060486603736897,6.836151368017144,"Dongtai, Jiangsu",fallback_analytic
913,1.3888888888888888,56.625,6.153846153846154,0.5428114953708503,2.6204091033623387,0.5685406204951169,0.22569444444444445,0.5575,0.698875,0.10615384615384615,-12.251269778321948,3.0,71.22150368353796,2.38846933341149,7.133788646366444,"Dongtai, Jiangsu",fallback_analytic
914,1.5017361111111112,55.875,6.92,0.9384835430482215,1.6766570712086883,0.6658457643186124,0.2170138888888889,0.5213872832369942,0.6514450867052023,0.104,-37.82902716787966,5.0,70.63008684189434,2.5680022359003063,6.976145850937718,"Dongtai, Jiangsu",fallback_analytic
915,1.2673611111111112,55.125,5.214285714285714,0.5147534319321682,2.1748045032891423,0.6817232381467032,0.24305555555555555,0.5972602739726027,0.7694321645105389,0.10767569049458202,-11.063268677208129,8.0,71.31676320205875,2.695572364867667,7.618455183875998,"Dongtai, Jiangsu",fallback_analytic
916,1.5190972222222223,38.25,7.0,1.0063819638982003,2.4511641991674256,0.6321495423662639,0.2170138888888889,0.5154285714285715,0.6973430400353118,0.11898236447190914,-33.77231835492234,5.0,71.99634594777199,2.500301040784479,6.900857231977719,"Dongtai, Jiangsu",fallback_analytic
917,1.8315972222222223,50.25,9.590909090909092,0.6719130930626849,2.7671324102569983,0.6490354020894349,0.1909722222222222,0.44170616113744077,0.6471802464747847,0.12922360608401348,-5.097357315695,5.0,68.56608669852861,2.5953560983921546,7.327388045928305,"Dongtai, Jiangsu",fallback_analytic
918,1.7708333333333333,55.875,7.846153846153846,0.9940802729670049,4.241439858257522,0.5206486391954633,0.22569444444444445,0.4372549019607843,0.6324478170136587,0.11871381199222034,-28.538791396182834,4.0,75.46857822947483,2.245855902990949,6.538417550758843,"Dongtai, Jiangsu",fallback_analytic
919,2.1006944444444446,46.875,11.0,1.3357399452414107,1.9838616639415312,0.5838131578549045,0.1909722222222222,0.3851239669421488,0.5971832149462553,0.1249508788112862,-35.564146728645035,1.0,69.9526617167674,2.2280506519491916,6.5027434554069705,"Dongtai, Jiangsu",fallback_analytic
920,2.0572916666666665,53.25,10.304347826086957,1.048654878516266,3.5886425918253972,0.5607233789641113,0.1996527777777778,0.3890295358649789,0.6135332068488326,0.1306016812041997,22.08202769539831,6.0,72.29036657829285,2.2839347626745923,6.844202354557674,"Dongtai, Jiangsu",fallback_analytic
921,2.1440972222222223,40.875,11.761904761904763,0.8401832406975198,1.6338077120903802,0.7280195285551507,0.18229166666666666,0.3813765182186235,0.598616753105238,0.13787992598314408,-5.278708747085538,8.0,66.0,2.7462873949186735,7.64984798785295,"Dongtai, Jiangsu",fallback_analytic
922,1.4930555555555556,37.5,7.478260869565218,1.110843054498607,1.1289739984171268,0.6566225956611484,0.1996527777777778,0.536046511627907,0.6558580233456331,0.12564515946506927,44.58902608144227,2.0,69.26674686894052,2.3971209859442872,6.77987472663787,"Dongtai, Jiangsu",fallback_analytic
923,1.6840277777777777,48.0,7.76,1.1315188965135685,1.7211916199657626,0.6563429682297156,0.2170138888888889,0.46494845360824744,0.696429663251476,0.1278047289438183,-34.39458826519697,7.0,70.392241128031,2.590391514672591,7.101288589525924,"Dongtai, Jiangsu",fallback_analytic
924,2.1614583333333335,45.375,11.857142857142858,0.8900896720899156,1.4990110953844242,0.6964151359676931,0.18229166666666666,0.3783132530120482,0.5724472075131982,0.12602662437132042,-8.231659647178915,7.0,66.0,2.619250057698261,7.486481328814511,"Dongtai, Jiangsu",fallback_analytic
925,2.1006944444444446,48.75,11.0,1.3203478345489597,2.023454090180187,0.6878451452330563,0.1909722222222222,0.3851239669421488,0.5721474270057569,0.12757086871807857,36.584793265365974,8.0,69.25365897466273,2.4814461350731074,6.976645358023147,"Dongtai, Jiangsu",fallback_analytic
926,2.3524305555555554,43.875,12.318181818181818,1.0869935032992886,1.8940080259362055,0.5623571610528024,0.1909722222222222,0.34391143911439115,0.583633254692356,0.13161265662027388,-14.292149362696026,0.0,69.00947938772316,2.195709013270407,6.700292612485971,"Dongtai, Jiangsu",fallback_analytic
927,1.6145833333333333,46.875,8.08695652173913,0.6888446304711051,1.9125190303586814,0.5721607313445862,0.1996527777777778,0.4956989247311828,0.6643006345830252,0.13897381649975313,-8.670173936873695,0.0,69.09100368304259,2.445690597939838,7.030751461368652,"Dongtai, Jiangsu",fallback_analytic
928,1.8836805555555556,54.75,9.041666666666666,1.1565473019300272,1.7197671718806276,0.6257807543809071,0.20833333333333334,0.4202764976958525,0.6511502090683682,0.13318324081226343,-30.569671873446282,4.0,70.1943043253619,2.486852076560761,6.885607295019693,"Dongtai, Jiangsu",fallback_analytic
929,1.4322916666666667,59.25,6.6,1.1816281867751692,1.2961299539767677,0.6713410632588114,0.2170138888888889,0.5466666666666666,0.7394614829000655,0.12517913782584103,-43.255704353922155,7.0,70.50058180671427,2.651932200419515,7.056084683484254,"Dongtai, Jiangsu",fallback_analytic
930,2.126736111111111,49.5,11.666666666666666,1.27996945188635,2.7067602918810754,0.6675099769159697,0.18229166666666666,0.38448979591836735,0.558538775510204,0.12038095238095238,-34.05177505310556,8.0,69.43497190842571,2.420312735515136,6.935225151186045,"Dongtai, Jiangsu",fallback_analytic
931,1.4149305555555556,30.75,6.791666666666667,0.6551649314014005,3.3652364853886425,0.5800172766617315,0.20833333333333334,0.5595092024539877,0.6956060736670212,0.12062163891034569,-18.3802051518074,2.0,71.91817181365619,2.3074391175778204,6.9088868214967345,"Dongtai, Jiangsu",fallback_analytic
932,2.109375,48.0,10.125,1.1742384880236953,3.2126765837330025,0.6003567304630654,0.20833333333333334,0.37530864197530867,0.6114459039950055,0.12477329632490536,27.41662543994606,7.0,71.95158815016694,2.340167950121704,6.85481946412657,"Dongtai, Jiangsu",fallback_analytic
933,1.5451388888888888,63.0,7.416666666666667,0.712723256515572,2.597325047979343,0.5734314011535367,0.20833333333333334,0.5123595505617977,0.6940177529825718,0.13269825006437042,14.123270564409992,1.0,70.94123425969661,2.3664197742967428,6.940475759739072,"Dongtai, Jiangsu",fallback_analytic
934,2.2309027777777777,44.25,12.238095238095237,1.1635561348750159,3.1041508105879236,0.6212708888481491,0.18229166666666666,0.3665369649805447,0.58115200004809,0.1309009206594427,24.05816729314938,7.0,70.30827486404347,2.39363366880059,6.906603516303657,"Dongtai, Jiangsu",fallback_analytic
935,1.5277777777777777,35.625,7.6521739130434785,0.5558900973266351,2.7278430191306207,0.5798659531194875,0.1996527777777778,0.5238636363636363,0.6591458939510976,0.12698083094772733,1.7797894163952535,1.0,69.22096500324976,2.5475299990219447,7.163610054078417,"Dongtai, Jiangsu",fallback_analytic
936,2.1961805555555554,43.5,12.047619047619047,0.9642095716057455,1.868348639773078,0.6436768382115138,0.18229166666666666,0.3723320158102767,0.596030405880554,0.1375942116974298,10.833620110615144,2.0,67.13414562355902,2.397984092521066,7.051013448222951,"Dongtai, Jiangsu",fallback_analytic
937,1.9791666666666667,49.125,9.5,1.3573546506916443,1.540721795776068,0.5899102754746248,0.20833333333333334,0.4,0.5871915672604964,0.11777329632490537,42.345444795787984,1.0,70.35500380321965,2.275196478832185,6.4559786917035415,"Dongtai, Jiangsu",fallback_analytic
938,1.9010416666666667,37.5,9.521739130434783,0.6747694717659648,2.629970490999481,0.5790256792671599,0.1996527777777778,0.42100456621004567,0.6324751781386262,0.13657035754762858,-5.202130004705808,1.0,68.98372545788476,2.4236111464627954,6.980954954150276,"Dongtai, Jiangsu",fallback_analytic
939,1.7100694444444444,51.75,8.208333333333334,0.8091553206775917,4.1082950889686165,0.614135316947485,0.20833333333333334,0.46294416243654823,0.6407974417184704,0.12707661115402472,18.976748047097743,8.0,72.28897222003748,2.532622443203433,7.109816853847444,"Dongtai, Jiangsu",fallback_analytic
940,2.013888888888889,43.125,9.666666666666666,0.9982580791843962,2.4412191269733388,0.6032542450870239,0.20833333333333334,0.3931034482758621,0.6401553047619567,0.1457065371371688,18.156816313150998,2.0,70.74125772989242,2.336048658879045,6.842788941239561,"Dongtai, Jiangsu",fallback_analytic
941,1.5885416666666667,58.125,7.32,0.9719486613958239,1.740547749020513,0.6269515324722355,0.2170138888888889,0.492896174863388,0.6397814207650273,0.1056,-37.05902714864225,4.0,70.80751195166887,2.4735469139419717,6.890021271490856,"Dongtai, Jiangsu",fallback_analytic
942,1.9965277777777777,50.625,10.454545454545455,1.4516935840458425,2.164796699305623,0.6419376108881636,0.1909722222222222,0.4052173913043478,0.6134434782608695,0.12127272727272727,39.062828519085954,7.0,70.20822994784432,2.489177691161781,6.87533221255411,"Dongtai, Jiangsu",fallback_analytic
943,2.1006944444444446,50.625,10.521739130434783,0.726815048119098,3.1222260685070182,0.557253633112733,0.1996527777777778,0.38099173553719007,0.616945344437735,0.13458601937591416,-1.016868553001423,1.0,70.07277795837926,2.2860925915437025,6.889814476154113,"Dongtai, Jiangsu",fallback_analytic
944,1.5017361111111112,52.5,6.653846153846154,0.5721782134455518,3.2575064647171073,0.506882057317938,0.22569444444444445,0.5156069364161849,0.6999816301381735,0.1141892051480114,-8.743660229102922,0.0,72.71836969040605,2.243527798225545,6.7789391454002015,"Dongtai, Jiangsu",fallback_analytic
945,2.1440972222222223,45.375,12.35,1.1495253947894766,2.9190307561700637,0.5646188650727294,0.1736111111111111,0.3854251012145749,0.5812631578947368,0.1301,26.20611218677331,1.0,69.72931841942585,2.224045410541026,6.49037290499454,"Dongtai, Jiangsu",fallback_analytic
946,1.6927083333333333,57.75,7.5,1.1823565731167398,2.30369501289906,0.5906273810038125,0.22569444444444445,0.4574358974358974,0.6591662496571563,0.13383374366896872,35.701216218377866,2.0,72.2809827747471,2.3373798022008407,6.5918189487869885,"Dongtai, Jiangsu",fallback_analytic
947,1.0590277777777777,28.5,4.6923076923076925,0.41781377078010223,1.5917144234144402,0.7196883166766627,0.22569444444444445,0.7311475409836066,0.7776996284490686,0.11255996583837419,13.066026845740119,8.0,69.30817816481459,2.6571407281478976,7.788733190508248,"Dongtai, Jiangsu",fallback_analytic
948,1.7621527777777777,46.5,8.826086956521738,0.7329727712441023,2.018550565311288,0.6711543443155621,0.1996527777777778,0.4541871921182266,0.6341824236757614,0.12263300486077082,-10.255287087831285,5.0,67.94395155098155,2.6805684072828075,7.402540510996636,"Dongtai, Jiangsu",fallback_analytic
949,2.2569444444444446,40.125,11.818181818181818,0.8763577668423331,4.061060779934272,0.554100480351158,0.1909722222222222,0.35846153846153844,0.5936098000356513,0.12831451517492257,-8.227367562164268,4.0,71.14569338828001,2.233700426463703,6.817761875696668,"Dongtai, Jiangsu",fallback_analytic
950,2.6475694444444446,38.625,14.523809523809524,1.1298466719815243,2.8004273010368244,0.6347682077459327,0.18229166666666666,0.30885245901639347,0.5591519825271684,0.13278852913322517,14.273454363714222,5.0,68.41859093999015,2.2347859732770985,6.908691750359219,"Dongtai, Jiangsu",fallback_analytic
951,0.7465277777777778,39.75,2.8666666666666667,0.6478012638491295,0.6991596444804016,0.7246632303334855,0.2604166666666667,0.9906976744186047,1.032089271341781,0.10488530372659095,-44.22971886973109,8.0,72.12407728474126,2.3544596636462813,7.458247296240981,"Dongtai, Jiangsu",fallback_analytic
952,1.3107638888888888,48.75,6.04,1.0382992038720111,1.302447471645024,0.5718215218682074,0.2170138888888889,0.5973509933774834,0.7709240487117667,0.13401591117977288,-41.201925180111566,0.0,71.40273695891042,2.2159230716199536,6.588376807331664,"Dongtai, Jiangsu",fallback_analytic
953,2.4479166666666665,35.25,13.428571428571429,1.6159661757206096,2.352130707735344,0.5982552913284286,0.18229166666666666,0.33404255319148934,0.552,0.12038095238095238,38.02566084403968,4.0,69.91029775533072,2.1005305467457953,6.481546691017705,"Dongtai, Jiangsu",fallback_analytic
954,1.9097222222222223,37.875,9.565217391304348,0.8475597867655613,2.7883809584808215,0.6357776479679224,0.1996527777777778,0.41909090909090907,0.6220970666853926,0.12437213529555342,15.695729911724648,5.0,69.68439858390455,2.4582180477831264,7.081902501399729,"Dongtai, Jiangsu",fallback_analytic
955,1.484375,40.875,6.576923076923077,1.362978956385139,1.5520362242361867,0.5434688372195914,0.22569444444444445,0.5216374269005848,0.7195404601353537,0.1359106667458918,-43.0957276219401,0.0,72.66548820360653,2.180828778330586,6.44974855183062,"Dongtai, Jiangsu",fallback_analytic
956,2.0225694444444446,55.875,9.708333333333334,1.099061404344039,2.8321067773861808,0.5135866060641245,0.20833333333333334,0.39141630901287555,0.6104146438696502,0.12981160190191773,25.783682836337476,0.0,72.27792315180295,2.086614259792249,6.479034151601315,"Dongtai, Jiangsu",fallback_analytic
957,1.2413194444444444,23.25,5.5,0.38951112787236547,3.9298738730434994,0.5922940444078097,0.22569444444444445,0.6237762237762238,0.7625598881983155,0.12828763252484715,4.5001185827563575,7.0,72.97624052156993,2.456379655297798,7.417847504041653,"Dongtai, Jiangsu",fallback_analytic
958,2.2916666666666665,43.125,12.571428571428571,1.691168453134693,1.9871779296266667,0.6798453113562123,0.18229166666666666,0.3568181818181818,0.5924736060840134,0.13088376722846326,-40.196790470911424,8.0,69.30276987883647,2.4162491922629306,6.849202646535524,"Dongtai, Jiangsu",fallback_analytic
959,1.5972222222222223,58.125,7.36,0.7865409352092628,2.410134516539746,0.6075843708189286,0.2170138888888889,0.4902173913043478,0.6929063769235427,0.13321591117977288,-19.11926784170246,6.0,70.79152788627356,2.564470604554095,7.1967310956263635,"Dongtai, Jiangsu",fallback_analytic
960,1.4409722222222223,60.375,6.64,0.5464792967974716,2.749406802510941,0.5686159449165524,0.2170138888888889,0.5433734939759036,0.6990003856166213,0.11715677335393186,10.136527865437536,3.0,71.36853295761983,2.46416135261007,7.124046371158478,"Dongtai, Jiangsu",fallback_analytic
961,2.0399305555555554,39.0,10.681818181818182,0.725680609131276,2.566248583867569,0.5849200545022684,0.1909722222222222,0.39659574468085107,0.6140366469005467,0.13706720207481934,-0.16451756938605655,1.0,67.97969531317574,2.332700804467888,7.001058247905748,"Dongtai, Jiangsu",fallback_analytic
962,1.3541666666666667,37.125,6.24,0.6186750720009733,1.685136526777295,0.6432989249377582,0.2170138888888889,0.5782051282051283,0.7233965001287408,0.12381913782584103,15.031584326151375,2.0,69.12097481249886,2.438977887289455,7.218584607915704,"Dongtai, Jiangsu",fallback_analytic
963,1.6145833333333333,56.25,8.08695652173913,0.7868382600426306,2.5406162840312287,0.6481170960148233,0.1996527777777778,0.4956989247311828,0.6812936130195079,0.13321037685637363,17.725700667522652,7.0,69.62015261089842,2.6307510443345015,7.321538919672586,"Dongtai, Jiangsu",fallback_analytic
964,1.3454861111111112,56.25,5.7407407407407405,0.4834195831085281,2.6937960417917592,0.6675988750039885,0.234375,0.5690322580645162,0.7664203872961148,0.13640581078859448,1.5464273254993017,8.0,71.3367793033689,2.6784484591847657,7.696095546338188,"Dongtai, Jiangsu",fallback_analytic
965,1.9965277777777777,52.125,9.2,0.6765866991276259,2.8209607837466244,0.595549489573919,0.2170138888888889,0.39217391304347826,0.6294493681338538,0.12002236447190914,2.354054490577056,6.0,70.17620086359042,2.4771307550292265,7.341898748302359,"Dongtai, Jiangsu",fallback_analytic
966,1.9878472222222223,40.875,9.956521739130435,1.1542637890705727,1.5592530326639835,0.6376746049083954,0.1996527777777778,0.40262008733624455,0.6098563144914353,0.11777910147166507,-29.80098139585928,4.0,68.8496338508473,2.421368615499739,6.93693302335526,"Dongtai, Jiangsu",fallback_analytic
967,1.9704861111111112,35.625,10.80952380952381,1.2439720393071618,1.8207613706965236,0.6343898302665193,0.18229166666666666,0.4149779735682819,0.5920588311488386,0.1305028148475109,34.092096420330705,6.0,68.03928353475733,2.5243640619212684,6.9613967201203,"Dongtai, Jiangsu",fallback_analytic
968,1.9097222222222223,41.25,10.0,0.6903850267435176,3.12660493908087,0.5989176235892467,0.1909722222222222,0.42363636363636364,0.6225651728045172,0.12858724244764985,1.3625623621013432,6.0,68.98479241615935,2.5281541327846195,7.3585102909613855,"Dongtai, Jiangsu",fallback_analytic
969,1.8663194444444444,56.625,8.958333333333334,0.8961275674803684,4.33283920788786,0.46167466231860416,0.20833333333333334,0.4241860465116279,0.6126496620250845,0.12693996299157204,-22.61534747186723,0.0,74.51152220775587,2.02410976977585,6.319080677875166,"Dongtai, Jiangsu",fallback_analytic
970,2.1788194444444446,40.125,11.952380952380953,1.2547753696883752,2.264558265614003,0.6512058212545715,0.18229166666666666,0.3752988047808765,0.6021049323386206,0.1289961587546808,-27.907744134032363,5.0,68.99394749099159,2.4508721734250094,6.886951408096506,"Dongtai, Jiangsu",fallback_analytic
971,2.013888888888889,41.25,10.08695652173913,0.7482118989968801,4.751568092886529,0.5962240781024413,0.1996527777777778,0.39741379310344827,0.5812931034482759,0.1191304347826087,-8.992548093025079,8.0,72.14092116983929,2.4558252451810336,7.092342237125222,"Dongtai, Jiangsu",fallback_analytic
972,1.640625,25.125,7.875,0.521365367778698,2.8436246116823156,0.5712337341548928,0.20833333333333334,0.48253968253968255,0.6474869418316379,0.12252329632490537,0.02335420688550016,3.0,69.57703376010498,2.558331812249407,7.241496249250922,"Dongtai, Jiangsu",fallback_analytic
973,1.9184027777777777,42.0,9.208333333333334,0.8650690717066445,4.156197134462944,0.5399826850865497,0.20833333333333334,0.41266968325791853,0.6359553304285893,0.1400848982268231,15.841678568973045,4.0,72.83632431543857,2.2083681594589586,6.749828218857021,"Dongtai, Jiangsu",fallback_analytic
974,1.4409722222222223,58.875,6.384615384615385,0.8845332469881824,2.131590927481251,0.679424477465667,0.22569444444444445,0.5373493975903615,0.7021570121226454,0.12159532483253944,31.251121943618955,8.0,71.55976943586533,2.6513321604091935,7.2768365280340275,"Dongtai, Jiangsu",fallback_analytic
975,1.6840277777777777,60.375,7.76,1.19963645054249,1.3751229147763602,0.6324610142761349,0.2170138888888889,0.46494845360824744,0.6955337459168234,0.13725268453370476,39.79131479028426,4.0,70.68955412030463,2.5142160812448164,6.846520034162275,"Dongtai, Jiangsu",fallback_analytic
976,1.875,46.125,9.0,1.316529003675566,1.519267863941126,0.5574014586286656,0.20833333333333334,0.4222222222222222,0.6302377531054923,0.12002329632490537,40.8953143699956,0.0,70.87423139091251,2.1984969367092204,6.435749093894892,"Dongtai, Jiangsu",fallback_analytic
977,1.9357638888888888,58.5,9.291666666666666,0.7851806158405562,2.8540641705854517,0.560263541876293,0.20833333333333334,0.40896860986547084,0.6068414530394978,0.12540994448735807,-10.475484865748868,1.0,70.8501169777113,2.339584078107871,6.850720394625936,"Dongtai, Jiangsu",fallback_analytic
978,1.6059027777777777,59.25,7.708333333333333,0.7020093307279838,2.0132477663695445,0.6322230494494321,0.20833333333333334,0.492972972972973,0.7000117658631912,0.13841823156015642,-12.11100091804088,4.0,69.74104117080145,2.6044368917895087,7.257085839267144,"Dongtai, Jiangsu",fallback_analytic
979,1.8489583333333333,48.0,9.26086956521739,1.0491845483918731,2.159453324816617,0.6528697628494381,0.1996527777777778,0.4328638497652582,0.6593420376529744,0.13258601937591416,-25.009241736777923,7.0,69.86547040825056,2.594579399741504,7.16240512654856,"Dongtai, Jiangsu",fallback_analytic
980,1.5538194444444444,45.0,7.16,0.5450814540111044,1.4566895304326093,0.6553805495111404,0.2170138888888889,0.5039106145251396,0.652061631319439,0.11546236447190915,3.711805071901047,6.0,68.0419974986826,2.8099684278776786,7.675140003531038,"Dongtai, Jiangsu",fallback_analytic
981,1.3368055555555556,49.125,5.923076923076923,0.760875038761866,1.912942638086927,0.6581167373704926,0.22569444444444445,0.5792207792207792,0.7824742338063608,0.12673531629213297,-25.57698629948725,5.0,70.94478635994855,2.4885815263012847,7.185150131658386,"Dongtai, Jiangsu",fallback_analytic
982,1.640625,55.5,7.56,0.965812140539775,1.9322372723982255,0.6195294123713689,0.2170138888888889,0.47724867724867726,0.661561015905712,0.11842236447190915,-29.396710516214757,2.0,70.60799800958831,2.406223556872993,6.847910557200244,"Dongtai, Jiangsu",fallback_analytic
983,1.9704861111111112,50.625,9.869565217391305,0.7191602691027639,2.1313996409756557,0.6321928813746409,0.1996527777777778,0.4061674008810573,0.6206681820942431,0.12498083094772734,4.152449448292025,4.0,67.77876973506449,2.537442224753755,7.296875418095684,"Dongtai, Jiangsu",fallback_analytic
984,1.3107638888888888,28.125,5.8076923076923075,0.9682465344017263,1.0216154809288855,0.6504749638312199,0.22569444444444445,0.590728476821192,0.7454320575963543,0.1367152565092878,39.82969058161916,2.0,70.41925883983923,2.396886072002105,6.866496693396093,"Dongtai, Jiangsu",fallback_analytic
985,1.3454861111111112,49.125,5.961538461538462,1.3314231923229518,1.7734591600492522,0.5708741503495562,0.22569444444444445,0.5754838709677419,0.7427979182928592,0.1228676581460665,-42.697265882101476,3.0,73.21380647825204,2.2992185697937035,6.650175510482575,"Dongtai, Jiangsu",fallback_analytic
986,1.3802083333333333,41.625,5.888888888888889,0.5948516816870939,4.764008893977548,0.5103330769734142,0.234375,0.5547169811320755,0.7158429685923243,0.11505774488139736,18.455598891207366,6.0,75.92773113068135,2.258579395730103,6.86960873151061,"Dongtai, Jiangsu",fallback_analytic
987,2.013888888888889,37.875,10.545454545454545,1.0180937459609347,2.572173821049611,0.6079865195418004,0.1909722222222222,0.4017241379310345,0.5693103448275862,0.11727272727272728,25.087619109950367,6.0,69.34849077205102,2.44318662671876,6.972098938865663,"Dongtai, Jiangsu",fallback_analytic
988,2.6215277777777777,38.625,13.727272727272727,1.0213764559757694,3.495065346837291,0.5709395501096999,0.1909722222222222,0.3086092715231788,0.5517737660112357,0.12729814144535131,-8.68484282882146,6.0,70.00543280932926,2.1581387700997,6.946407186210738,"Dongtai, Jiangsu",fallback_analytic
989,1.8055555555555556,30.0,9.043478260869565,1.158253953289535,1.3524050171862194,0.6457889189587476,0.1996527777777778,0.44326923076923075,0.5888430513018575,0.12176343964337952,39.0922224838161,6.0,68.41866359365757,2.550598942015389,7.024541304636628,"Dongtai, Jiangsu",fallback_analytic
990,1.6145833333333333,46.5,7.75,0.8347260110925013,3.072236009238523,0.5495548525200924,0.20833333333333334,0.49032258064516127,0.6885850645908818,0.13206160190191774,22.61513896979703,3.0,72.22343757521378,2.351489566559182,6.834652005569529,"Dongtai, Jiangsu",fallback_analytic
991,2.1788194444444446,34.875,10.91304347826087,0.8541344687530231,2.6379254960557104,0.6415328791854283,0.1996527777777778,0.3673306772908366,0.6121148287406534,0.12186605799340419,6.3562008893487985,5.0,69.09253966361699,2.457092008066961,7.187600296181736,"Dongtai, Jiangsu",fallback_analytic
992,2.03125,45.0,10.173913043478262,0.8403221931560484,1.9807865502005637,0.5983709280435132,0.1996527777777778,0.394017094017094,0.6072395897964066,0.12038779712383897,-10.002057020893773,1.0,68.69121246409759,2.3996021346873126,6.967989385662703,"Dongtai, Jiangsu",fallback_analytic
993,1.3975694444444444,42.375,6.44,0.8167334629530653,2.043412131340089,0.6210455651171628,0.2170138888888889,0.5602484472049689,0.6962672795414879,0.1269247289438183,-29.931479254801587,6.0,71.07753916856052,2.6170879225865975,7.117143395650816,"Dongtai, Jiangsu",fallback_analytic
994,1.7447916666666667,58.5,8.04,1.0012010310303883,2.3267811040190836,0.6373321034869099,0.2170138888888889,0.4487562189054726,0.674817041515734,0.12597913782584103,-27.970369963726377,5.0,71.24047221913314,2.5286960629873283,7.017097491329665,"Dongtai, Jiangsu",fallback_analytic
995,1.1458333333333333,56.625,4.888888888888889,0.4257770964139538,1.126572592496858,0.6275935124435675,0.234375,0.6681818181818182,0.8007526868998968,0.11061330043695292,-5.633805400230457,1.0,70.02296047592363,2.3542663473010745,7.3951014941678705,"Dongtai, Jiangsu",fallback_analytic
996,1.40625,17.625,6.48,0.5932372711540385,2.3787188127663246,0.6865731455320744,0.2170138888888889,0.5567901234567901,0.6681812016715208,0.11762236447190914,18.155985341907126,8.0,69.69897765269324,2.7180542337317317,7.484058380789996,"Dongtai, Jiangsu",fallback_analytic
997,2.404513888888889,42.75,12.590909090909092,0.9334286830247679,3.4852255295411014,0.6448510537195874,0.1909722222222222,0.3364620938628159,0.5608724813552101,0.13002541417262403,-8.1037163638429,8.0,69.7627645704599,2.3654500895683,7.163280354280004,"Dongtai, Jiangsu",fallback_analytic
998,1.7361111111111112,31.125,9.090909090909092,0.7494237917623827,1.9788236658381309,0.6424673239182017,0.1909722222222222,0.466,0.6305319333848296,0.1366871919816117,9.976533118384637,6.0,67.32178154058984,2.738048739768809,7.450437679173951,"Dongtai, Jiangsu",fallback_analytic
999,2.013888888888889,45.75,10.545454545454545,0.7750482517191124,2.382590121226564,0.6602916873043951,0.1909722222222222,0.4017241379310345,0.6051954942706308,0.12702541417262403,4.280933634548653,7.0,67.73276767798806,2.661583369041655,7.483698773872287,"Dongtai, Jiangsu",fallback_analytic
1000,1.6666666666666667,60.0,7.384615384615385,1.029476516691793,2.834451634163611,0.5405123184102283,0.22569444444444445,0.46458333333333335,0.6793069514908087,0.13338605990168287,-29.99294336434958,3.0,73.23801076408796,2.2849659744701443,6.670526133132878,"Dongtai, Jiangsu",fallback_analytic
1001,1.5277777777777777,25.5,7.04,0.5291990032727591,1.8251943642465056,0.6412756541881184,0.2170138888888889,0.5125,0.7355422388382526,0.14283827565168206,0.6949191466837945,4.0,68.13912828593264,2.606784087773691,7.5356754325695965,"Dongtai, Jiangsu",fallback_analytic
1002,2.6822916666666665,33.0,16.263157894736842,1.0909052521545024,2.4186543312455466,0.6273606722195536,0.16493055555555555,0.31132686084142397,0.5441403560620497,0.14441256145771544,5.548340829137906,4.0,66.09314440438654,2.2955504881407163,6.995187427149352,"Dongtai, Jiangsu",fallback_analytic
1003,1.6753472222222223,43.5,8.041666666666666,0.7749920327624252,2.2613084747146184,0.6543813130342515,0.20833333333333334,0.47253886010362695,0.6264248704663212,0.10833333333333334,-19.528671894646095,5.0,69.3931439279509,2.61441527790221,7.201334373475901,"Dongtai, Jiangsu",fallback_analytic
1004,1.6493055555555556,47.25,8.26086956521739,0.6554823410519026,1.7061495978564907,0.651750000221442,0.1996527777777778,0.48526315789473684,0.6625844597819291,0.13723468606497052,5.012865035766339,2.0,67.84272384420893,2.590994906170558,7.357103363602037,"Dongtai, Jiangsu",fallback_analytic
1005,1.09375,54.375,4.5,0.46834363687486913,3.1111956751855057,0.5411239830731406,0.24305555555555555,0.692063492063492,0.8296671747012628,0.12457276990870551,-14.077395012997286,1.0,74.73574854700944,2.086605083630908,6.932224273283293,"Dongtai, Jiangsu",fallback_analytic
1006,2.3003472222222223,44.25,12.619047619047619,0.9252900974728424,2.7101938985074456,0.6815598068274552,0.18229166666666666,0.35547169811320756,0.5481509433962264,0.11780952380952381,8.341370334859569,8.0,67.57280108584219,2.472401748202705,7.338355602503479,"Dongtai, Jiangsu",fallback_analytic
1007,1.5451388888888888,58.875,6.846153846153846,0.5615561070347823,3.3543192671586337,0.5734344294767078,0.22569444444444445,0.501123595505618,0.6787586067762897,0.13537220520743026,-4.732861323590598,4.0,72.2076838498316,2.4524275360723475,7.188641809667757,"Dongtai, Jiangsu",fallback_analytic
1008,1.4496527777777777,34.875,7.260869565217392,0.8392327220430043,1.7516836080900275,0.6425786245724565,0.1996527777777778,0.5520958083832336,0.648259608807104,0.1263721352955534,31.096467018416675,2.0,69.50055091344947,2.4602268935162153,6.934923535234472,"Dongtai, Jiangsu",fallback_analytic
1009,2.5520833333333335,31.875,13.363636363636363,1.1596971148094388,7.204122706894503,0.41704442935406455,0.1909722222222222,0.31700680272108844,0.5805170068027211,0.12827272727272726,18.952658990550056,4.0,77.15828478993507,1.7612768169896587,6.006569520434968,"Dongtai, Jiangsu",fallback_analytic
1010,1.7361111111111112,41.625,8.0,0.7229415485679624,1.1198383634252915,0.6267401924091588,0.2170138888888889,0.451,0.5994951600308979,0.11099677335393186,-16.437214081067193,1.0,68.00261792182394,2.5142152743363932,7.116266528056978,"Dongtai, Jiangsu",fallback_analytic
1011,1.953125,41.25,9.375,1.2595662361203106,2.948635006992631,0.5375052836088157,0.20833333333333334,0.4053333333333333,0.640527232773402,0.14297154638927578,-32.61421094448643,1.0,72.78875936175615,2.1237587313462583,6.405571214940856,"Dongtai, Jiangsu",fallback_analytic
1012,1.0329861111111112,49.5,4.25,0.3702853590692728,1.6014252324986415,0.6754371318928389,0.24305555555555555,0.7327731092436974,0.8991643979971119,0.1381970001103493,0.5949482996772417,7.0,70.84042380173118,2.64139523028354,7.808827643663151,"Dongtai, Jiangsu",fallback_analytic
1013,1.8923611111111112,52.875,9.478260869565217,0.8930516460051461,4.168250671564738,0.6137631850749823,0.1996527777777778,0.42293577981651376,0.5979816513761468,0.11565217391304349,-19.73910103903085,8.0,72.01457466484315,2.489834770309948,7.029553613408426,"Dongtai, Jiangsu",fallback_analytic
1014,1.6579861111111112,43.875,7.64,0.6244363474957662,2.2604448590777153,0.6200561406259497,0.2170138888888889,0.4722513089005236,0.6351484537737506,0.11682236447190915,9.453918309185951,6.0,69.51370584851774,2.6380951910104735,7.380018715968832,"Dongtai, Jiangsu",fallback_analytic
1015,1.8489583333333333,45.375,9.26086956521739,1.2965167661252202,1.6035720728477516,0.6302117242188588,0.1996527777777778,0.4328638497652582,0.6550760971402345,0.14069728510625018,-36.002525026706785,2.0,69.52141083323477,2.3697143250725468,6.7250211183488,"Dongtai, Jiangsu",fallback_analytic
1016,2.1006944444444446,42.375,10.521739130434783,0.9194862332691978,1.8517157093896746,0.6703672000714228,0.1996527777777778,0.38099173553719007,0.6260454491677454,0.148302473534437,11.263967457427036,7.0,67.59220434847515,2.601416925378542,7.329381022331208,"Dongtai, Jiangsu",fallback_analytic
1017,1.9270833333333333,23.625,10.090909090909092,1.5236891654672244,1.7596084999967658,0.6202653156036626,0.1909722222222222,0.4198198198198198,0.5692792792792792,0.1190909090909091,43.14466790555697,6.0,69.5658035825525,2.4365775782562493,6.80415647967768,"Dongtai, Jiangsu",fallback_analytic
1018,1.2586805555555556,63.0,5.37037037037037,0.7806874473121044,2.2044325056407867,0.5702827018818843,0.234375,0.6082758620689656,0.7671590621542009,0.12992731694236126,30.94202145797813,3.0,73.54732005296086,2.2435315073071886,6.859139127479442,"Dongtai, Jiangsu",fallback_analytic
1019,1.6579861111111112,54.375,7.64,1.3007771184287003,2.0371562873255984,0.601934052658717,0.2170138888888889,0.4722513089005236,0.6872232671612984,0.1364159111797729,-38.99421265165524,4.0,71.92075491715681,2.4012696034477443,6.747828213746814,"Dongtai, Jiangsu",fallback_analytic
1020,2.3697916666666665,40.5,13.65,1.033696345780876,5.515345046710047,0.5703994554114741,0.1736111111111111,0.3487179487179487,0.5464102564102564,0.1277,15.3852238120323,8.0,72.06477995669361,2.178086757488518,6.756219566535983,"Dongtai, Jiangsu",fallback_analytic
1021,1.7274305555555556,18.75,9.045454545454545,0.8601578257354818,2.8751007017060495,0.567186881124561,0.1909722222222222,0.46834170854271356,0.6590270687284719,0.14405082834524807,20.501236754584056,3.0,69.75967493492267,2.391159858809497,6.875985045908012,"Dongtai, Jiangsu",fallback_analytic
1022,1.0850694444444444,59.625,4.62962962962963,0.6364409681349814,1.3379177518210867,0.6457131512017572,0.234375,0.7056,0.8720676055146004,0.13396136634415004,26.14970350248028,2.0,71.55787778377616,2.2948593485520092,7.099434261733796,"Dongtai, Jiangsu",fallback_analytic
1023,2.0833333333333335,37.125,10.909090909090908,1.0750719704867282,1.865460872130702,0.598975908517525,0.1909722222222222,0.3883333333333333,0.5961293000257482,0.1366871919816117,-23.25412576633675,1.0,68.22000840279804,2.271627362694467,6.7648827920698515,"Dongtai, Jiangsu",fallback_analytic
1024,2.3871527777777777,45.75,12.5,1.1164166197307392,1.9455282096874777,0.6991194290454935,0.1909722222222222,0.3389090909090909,0.5704967709877399,0.1325217475293648,16.844995645423666,8.0,67.65946492183329,2.4953499092961997,7.294578357887946,"Dongtai, Jiangsu",fallback_analytic
1025,1.8142361111111112,46.5,9.5,1.0132082673908451,1.616256159333055,0.6464186451532662,0.1909722222222222,0.44593301435406696,0.6078755980861243,0.11645454545454545,-29.25860171245673,4.0,67.78575996072084,2.556495605516135,7.023859928861562,"Dongtai, Jiangsu",fallback_analytic
1026,1.5104166666666667,34.125,6.96,0.7173962882403866,1.1435275665029043,0.6960144346991572,0.2170138888888889,0.5183908045977011,0.7463959849347707,0.1460750490056139,-12.464564100932286,5.0,68.00159760370026,2.7374085675447164,7.507141736484683,"Dongtai, Jiangsu",fallback_analytic
1027,1.6753472222222223,50.25,8.391304347826088,0.9412727835262633,2.588623002969384,0.5700194463179518,0.1996527777777778,0.47772020725388603,0.6176165803108808,0.11652173913043479,-30.853349472222988,3.0,71.29111455063497,2.3637715822726655,6.717796503025742,"Dongtai, Jiangsu",fallback_analytic
1028,1.640625,43.875,7.875,0.6942202452332134,4.978400455286986,0.5489285053125253,0.20833333333333334,0.48253968253968255,0.6482945890761543,0.12752329632490536,17.371181890475903,5.0,74.40416082006267,2.3646610723083903,6.817447635317507,"Dongtai, Jiangsu",fallback_analytic
1029,1.8576388888888888,52.875,8.916666666666666,1.362222802967819,1.8038159708936419,0.6491917823788749,0.20833333333333334,0.4261682242990654,0.6442149532710281,0.11508333333333333,40.06826498412488,5.0,70.39612616836168,2.5031965014433224,6.834886869914185,"Dongtai, Jiangsu",fallback_analytic
1030,1.4236111111111112,58.875,6.3076923076923075,0.9147856352086866,2.161762622952698,0.607007514117989,0.22569444444444445,0.5439024390243903,0.7311088659761192,0.13107836759399052,32.176288209038134,6.0,72.3819085493781,2.4805542161801486,7.045016029081465,"Dongtai, Jiangsu",fallback_analytic
1031,1.3368055555555556,52.125,5.923076923076923,0.8832281619503923,2.031850981092849,0.5434662787227147,0.22569444444444445,0.5792207792207792,0.7307729351050621,0.12358147013828683,-35.878739444275496,0.0,72.94261647761431,2.193501046691445,6.601803067304656,"Dongtai, Jiangsu",fallback_analytic
1032,1.4930555555555556,45.75,7.166666666666667,1.136271410691019,1.30204074312288,0.6783008471807773,0.20833333333333334,0.5302325581395348,0.6786627906976744,0.10891666666666666,42.8218373154607,7.0,69.51896846157659,2.6189333297142725,7.112456409544028,"Dongtai, Jiangsu",fallback_analytic
1033,2.6822916666666665,28.5,16.263157894736842,1.7954934463957508,2.4006291704361415,0.5648981508822798,0.16493055555555555,0.31132686084142397,0.5436790356437022,0.13910101757096296,-37.35326113176913,1.0,68.28896825709487,1.9383678112065923,6.187420953885517,"Dongtai, Jiangsu",fallback_analytic
1034,1.2065972222222223,25.125,5.346153846153846,0.9235463215249013,1.122374544828477,0.6482326097903093,0.22569444444444445,0.641726618705036,0.7883551800228299,0.11783994875756128,41.88191976725771,6.0,70.62437860104829,2.439883278600609,7.077823480353111,"Dongtai, Jiangsu",fallback_analytic
1035,1.6927083333333333,60.75,7.8,1.1989360689356117,3.400214459631399,0.5514853677462085,0.2170138888888889,0.4625641025641026,0.6650057847421449,0.12679354670786375,-37.31808778762922,2.0,73.9080393825987,2.2482336508269816,6.430580929091882,"Dongtai, Jiangsu",fallback_analytic
1036,2.048611111111111,48.375,9.833333333333334,1.2293617816548301,2.001682278111514,0.5415915709426795,0.20833333333333334,0.3864406779661017,0.606922361590649,0.11918996299157203,-31.95142282357356,0.0,71.18131217447083,2.1157683419027977,6.509385313798155,"Dongtai, Jiangsu",fallback_analytic
1037,1.7447916666666667,55.875,8.04,1.247288819850814,1.7775177566051683,0.6144591258306497,0.2170138888888889,0.4487562189054726,0.6487000464754863,0.1290847289438183,37.803004498766626,4.0,70.74328692383251,2.4023709644809688,6.793853608494369,"Dongtai, Jiangsu",fallback_analytic
1038,1.9618055555555556,39.75,10.272727272727273,1.0302928770510944,3.1070036940143186,0.6211053593796056,0.1909722222222222,0.41238938053097346,0.6124032950376584,0.13733992934754663,23.70867013566908,7.0,70.65825661566869,2.539466022286002,7.004461275471535,"Dongtai, Jiangsu",fallback_analytic
1039,2.3090277777777777,46.5,12.666666666666666,0.9666677808653719,3.2480311904581076,0.6233912078137275,0.18229166666666666,0.35413533834586464,0.5865129725162596,0.1414037355069536,-10.91671099411679,7.0,69.2335265357138,2.367228284348583,7.103970783702592,"Dongtai, Jiangsu",fallback_analytic
1040,2.0225694444444446,49.875,10.130434782608695,1.1327470099185069,1.3968344217722852,0.6450320205101461,0.1996527777777778,0.39570815450643776,0.5855738598350761,0.12839644450415033,27.066226004655206,2.0,68.49775591656733,2.4417171192837874,6.872445813479441,"Dongtai, Jiangsu",fallback_analytic
1041,2.1961805555555554,44.25,12.047619047619047,1.0345207987572018,2.0204959681617454,0.5647784959899088,0.18229166666666666,0.3723320158102767,0.5812007510186737,0.1264247301832522,16.70655859205973,0.0,67.8749089536672,2.174548513420192,6.705750643914608,"Dongtai, Jiangsu",fallback_analytic
1042,1.6319444444444444,39.75,7.52,1.0961634948637977,1.4717566660271633,0.6327345824532505,0.2170138888888889,0.4797872340425532,0.6746403546647124,0.1264447289438183,34.772546571119676,6.0,70.11404635462672,2.568256552522827,7.063259341592868,"Dongtai, Jiangsu",fallback_analytic
1043,1.8055555555555556,57.75,8.666666666666666,1.00301267078155,1.7658892093057683,0.5950772581298406,0.20833333333333334,0.43846153846153846,0.6879424553114132,0.14163821305594246,-22.77882618665665,3.0,70.00647801491546,2.480185585187916,6.9680591000987455,"Dongtai, Jiangsu",fallback_analytic
1044,1.3368055555555556,47.625,5.703703703703703,1.0036250640552864,1.0731816105999452,0.6066152330137907,0.234375,0.5727272727272728,0.7680636711695547,0.13439246923116605,-41.70626008829178,3.0,71.82028513462888,2.3419734454374495,6.820676512707895,"Dongtai, Jiangsu",fallback_analytic
1045,1.09375,51.375,4.666666666666667,0.8979148590180623,1.4875581677036438,0.6292685789311316,0.234375,0.7,0.8336856085473487,0.12279549798688984,40.03873142438317,2.0,72.95622472350608,2.143367730560228,6.805403583513211,"Dongtai, Jiangsu",fallback_analytic
1046,1.4583333333333333,37.5,6.72,0.864153346724113,2.7866336167990093,0.554419910347964,0.2170138888888889,0.5369047619047619,0.715708904872254,0.12861913782584103,-28.06241011521016,3.0,72.13395251951941,2.3304530356720186,6.8003686718673215,"Dongtai, Jiangsu",fallback_analytic
1047,1.4756944444444444,55.125,6.8,0.7385837232273764,3.0289531177475792,0.5847499152498907,0.2170138888888889,0.5305882352941177,0.7039062588962302,0.11955677335393186,-22.68301913917086,6.0,72.3429740225492,2.452422516324977,7.0373469238073705,"Dongtai, Jiangsu",fallback_analytic
1048,1.71875,39.375,9.0,0.8915608904813958,1.8446243944190257,0.7121498108262053,0.1909722222222222,0.4707070707070707,0.6441264242736342,0.1375962828907026,21.664797852852814,8.0,67.7681763956691,2.85,7.449114422565255,"Dongtai, Jiangsu",fallback_analytic
1049,1.875,53.625,9.0,0.6732898214987149,2.424361919672018,0.686927263686504,0.20833333333333334,0.4222222222222222,0.6354125526431743,0.1381832408122634,-2.583619653448558,8.0,68.5398257087339,2.7490471176757305,7.580938851691353,"Dongtai, Jiangsu",fallback_analytic
1050,1.7361111111111112,43.125,8.333333333333334,1.3436039852300552,1.5631754600876135,0.6245621555206264,0.20833333333333334,0.456,0.6562535467078637,0.1397365556413828,42.20189525709388,6.0,70.41692828266835,2.550346722537942,6.859296433373874,"Dongtai, Jiangsu",fallback_analytic
1051,1.2847222222222223,49.125,5.6923076923076925,0.6993949890957638,2.5810340867513726,0.563852281410559,0.22569444444444445,0.6027027027027027,0.7727758244182703,0.12367224790946252,24.22177246235411,3.0,72.91017831936065,2.360443399041579,6.958249225284252,"Dongtai, Jiangsu",fallback_analytic
1052,1.5711805555555556,48.375,7.869565217391305,0.6664994356748346,2.8118910206709145,0.6070796595239478,0.1996527777777778,0.5093922651933702,0.6768120626862288,0.13458601937591416,12.606224274009257,2.0,70.05465310892698,2.4175664330226603,7.022679531920423,"Dongtai, Jiangsu",fallback_analytic
1053,1.9965277777777777,24.375,10.952380952380953,0.8153090296782562,2.1011293076233644,0.6403216331746019,0.18229166666666666,0.40956521739130436,0.5452173913043479,0.11714285714285715,-13.468360462996845,4.0,66.57543255697128,2.5212267413657963,7.1384405692044615,"Dongtai, Jiangsu",fallback_analytic
1054,1.2239583333333333,35.25,5.64,0.9434206742548241,1.0111112553249346,0.5872701117056985,0.2170138888888889,0.6397163120567376,0.7526464161596511,0.13472150229775018,43.54565440054381,0.0,71.47277930328835,2.2250744296575786,6.641234330801865,"Dongtai, Jiangsu",fallback_analytic
1055,1.9270833333333333,45.75,9.652173913043478,0.7779089247886273,4.093410386648019,0.551362505320312,0.1996527777777778,0.4153153153153153,0.6159325766044125,0.12447475364557811,-12.012497726888434,6.0,71.79879795497997,2.377657483208287,6.968293979021086,"Dongtai, Jiangsu",fallback_analytic
1056,1.8315972222222223,43.875,9.173913043478262,1.1762712447545813,1.5349577782552875,0.7077661168573829,0.1996527777777778,0.4369668246445498,0.5977235892672662,0.1211547439912056,37.81143894377496,8.0,68.68404282974471,2.734754442388849,7.1863485589238305,"Dongtai, Jiangsu",fallback_analytic
1057,1.5104166666666667,55.875,6.96,0.7086421417803518,3.7228502001273562,0.5231916952125806,0.2170138888888889,0.5183908045977011,0.7001093793458596,0.1304447289438183,18.439053039734,3.0,73.52799910318126,2.308661633772041,6.7778331865547905,"Dongtai, Jiangsu",fallback_analytic
1058,1.4670138888888888,24.75,7.041666666666667,1.2761292635577584,1.4387823361446972,0.632236869345235,0.20833333333333334,0.5396449704142012,0.6783038737916354,0.12502329632490536,-43.63227302906662,2.0,70.09623046673157,2.3964047571423195,6.715186981731708,"Dongtai, Jiangsu",fallback_analytic
1059,1.5711805555555556,31.125,6.961538461538462,0.8613577376271422,2.776291008429607,0.5495634946021745,0.22569444444444445,0.49281767955801103,0.701378088594102,0.11883994875756128,-23.636817165033207,3.0,72.09864623614837,2.414493857590312,6.835563303861577,"Dongtai, Jiangsu",fallback_analytic
1060,1.7100694444444444,40.875,8.208333333333334,0.8655931609612745,2.8876350424074984,0.5907042051985822,0.20833333333333334,0.46294416243654823,0.6536685753379327,0.1342132593164774,22.19853263954677,2.0,70.95825242090805,2.410207967807157,6.812773840427646,"Dongtai, Jiangsu",fallback_analytic
1061,1.3715277777777777,47.25,6.32,0.9443671351116323,1.0137836817864303,0.6921253562129663,0.2170138888888889,0.5708860759493671,0.7017900127462279,0.12165913782584102,42.270287481265015,5.0,69.72501742744517,2.5294254471909348,7.076623771373478,"Dongtai, Jiangsu",fallback_analytic
1062,2.3958333333333335,38.625,13.142857142857142,1.2932640143451781,3.18638808146192,0.6127930828343827,0.18229166666666666,0.34130434782608693,0.577884289899852,0.12966282542134744,24.692041525496734,7.0,70.14227501993687,2.2685739984680278,6.816033281174386,"Dongtai, Jiangsu",fallback_analytic
1063,1.0590277777777777,23.25,4.518518518518518,0.7583851960374087,2.0601799709477513,0.6119448933205935,0.234375,0.7229508196721312,0.8401503116147032,0.12970509472013905,-35.86557871061043,2.0,73.1255653414471,2.1864723100033676,6.796574693976013,"Dongtai, Jiangsu",fallback_analytic
1064,1.6840277777777777,63.0,7.461538461538462,0.6128323052506157,2.0427313160850527,0.6238468995910177,0.22569444444444445,0.45979381443298967,0.6454751375499505,0.12005686329407791,6.388999423659527,6.0,70.20508849523392,2.6700950871849956,7.460939350140175,"Dongtai, Jiangsu",fallback_analytic
1065,1.8489583333333333,45.75,8.52,0.8604846873255741,2.586331530768345,0.6675787401651321,0.2170138888888889,0.42347417840375584,0.61141942730983,0.12325913782584103,20.127046746235962,8.0,70.48690626874063,2.662242731860766,7.323782902609944,"Dongtai, Jiangsu",fallback_analytic
1066,1.5538194444444444,27.0,7.16,0.5818014146238343,3.2372044515673792,0.6176911542412403,0.2170138888888889,0.5039106145251396,0.6413353743361987,0.12106236447190916,-12.262635349012449,5.0,70.7176531529255,2.554010718374567,7.194183194749472,"Dongtai, Jiangsu",fallback_analytic
1067,1.5972222222222223,36.0,7.36,0.6567966270647575,2.193730964649441,0.621430285220321,0.2170138888888889,0.4902173913043478,0.6500978260869565,0.10912,-15.832248720864374,4.0,69.41565824965946,2.547003481976056,7.204227058374525,"Dongtai, Jiangsu",fallback_analytic
1068,2.2222222222222223,45.0,11.636363636363637,0.9052654612458682,3.3103333464193163,0.5829732699156149,0.1909722222222222,0.3640625,0.5928245938224168,0.12831451517492257,9.533291120326247,4.0,69.93137029973849,2.337562394997612,6.929894554349003,"Dongtai, Jiangsu",fallback_analytic
1069,2.109375,36.75,11.045454545454545,0.9165931425862079,1.5058971225826197,0.7246976116154691,0.1909722222222222,0.38353909465020575,0.5941063951443768,0.130703565711183,9.632916980071286,8.0,66.05155916502537,2.742725583301674,7.612888365006125,"Dongtai, Jiangsu",fallback_analytic
1070,1.4149305555555556,25.5,6.52,0.6407370271348969,3.550110576906862,0.5328174847272186,0.2170138888888889,0.5533742331288344,0.6998713620011017,0.1277247289438183,-17.436313354938797,1.0,73.07075723514649,2.213180570947388,6.753179582736623,"Dongtai, Jiangsu",fallback_analytic
1071,1.8576388888888888,49.125,8.916666666666666,1.0275439785993095,2.08442438949091,0.6163545986097244,0.20833333333333334,0.4261682242990654,0.6147128411648101,0.11478830557701235,-27.8181375623099,6.0,69.85314942435635,2.5393589915065093,7.010044704211323,"Dongtai, Jiangsu",fallback_analytic
1072,1.4670138888888888,63.375,6.2592592592592595,1.1273723873882529,1.1587644214596506,0.5982420276460839,0.234375,0.5218934911242603,0.7250319646707273,0.12357028812941934,44.262660934529706,1.0,72.2366256964164,2.3002668550214387,6.6296716886061855,"Dongtai, Jiangsu",fallback_analytic
1073,1.171875,46.875,5.1923076923076925,0.49031590121023677,2.1003365335170914,0.6264433470553513,0.22569444444444445,0.6607407407407407,0.7917174371858042,0.11960917952679205,11.82501198889053,2.0,71.01794563311037,2.3819461641645723,7.23550791551192,"Dongtai, Jiangsu",fallback_analytic
1074,1.6579861111111112,61.125,7.958333333333333,1.0967930804819988,2.5130498202666405,0.5614396173033878,0.20833333333333334,0.4774869109947644,0.6427123770280583,0.12062163891034569,-36.75059850880652,3.0,72.21987797224436,2.3207892081710724,6.652663082496995,"Dongtai, Jiangsu",fallback_analytic
1075,1.5711805555555556,18.375,6.961538461538462,0.8669622358560776,2.135474627802564,0.6799719698980987,0.22569444444444445,0.49281767955801103,0.6948569689001417,0.1354983419727712,-24.01653551583882,8.0,69.65827243314689,2.7040269585527845,7.399434595622767,"Dongtai, Jiangsu",fallback_analytic
1076,1.3368055555555556,38.25,5.923076923076923,1.0080667587007155,1.3311987091099038,0.6364988257320197,0.22569444444444445,0.5792207792207792,0.713630077962205,0.11563688891529726,-41.58090555648747,2.0,70.98018506373977,2.3904580096602044,6.789869370267819,"Dongtai, Jiangsu",fallback_analytic
1077,1.7013888888888888,43.875,8.521739130434783,0.8601065631953032,1.3868572191077884,0.691336726485654,0.1996527777777778,0.4704081632653061,0.6685475579755163,0.13610425128236184,18.47240748870749,5.0,67.66095730161194,2.6946602119302128,7.344798642414171,"Dongtai, Jiangsu",fallback_analytic
1078,1.0416666666666667,19.125,4.285714285714286,0.3730278857970188,1.5534139363469799,0.6072478826697957,0.24305555555555555,0.7266666666666667,0.8947452836294373,0.14289842075140044,-3.7273877991825657,1.0,70.85922426974727,2.284273719551176,7.344690130609617,"Dongtai, Jiangsu",fallback_analytic
1079,2.1440972222222223,42.0,11.227272727272727,1.1600704622126305,3.211771213813027,0.576723555181196,0.1909722222222222,0.37732793522267205,0.6221521458115341,0.1298599697203771,24.148645003361494,4.0,71.11546474159454,2.259538813768028,6.723727379276404,"Dongtai, Jiangsu",fallback_analytic
1080,1.7013888888888888,60.75,7.84,1.2081559704979006,1.219528105719637,0.6733440258401874,0.2170138888888889,0.4602040816326531,0.658674697433926,0.12945591117977287,44.56156296451903,5.0,70.3917964716478,2.60201776834702,6.929753067783782,"Dongtai, Jiangsu",fallback_analytic
1081,1.4583333333333333,56.25,6.222222222222222,0.5908999398547133,1.9712190945125223,0.6922027386253106,0.234375,0.525,0.704484253992776,0.11187255969621218,13.300734766827702,8.0,70.07933780449197,2.699711628955489,7.633416978339163,"Dongtai, Jiangsu",fallback_analytic
1082,1.8055555555555556,45.0,9.043478260869565,0.7489559992026862,1.9173532391343489,0.6395629082442963,0.1996527777777778,0.44326923076923075,0.617292179586211,0.13049906285417504,8.264043484620757,2.0,67.94827705606194,2.550881348561481,7.193506846151857,"Dongtai, Jiangsu",fallback_analytic
1083,1.7708333333333333,43.5,9.272727272727273,0.8839658842918656,1.7789684412347464,0.6450798492011578,0.1909722222222222,0.4568627450980392,0.6070098039215687,0.11609090909090909,22.950910497115018,6.0,67.91794777797288,2.6024628477757252,7.248548564818464,"Dongtai, Jiangsu",fallback_analytic
1084,1.9704861111111112,37.5,10.318181818181818,0.7955107890339725,2.8361159760284833,0.571332151619724,0.1909722222222222,0.4105726872246696,0.5996535448052263,0.12884359599080586,-11.016068938886768,3.0,69.12173747382764,2.383936077702529,6.967598421234714,"Dongtai, Jiangsu",fallback_analytic
1085,2.6215277777777777,36.0,15.894736842105264,1.0453462737149453,3.313470229654209,0.5933903954207893,0.16493055555555555,0.3185430463576159,0.5468323002343919,0.14181890062093308,7.674824315933186,4.0,67.26781873316823,2.153669096187705,6.8428608829610145,"Dongtai, Jiangsu",fallback_analytic
1086,1.6059027777777777,58.875,7.4,0.6278392511682169,4.745095445023771,0.4855340010412094,0.2170138888888889,0.4875675675675676,0.699072360416032,0.13077913782584102,11.925425686103964,1.0,74.85846739672091,2.2041510184436284,6.589395905325742,"Dongtai, Jiangsu",fallback_analytic
1087,1.40625,41.625,6.48,0.7282413389461557,2.148396050880237,0.6203858932958333,0.2170138888888889,0.5567901234567901,0.6886360000381455,0.1277247289438183,24.88822281375286,6.0,70.87829027972496,2.5521427882346295,7.168312594561356,"Dongtai, Jiangsu",fallback_analytic
1088,1.7361111111111112,15.375,8.333333333333334,0.7567000012396666,1.013600739457123,0.6700213037054616,0.20833333333333334,0.456,0.6317979768391794,0.13151657414559675,-13.67120050484365,6.0,66.96884707235674,2.7504388739504617,7.491651397304244,"Dongtai, Jiangsu",fallback_analytic
1089,1.3802083333333333,31.125,6.36,0.7650537181868164,1.7139887614406062,0.706289689703792,0.2170138888888889,0.5672955974842767,0.715567962332165,0.11611677335393186,27.50684941339415,8.0,69.4292169806073,2.75475189528009,7.461671075259032,"Dongtai, Jiangsu",fallback_analytic
1090,1.9010416666666667,52.5,9.521739130434783,0.832167164294736,3.1330246458248485,0.6226076053729943,0.1996527777777778,0.42100456621004567,0.5779908675799087,0.11304347826086956,-17.090138683819198,5.0,70.62923309750434,2.481381306351952,7.044218694808831,"Dongtai, Jiangsu",fallback_analytic
1091,1.7274305555555556,55.5,8.291666666666666,0.6306705998197712,1.7398679007439177,0.6460117933107856,0.20833333333333334,0.45829145728643217,0.6669869448711201,0.13401657414559676,-0.865167036006909,4.0,67.49772316988475,2.7027769130673605,7.46173681866505,"Dongtai, Jiangsu",fallback_analytic
1092,0.9461805555555556,36.375,3.892857142857143,0.3532049440229399,2.3200526943442683,0.6473752500208673,0.24305555555555555,0.8,0.9087836576435365,0.11648137305878663,7.029468959022708,7.0,72.05414802724383,2.3942421091188835,7.645479327484694,"Dongtai, Jiangsu",fallback_analytic
1093,1.0243055555555556,32.25,4.214285714285714,0.46448377020156406,0.902156472976323,0.6296399458284401,0.24305555555555555,0.7389830508474576,0.8736960002094766,0.12242991276584837,12.636406931367986,1.0,70.03611545796727,2.3104951146841084,7.33182679790911,"Dongtai, Jiangsu",fallback_analytic
1094,2.0572916666666665,28.5,11.85,0.748325162682784,2.448646926415327,0.6694822275471866,0.1736111111111111,0.4016877637130802,0.5622194092827004,0.1247,-3.2555050752142023,7.0,66.0,2.673563373161399,7.464187125461782,"Dongtai, Jiangsu",fallback_analytic
1095,1.796875,22.5,9.0,1.182810595874841,1.6779298648894834,0.6667856593472047,0.1996527777777778,0.4454106280193237,0.6442492529847145,0.13636512084757924,-34.84057395432414,5.0,68.82084446353072,2.5679866085898033,6.972838584917233,"Dongtai, Jiangsu",fallback_analytic
1096,2.204861111111111,29.625,12.095238095238095,1.6189836695421913,1.6764956388702337,0.6951599943301697,0.18229166666666666,0.37086614173228344,0.5894658977046999,0.1268056825642046,-43.7490404240997,8.0,68.96345869405295,2.493015087813582,6.907917392768235,"Dongtai, Jiangsu",fallback_analytic
1097,2.3003472222222223,33.375,12.619047619047619,1.3573225817605197,2.4549833836748247,0.5694869280492529,0.18229166666666666,0.35547169811320756,0.59947504160854,0.13799231750936158,-28.255757833952842,1.0,69.41327149263536,2.1066752674740923,6.470954446311159,"Dongtai, Jiangsu",fallback_analytic
1098,1.9357638888888888,49.5,10.136363636363637,1.0360902977889843,2.3575062040134798,0.6158533621501237,0.1909722222222222,0.4179372197309417,0.5971300448430493,0.117,27.12012846928083,2.0,69.72158987149584,2.4066332591455493,6.740774954115816,"Dongtai, Jiangsu",fallback_analytic
1099,2.361111111111111,31.125,14.31578947368421,1.1895064380360254,2.6483352310377777,0.6842293887926034,0.16493055555555555,0.3536764705882353,0.5526029411764706,0.1316842105263158,23.0457857606974,8.0,67.2918692232255,2.421491646946377,7.082956085690082,"Dongtai, Jiangsu",fallback_analytic
1100,1.25,34.875,5.333333333333333,0.765698205658166,2.389717730307964,0.5984708625613547,0.234375,0.6125,0.7835564446160989,0.11791995065542939,30.627937342337262,2.0,72.76693196757786,2.2276257756408713,6.825168765059692,"Dongtai, Jiangsu",fallback_analytic
1101,1.9270833333333333,57.0,9.25,0.9834931477453691,3.0006379126058293,0.6164680909192853,0.20833333333333334,0.41081081081081083,0.6686381053161936,0.14272154638927578,-18.78908455151595,5.0,71.16326647894815,2.459483933947217,7.005077214134087,"Dongtai, Jiangsu",fallback_analytic
1102,1.25,23.625,6.0,0.5092606702440025,1.1591944600470343,0.7090951281216917,0.20833333333333334,0.6333333333333333,0.68625,0.10833333333333334,-14.557139974812973,5.0,67.61144372242148,2.701637841648232,7.601478334619331,"Dongtai, Jiangsu",fallback_analytic
1103,2.0572916666666665,53.625,9.875,0.8586432891063229,3.5330471512184154,0.5301657157203438,0.20833333333333334,0.3848101265822785,0.6066986498542148,0.12981160190191773,-12.557431811338333,1.0,72.48121342830137,2.2036158518661457,6.681950828106321,"Dongtai, Jiangsu",fallback_analytic
1104,1.7447916666666667,56.25,8.04,0.8566861266865701,4.214782518879968,0.5325926430662274,0.2170138888888889,0.4487562189054726,0.6595590548416584,0.12965913782584101,-19.292582699581395,6.0,73.91726021390805,2.4281428473087447,6.838617699990235,"Dongtai, Jiangsu",fallback_analytic
1105,2.0833333333333335,31.5,10.434782608695652,0.913261861949246,2.276430268522714,0.6886275925588993,0.1996527777777778,0.38416666666666666,0.6243884335135705,0.1479546474474805,9.820104905381463,8.0,67.90339705618307,2.6500963824610273,7.4630408217415125,"Dongtai, Jiangsu",fallback_analytic
1106,1.4583333333333333,54.375,6.222222222222222,0.6642668100138215,3.122766219651082,0.5732061788134037,0.234375,0.525,0.6961885555678166,0.11653922636287885,18.76287854707504,2.0,73.35473714078215,2.2962715064028685,6.882113938833379,"Dongtai, Jiangsu",fallback_analytic
1107,1.40625,66.75,6.230769230769231,0.9206695361112641,1.001746300146145,0.653172810994148,0.22569444444444445,0.5506172839506173,0.7354022224129494,0.1217214615978804,37.21050771733624,2.0,70.50517616630515,2.441059845948141,6.922902750020474,"Dongtai, Jiangsu",fallback_analytic
1108,2.3177083333333335,46.5,13.35,0.8631734960052999,3.5566356760944453,0.5505687442271212,0.1736111111111111,0.35655430711610486,0.5675892809625235,0.13544596669241482,-5.664308924122835,1.0,69.23477816736849,2.124479074106075,6.723494487743929,"Dongtai, Jiangsu",fallback_analytic
1109,2.0572916666666665,54.0,9.875,1.0815937261676005,4.447603576739745,0.44966544121703944,0.20833333333333334,0.3848101265822785,0.6132946076536033,0.1253716389103457,-25.37591891426848,0.0,74.9936378883014,1.9160252738052355,6.135675701239194,"Dongtai, Jiangsu",fallback_analytic
1110,1.5277777777777777,50.625,7.04,0.5986930873173555,5.19453784087711,0.5387221517611103,0.2170138888888889,0.5125,0.6997613636363637,0.11632,13.91212303612491,5.0,74.93231893642331,2.2846775438133324,6.822217148709826,"Dongtai, Jiangsu",fallback_analytic
1111,2.1180555555555554,43.5,10.608695652173912,1.0781222374354837,2.190295961822481,0.6154785498074591,0.1996527777777778,0.3778688524590164,0.6336232131654063,0.1415668503236415,-20.31601893329924,2.0,69.63187107216974,2.3265575278403454,6.8144155694703805,"Dongtai, Jiangsu",fallback_analytic
1112,1.8923611111111112,40.875,9.083333333333334,1.29504636710423,1.4867689480598671,0.5595607207267694,0.20833333333333334,0.41834862385321103,0.6052249174595393,0.11693996299157203,-41.26572919624167,0.0,70.745482278404,2.168321717560499,6.397658134824302,"Dongtai, Jiangsu",fallback_analytic
1113,1.5798611111111112,48.375,7.28,1.0058702124303966,1.0920504855977797,0.6515345609677619,0.2170138888888889,0.4956043956043956,0.64010279858007,0.12005913782584103,40.157624362994426,4.0,69.81468536683701,2.528590572382427,7.016795542284186,"Dongtai, Jiangsu",fallback_analytic
1114,1.0329861111111112,26.625,4.25,0.6423451925303436,1.4334918034667492,0.6712720757156718,0.24305555555555555,0.7327731092436974,0.8456980169105809,0.12498847626404239,-29.756460074371574,5.0,71.5963645104792,2.3510826328712446,7.26778432567313,"Dongtai, Jiangsu",fallback_analytic
1115,1.3020833333333333,45.75,5.555555555555555,0.8795510607051857,3.257747942850291,0.594195539857781,0.234375,0.588,0.7315870934157275,0.12079549798688984,35.18087758557728,7.0,74.31903808717574,2.3411365900981993,6.887644604440465,"Dongtai, Jiangsu",fallback_analytic
1116,2.092013888888889,40.5,10.954545454545455,1.6689873568821247,1.8125429106385895,0.5773360115213937,0.1909722222222222,0.3867219917012448,0.6086890622919466,0.12740542426583165,-43.38093367300956,1.0,70.51278164342811,2.122552455952127,6.33418386807646,"Dongtai, Jiangsu",fallback_analytic
1117,1.6319444444444444,46.875,8.173913043478262,0.6464109470135415,2.1055359927267108,0.6361374001881677,0.1996527777777778,0.49042553191489363,0.648468085106383,0.11365217391304348,11.308512956188856,6.0,68.55818858508053,2.701566867552868,7.473434555074009,"Dongtai, Jiangsu",fallback_analytic
1118,1.8229166666666667,38.25,9.130434782608695,0.8837585798430969,1.709240386380838,0.6774953191288202,0.1996527777777778,0.439047619047619,0.6596943112386258,0.1415668503236415,17.02453534760663,5.0,67.69232111139311,2.624495840569005,7.274177611612727,"Dongtai, Jiangsu",fallback_analytic
1119,1.7361111111111112,43.125,8.695652173913043,0.7189589595606023,3.2048515835828586,0.5192628560520393,0.1996527777777778,0.461,0.6348451600308979,0.12871996138250993,13.17567138064674,0.0,70.85489446428912,2.2438800784226296,6.702321204418704,"Dongtai, Jiangsu",fallback_analytic
1120,1.5104166666666667,48.75,6.6923076923076925,0.7224223312271347,0.9881082848629372,0.6616482198008415,0.22569444444444445,0.5126436781609195,0.6826014981701184,0.11697994021715483,-18.087920381683173,6.0,68.35637996486878,2.6979219609817586,7.481228280417084,"Dongtai, Jiangsu",fallback_analytic
1121,2.421875,27.0,13.95,1.3743452546115047,1.8674086801829588,0.6326909537193325,0.1736111111111111,0.34121863799283153,0.5666555054704772,0.13719193338482966,26.73557594497383,2.0,67.76037654469768,2.2276273773765403,6.667363412598588,"Dongtai, Jiangsu",fallback_analytic
1122,1.7621527777777777,34.5,8.458333333333334,1.3956298117285928,1.5667604551569516,0.6573377226579115,0.20833333333333334,0.4492610837438424,0.6359656749072885,0.1233566296582387,42.7916273714508,5.0,69.935940837375,2.520277810001718,6.851933618624684,"Dongtai, Jiangsu",fallback_analytic
1123,2.4131944444444446,36.375,14.631578947368421,0.9638312887120067,2.0409757975364387,0.6825507721056177,0.16493055555555555,0.3460431654676259,0.5374820143884892,0.12494736842105263,-5.174776317383028,5.0,66.0,2.4326903856593556,7.235654038259803,"Dongtai, Jiangsu",fallback_analytic
1124,1.2847222222222223,55.5,5.285714285714286,0.4441066462463995,3.1537771420892016,0.6453902040221315,0.24305555555555555,0.5891891891891892,0.7876918018713914,0.12239707941412348,3.9385700589738164,8.0,72.41948580019739,2.6026208948311518,7.591634040423338,"Dongtai, Jiangsu",fallback_analytic
1125,1.9878472222222223,45.0,10.409090909090908,1.1015484891243355,2.5886090244585276,0.5339909216789076,0.1909722222222222,0.4069868995633188,0.5961529781929239,0.13877810107252078,26.86843629955692,0.0,70.65442292623247,2.153660305757902,6.502723489183744,"Dongtai, Jiangsu",fallback_analytic
1126,1.9270833333333333,37.5,10.090909090909092,1.0826310117139903,1.856640914476285,0.5990263451746112,0.1909722222222222,0.4198198198198198,0.6256358559950351,0.13290175762257242,26.10932064781383,1.0,68.45392096927067,2.336156960086934,6.7240541690032005,"Dongtai, Jiangsu",fallback_analytic
1127,1.0850694444444444,34.875,4.62962962962963,0.560872373986201,3.166841286759575,0.5755789535701689,0.234375,0.7056,0.8663096747325819,0.13583990131085877,-22.187946442935292,4.0,74.11054350814818,2.1698174143222166,6.9845908832168435,"Dongtai, Jiangsu",fallback_analytic
1128,1.015625,41.25,4.178571428571429,0.9064700006295977,1.1814915954359053,0.6707870917129355,0.24305555555555555,0.7452991452991453,0.9092240059048713,0.1260856349819401,42.15613702314391,7.0,72.7583275380491,2.338863267036173,7.213132818442439,"Dongtai, Jiangsu",fallback_analytic
1129,2.2135416666666665,32.625,12.142857142857142,1.4501775838680875,2.430942578098652,0.5317343601879971,0.18229166666666666,0.36941176470588233,0.5829613516804347,0.13787992598314408,-35.97839257230452,0.0,70.5887913953231,2.013826765583664,6.260044580973905,"Dongtai, Jiangsu",fallback_analytic
1130,0.9722222222222222,37.125,4.0,0.6307854210137114,2.2951629348904428,0.5672676213193895,0.24305555555555555,0.7785714285714286,0.9103099048354709,0.12025422227126634,30.797821606241726,1.0,74.10806509976325,2.0581692153874767,6.80772542875908,"Dongtai, Jiangsu",fallback_analytic
1131,2.2569444444444446,42.0,12.380952380952381,1.3613240492792078,2.7701464100345836,0.6617203482941151,0.18229166666666666,0.36230769230769233,0.5673655077160753,0.13375806351658553,32.12212377854489,8.0,69.78366416668659,2.4508793769296595,6.900705453629169,"Dongtai, Jiangsu",fallback_analytic
1132,0.8940972222222222,18.0,3.5517241379310347,0.6450581258474004,0.9491350248638764,0.6151558850826601,0.2517361111111111,0.8368932038834952,0.9013529579687998,0.11631442150329163,-39.64677506352026,3.0,72.30861855449125,2.1606119720253587,6.972867901852733,"Dongtai, Jiangsu",fallback_analytic
1133,1.71875,42.375,7.615384615384615,0.6712182085858355,3.9727068123123765,0.5443124436085159,0.22569444444444445,0.4505050505050505,0.6294916902564969,0.11640611968452803,10.773541443558912,2.0,72.9891978997008,2.3259483575690822,6.807944109423309,"Dongtai, Jiangsu",fallback_analytic
1134,2.3177083333333335,42.75,12.714285714285714,1.3293347683518375,2.15113582887092,0.6177603427777565,0.18229166666666666,0.35280898876404493,0.5626875656009322,0.12709139684991888,-29.67950426641798,6.0,68.65704319546708,2.280582781993183,6.860829764365315,"Dongtai, Jiangsu",fallback_analytic
1135,1.0069444444444444,38.625,4.0,0.6921087402254956,1.838263715740634,0.6477087128724659,0.2517361111111111,0.743103448275862,0.8749833104513717,0.12481645984114437,34.412498594344726,5.0,73.35201487524292,2.2515680294789764,7.109490763985298,"Dongtai, Jiangsu",fallback_analytic
1136,1.4236111111111112,40.875,6.56,0.593970379370011,1.298489388780734,0.6947529981628591,0.2170138888888889,0.55,0.701205739925319,0.12325913782584103,11.47382823437136,7.0,67.77034921514974,2.7743449901485446,7.6755592428631525,"Dongtai, Jiangsu",fallback_analytic
1137,2.1440972222222223,48.75,11.227272727272727,0.7751139675769291,2.621705026030871,0.5807244624779102,0.1909722222222222,0.37732793522267205,0.5978829798321404,0.1258599697203771,-1.2264791906550627,3.0,68.57291843984254,2.3797156596366102,7.085096205535327,"Dongtai, Jiangsu",fallback_analytic
1138,2.0746527777777777,35.625,11.380952380952381,1.0304635014634875,1.6666551098968518,0.6140944222122532,0.18229166666666666,0.3941422594142259,0.6070522288514838,0.1462094180711582,-18.466859452192907,1.0,67.23183735466611,2.2884149200372876,6.866210452102753,"Dongtai, Jiangsu",fallback_analytic
1139,1.6927083333333333,63.0,7.5,1.080462946764567,2.245550956807196,0.6670288883015738,0.22569444444444445,0.4574358974358974,0.648722492442375,0.12877067528629824,-33.38355608973981,8.0,71.45920652372021,2.605415620933538,7.1715583241912855,"Dongtai, Jiangsu",fallback_analytic
1140,1.9704861111111112,55.875,9.08,0.8423271745858412,2.117024303127634,0.6520773297803498,0.2170138888888889,0.3973568281938326,0.6261194333520954,0.13851827565168207,8.731492239078634,7.0,69.33954122226099,2.617262967551748,7.406168324274556,"Dongtai, Jiangsu",fallback_analytic
1141,2.03125,43.875,10.173913043478262,1.386514479251544,2.472878889104236,0.5568395430435464,0.1996527777777778,0.394017094017094,0.6235985641553808,0.1391790531998025,33.84568323264838,1.0,71.48862381672392,2.204473110811959,6.413597071390404,"Dongtai, Jiangsu",fallback_analytic
1142,1.8836805555555556,47.25,9.863636363636363,1.1074289765488774,2.7646464317342225,0.5967142058908983,0.1909722222222222,0.4294930875576037,0.6083594470046083,0.11945454545454545,-30.812573593747715,2.0,70.41651851218157,2.3396324897299565,6.63468598262745,"Dongtai, Jiangsu",fallback_analytic
1143,1.7708333333333333,46.125,8.5,1.4284290795924393,1.5456583899053191,0.586869834553423,0.20833333333333334,0.4470588235294118,0.6293235294117647,0.1145,43.878958162342926,3.0,70.80220632708257,2.3481051171794265,6.616675690390837,"Dongtai, Jiangsu",fallback_analytic
1144,1.3802083333333333,64.875,5.678571428571429,0.7133278083354286,1.9687311386581392,0.5770231976758129,0.24305555555555555,0.5484276729559748,0.7152079497632648,0.1183256508426949,23.15035898007538,3.0,72.50035312695483,2.370023845661625,6.9944500086312145,"Dongtai, Jiangsu",fallback_analytic
1145,1.5625,47.625,7.2,0.70584675383274,3.0366465741616873,0.5507516557691118,0.2170138888888889,0.5011111111111111,0.6779556408465943,0.12405913782584102,-14.843316610926205,3.0,71.65093420775304,2.421030210733618,6.984474996341225,"Dongtai, Jiangsu",fallback_analytic
1146,2.3177083333333335,30.0,13.35,0.8976045778186774,2.3450597566322857,0.6326545377330726,0.1736111111111111,0.35655430711610486,0.5833056630023539,0.14289193338482967,-5.582409167430235,6.0,66.82605495716844,2.413364013420861,7.225983734552473,"Dongtai, Jiangsu",fallback_analytic
1147,1.5625,25.125,7.5,0.9953271277225242,1.6316271190752072,0.7057551634614241,0.20833333333333334,0.5066666666666667,0.6751991890004643,0.12515994448735807,34.008988542477994,8.0,68.6884415184746,2.6754734237151143,7.328263556819365,"Dongtai, Jiangsu",fallback_analytic
1148,1.9010416666666667,22.125,10.428571428571429,0.9172152752534355,1.9517520722425157,0.6072204727668287,0.18229166666666666,0.4301369863013699,0.6213440092100172,0.1309961587546808,-19.443519246188885,1.0,67.447351819113,2.3928922390170024,6.850547663590829,"Dongtai, Jiangsu",fallback_analytic
1149,1.7881944444444444,54.0,8.24,0.7621432868629224,2.852849431569236,0.5908516801516026,0.2170138888888889,0.43786407766990293,0.6561894757581532,0.11898236447190914,-14.356667572639044,6.0,71.31307230393925,2.4890370912538273,7.164236713587979,"Dongtai, Jiangsu",fallback_analytic
1150,1.7447916666666667,49.5,8.375,0.7443268882113208,4.161940263475566,0.5795826472658578,0.20833333333333334,0.4537313432835821,0.6144179104477612,0.11391666666666667,-16.091235401797825,7.0,72.75329450465887,2.491828872921714,7.1053855332429965,"Dongtai, Jiangsu",fallback_analytic
1151,1.71875,16.125,7.92,0.5976937435327159,1.3600001409889946,0.7271436335080205,0.2170138888888889,0.45555555555555555,0.659890427825296,0.13931827565168206,-0.73997893287099,8.0,66.10265287145228,2.85,7.85,"Dongtai, Jiangsu",fallback_analytic
1152,2.092013888888889,25.875,12.05,0.9150558407142566,4.220857901033085,0.5919245614412173,0.1736111111111111,0.3950207468879668,0.597019004213481,0.14589193338482967,-14.094289943373607,7.0,69.98485127864669,2.3816405140840438,6.977979999025578,"Dongtai, Jiangsu",fallback_analytic
1153,1.1111111111111112,48.375,4.571428571428571,1.013872456028364,1.1186490503124766,0.634004695301922,0.24305555555555555,0.68125,0.8243573542793149,0.11790994448735806,-44.00381753715098,2.0,72.7434416819892,2.15434060063814,6.781421353678016,"Dongtai, Jiangsu",fallback_analytic
1154,2.109375,45.0,11.571428571428571,1.0537225387725861,1.4522976160808043,0.586738360472531,0.18229166666666666,0.38765432098765434,0.5820665707188905,0.14268560854734866,-18.784469673504574,0.0,67.25592623864259,2.255093350007936,6.7926490994143816,"Dongtai, Jiangsu",fallback_analytic
1155,1.3888888888888888,22.125,6.4,0.4860572495987555,2.549679942771831,0.6490219011940654,0.2170138888888889,0.56375,0.6840604833462074,0.11922236447190915,-7.828278785122819,5.0,69.11279150215762,2.5858523163697584,7.415799195635364,"Dongtai, Jiangsu",fallback_analytic
1156,1.875,31.875,9.391304347826088,0.6414737226581411,3.3001335378872447,0.6235509873559623,0.1996527777777778,0.42685185185185187,0.6245989352924691,0.13321037685637363,-3.5398264682601592,7.0,69.82606375230077,2.5991875006159844,7.351156359325177,"Dongtai, Jiangsu",fallback_analytic
1157,1.1631944444444444,24.0,5.153846153846154,0.6992118661177882,0.899937023120942,0.6661034888748952,0.22569444444444445,0.6656716417910448,0.7783228160510604,0.11905686329407791,-32.12478221036291,6.0,69.79746785091424,2.480045449050835,7.349330135548898,"Dongtai, Jiangsu",fallback_analytic
1158,1.3541666666666667,34.5,6.0,0.570413737399988,3.2039841920734147,0.5790935272655083,0.22569444444444445,0.5717948717948718,0.7001794871794872,0.10976923076923077,17.76540878279856,2.0,72.4890300474439,2.3056513155073395,6.902183623148029,"Dongtai, Jiangsu",fallback_analytic
1159,1.8229166666666667,37.875,9.130434782608695,0.8110040031617124,3.0985317908134227,0.6248338460187722,0.1996527777777778,0.439047619047619,0.6143990000367832,0.12151823190644767,-16.041145398983634,5.0,70.24697270847007,2.5250441322695343,7.087254784606977,"Dongtai, Jiangsu",fallback_analytic
1160,1.3454861111111112,33.75,6.2,0.8788256363344481,1.6689087855064266,0.633542012015254,0.2170138888888889,0.5819354838709677,0.7292474494889444,0.12138236447190914,-33.54243969171665,4.0,70.99222466956597,2.488201947368956,7.020949420260099,"Dongtai, Jiangsu",fallback_analytic
1161,2.204861111111111,41.25,12.095238095238095,0.9197841775578061,5.303595837389391,0.5430439660687788,0.18229166666666666,0.37086614173228344,0.5957091654516466,0.1437066032236473,12.052514956067988,5.0,72.86567353768594,2.157098872033909,6.675844450091351,"Dongtai, Jiangsu",fallback_analytic
1162,1.3628472222222223,56.625,5.607142857142857,0.5255684847265168,3.5724729013402037,0.4853839001128868,0.24305555555555555,0.5554140127388535,0.7305650276533295,0.11903993655698063,12.194311377677131,0.0,74.4077506686782,2.13177991914936,6.667769421286913,"Dongtai, Jiangsu",fallback_analytic
1163,2.03125,47.625,10.173913043478262,1.2652408998838407,2.566435714077337,0.5929482132193307,0.1996527777777778,0.394017094017094,0.6040836752796962,0.11951823190644767,33.822367350670646,6.0,70.97254208169016,2.3643764189568994,6.731933669566338,"Dongtai, Jiangsu",fallback_analytic
1164,1.8229166666666667,54.375,8.4,1.408594688597553,1.7018217492993897,0.6110347313730112,0.2170138888888889,0.42952380952380953,0.638107139758558,0.12725913782584103,-42.14917045881521,4.0,71.6422039330928,2.4445688958228113,6.691902666206182,"Dongtai, Jiangsu",fallback_analytic
1165,1.8923611111111112,43.125,9.083333333333334,1.337727027605919,2.706279794701594,0.5790730604410327,0.20833333333333334,0.41834862385321103,0.640269308906297,0.1367132593164774,-35.426109227185854,6.0,71.89849716729022,2.3940332433001883,6.746891591189852,"Dongtai, Jiangsu",fallback_analytic
1166,2.6475694444444446,41.625,14.523809523809524,1.147075248258661,4.568605874017934,0.5983519217756029,0.18229166666666666,0.30885245901639347,0.5256786885245902,0.12257142857142857,17.21066373530922,8.0,71.32470714499948,2.1523152600184745,6.783776014559346,"Dongtai, Jiangsu",fallback_analytic
1167,1.4496527777777777,55.5,6.423076923076923,0.5874012825655395,1.578403037512623,0.7134372716413179,0.22569444444444445,0.5341317365269461,0.6895711777063829,0.11928763252484714,-9.766272672019092,8.0,68.9401322203822,2.8364971087882562,7.743134176532668,"Dongtai, Jiangsu",fallback_analytic
1168,2.560763888888889,41.25,14.047619047619047,1.0163111672227803,3.7871935974114272,0.5298389760812984,0.18229166666666666,0.3193220338983051,0.5535469085321822,0.12994853970706174,7.797253132191869,3.0,70.08006807941769,2.0536317479087405,6.709240391491652,"Dongtai, Jiangsu",fallback_analytic
1169,1.5451388888888888,57.75,6.846153846153846,0.6389247064792603,2.294028870370603,0.6477513013704498,0.22569444444444445,0.501123595505618,0.7153316404841549,0.12542762398444068,-11.848658977665288,5.0,70.34478598744815,2.603701352193867,7.316739744550556,"Dongtai, Jiangsu",fallback_analytic
1170,2.4913194444444446,40.125,13.666666666666666,1.1770354219365087,4.498894399775888,0.5649419737981708,0.18229166666666666,0.32822299651567943,0.5696203205790229,0.13497900532370136,-18.02439224539213,7.0,72.01392016123178,2.1694435745609106,6.6989304553559625,"Dongtai, Jiangsu",fallback_analytic
1171,1.5451388888888888,58.125,7.416666666666667,0.9535549529448284,2.350133416940783,0.6086857985379088,0.20833333333333334,0.5123595505617977,0.7007911349095731,0.1400848982268231,29.81001734083638,2.0,71.47905706727708,2.392109684651805,6.807424751022512,"Dongtai, Jiangsu",fallback_analytic
1172,1.7361111111111112,57.75,8.333333333333334,0.8308378198514885,1.1306750102229408,0.662372820130356,0.20833333333333334,0.456,0.6245411267233126,0.12256160190191774,-18.332965155370857,4.0,67.99490202792582,2.659206839158748,7.330348366251189,"Dongtai, Jiangsu",fallback_analytic
1173,2.1788194444444446,46.875,11.409090909090908,0.8588642762651322,3.0190835041929116,0.5964793110039005,0.1909722222222222,0.3713147410358566,0.6088386428258853,0.1367944748020921,6.873613424036776,2.0,69.46987050656595,2.29520902883218,6.929753650877434,"Dongtai, Jiangsu",fallback_analytic
1174,1.8576388888888888,23.25,9.304347826086957,1.5069674409899327,1.5844551257340918,0.6225583751088167,0.1996527777777778,0.4308411214953271,0.6054544736020658,0.13397732372374024,44.11316839897238,4.0,70.08843428920302,2.4148894353493495,6.676963071877772,"Dongtai, Jiangsu",fallback_analytic
1175,2.3350694444444446,43.5,11.695652173913043,1.0302819382708082,1.5603942893121796,0.7125882286744581,0.1996527777777778,0.34275092936802976,0.5630021561912599,0.11630084060209984,-14.071377124933107,8.0,68.05934594968751,2.5087556138548317,7.39254651671987,"Dongtai, Jiangsu",fallback_analytic
1176,1.7100694444444444,18.75,8.208333333333334,0.5621842284799838,2.5233022161256566,0.5824138755491077,0.20833333333333334,0.46294416243654823,0.6316354146430984,0.13064493523525106,-4.151506080200612,3.0,68.97927621733781,2.506006702320916,7.265971931128981,"Dongtai, Jiangsu",fallback_analytic
1177,0.7465277777777778,33.375,3.0714285714285716,0.3033660639911712,2.2362072118190572,0.6177226245231465,0.24305555555555555,1.013953488372093,1.0614928683368132,0.12650134133727695,-12.57720168383792,4.0,72.12995923086149,2.246899020811653,7.488880747039792,"Dongtai, Jiangsu",fallback_analytic
1178,2.0052083333333335,32.25,10.043478260869565,0.8293328466594128,4.7433263742268705,0.48830890894232637,0.1996527777777778,0.3991341991341991,0.6071543752450242,0.13484688894113156,-11.958227205689106,3.0,73.5062290896831,2.1349581698742788,6.574985641711322,"Dongtai, Jiangsu",fallback_analytic
1179,1.7013888888888888,46.125,8.166666666666666,0.8899590808591027,3.6864504293159035,0.48777695292633305,0.20833333333333334,0.46530612244897956,0.6544211633125987,0.12428830557701236,-25.390057720975197,0.0,73.05018993267058,2.1801970642231496,6.372073249640048,"Dongtai, Jiangsu",fallback_analytic
1180,2.1961805555555554,41.25,11.5,1.5516047945197133,2.272943416853723,0.5986152937672848,0.1909722222222222,0.3683794466403162,0.5700316205533597,0.12063636363636364,39.89005755472226,4.0,70.7999354549698,2.175117237066545,6.523681250655318,"Dongtai, Jiangsu",fallback_analytic
1181,1.4583333333333333,61.875,6.461538461538462,0.7915405614910941,4.162957057920091,0.5668895396679969,0.22569444444444445,0.530952380952381,0.7252165873628925,0.13027377783059452,24.61991458638576,5.0,75.00245561294989,2.2839952249804556,6.794811922112476,"Dongtai, Jiangsu",fallback_analytic
1182,2.2135416666666665,26.25,13.421052631578947,0.7925777973557412,1.9968868732812828,0.6911644687300745,0.16493055555555555,0.3772549019607843,0.5901776706306441,0.1377325965183314,0.3970618731857698,7.0,66.0,2.577625021921533,7.528505839390757,"Dongtai, Jiangsu",fallback_analytic
1183,1.5190972222222223,57.75,7.291666666666667,1.0213716448955608,1.25403427897166,0.7198170963786444,0.20833333333333334,0.5211428571428571,0.6610285714285714,0.11083333333333334,40.43735957142668,8.0,68.93685460857323,2.7201486517097537,7.24588457351469,"Dongtai, Jiangsu",fallback_analytic
1184,1.6927083333333333,42.375,9.285714285714286,0.8942388869072024,3.2857503233236316,0.5547795982574333,0.18229166666666666,0.48307692307692307,0.6396873436214336,0.1325199682784903,-24.642525821809887,3.0,70.29094622605356,2.3590813943746487,6.735602775925566,"Dongtai, Jiangsu",fallback_analytic
1185,1.9878472222222223,46.125,9.541666666666666,0.9027162275621119,2.3235484692834936,0.5767827454595091,0.20833333333333334,0.3982532751091703,0.6095291558283422,0.12506160190191773,13.657990990776064,1.0,69.97771365665604,2.391208057223264,6.859518472818366,"Dongtai, Jiangsu",fallback_analytic
1186,0.7118055555555556,18.0,2.7333333333333334,0.19658296674061937,3.334425347360728,0.5323013341026128,0.2604166666666667,1.0390243902439025,1.0960857561729216,0.11977060745318191,4.037814967958234,1.0,74.27120898056296,2.0408702670191223,7.169616737646611,"Dongtai, Jiangsu",fallback_analytic
1187,2.578125,34.125,15.631578947368421,1.288759967072389,3.0639056258888187,0.5586364318371072,0.16493055555555555,0.3239057239057239,0.5406571044811374,0.14157045619455755,-18.50497444311232,3.0,68.22941596826303,2.0706736613567123,6.561313240751184,"Dongtai, Jiangsu",fallback_analytic
1188,2.3958333333333335,33.0,13.8,1.6148540866890895,1.621857646260522,0.5978926417931265,0.1736111111111111,0.34492753623188405,0.5464226836289877,0.13807392228230128,44.686825901734025,3.0,68.7712886050172,2.1136725378357197,6.437822137133512,"Dongtai, Jiangsu",fallback_analytic
1189,1.5798611111111112,33.0,7.28,0.974538860594018,2.80641616691884,0.6192131877883745,0.2170138888888889,0.4956043956043956,0.6906588902881466,0.12359354670786374,-30.864058445291295,5.0,71.6176631599079,2.441452412449628,6.919622983179029,"Dongtai, Jiangsu",fallback_analytic
1190,1.1371527777777777,36.375,4.678571428571429,0.7554182716801143,2.1896033415982314,0.5315046910244218,0.24305555555555555,0.665648854961832,0.8113506464598113,0.11576708734450092,35.55746070360938,0.0,73.64334395695192,2.026186983610348,6.597453090376509,"Dongtai, Jiangsu",fallback_analytic
1191,2.3784722222222223,33.375,13.7,0.9188964107873626,3.0726717304422015,0.6026983854619284,0.1736111111111111,0.34744525547445254,0.5798029197080292,0.1291,5.495591015252145,4.0,67.73569544294655,2.275466283620581,7.00214059673648,"Dongtai, Jiangsu",fallback_analytic
1192,2.1006944444444446,44.625,10.521739130434783,1.6386793095734564,1.7921829845557533,0.6439807860126092,0.1996527777777778,0.38099173553719007,0.6014827355946446,0.1247356232107955,43.262910149366476,7.0,70.52844913050085,2.4452617748523653,6.7746749528175165,"Dongtai, Jiangsu",fallback_analytic
1193,1.4236111111111112,38.25,6.074074074074074,0.9153873058901439,2.3821298920014744,0.5577868120843352,0.234375,0.5378048780487805,0.6896282439401193,0.11431700414065663,34.11223595998011,1.0,72.7191890724583,2.176558938730431,6.659550467131701,"Dongtai, Jiangsu",fallback_analytic
1194,1.4670138888888888,21.0,6.76,0.5184020817821999,0.9057893302369713,0.713483732408122,0.2170138888888889,0.5337278106508876,0.6766902998911278,0.12141913782584103,3.510132257308669,7.0,66.202826618317,2.85,7.845846481195472,"Dongtai, Jiangsu",fallback_analytic
1195,2.1961805555555554,47.625,11.5,1.1367181127015726,2.4890852979951408,0.6065650857943536,0.1909722222222222,0.3683794466403162,0.600240656230289,0.13108357580439062,20.712381007581953,2.0,69.58021619703388,2.221347520197672,6.713769613279514,"Dongtai, Jiangsu",fallback_analytic
1196,1.4409722222222223,59.625,6.64,0.561037865313315,3.2603601902854997,0.5825954666649363,0.2170138888888889,0.5433734939759036,0.720465991992689,0.12242236447190916,9.958697986562619,6.0,72.05758787868982,2.522863987472466,7.221330952358801,"Dongtai, Jiangsu",fallback_analytic
1197,1.9184027777777777,55.5,10.045454545454545,0.9571571898049118,2.874489093437807,0.5983313708925135,0.1909722222222222,0.42171945701357466,0.6045657556840704,0.12558724244764985,-23.141232948819397,6.0,70.31057218744257,2.460818267901273,6.973779312291911,"Dongtai, Jiangsu",fallback_analytic
1198,2.1527777777777777,33.375,11.80952380952381,0.7915383166666936,3.3655413063079003,0.520695981747683,0.18229166666666666,0.37983870967741934,0.569733870967742,0.12323809523809524,5.584734642647987,0.0,69.53931429603927,2.1468211867718594,6.6817640636559315,"Dongtai, Jiangsu",fallback_analytic
1199,1.5277777777777777,51.0,6.769230769230769,0.7775053898206638,2.3516847805181147,0.6749018376308933,0.22569444444444445,0.5068181818181818,0.7123616137943637,0.13757526504969428,20.37726909675959,8.0,70.57386343382753,2.7119569192159645,7.437253477185931,"Dongtai, Jiangsu",fallback_analytic
1200,2.482638888888889,38.625,14.3,1.415096844198882,3.216572771896491,0.6470943264672961,0.1736111111111111,0.3328671328671329,0.5778181818181818,0.1301,27.92656501729158,8.0,69.27452302877867,2.27441945183565,6.821175897591042,"Dongtai, Jiangsu",fallback_analytic
1201,1.8576388888888888,50.25,8.916666666666666,0.7901652465667353,3.795348490535436,0.5574127838492464,0.20833333333333334,0.4261682242990654,0.640641844256011,0.12252329632490537,-13.084915578447372,6.0,72.39373706280242,2.4268384549207167,7.0115164476784555,"Dongtai, Jiangsu",fallback_analytic
1202,2.1354166666666665,47.25,10.695652173913043,1.5401392805839818,1.8052604903308738,0.5773992869411835,0.1996527777777778,0.3747967479674797,0.5941274580113266,0.12524170051294473,-41.20551738195524,3.0,70.79306626328292,2.210043309895848,6.489997546824763,"Dongtai, Jiangsu",fallback_analytic
1203,2.1180555555555554,29.25,11.090909090909092,0.8259000993481627,1.8259608113949994,0.6105227857924957,0.1909722222222222,0.3819672131147541,0.606214699495762,0.13732355561797535,-5.606395958118725,3.0,67.06815381214524,2.4432994500951493,7.168803049171283,"Dongtai, Jiangsu",fallback_analytic
1204,1.9444444444444444,47.625,9.73913043478261,1.2760324722807659,1.5057516555780215,0.5999439126634262,0.1996527777777778,0.41160714285714284,0.5929377857694604,0.11717040581949115,39.55314537556595,3.0,69.9378150785093,2.328717317986852,6.688795367989125,"Dongtai, Jiangsu",fallback_analytic
1205,1.7881944444444444,44.25,8.583333333333334,1.3290520366981746,1.7147980208565352,0.6190793310311449,0.20833333333333334,0.44271844660194176,0.6566841489623071,0.13459990747893008,40.4927407653082,2.0,70.88345827362075,2.3816241820445105,6.60789788843603,"Dongtai, Jiangsu",fallback_analytic
1206,1.8315972222222223,32.625,9.173913043478262,1.286957006039044,2.380062539325211,0.5295344959632075,0.1996527777777778,0.4369668246445498,0.6129043697341422,0.1276051884281868,37.84279957607009,0.0,71.29858511649915,2.1859709938446716,6.350641361677317,"Dongtai, Jiangsu",fallback_analytic
1207,2.3958333333333335,42.375,13.142857142857142,0.9819639595272173,2.579103391285764,0.5445364726341475,0.18229166666666666,0.34130434782608693,0.552929521772715,0.12547234923087125,8.55693676997278,0.0,68.58322649310453,2.0671454500015205,6.6959938508020995,"Dongtai, Jiangsu",fallback_analytic
1208,1.0677083333333333,34.125,4.730769230769231,0.3278539134634829,2.357610309638041,0.6576508755203834,0.22569444444444445,0.7252032520325203,0.7936559132958795,0.11948304276145111,-2.9957028530436816,7.0,70.80406422163364,2.497262746328082,7.731777006870828,"Dongtai, Jiangsu",fallback_analytic
1209,1.9184027777777777,46.875,10.045454545454545,1.344076873401413,1.7608657863617938,0.5573995158316939,0.1909722222222222,0.42171945701357466,0.6250287541664541,0.12857086871807857,37.612839329450736,0.0,70.08034542927695,2.2217066595937314,6.419338809593681,"Dongtai, Jiangsu",fallback_analytic
1210,1.6059027777777777,45.375,7.708333333333333,0.5185366219990333,2.4733927049328712,0.5861561602560571,0.20833333333333334,0.492972972972973,0.6814235387610074,0.12477329632490536,1.7059326375556125,1.0,69.21889055276037,2.481567141377317,7.1823628233318475,"Dongtai, Jiangsu",fallback_analytic
1211,1.2239583333333333,27.375,5.423076923076923,0.6285698711377171,2.1407476740903526,0.5842967426353216,0.22569444444444445,0.6326241134751773,0.7753974989969258,0.12755376074978161,19.527081977414,3.0,71.32378602724407,2.3043973208182345,7.059840814085176,"Dongtai, Jiangsu",fallback_analytic
1212,2.34375,33.375,12.272727272727273,1.3022387236584299,1.6292495458813532,0.6693376914406308,0.1909722222222222,0.3451851851851852,0.5582162469517257,0.13150537379979352,-25.661581325481897,7.0,68.26229530728513,2.456944788891183,7.015872725419578,"Dongtai, Jiangsu",fallback_analytic
1213,1.8315972222222223,49.875,9.590909090909092,0.8191885712289146,2.057727219367103,0.6365205905983815,0.1909722222222222,0.44170616113744077,0.6348674502662539,0.1249508788112862,15.03564635600064,2.0,68.3471912370933,2.537370620005687,7.072765965775123,"Dongtai, Jiangsu",fallback_analytic
1214,1.171875,17.25,4.821428571428571,0.5713126781599241,4.186364028260083,0.5639984872987552,0.24305555555555555,0.6459259259259259,0.7688040593279211,0.1119614047802963,24.978702300528212,7.0,75.36574473117382,2.2382056971792244,6.976790608256231,"Dongtai, Jiangsu",fallback_analytic
1215,2.439236111111111,42.0,12.772727272727273,1.761534529563817,2.026575390847054,0.5300728254057874,0.1909722222222222,0.33167259786476866,0.5575731815386445,0.1261326969931044,42.373574260838325,0.0,71.17294679087944,1.9797098878919832,6.092859981872092,"Dongtai, Jiangsu",fallback_analytic
1216,2.0225694444444446,52.125,9.708333333333334,1.4499882160696025,1.7763334047935924,0.6467804684988054,0.20833333333333334,0.39141630901287555,0.6220047039422262,0.12037163891034569,41.15501589116704,7.0,71.3071743177695,2.486141752467183,6.8763429471112385,"Dongtai, Jiangsu",fallback_analytic
1217,2.0399305555555554,52.125,9.791666666666666,0.7017904930125611,4.385125408547447,0.502356697270933,0.20833333333333334,0.3880851063829787,0.5999121475352611,0.1261066296582387,-3.395110801849036,1.0,73.06067464655467,2.163607462276082,6.680867885189736,"Dongtai, Jiangsu",fallback_analytic
1218,1.7274305555555556,46.875,9.045454545454545,0.9986037027836259,1.4596086608853636,0.5832687276754626,0.1909722222222222,0.46834170854271356,0.6289414807577205,0.1357781010725208,29.8080775706146,0.0,68.37381124604939,2.3737442319863336,6.718078905616764,"Dongtai, Jiangsu",fallback_analytic
1219,1.640625,58.125,7.56,0.6972209234958108,3.8337171633196534,0.6242138654162703,0.2170138888888889,0.47724867724867726,0.6890459930570378,0.12941913782584102,-12.935677625967642,8.0,72.27252932368233,2.664601673914116,7.290577157995782,"Dongtai, Jiangsu",fallback_analytic
1220,1.71875,49.125,8.25,0.9125658549688347,3.194704397437019,0.5765425232370991,0.20833333333333334,0.46060606060606063,0.6585490370786502,0.13279659264981072,24.001149442715203,4.0,71.79135137259837,2.4097179035805985,6.8633367947537955,"Dongtai, Jiangsu",fallback_analytic
1221,1.5017361111111112,34.875,7.521739130434782,0.9070962507000098,3.1821680246581607,0.5826447067634509,0.1996527777777778,0.5329479768786127,0.6622184393510084,0.1258660579934042,-31.930291825492517,2.0,72.06958673544882,2.2912869107431955,6.6858868585324,"Dongtai, Jiangsu",fallback_analytic
1222,1.2326388888888888,55.5,5.2592592592592595,0.831318431660284,3.3188734009333922,0.628679826696253,0.234375,0.6211267605633802,0.781253971918022,0.11610812347586283,36.013681704492924,8.0,74.61198555014131,2.364460341211099,7.001544889900175,"Dongtai, Jiangsu",fallback_analytic
1223,1.6145833333333333,24.75,7.44,0.580373191285334,3.5182012045281024,0.5365084130563514,0.2170138888888889,0.48494623655913977,0.6883221399593693,0.12655354670786373,3.497286913438593,3.0,71.52100159234968,2.419839764598381,7.077183182337055,"Dongtai, Jiangsu",fallback_analytic
1224,2.0225694444444446,29.25,11.65,1.558093273685166,1.563754804199607,0.6374871879957201,0.1736111111111111,0.40858369098712444,0.6066979056722253,0.14417392228230128,44.855397854838245,4.0,68.3379807019905,2.367517068719917,6.659951111558708,"Dongtai, Jiangsu",fallback_analytic
1225,1.4149305555555556,43.125,6.791666666666667,0.5746346815478731,1.6476624430036397,0.6519414483512727,0.20833333333333334,0.5595092024539877,0.6677668711656441,0.10891666666666666,-11.237662297833204,4.0,68.75033671303336,2.5744572465355486,7.431451565124035,"Dongtai, Jiangsu",fallback_analytic
1226,1.9010416666666667,51.0,9.125,0.9210011441140848,1.9253690193122055,0.6619785267962817,0.20833333333333334,0.41643835616438357,0.6159625815530201,0.13318324081226343,18.706556911972243,7.0,68.80574542556894,2.662812313111888,7.325179807541782,"Dongtai, Jiangsu",fallback_analytic
1227,2.421875,43.5,13.285714285714286,1.4399512437846274,1.9203947896845115,0.6225653253279012,0.18229166666666666,0.33763440860215055,0.567137526964779,0.13256374608079016,30.88578408999973,6.0,69.20710478420716,2.3325347796192646,6.80300187689053,"Dongtai, Jiangsu",fallback_analytic
1228,2.126736111111111,43.875,12.25,0.8819219020922242,1.7631212399535336,0.5865593854292807,0.1736111111111111,0.38857142857142857,0.5521632653061225,0.12,9.704974511344197,0.0,66.69036253266204,2.2766445832212447,6.941689474301652,"Dongtai, Jiangsu",fallback_analytic
1229,2.0659722222222223,37.875,10.347826086956522,1.0934891237229483,2.9422655277120104,0.5147850917203793,0.1996527777777778,0.3873949579831933,0.605764705882353,0.11426086956521739,25.271812933894452,0.0,71.62113849999427,2.0755890852947148,6.439400094102525,"Dongtai, Jiangsu",fallback_analytic
1230,1.8663194444444444,45.75,9.347826086956522,0.7254557560194114,2.3561406440348778,0.5879514217756061,0.1996527777777778,0.4288372093023256,0.6146132745120165,0.13810425128236184,8.70148495949806,1.0,68.52928489473737,2.448339867054438,6.992662181532184,"Dongtai, Jiangsu",fallback_analytic
1231,2.873263888888889,27.0,19.470588235294116,1.1525849078611898,2.2103607812113375,0.6089891168815434,0.14756944444444445,0.29667673716012083,0.5289194502023981,0.1448776078734292,4.583055494768679,3.0,66.0,2.1890634808304283,6.932932930717531,"Dongtai, Jiangsu",fallback_analytic
1232,1.3454861111111112,48.75,5.7407407407407405,0.5990969120485131,3.2659791064739148,0.6400844592591028,0.234375,0.5690322580645162,0.7272,0.10496296296296297,19.358521116107738,8.0,72.89921189784374,2.5243892165801087,7.273376724986028,"Dongtai, Jiangsu",fallback_analytic
1233,1.1111111111111112,65.25,4.7407407407407405,0.7673627742515112,1.4170571702239179,0.6373107022209827,0.234375,0.6890625,0.8253345469836251,0.1284458354608798,-35.86796275039898,2.0,72.63985545175436,2.210939251382253,6.920675245802461,"Dongtai, Jiangsu",fallback_analytic
1234,1.7795138888888888,61.5,7.884615384615385,1.014631484852263,2.215531001640506,0.6008629449847337,0.22569444444444445,0.4351219512195122,0.6174586927130711,0.11563688891529726,-30.84145736677571,2.0,71.98924423522361,2.3534911813692236,6.745049250289942,"Dongtai, Jiangsu",fallback_analytic
1235,1.6232638888888888,46.125,7.48,0.9265638590700214,1.8298144411278119,0.6251962568809756,0.2170138888888889,0.4823529411764706,0.6464050339451995,0.1331215022977502,-29.410561411503743,4.0,70.20548445554186,2.5595585041536704,7.023083545837117,"Dongtai, Jiangsu",fallback_analytic
1236,0.9895833333333334,22.5,3.9310344827586206,0.5922890816717723,2.0635371128791324,0.5376905633290749,0.2517361111111111,0.756140350877193,0.8613865264242029,0.10947997702925161,-33.85657591496972,0.0,73.6572331501888,1.992085260263376,6.616860941588881,"Dongtai, Jiangsu",fallback_analytic
1237,1.5538194444444444,49.125,7.16,1.0021835330080728,3.7165416801332736,0.5467023803632352,0.2170138888888889,0.5039106145251396,0.6859834190289361,0.1306847289438183,32.36545947892864,4.0,74.449233882062,2.291649023714564,6.617210041137047,"Dongtai, Jiangsu",fallback_analytic
1238,1.6232638888888888,54.375,7.791666666666667,0.7359189001856518,4.837788371499176,0.5528850424659402,0.20833333333333334,0.48770053475935826,0.6635935828877005,0.12058333333333333,19.995751387248717,7.0,74.454695595476,2.4552238829795052,6.9186871141934825,"Dongtai, Jiangsu",fallback_analytic
1239,1.6840277777777777,29.625,9.238095238095237,0.6686633042892379,2.5404500645665387,0.5936146319124357,0.18229166666666666,0.48556701030927835,0.6575826392071111,0.13223425399277602,-9.774429981395791,1.0,67.81355646117497,2.471749244590592,7.049491203167474,"Dongtai, Jiangsu",fallback_analytic
1240,1.4756944444444444,58.125,6.538461538461538,1.0920842302152451,1.0934745097869725,0.6426470948443557,0.22569444444444445,0.5247058823529411,0.7420777884897466,0.15138750441875035,-44.50605682411521,2.0,70.80722275505225,2.4127212179195614,6.734950707905938,"Dongtai, Jiangsu",fallback_analytic
1241,1.2673611111111112,37.5,6.083333333333333,0.7168169115722918,1.4576413103053318,0.6188550044582284,0.20833333333333334,0.6246575342465753,0.7241267078718986,0.13484990747893008,-27.871427606158917,3.0,69.94571629629519,2.428547342154669,7.093660920658742,"Dongtai, Jiangsu",fallback_analytic
1242,1.7274305555555556,32.25,8.652173913043478,0.9767114834972329,3.2038274572679817,0.5439937201471692,0.1996527777777778,0.46331658291457284,0.6322814070351759,0.118,29.39030573441896,1.0,71.53040854895552,2.282349778254684,6.558870399476351,"Dongtai, Jiangsu",fallback_analytic
1243,2.1614583333333335,43.125,11.857142857142858,1.0812846979579618,1.6485232008734967,0.6827868507134084,0.18229166666666666,0.3783132530120482,0.5707604605252464,0.12697900532370138,21.242604475577494,7.0,67.315414916097,2.559737868854737,7.22393006547172,"Dongtai, Jiangsu",fallback_analytic
1244,1.7274305555555556,50.625,7.96,1.0566938333074714,1.7490833053931187,0.5882203033408653,0.2170138888888889,0.45326633165829144,0.6471971122847363,0.12461913782584103,-33.49091884253281,3.0,70.64972865200833,2.400378050900075,6.7554674074487755,"Dongtai, Jiangsu",fallback_analytic
1245,1.0503472222222223,23.25,4.481481481481482,0.35456384115793005,3.1931101780485784,0.6527805392317396,0.234375,0.7289256198347107,0.8539545400768364,0.13192731694236126,-5.619891521921026,8.0,72.124560218659,2.4871800600983556,7.607167866682749,"Dongtai, Jiangsu",fallback_analytic
1246,2.0659722222222223,43.125,10.347826086956522,0.7538979887442638,1.2595100590198185,0.5956789558672144,0.1996527777777778,0.3873949579831933,0.605418672385748,0.12451472468246058,0.03055934990359077,0.0,67.11067452575334,2.3516227884542715,7.1678816163312025,"Dongtai, Jiangsu",fallback_analytic
1247,1.6840277777777777,31.875,8.083333333333334,0.7499464746399271,4.568676182922044,0.4930884270308545,0.20833333333333334,0.47010309278350515,0.6361984502541093,0.13006160190191773,16.981299937783298,3.0,73.37686452330331,2.2130407908459855,6.638939987005257,"Dongtai, Jiangsu",fallback_analytic
1248,1.0590277777777777,35.25,4.518518518518518,0.49850904600612583,1.9604053174226528,0.5563309254628488,0.234375,0.7229508196721312,0.8438910601768258,0.13161767908863656,-17.761006848611967,0.0,72.42888883334857,2.112470701938802,6.936557990770834,"Dongtai, Jiangsu",fallback_analytic
1249,1.3454861111111112,17.25,5.7407407407407405,0.9060227342556424,1.3095560006137235,0.6710643506052253,0.234375,0.5690322580645162,0.715272628069949,0.12622361323865758,-36.6874706322302,5.0,70.13564006863186,2.5428964017808924,7.066657480023719,"Dongtai, Jiangsu",fallback_analytic
1250,1.7013888888888888,43.5,7.84,0.7592700543780606,5.60838068376166,0.5157453593633,0.2170138888888889,0.4602040816326531,0.6799766259344158,0.13077913782584102,17.489663581964017,5.0,75.62796783346444,2.277310340792951,6.640171067085984,"Dongtai, Jiangsu",fallback_analytic
1251,1.6666666666666667,46.125,7.384615384615385,1.0161103278596328,1.9376793492571984,0.5769178573597712,0.22569444444444445,0.46458333333333335,0.6692557084298889,0.14100909412272752,28.80900483261182,1.0,71.51767479878556,2.3802491851485748,6.722565357248841,"Dongtai, Jiangsu",fallback_analytic
1252,1.8663194444444444,45.75,8.958333333333334,1.4071597550542947,1.5053795368999991,0.6943317616551615,0.20833333333333334,0.4241860465116279,0.6274403596995032,0.12143996299157203,43.39062681287717,8.0,70.12235546068474,2.6600350491471523,7.0285201211140444,"Dongtai, Jiangsu",fallback_analytic
1253,1.796875,45.0,9.0,0.7890579882866698,2.3166883056459464,0.6219854260204731,0.1996527777777778,0.4454106280193237,0.6565862544482433,0.1380486184171938,-14.729898548586448,4.0,69.10955821759856,2.5568838877323135,7.123722981922508,"Dongtai, Jiangsu",fallback_analytic
1254,1.25,13.125,5.142857142857143,0.7419375377033217,2.258602303237461,0.5642839619179243,0.24305555555555555,0.6055555555555555,0.7335271019448313,0.11648137305878663,-32.986772964294644,3.0,72.8320218225787,2.252657888143528,6.843814382506953,"Dongtai, Jiangsu",fallback_analytic
1255,1.0243055555555556,31.875,4.37037037037037,0.5939465666390995,1.9029788661889018,0.5548104826868799,0.234375,0.747457627118644,0.8661659323343127,0.13757765441635122,-27.159867557576305,0.0,73.13407444548766,2.082964468057279,6.838469671136193,"Dongtai, Jiangsu",fallback_analytic
1256,1.7621527777777777,49.5,9.227272727272727,1.0572730517561273,2.4741246185463344,0.5753413154101238,0.1909722222222222,0.45911330049261084,0.6532283481319525,0.13311632326353312,29.155218248667396,3.0,70.47231184994736,2.37455969933988,6.764324828095629,"Dongtai, Jiangsu",fallback_analytic
1257,1.1197916666666667,48.0,4.777777777777778,0.4312629924049881,1.3067497877701784,0.6551669887929933,0.234375,0.6837209302325581,0.854339199225886,0.134924329307113,3.2637010842847474,2.0,69.8752712609938,2.418766139937263,7.4770802588141505,"Dongtai, Jiangsu",fallback_analytic
1258,1.4930555555555556,35.25,7.166666666666667,0.5661325126975851,1.4675120673422688,0.6944875501317391,0.20833333333333334,0.5302325581395348,0.69856451173569,0.1264782685685844,-3.084499952161579,7.0,67.08642198667172,2.819376718952573,7.775230862544586,"Dongtai, Jiangsu",fallback_analytic
1259,1.1979166666666667,27.75,5.52,0.7837985406871246,0.9107931858931585,0.6326677198256776,0.2170138888888889,0.6536231884057971,0.772764719967223,0.13771827565168204,-33.328555921408864,3.0,70.3211742581995,2.405109314524263,7.045083066529146,"Dongtai, Jiangsu",fallback_analytic
1260,1.6493055555555556,43.125,7.6,0.6794697721717209,2.2771012021313806,0.5821885499167648,0.2170138888888889,0.4747368421052632,0.6428353123240671,0.1253247289438183,12.261584216658775,1.0,70.14877495838005,2.4289915887028743,6.989341314725577,"Dongtai, Jiangsu",fallback_analytic
1261,1.71875,51.75,8.608695652173912,1.065472222332687,1.941999699811559,0.6959164008920078,0.1996527777777778,0.46565656565656566,0.6296953400777433,0.1237634396433795,-35.31685163342985,8.0,69.57293427912596,2.6931412604904352,7.179526597327824,"Dongtai, Jiangsu",fallback_analytic
1262,2.265625,41.625,11.863636363636363,1.3624666144234663,2.805880696899529,0.6198633297693024,0.1909722222222222,0.357088122605364,0.571088122605364,0.11790909090909091,-32.529791808570224,7.0,70.82316055743532,2.2726057691302017,6.767536343437812,"Dongtai, Jiangsu",fallback_analytic
1263,1.5364583333333333,45.0,6.8076923076923075,0.5850111495127469,1.8289817976530676,0.6335097265578118,0.22569444444444445,0.503954802259887,0.6829966216347622,0.12601529921132007,5.458245769375836,4.0,69.1052547036831,2.6138858277095984,7.40650001469105,"Dongtai, Jiangsu",fallback_analytic
1264,2.0659722222222223,44.625,11.333333333333334,0.6768201062275347,2.714006270745913,0.6213461115877288,0.18229166666666666,0.3957983193277311,0.6080561120621275,0.13726471960941566,1.666018323283943,4.0,67.73610993516891,2.4278882639225885,7.2172750675296236,"Dongtai, Jiangsu",fallback_analytic
1265,1.4583333333333333,60.0,6.461538461538462,0.9300809958038673,1.1945735993775348,0.6100832606371883,0.22569444444444445,0.530952380952381,0.7026094445057496,0.12877067528629824,35.0913024881887,1.0,70.84230214113731,2.3229234658870346,6.8083529289679365,"Dongtai, Jiangsu",fallback_analytic
1266,1.7795138888888888,47.25,8.2,0.8116485789091028,4.172715703375978,0.5710768175974856,0.2170138888888889,0.44,0.6690640391449669,0.13688150229775017,-16.31948218966502,5.0,73.25298198317735,2.326833200635943,6.866147612140478,"Dongtai, Jiangsu",fallback_analytic
1267,1.6059027777777777,49.875,7.4,1.1265052895546155,3.153336483135952,0.5292577179812662,0.2170138888888889,0.4875675675675676,0.6930989514098067,0.12115677335393185,-37.11771835856248,1.0,73.57845218361605,2.198695504510113,6.3826062869796525,"Dongtai, Jiangsu",fallback_analytic
1268,1.8402777777777777,52.125,8.153846153846153,1.490434911205457,2.3002511251495594,0.5434420029902438,0.22569444444444445,0.4207547169811321,0.635718805080028,0.12873531629213297,39.95145005902526,1.0,73.31738460755487,2.175633058605312,6.3546782553138685,"Dongtai, Jiangsu",fallback_analytic
1269,2.3003472222222223,43.875,12.619047619047619,1.8939615193076937,1.9411188989758075,0.6035759499353267,0.18229166666666666,0.35547169811320756,0.5527924528301886,0.12447619047619048,44.581794536855995,4.0,70.34624786304417,2.099718995507982,6.450072971829976,"Dongtai, Jiangsu",fallback_analytic
1270,1.8663194444444444,42.75,8.958333333333334,1.0532285834504114,2.475645920758427,0.5296783531649798,0.20833333333333334,0.4241860465116279,0.6152093023255814,0.11225,29.515143402762973,0.0,71.61335290404581,2.19171849395754,6.510382293789971,"Dongtai, Jiangsu",fallback_analytic
1271,2.048611111111111,43.5,10.26086956521739,0.6838112182540932,2.393582916500127,0.623119512387609,0.1996527777777778,0.3906779661016949,0.6146101694915255,0.11426086956521739,0.10780548051479855,2.0,68.0835871621135,2.3982840140135364,7.209663209555451,"Dongtai, Jiangsu",fallback_analytic
1272,2.1875,48.375,10.956521739130435,1.177066452196864,2.9882941966596706,0.5796008518235164,0.1996527777777778,0.36587301587301585,0.5649987195848936,0.1228938744259882,27.11469177323754,6.0,71.55039383420338,2.337199678410582,6.792689086742756,"Dongtai, Jiangsu",fallback_analytic
1273,1.6145833333333333,58.5,7.153846153846154,0.9135567774072714,1.1603633052545699,0.6121126411379707,0.22569444444444445,0.47956989247311826,0.671605964202004,0.1189660855229022,26.85393311368557,3.0,69.71112465145278,2.5501788196358297,7.069662874591407,"Dongtai, Jiangsu",fallback_analytic
1274,1.953125,39.375,9.782608695652174,1.348070480924049,1.6469099483868173,0.556416060605343,0.1996527777777778,0.4097777777777778,0.5955111111111111,0.11365217391304348,-40.21856706585138,0.0,69.96523044321313,2.144610464524006,6.367709353662377,"Dongtai, Jiangsu",fallback_analytic
1275,1.2152777777777777,47.625,4.827586206896552,0.9428388292669247,2.9556118252764136,0.5579855849293776,0.2517361111111111,0.6157142857142858,0.7992626668137991,0.11729236019469054,38.31809141627316,6.0,75.48939345519605,2.2281016588644915,6.812647931989266,"Dongtai, Jiangsu",fallback_analytic
1276,1.1892361111111112,53.625,5.074074074074074,0.7447377588920726,1.9655960766014862,0.6862741465802576,0.234375,0.6437956204379562,0.7976871874343855,0.11931401650540836,31.99353330016973,8.0,72.41196868838018,2.5539718823000395,7.328275182311595,"Dongtai, Jiangsu",fallback_analytic
1277,1.9618055555555556,48.0,9.826086956521738,0.8101214848883158,2.1335502084505906,0.6284684100442215,0.1996527777777778,0.4079646017699115,0.6655194043166386,0.15091116918661093,6.912307947732195,4.0,68.60941114861734,2.4898608642050557,7.2605057011525345,"Dongtai, Jiangsu",fallback_analytic
1278,1.2586805555555556,66.0,5.37037037037037,0.5766040948117973,2.5471119770390462,0.5997388571259662,0.234375,0.6082758620689656,0.8135519448702039,0.13361767908863653,-16.920898199331067,2.0,73.13571159041108,2.3162121559642177,7.023345362866953,"Dongtai, Jiangsu",fallback_analytic
1279,1.2413194444444444,34.875,5.296296296296297,0.8138447702143858,0.8774841931979851,0.5870343414635051,0.234375,0.6167832167832168,0.7651122192906751,0.1232606502756946,-35.31283426299552,0.0,71.42208726100037,2.2237950954538874,6.776697587325518,"Dongtai, Jiangsu",fallback_analytic
1280,1.6840277777777777,57.0,7.461538461538462,0.8775854828901052,1.8225273687633408,0.5870649303783065,0.22569444444444445,0.45979381443298967,0.6846320998660589,0.13626757274200196,-20.49230211247536,3.0,70.64208807611082,2.5028288455263845,7.007678393457845,"Dongtai, Jiangsu",fallback_analytic
1281,1.3628472222222223,17.25,5.814814814814815,0.43355713521696143,2.091013331068246,0.6237046813485916,0.234375,0.5617834394904458,0.7234148281829188,0.11666069139617012,-1.5043287218526373,6.0,69.40808600172404,2.6667199763946776,7.626887932600603,"Dongtai, Jiangsu",fallback_analytic
1282,2.5,37.125,15.157894736842104,1.576678487501872,1.864885414784182,0.7000804994641133,0.16493055555555555,0.33402777777777776,0.5453718611754815,0.14125466672087333,36.12064603302288,8.0,67.11656117588366,2.3403106758303442,6.8846735626095334,"Dongtai, Jiangsu",fallback_analytic
1283,2.1354166666666665,49.875,11.714285714285714,1.3755388649605784,1.8745189176509673,0.6269768553622049,0.18229166666666666,0.3829268292682927,0.5739769838089178,0.12613901589753793,-36.43455176448413,4.0,68.96244183872152,2.2919994258053396,6.729465597084145,"Dongtai, Jiangsu",fallback_analytic
1284,1.8142361111111112,38.625,9.08695652173913,1.2712476706644542,2.2959831552320376,0.568526044741918,0.1996527777777778,0.4411483253588517,0.665823033736753,0.14520336240839943,-36.663934839431974,1.0,70.96009599880314,2.2471911995865277,6.483990595728685,"Dongtai, Jiangsu",fallback_analytic
1285,1.3454861111111112,59.25,5.7407407407407405,0.5404324952555573,2.099844404992294,0.6190764239900859,0.234375,0.5690322580645162,0.7508095657774492,0.1250517696109008,6.6867989232878315,6.0,71.14085505994468,2.5835098591016417,7.51140534589686,"Dongtai, Jiangsu",fallback_analytic
1286,1.5017361111111112,45.75,6.653846153846154,0.6917695095350209,1.0114903486453628,0.6269390501172291,0.22569444444444445,0.5156069364161849,0.6603449556959143,0.11025227353068187,19.402737260922038,3.0,69.27375887343239,2.5539381342710077,7.239165351011071,"Dongtai, Jiangsu",fallback_analytic
1287,1.171875,14.625,4.655172413793103,0.6433668236323627,2.007484623020616,0.677889553244992,0.2517361111111111,0.6385185185185185,0.7903512495047814,0.12481645984114437,-25.418993003421043,8.0,71.93644554741111,2.5325592149599045,7.426957636371614,"Dongtai, Jiangsu",fallback_analytic
1288,1.7274305555555556,53.25,8.291666666666666,0.7533137199843836,1.3493255939728919,0.6567277607750422,0.20833333333333334,0.45829145728643217,0.6302833501355072,0.12481160190191773,-14.474843016885146,4.0,68.12255092137859,2.6392499558149365,7.347158204201597,"Dongtai, Jiangsu",fallback_analytic
1289,1.7447916666666667,43.125,8.73913043478261,0.6777206034100228,2.276486200624011,0.6280470056164164,0.1996527777777778,0.45870646766169154,0.6606035888716477,0.13871294693453573,-4.449870506696605,4.0,68.46373094818992,2.606915365608276,7.368796575542365,"Dongtai, Jiangsu",fallback_analytic
1290,1.40625,59.25,6.48,0.5862804989824064,2.5061559147042023,0.6117539323414246,0.2170138888888889,0.5567901234567901,0.698878930104728,0.13758709341572747,12.09582547526766,2.0,70.94772707349799,2.4796334866991643,7.097066104926657,"Dongtai, Jiangsu",fallback_analytic
1291,1.5451388888888888,56.25,6.846153846153846,0.5609772507284148,2.401401779166084,0.6115742832486645,0.22569444444444445,0.501123595505618,0.7077695693607158,0.12367224790946252,-5.166587468561367,4.0,70.32977468778603,2.5566912172148255,7.342781774654967,"Dongtai, Jiangsu",fallback_analytic
1292,2.4739583333333335,39.375,12.954545454545455,1.6289055071406753,2.9455587653142703,0.4986186513240244,0.1909722222222222,0.3270175438596491,0.5470385964912281,0.11790909090909091,37.41347919805516,0.0,72.17248661659856,1.8845280949488268,6.031101946384722,"Dongtai, Jiangsu",fallback_analytic
1293,1.8923611111111112,40.125,9.478260869565217,1.2049472570386688,2.0818754648314455,0.6147423689029732,0.1996527777777778,0.42293577981651376,0.622233645349703,0.1420885894540763,-33.34595516792581,4.0,70.5507038320886,2.430954792118755,6.7778564161165304,"Dongtai, Jiangsu",fallback_analytic
1294,1.9010416666666667,42.375,9.125,1.2790335798256658,1.5009191397879507,0.6296352245487886,0.20833333333333334,0.41643835616438357,0.6106919239976107,0.13616823156015642,-38.61942760686939,4.0,69.73461999574897,2.439009935415567,6.795786969634172,"Dongtai, Jiangsu",fallback_analytic
1295,1.9184027777777777,50.25,9.608695652173912,1.0839410769808207,3.7456591052576416,0.5530312704882393,0.1996527777777778,0.4171945701357466,0.6395680905396803,0.12795301451514332,-27.44803808654443,4.0,72.6180888651994,2.2492202950533318,6.604657840562738,"Dongtai, Jiangsu",fallback_analytic
1296,1.8663194444444444,50.625,9.347826086956522,1.3235119407411746,1.6074864308470818,0.5939753429142475,0.1996527777777778,0.4288372093023256,0.6033953488372094,0.11626086956521739,40.898269712110704,1.0,70.40726432076602,2.3271901937445514,6.517563279583453,"Dongtai, Jiangsu",fallback_analytic
1297,1.7447916666666667,45.75,8.375,1.1510686323269907,1.6017400365799213,0.6307209865770568,0.20833333333333334,0.4537313432835821,0.6458798707466844,0.13616823156015642,37.06570290670858,2.0,70.35037873559779,2.3581701883451123,6.741049603189351,"Dongtai, Jiangsu",fallback_analytic
1298,2.1354166666666665,45.375,11.181818181818182,0.83140684396071,5.183717227403802,0.5809922593676418,0.1909722222222222,0.37886178861788616,0.6183144498812454,0.13675268689989675,10.502538357507518,8.0,72.64508844063612,2.3301891233855816,6.945967994775176,"Dongtai, Jiangsu",fallback_analytic
1299,1.7361111111111112,33.75,8.333333333333334,0.9975403522394755,1.9636268705444273,0.6223866444219771,0.20833333333333334,0.456,0.6241870934157274,0.1267282685685844,-30.566684212243807,6.0,69.93101679878026,2.563395117330647,7.075933667666654,"Dongtai, Jiangsu",fallback_analytic
1300,1.3975694444444444,59.25,6.1923076923076925,0.6582080228942598,2.1690606391738476,0.54697869796172,0.22569444444444445,0.5540372670807453,0.7529985922604464,0.12059532483253944,16.365089325386386,0.0,71.67208088649369,2.2633409891237766,6.898392202059379,"Dongtai, Jiangsu",fallback_analytic
1301,2.248263888888889,45.0,11.772727272727273,1.1749828994658373,2.1142139194584644,0.6200293494652502,0.1909722222222222,0.3598455598455598,0.614722190573616,0.14201808088610554,20.71018194216991,2.0,69.11773792592048,2.2315373056480325,6.785866626142698,"Dongtai, Jiangsu",fallback_analytic
1302,2.0659722222222223,37.875,10.347826086956522,1.3091788727779963,3.3805193662478734,0.5936273482167429,0.1996527777777778,0.3873949579831933,0.5920070476277024,0.12611126573033604,34.9246773312135,5.0,72.66473288130454,2.2584753442857033,6.582996594372844,"Dongtai, Jiangsu",fallback_analytic
1303,1.6059027777777777,53.25,7.115384615384615,1.0189272803390785,3.5014515406041014,0.5492542916067172,0.22569444444444445,0.4821621621621622,0.7106750596014223,0.13039991459593547,-30.17272173083053,6.0,73.85237227450537,2.349309665025178,6.788081261835828,"Dongtai, Jiangsu",fallback_analytic
1304,1.5277777777777777,43.5,7.333333333333333,0.7919371224222751,2.548327022458031,0.5722227675381211,0.20833333333333334,0.5181818181818182,0.7115909963203806,0.14091823156015643,20.87974992025356,1.0,71.17255600733637,2.3742018361621886,6.833079428800124,"Dongtai, Jiangsu",fallback_analytic
1305,2.361111111111111,41.25,12.363636363636363,1.4170860981926854,2.9467267853769528,0.5770447068794367,0.1909722222222222,0.3426470588235294,0.5884264705882353,0.11918181818181818,-30.75429965441157,4.0,71.60305150391329,2.111699187782038,6.547667044036719,"Dongtai, Jiangsu",fallback_analytic
1306,2.3003472222222223,41.625,12.045454545454545,1.1670007020031234,3.140055256572628,0.5443149838791922,0.1909722222222222,0.3516981132075472,0.6050016378699339,0.14085263643385865,20.03179315448935,1.0,71.29506827310642,2.0524814601417356,6.496484079290302,"Dongtai, Jiangsu",fallback_analytic
1307,1.4236111111111112,61.125,6.3076923076923075,1.0834399623007585,1.1265011119151251,0.641671801475809,0.22569444444444445,0.5439024390243903,0.7373451952538321,0.13007836759399055,43.73077039750322,6.0,71.33862698318077,2.512225213785249,6.980929702102212,"Dongtai, Jiangsu",fallback_analytic
1308,2.1527777777777777,28.125,11.80952380952381,0.9041832495187763,1.6282183417651246,0.5856831030153107,0.18229166666666666,0.37983870967741934,0.5960146936605162,0.14525703711877724,-8.78742982595628,0.0,66.62093110471046,2.3194440939713377,6.901789255804476,"Dongtai, Jiangsu",fallback_analytic
1309,1.9965277777777777,45.75,10.952380952380953,0.7907057130093671,1.2080794902522176,0.6770277585362033,0.18229166666666666,0.40956521739130436,0.5894863218264502,0.13435611645933457,-4.96097747195013,6.0,66.0,2.761834836248239,7.547552825915835,"Dongtai, Jiangsu",fallback_analytic
1310,2.048611111111111,36.375,10.727272727272727,1.5261874428125122,1.5913149697582143,0.5918971257193931,0.1909722222222222,0.3949152542372881,0.6074311074057301,0.14607624251787213,-42.889421362807845,1.0,69.99589545163694,2.183314650106493,6.417435682941274,"Dongtai, Jiangsu",fallback_analytic
1311,1.6666666666666667,52.875,7.68,1.0864208177713952,2.6034875089651806,0.5528550558194258,0.2170138888888889,0.46979166666666666,0.6774690833977037,0.13814709341572748,-31.71295866538912,1.0,72.51553729733662,2.2820079950895535,6.5619840551596536,"Dongtai, Jiangsu",fallback_analytic
1312,1.7274305555555556,48.75,7.96,1.2828046380839297,1.5812942897317677,0.690887431776261,0.2170138888888889,0.45326633165829144,0.6806341308395847,0.13081591117977287,-40.16683252162319,8.0,70.4462881079538,2.7132004108496326,7.158352858001077,"Dongtai, Jiangsu",fallback_analytic
1313,2.404513888888889,40.125,12.590909090909092,1.6565031205356164,2.1180339918267705,0.6006157377277268,0.1909722222222222,0.3364620938628159,0.5937584693810061,0.13497629298391026,36.81889922860765,4.0,70.86998553427178,2.1287567951935236,6.539990865386671,"Dongtai, Jiangsu",fallback_analytic
1314,1.1805555555555556,10.875,5.037037037037037,0.9490155149654922,1.1691020767143039,0.6749627963328081,0.234375,0.6485294117647059,0.7536272500795165,0.11240441977215913,42.621378433768754,5.0,71.00086578879556,2.404444282576167,7.021202421636266,"Dongtai, Jiangsu",fallback_analytic
1315,2.1788194444444446,36.75,13.210526315789474,1.1267163883497608,2.3297288111116905,0.6294852475770976,0.16493055555555555,0.38326693227091635,0.580191235059761,0.13031578947368422,23.529839309481176,4.0,67.08161312187366,2.333005067814345,6.8807458469599645,"Dongtai, Jiangsu",fallback_analytic
1316,1.8229166666666667,44.625,9.130434782608695,0.594585780927859,3.0184905586356945,0.5316922241952355,0.1996527777777778,0.439047619047619,0.6019619047619048,0.11713043478260869,-0.046432269581409,0.0,69.49936011244357,2.319545554122431,6.969302669258052,"Dongtai, Jiangsu",fallback_analytic
1317,2.0052083333333335,41.625,10.5,0.7121415510384967,3.851290180095206,0.5690599529768742,0.1909722222222222,0.40346320346320347,0.5906538182085695,0.13184359599080586,5.465853221651841,6.0,70.08362439014375,2.4709389747140076,7.123967669730476,"Dongtai, Jiangsu",fallback_analytic
1318,1.5538194444444444,49.875,7.16,1.2694311734438024,1.470941442013408,0.6608364842706005,0.2170138888888889,0.5039106145251396,0.6926094749639032,0.13758709341572747,-41.60600271820227,5.0,70.70242419832425,2.58623048673401,6.936751401240165,"Dongtai, Jiangsu",fallback_analytic
1319,2.5694444444444446,34.125,16.444444444444443,1.341039085693182,2.664859240740511,0.5778890669426523,0.15625,0.32837837837837835,0.557073614890961,0.14393996299157202,-22.81595015817853,3.0,66.91027938901993,2.0863456569597156,6.587309632564422,"Dongtai, Jiangsu",fallback_analytic
1320,1.9444444444444444,38.625,9.333333333333334,1.535348210761872,2.070984133886763,0.5615800395473879,0.20833333333333334,0.40714285714285714,0.6275625,0.11616666666666667,-40.739779677262376,3.0,71.34635502942344,2.2565339862699627,6.504658013259828,"Dongtai, Jiangsu",fallback_analytic
1321,1.9444444444444444,50.25,9.73913043478261,1.3528347213806295,2.4697623481651982,0.5933113949959447,0.1996527777777778,0.41160714285714284,0.6371668304605953,0.13147124642159103,37.42551747624968,2.0,71.68613416116168,2.326583072114961,6.5268888909907865,"Dongtai, Jiangsu",fallback_analytic
1322,2.1875,48.75,11.454545454545455,0.8091794651697164,2.6618734989649884,0.577755103656834,0.1909722222222222,0.36984126984126986,0.5638850476435697,0.12757086871807857,4.843235773142503,1.0,69.22619867521146,2.3026684700192077,6.900676761377926,"Dongtai, Jiangsu",fallback_analytic
1323,2.0572916666666665,54.0,9.875,1.31327890378085,2.6643815490844247,0.5817269152187222,0.20833333333333334,0.3848101265822785,0.6157482616750792,0.12287163891034568,-33.64170129652525,6.0,72.10042530291156,2.3688295421697028,6.718099687149126,"Dongtai, Jiangsu",fallback_analytic
1324,2.0572916666666665,51.75,9.875,1.0443676871722805,1.38173753950968,0.6437891242660548,0.20833333333333334,0.3848101265822785,0.6214757666672543,0.13068324081226343,-18.428219425782068,2.0,69.01075764407372,2.4435937456945904,6.966564235043278,"Dongtai, Jiangsu",fallback_analytic
1325,1.3975694444444444,28.875,6.44,1.0789529482079268,1.1160126643083812,0.6826527643882365,0.2170138888888889,0.5602484472049689,0.7114863727379767,0.11395677335393185,-44.298307494195676,7.0,69.48460818201731,2.5435626463612673,7.141485204656037,"Dongtai, Jiangsu",fallback_analytic
1326,1.71875,34.875,8.608695652173912,1.0722745984419881,2.071415539011116,0.6204676722796536,0.1996527777777778,0.46565656565656566,0.6253232323232323,0.11539130434782609,33.95080787267548,2.0,69.69663552565777,2.4268322004200473,6.742681877366792,"Dongtai, Jiangsu",fallback_analytic
1327,2.65625,28.875,16.105263157894736,1.4446881162840577,2.776095718953693,0.6339117021460454,0.16493055555555555,0.31437908496732025,0.5248692810457516,0.12389473684210527,26.59740932950527,5.0,67.54097013875258,2.11067059774249,6.677944231051799,"Dongtai, Jiangsu",fallback_analytic
1328,1.9444444444444444,39.375,10.181818181818182,0.7535268583930123,2.8509290874583217,0.5724189843881688,0.1909722222222222,0.4160714285714286,0.5899020714837461,0.12431451517492256,-7.330001622937374,1.0,68.96731186763733,2.3465924049604787,6.977707309586726,"Dongtai, Jiangsu",fallback_analytic
1329,1.1111111111111112,66.0,4.923076923076923,0.6603345046144297,1.4808628492143399,0.5744215502912936,0.22569444444444445,0.696875,0.8223235834620741,0.1378060342804635,-28.07668977565804,0.0,72.76268190526886,2.1601664902330566,6.842207765561025,"Dongtai, Jiangsu",fallback_analytic
1330,1.5364583333333333,63.375,6.8076923076923075,0.8426139223865429,1.550022872303149,0.6343639726568567,0.22569444444444445,0.503954802259887,0.716216960617813,0.129539906055529,22.230620340483398,2.0,70.08957534204087,2.5233791134329993,7.029046215732855,"Dongtai, Jiangsu",fallback_analytic
1331,1.1197916666666667,56.25,4.777777777777778,0.414661137078972,3.448408372175159,0.5351647196298348,0.234375,0.6837209302325581,0.8505263773647729,0.13414953916458347,8.915182389119416,1.0,74.36011858488281,2.11087315137974,6.954115446708139,"Dongtai, Jiangsu",fallback_analytic
1332,1.8315972222222223,29.25,9.590909090909092,0.655246849755922,1.9633857302842448,0.6468519190206156,0.1909722222222222,0.44170616113744077,0.6270980696103325,0.13433992934754663,1.225590924059567,4.0,66.64430623640813,2.6902119872641532,7.450649121973481,"Dongtai, Jiangsu",fallback_analytic
1333,1.5190972222222223,47.625,6.730769230769231,0.7408440773583351,2.342345678348111,0.5717418542161866,0.22569444444444445,0.5097142857142857,0.6892046972223086,0.1141892051480114,22.376670669953285,3.0,72.05087759087922,2.447467664353569,6.9636466775918855,"Dongtai, Jiangsu",fallback_analytic
1334,1.8489583333333333,38.625,8.875,1.4228456367201616,1.6242318927225203,0.653950232155626,0.20833333333333334,0.428169014084507,0.63120217846178,0.13029659264981072,41.51278337800781,7.0,69.91583336047447,2.5602866387483405,6.932107339283123,"Dongtai, Jiangsu",fallback_analytic
1335,1.8315972222222223,35.625,9.173913043478262,0.762605391294193,3.1855085255131526,0.6582907211054838,0.1996527777777778,0.4369668246445498,0.6537789320890348,0.12645909181729256,12.02458753472228,8.0,69.0299518906184,2.6545081307006106,7.369283740787196,"Dongtai, Jiangsu",fallback_analytic
1336,1.5538194444444444,53.25,6.884615384615385,0.4997725805520272,6.22890078463726,0.4259225098368729,0.22569444444444445,0.4983240223463687,0.6961510167942992,0.1261753504537588,7.4495143550727505,1.0,77.56916502805795,2.0033934595128025,6.470992838817606,"Dongtai, Jiangsu",fallback_analytic
1337,1.4149305555555556,56.25,6.52,0.5546606436165148,1.3351040773109717,0.6248608000517895,0.2170138888888889,0.5533742331288344,0.7082322332520464,0.11959354670786373,-5.583518102638209,1.0,68.63498987638894,2.52903901145484,7.311668143183118,"Dongtai, Jiangsu",fallback_analytic
1338,1.953125,47.25,9.782608695652174,0.6870009891863922,3.928493697235505,0.4915954903209018,0.1996527777777778,0.4097777777777778,0.5740444444444445,0.11652173913043479,-7.321517424954031,0.0,71.6656229392296,2.1690663400177908,6.656661801321351,"Dongtai, Jiangsu",fallback_analytic
1339,1.4236111111111112,49.125,6.3076923076923075,0.4864194571776054,2.167847050802342,0.5888987841252465,0.22569444444444445,0.5439024390243903,0.7491052277490371,0.12597994021715483,-0.6734159488679339,1.0,69.99999044418871,2.40114739775072,7.2621043135170344,"Dongtai, Jiangsu",fallback_analytic
1340,1.8229166666666667,58.5,9.130434782608695,0.6051445630860526,2.2274539772738513,0.6329113361633816,0.1996527777777778,0.439047619047619,0.581047619047619,0.11304347826086956,2.3698263664943156,2.0,68.28203070643119,2.591389623505736,7.240731369874136,"Dongtai, Jiangsu",fallback_analytic
1341,1.7708333333333333,49.5,7.846153846153846,0.6573055660068057,3.9378375217049024,0.511263720935976,0.22569444444444445,0.4372549019607843,0.659887725581072,0.11672766668647294,5.340342621133594,3.0,73.12479642474464,2.2416886223426,6.928831731922032,"Dongtai, Jiangsu",fallback_analytic
1342,1.6232638888888888,44.625,7.791666666666667,0.7752209990353727,2.9792918579442875,0.6606528190541469,0.20833333333333334,0.48770053475935826,0.7081859537643416,0.1423348982268231,16.94760739187314,8.0,70.28267706939779,2.7218810550538066,7.360092471011139,"Dongtai, Jiangsu",fallback_analytic
1343,1.9965277777777777,22.5,10.952380952380953,1.3962661286449498,1.9818897968464009,0.6568529296470127,0.18229166666666666,0.40956521739130436,0.6102635305288194,0.14264183074504885,36.77839339641612,7.0,69.11551513677715,2.4588696557794245,6.938136861621017,"Dongtai, Jiangsu",fallback_analytic
1344,1.8142361111111112,49.125,9.08695652173913,1.3289236385391507,1.7997485990031983,0.6210683882760838,0.1996527777777778,0.4411483253588517,0.6732999650133022,0.14106077302149225,37.49885312205542,6.0,69.83638172330537,2.454732958321641,6.900109035339399,"Dongtai, Jiangsu",fallback_analytic
1345,1.9965277777777777,48.75,10.454545454545455,0.8733639018228396,2.2882175813217303,0.6951339628964395,0.1909722222222222,0.4052173913043478,0.6228044869833894,0.12884359599080586,12.640878168700702,8.0,67.71094120137155,2.661915959119379,7.4433261847375904,"Dongtai, Jiangsu",fallback_analytic
1346,1.3975694444444444,46.875,5.962962962962963,0.7769312658122244,3.3820418867210327,0.6283285738986697,0.234375,0.5478260869565217,0.728492281682249,0.12301772020911206,-26.9609344096218,8.0,73.55277417341827,2.470230122965103,7.121561417419324,"Dongtai, Jiangsu",fallback_analytic
1347,1.5972222222222223,58.5,7.36,0.6772006476667396,4.8244467494707015,0.4803854930033913,0.2170138888888889,0.4902173913043478,0.6621630434782608,0.11416,16.79041016787179,1.0,75.14567815766323,2.1031962177648675,6.534833492044115,"Dongtai, Jiangsu",fallback_analytic
1348,1.5972222222222223,49.5,7.36,0.6928456679725904,4.597075218585118,0.45385455342658054,0.2170138888888889,0.4902173913043478,0.6541510326506764,0.11819677335393186,-18.668478207536296,0.0,75.3121184430993,2.0561915080752633,6.3990289489209164,"Dongtai, Jiangsu",fallback_analytic
1349,2.1440972222222223,42.75,11.227272727272727,1.090362984271075,2.62813387675637,0.6728573477811244,0.1909722222222222,0.37732793522267205,0.6216210608475826,0.13444721216802696,-19.763548480924943,8.0,69.57966669244047,2.4855728110613047,7.165976671585736,"Dongtai, Jiangsu",fallback_analytic
1350,1.4496527777777777,15.75,6.185185185185185,1.1192592826450696,1.6072584834987476,0.6156267893542472,0.234375,0.5281437125748503,0.7122817207099792,0.13066805768310202,39.593856643350534,4.0,71.7083685538436,2.4715880127111585,6.867173136517643,"Dongtai, Jiangsu",fallback_analytic
1351,1.7881944444444444,38.625,8.956521739130435,0.9401237247599223,3.2925757656565784,0.6119072981611177,0.1996527777777778,0.4475728155339806,0.6149483236445941,0.12724170051294473,25.441166280207597,5.0,70.96477263345702,2.4259285267784656,6.898134972310714,"Dongtai, Jiangsu",fallback_analytic
1352,2.8385416666666665,28.5,17.210526315789473,1.5026367938400294,2.2623962425468256,0.5471417341000813,0.16493055555555555,0.2941896024464832,0.5390999776384714,0.1450251813497908,-22.01887037237812,0.0,66.92649416527519,1.9188017964919337,6.382906691099648,"Dongtai, Jiangsu",fallback_analytic
1353,1.9010416666666667,54.375,8.76,1.0672625637179307,2.0479352453513955,0.5758434765261159,0.2170138888888889,0.41187214611872147,0.6040123714227066,0.1253247289438183,29.053422692843554,1.0,71.02850591593116,2.3095466543586927,6.664794413194737,"Dongtai, Jiangsu",fallback_analytic
1354,1.8055555555555556,48.375,9.043478260869565,0.6600079239587351,1.5638279727596756,0.6922618419090412,0.1996527777777778,0.44326923076923075,0.6311949423522565,0.11977910147166507,2.262908495212102,7.0,66.47114727794376,2.832480189403234,7.6981888011945285,"Dongtai, Jiangsu",fallback_analytic
1355,2.013888888888889,55.125,9.666666666666666,1.1233922158806071,3.1356923061081847,0.5354699524537816,0.20833333333333334,0.3931034482758621,0.6353295288332976,0.13206160190191774,26.15516488354406,3.0,72.62446194452232,2.227067482449938,6.604623070545178,"Dongtai, Jiangsu",fallback_analytic
1356,2.34375,33.75,13.5,0.9133246780864792,1.3509019790638757,0.7067920448250967,0.1736111111111111,0.35259259259259257,0.5372556740969614,0.12474596669241482,3.2438777646294454,5.0,66.0,2.535878583149234,7.442668854859364,"Dongtai, Jiangsu",fallback_analytic
1357,1.6579861111111112,48.375,7.64,0.5692379730324902,4.725759540595585,0.523651488343766,0.2170138888888889,0.4722513089005236,0.6474776196055629,0.12965913782584101,6.737774456784585,4.0,73.6917316694333,2.31020648495395,6.910036790748856,"Dongtai, Jiangsu",fallback_analytic
1358,1.8315972222222223,58.5,8.791666666666666,0.860272616104408,4.202101475802377,0.5383383696570618,0.20833333333333334,0.4322274881516588,0.6383748626471029,0.12203830557701235,-19.226231198227957,4.0,73.21010844081187,2.3769565191263067,6.708287879996222,"Dongtai, Jiangsu",fallback_analytic
1359,1.5451388888888888,42.0,7.12,0.5374591776937987,2.8031340193893604,0.6018276610055626,0.2170138888888889,0.5067415730337078,0.7051580226107766,0.12575354670786373,-0.2793763700813514,6.0,69.98406331317788,2.6613327883963454,7.469144783116199,"Dongtai, Jiangsu",fallback_analytic
1360,1.796875,31.125,9.409090909090908,0.8434114761734735,2.1208388371669376,0.6330272096886058,0.1909722222222222,0.4502415458937198,0.6043528116240559,0.1282072323544422,20.194948459159036,4.0,68.39114001835367,2.5739919671600173,7.113233378894456,"Dongtai, Jiangsu",fallback_analytic
1361,1.1111111111111112,39.75,4.571428571428571,0.7578979587884781,3.2425943915237694,0.5592858615430658,0.24305555555555555,0.68125,0.8280651407577639,0.1119614047802963,-35.94837190272949,2.0,75.76749571613009,2.060023075273197,6.601848277875087,"Dongtai, Jiangsu",fallback_analytic
1362,1.5277777777777777,36.0,7.04,0.9183052335536768,2.6145055851782133,0.6291389561396132,0.2170138888888889,0.5125,0.6514933068971819,0.11739677335393185,33.9847945336451,5.0,71.27430903503578,2.502403925094933,6.93984998260936,"Dongtai, Jiangsu",fallback_analytic
1363,1.6059027777777777,45.0,7.115384615384615,0.47556883896742486,4.334384131514527,0.5026713256251664,0.22569444444444445,0.4821621621621622,0.6553513513513514,0.11,7.848397062559798e-05,1.0,72.79013629622915,2.23156917545135,6.865698302199852,"Dongtai, Jiangsu",fallback_analytic
1364,0.8854166666666666,12.375,3.5172413793103448,0.5306284213264753,1.0847916086558287,0.5793068099118189,0.2517361111111111,0.8450980392156863,0.9534977779797242,0.12877919549108563,27.77525293426133,0.0,71.9315510936034,2.074957693396961,6.954354464977395,"Dongtai, Jiangsu",fallback_analytic
1365,1.7708333333333333,37.125,8.5,0.8876435078792642,3.935642131574944,0.512901907755165,0.20833333333333334,0.4470588235294118,0.6187058823529412,0.11391666666666667,23.915011533243202,1.0,73.08921923991632,2.1454593474770576,6.505160996044156,"Dongtai, Jiangsu",fallback_analytic
1366,1.8576388888888888,41.25,9.304347826086957,0.8364660120158112,3.0946767528357397,0.6589695671837157,0.1996527777777778,0.4308411214953271,0.6101121495327103,0.11686956521739131,19.021791082956696,8.0,69.90350285435689,2.636281241732209,7.227947335768912,"Dongtai, Jiangsu",fallback_analytic
1367,1.9791666666666667,24.375,10.363636363636363,0.7714864149956226,2.255238763416259,0.6655282150857469,0.1909722222222222,0.4087719298245614,0.6180280790761092,0.1319926667134815,-6.047831497536798,5.0,67.3802146370306,2.606212779719359,7.371212721168479,"Dongtai, Jiangsu",fallback_analytic
1368,1.0329861111111112,9.75,4.407407407407407,0.7215927518678127,0.8451778493060143,0.5920166759530469,0.234375,0.7411764705882353,0.8340451262451543,0.12357028812941934,-40.266160110541776,0.0,70.90750620521418,2.08281953269188,6.747363308169357,"Dongtai, Jiangsu",fallback_analytic
1369,2.4739583333333335,31.5,14.25,1.371364889978181,1.8514914001673026,0.6334468595052917,0.1736111111111111,0.33403508771929824,0.5480438573659551,0.1397739222823013,-26.673113773615448,4.0,67.27814070622983,2.2119163690792885,6.752045229397788,"Dongtai, Jiangsu",fallback_analytic
1370,2.0833333333333335,49.125,10.909090909090908,0.9258197197059499,1.7542996235578212,0.7143924484916714,0.1909722222222222,0.3883333333333333,0.607384741737474,0.12131451517492256,12.972064293554872,8.0,67.22017973692755,2.7267382894343446,7.494219434233549,"Dongtai, Jiangsu",fallback_analytic
1371,2.3003472222222223,50.25,11.521739130434783,1.6854283492874869,1.7757519785502203,0.6077680646642695,0.1996527777777778,0.3479245283018868,0.6042510568078157,0.1417251015388342,43.01934868854839,4.0,71.29183162822231,2.2149301268631834,6.511952923220798,"Dongtai, Jiangsu",fallback_analytic
1372,1.875,43.125,9.818181818181818,1.0704869546728797,1.8718672834682497,0.668903052696577,0.1909722222222222,0.43148148148148147,0.6297691112255475,0.13290175762257242,27.723175877650746,7.0,68.49041195065634,2.6317237695428486,7.218347150092004,"Dongtai, Jiangsu",fallback_analytic
1373,1.4322916666666667,43.125,6.875,0.5127406504052296,1.6665121950809967,0.6886632195138842,0.20833333333333334,0.5527272727272727,0.7268296122803826,0.13543324081226343,0.2597686770873011,7.0,67.64309682680711,2.8311205055618687,7.843741220563018,"Dongtai, Jiangsu",fallback_analytic
1374,1.9618055555555556,49.125,9.416666666666666,1.2635683641757134,2.2797920450469173,0.564098916964428,0.20833333333333334,0.40353982300884955,0.644259775847667,0.14281988897471612,32.24368101014092,3.0,71.82951667932133,2.295033733490658,6.655579610893718,"Dongtai, Jiangsu",fallback_analytic
1375,1.4409722222222223,64.125,5.928571428571429,0.5233500840516442,1.8099619490231444,0.5909730742325641,0.24305555555555555,0.5253012048192771,0.7145627631514788,0.11362423020164378,-5.0102151556713395,3.0,70.87425686093322,2.520702381944929,7.356877336074877,"Dongtai, Jiangsu",fallback_analytic
1376,1.6319444444444444,36.375,8.173913043478262,0.968305625536552,2.0787152659093078,0.5893344421199433,0.1996527777777778,0.49042553191489363,0.6696492766614848,0.13371645415852285,28.498991180452165,3.0,70.03642956757041,2.458510862168602,6.863938254853145,"Dongtai, Jiangsu",fallback_analytic
1377,1.7361111111111112,51.375,8.333333333333334,0.8032122010675402,3.6358807956339096,0.5282696134652753,0.20833333333333334,0.456,0.6327383866769659,0.12168996299157203,-18.582805924177165,1.0,72.54269230230186,2.2880317064336038,6.6228236666527875,"Dongtai, Jiangsu",fallback_analytic
1378,1.484375,57.75,7.125,0.720960442335121,2.461819248213763,0.6135221457113779,0.20833333333333334,0.5333333333333333,0.7116327993618126,0.1379332408122634,-18.07656411954441,2.0,70.72312321348947,2.4579472758215792,6.996803600381123,"Dongtai, Jiangsu",fallback_analytic
1379,2.4913194444444446,34.125,14.35,1.6762211626574102,2.2030423018071823,0.6071905725325273,0.1736111111111111,0.33170731707317075,0.5681669617855146,0.14119193338482966,-37.01821612737861,4.0,68.96293735206093,2.129674144032024,6.482106420151601,"Dongtai, Jiangsu",fallback_analytic
1380,2.013888888888889,43.125,9.666666666666666,0.9188436622710603,3.86877195049835,0.5493287088225568,0.20833333333333334,0.3931034482758621,0.6126883305507765,0.12981160190191773,-16.929293548208705,4.0,72.55334614951515,2.2294443177141967,6.7758681395581535,"Dongtai, Jiangsu",fallback_analytic
1381,2.8038194444444446,35.625,17.0,1.8758647479659039,2.573117991058112,0.6247837459945949,0.16493055555555555,0.2978328173374613,0.511938080495356,0.1291578947368421,-38.4009167877099,5.0,67.92650845363704,1.9877032990269812,6.404332542303831,"Dongtai, Jiangsu",fallback_analytic
1382,1.9965277777777777,46.5,10.952380952380953,1.0563913449729225,3.13722242734333,0.5892346157740167,0.18229166666666666,0.40956521739130436,0.5933217391304347,0.12257142857142857,25.51444581530066,2.0,70.05687016256391,2.281611869835676,6.652996215368781,"Dongtai, Jiangsu",fallback_analytic
1383,1.6059027777777777,57.0,7.708333333333333,0.8549896827081835,2.985504855451745,0.6572135518069362,0.20833333333333334,0.492972972972973,0.6636648648648649,0.11308333333333333,26.346712319952417,8.0,71.08799034848778,2.628071498266361,7.201243105190895,"Dongtai, Jiangsu",fallback_analytic
1384,0.9722222222222222,25.125,3.8620689655172415,0.47016958735441317,2.9470071416418318,0.5072365419512612,0.2517361111111111,0.7696428571428572,0.8965898572532065,0.11838338702053301,-20.00841213103636,0.0,74.60513279806705,1.9434665392575998,6.763065072415792,"Dongtai, Jiangsu",fallback_analytic
1385,1.8836805555555556,51.0,9.041666666666666,0.9084617736717938,4.6729719490577395,0.5175759844241519,0.20833333333333334,0.4202764976958525,0.6485921628999871,0.13456160190191774,-20.559074718283433,2.0,74.08981870055071,2.178033762418041,6.466767773375094,"Dongtai, Jiangsu",fallback_analytic
1386,1.7795138888888888,23.625,9.318181818181818,0.785987645769931,2.988611816775378,0.6006132437204099,0.1909722222222222,0.45463414634146343,0.6500847318203578,0.13888538389300117,-12.961046120272087,6.0,69.08448554221758,2.5317516229085095,7.180866784718629,"Dongtai, Jiangsu",fallback_analytic
1387,1.7447916666666667,53.625,8.04,1.5784676461003166,1.7847318421163907,0.6359234093602206,0.2170138888888889,0.4487562189054726,0.6527132073173451,0.12242236447190916,-43.50487532893192,5.0,71.2380203967084,2.4568519873433483,6.750573800907857,"Dongtai, Jiangsu",fallback_analytic
1388,1.4496527777777777,48.75,6.68,0.922615684602459,2.795732919061467,0.5517174447423319,0.2170138888888889,0.5401197604790419,0.6910121677016741,0.12026236447190915,-32.9388613848884,3.0,72.63793386060105,2.3557992477643745,6.725678100022903,"Dongtai, Jiangsu",fallback_analytic
1389,1.5711805555555556,45.0,6.961538461538462,0.5929857671098577,1.8905921826929144,0.6657263264523334,0.22569444444444445,0.49281767955801103,0.7014921511864425,0.12601529921132007,2.29068018823412,7.0,68.97498162755045,2.739065299316386,7.708449121758244,"Dongtai, Jiangsu",fallback_analytic
1390,1.7100694444444444,44.25,8.954545454545455,0.7697310985412618,3.921178427105755,0.5639608411963416,0.1909722222222222,0.4730964467005076,0.6185156345961873,0.1261326969931044,-15.63721557011829,2.0,70.87062647594318,2.338357578278948,6.7920526928231055,"Dongtai, Jiangsu",fallback_analytic
1391,1.5972222222222223,47.625,8.0,0.7495973369974126,2.520708070831276,0.5804030614646302,0.1996527777777778,0.5010869565217392,0.6683082029433302,0.13258601937591416,18.01649582547215,1.0,70.30070428712105,2.3285382807382344,6.910447889087123,"Dongtai, Jiangsu",fallback_analytic
1392,1.7100694444444444,56.625,7.88,1.4036655977979513,1.5894844860199555,0.6157253855361726,0.2170138888888889,0.4578680203045685,0.6818000610234947,0.13401591117977288,42.56526173293496,2.0,71.30140184865193,2.4032497411690845,6.59434368472171,"Dongtai, Jiangsu",fallback_analytic
1393,1.5190972222222223,36.375,6.730769230769231,1.1219335998073066,1.4010240261602092,0.6991511394057437,0.22569444444444445,0.5097142857142857,0.6561142857142858,0.10746153846153846,41.80853477970726,8.0,70.16003132521155,2.6616624395581896,7.182338309337779,"Dongtai, Jiangsu",fallback_analytic
1394,1.1111111111111112,18.0,4.571428571428571,0.4429999154925942,2.2426942846643954,0.6468777875492759,0.24305555555555555,0.68125,0.800877640757764,0.11862423020164377,-13.14965384730342,5.0,71.54998232587634,2.4087239357401473,7.408863469187908,"Dongtai, Jiangsu",fallback_analytic
1395,1.5190972222222223,51.0,6.730769230769231,0.4783752977310684,2.8855369206681063,0.5955129557084775,0.22569444444444445,0.5097142857142857,0.7159824839213443,0.13546298297860593,-2.079971686869577,4.0,70.5467216326328,2.5054318749626066,7.324371324424284,"Dongtai, Jiangsu",fallback_analytic
1396,1.9618055555555556,41.25,9.416666666666666,1.1490206516034718,2.0166789038122297,0.6142053511167052,0.20833333333333334,0.40353982300884955,0.6115326844113537,0.1294632593164774,-28.73682912206543,6.0,70.17669825817066,2.4790796072010184,6.956661952597542,"Dongtai, Jiangsu",fallback_analytic
1397,1.1024305555555556,46.5,4.379310344827586,0.4033075824645588,1.3043475170308767,0.6456174071312937,0.2517361111111111,0.6787401574803149,0.8469062678625093,0.12274749432390299,5.982854722834858,6.0,70.31627312647646,2.481143231018871,7.688043508215231,"Dongtai, Jiangsu",fallback_analytic
1398,1.5711805555555556,28.5,8.227272727272727,1.15998038848104,1.2811016057561977,0.6189539424527327,0.1909722222222222,0.5149171270718232,0.6576335764386363,0.12793450508171494,-42.29154146883263,3.0,68.77416471408415,2.42543788897991,6.757169944769961,"Dongtai, Jiangsu",fallback_analytic
1399,1.5277777777777777,21.0,7.6521739130434785,0.5971112860694043,2.409874295023979,0.6609358545340424,0.1996527777777778,0.5238636363636363,0.6774211819586263,0.1297321159868084,5.421037986084791,5.0,67.80720452563816,2.7136298957821734,7.492011302813574,"Dongtai, Jiangsu",fallback_analytic
1400,1.9184027777777777,36.75,10.045454545454545,0.6876221196496506,2.3942126788218863,0.5933238302833608,0.1909722222222222,0.42171945701357466,0.6387391614062731,0.14250537379979353,-4.595848848427742,3.0,68.1299944215033,2.4939644333393964,7.1924062049724915,"Dongtai, Jiangsu",fallback_analytic
1401,2.1961805555555554,43.5,11.0,0.8726408278103335,3.211646194498265,0.5828437968854339,0.1996527777777778,0.36442687747035574,0.5996267984800352,0.12186605799340419,9.23490037652445,6.0,70.50768626422028,2.399449165208973,7.080756960009868,"Dongtai, Jiangsu",fallback_analytic
1402,2.3697916666666665,28.125,13.65,1.1432968417563145,2.147190128463497,0.6307416323023186,0.1736111111111111,0.3487179487179487,0.5501465201465201,0.1214,-20.532064292397834,6.0,67.23339647490653,2.4008721572439224,6.993756392772878,"Dongtai, Jiangsu",fallback_analytic
1403,1.9965277777777777,42.375,9.583333333333334,0.6169654189698891,4.538128411459889,0.49962958011614217,0.20833333333333334,0.39652173913043476,0.6112173913043478,0.117,1.3502988552504789,1.0,72.31834565383446,2.116686581015271,6.714273303787536,"Dongtai, Jiangsu",fallback_analytic
1404,1.5017361111111112,59.25,6.407407407407407,0.5274971354479686,1.5822037651947674,0.7102994639742906,0.234375,0.5098265895953757,0.6854316608982265,0.10987255969621218,1.8217939726357741,8.0,68.48775885771312,2.85,7.85,"Dongtai, Jiangsu",fallback_analytic
1405,1.6493055555555556,57.0,7.6,0.7728024199867294,2.851947511146429,0.5554613916435626,0.2170138888888889,0.4747368421052632,0.6698510141462114,0.13185591117977288,-16.044525739756,1.0,71.7017076854884,2.346093449125387,6.806226780398596,"Dongtai, Jiangsu",fallback_analytic
1406,1.1111111111111112,34.875,4.923076923076923,0.4697118138236484,2.608654218306297,0.6069348031592466,0.22569444444444445,0.696875,0.8164586667310371,0.12642762398444068,-14.196939936240234,6.0,72.27636126938174,2.4414731793325357,7.351169131069215,"Dongtai, Jiangsu",fallback_analytic
1407,1.8142361111111112,54.0,9.08695652173913,0.7996363619165081,2.790421589206554,0.5676129597328552,0.1996527777777778,0.4411483253588517,0.657681122826729,0.12732865703468385,-15.119805642830844,3.0,70.29519072644278,2.4552607388987013,6.967276408008273,"Dongtai, Jiangsu",fallback_analytic
1408,1.2934027777777777,32.25,5.730769230769231,0.6695654463818226,2.5122299232261387,0.6377976296601259,0.22569444444444445,0.5986577181208054,0.7633297182866996,0.12390301714023176,-20.4739449155075,7.0,71.4187130846889,2.5365189751095976,7.314246838575492,"Dongtai, Jiangsu",fallback_analytic
1409,2.1006944444444446,50.625,10.521739130434783,0.9507199093068897,3.3021676676998553,0.5410997746975079,0.1996527777777778,0.38099173553719007,0.5967371984684005,0.1291234203346345,15.44225766189691,3.0,71.45868716749435,2.2057555877647217,6.741167100133534,"Dongtai, Jiangsu",fallback_analytic
1410,1.5798611111111112,62.625,7.0,0.6298573828784775,4.807328910233924,0.4425819927199483,0.22569444444444445,0.4901098901098901,0.7045293297637021,0.12828763252484715,-11.200720918364894,0.0,75.60008087834692,2.084530178233714,6.490922709061711,"Dongtai, Jiangsu",fallback_analytic
1411,1.7013888888888888,42.75,7.538461538461538,1.447390730567057,2.107315803782006,0.5528811830704818,0.22569444444444445,0.45510204081632655,0.6869664218527831,0.1382183590535841,-39.8969427766284,1.0,72.3710045523306,2.212019471517044,6.453962278115241,"Dongtai, Jiangsu",fallback_analytic
1412,1.6145833333333333,48.375,7.44,0.6670656760330338,3.4931975438687335,0.6390408600928181,0.2170138888888889,0.48494623655913977,0.70090356995892,0.1312447289438183,-11.910533694165537,8.0,71.65175472345977,2.6340029078291733,7.341243862630638,"Dongtai, Jiangsu",fallback_analytic
1413,1.8315972222222223,43.125,8.44,0.8030447973511186,4.334512497001897,0.5999490971147683,0.2170138888888889,0.42748815165876775,0.5853080568720379,0.1128,20.961812823811528,8.0,73.08355160056036,2.5273344136478064,7.044002754131162,"Dongtai, Jiangsu",fallback_analytic
1414,1.6145833333333333,56.25,7.44,0.7537877757646322,2.8297687513593903,0.522109127803928,0.2170138888888889,0.48494623655913977,0.6838442580977396,0.1298847289438183,18.118627421950833,0.0,72.14629206741603,2.2942942382674207,6.706444940502835,"Dongtai, Jiangsu",fallback_analytic
1415,1.8489583333333333,35.25,9.26086956521739,1.5689977422242796,1.8272576314403994,0.5403650628311905,0.1996527777777778,0.4328638497652582,0.663140309982456,0.14366946867366617,42.404993806252236,0.0,71.44750614403374,2.1700690905123254,6.357347430947312,"Dongtai, Jiangsu",fallback_analytic
1416,1.25,23.625,5.333333333333333,0.5431221334507559,4.604078394392667,0.588799478886263,0.234375,0.6125,0.7653897779494323,0.12036439509987383,-15.215998446067381,8.0,74.71024733131672,2.3961945714347705,7.167907731867708,"Dongtai, Jiangsu",fallback_analytic
1417,2.1961805555555554,47.625,11.5,1.096346883902921,1.748271312161777,0.6378124943796344,0.1909722222222222,0.3683794466403162,0.5763559842385736,0.11949633335674074,20.573125067590354,4.0,68.31109491439774,2.3604349357299768,7.013247437537596,"Dongtai, Jiangsu",fallback_analytic
1418,1.015625,43.5,4.333333333333333,0.6596167654403062,0.8396250372403816,0.6297178278927725,0.234375,0.7538461538461538,0.8372594416306528,0.10965033747398996,36.509210795446194,3.0,71.85261893942717,2.2656282457198125,7.049322305380811,"Dongtai, Jiangsu",fallback_analytic
1419,1.7621527777777777,41.625,8.458333333333334,0.7419183298397609,1.229542482586575,0.6269749008362798,0.20833333333333334,0.4492610837438424,0.6401779705651145,0.12182661115402472,-10.556818976275437,1.0,67.90295498196181,2.5227676638354612,7.185436519026136,"Dongtai, Jiangsu",fallback_analytic
1420,1.09375,15.0,4.5,0.7346488947233989,1.4899521733741734,0.6653215128316526,0.24305555555555555,0.692063492063492,0.8705888256910902,0.12016992862660322,33.42307129347124,5.0,71.95155127914931,2.43271451019233,7.195815918872293,"Dongtai, Jiangsu",fallback_analytic
1421,1.5017361111111112,42.0,6.92,0.584062296429757,2.730040889788141,0.672887261440173,0.2170138888888889,0.5213872832369942,0.698584740062993,0.12439354670786373,6.879851545994548,8.0,69.58920647457832,2.7954423453864186,7.6238714192091175,"Dongtai, Jiangsu",fallback_analytic
1422,2.5260416666666665,43.875,13.857142857142858,1.2687483607262617,2.4183412365933408,0.6794955827738827,0.18229166666666666,0.3237113402061856,0.5841461513885607,0.14375038102594714,-17.084827188777876,8.0,68.13972947733096,2.3716246361505857,7.111813528035663,"Dongtai, Jiangsu",fallback_analytic
1423,1.8923611111111112,18.75,9.478260869565217,1.180782845203323,1.9035269380183486,0.5878428864489108,0.1996527777777778,0.42293577981651376,0.6246478167121877,0.13759817398021262,-32.75391755516568,3.0,69.1879195032082,2.4230301060751924,6.74258088613689,"Dongtai, Jiangsu",fallback_analytic
1424,1.8055555555555556,46.5,8.666666666666666,0.9875650891685978,1.711299649309458,0.597878743794211,0.20833333333333334,0.43846153846153846,0.6485068944015984,0.13318324081226343,23.11743064005941,3.0,69.61793577402912,2.5029265812923547,6.944750702255467,"Dongtai, Jiangsu",fallback_analytic
1425,1.0590277777777777,18.375,4.518518518518518,0.7333596934864597,1.3402436922259384,0.7117433645715041,0.234375,0.7229508196721312,0.8158051257759223,0.12153623872763059,-36.39664811842142,8.0,71.26153131116814,2.5277749431794683,7.405354164287092,"Dongtai, Jiangsu",fallback_analytic
1426,1.9878472222222223,55.125,9.541666666666666,1.6757818474096942,1.7801884716776777,0.6375945205698383,0.20833333333333334,0.3982532751091703,0.6234973188919787,0.1381832408122634,-43.99095266835822,5.0,71.66705102777372,2.349787021638125,6.678438130237942,"Dongtai, Jiangsu",fallback_analytic
1427,1.9097222222222223,56.25,8.8,0.8220702328474339,2.862630593273906,0.5180633558440353,0.2170138888888889,0.41,0.6184061575944835,0.11762236447190914,-16.493600020269046,0.0,72.27833404227242,2.2123477810035017,6.622434910995821,"Dongtai, Jiangsu",fallback_analytic
1428,2.126736111111111,38.625,11.136363636363637,1.2013467439607068,4.334954712954676,0.530145163945607,0.1909722222222222,0.38040816326530613,0.5841877551020408,0.127,28.979158697093112,6.0,73.23344310611678,2.18643363546451,6.507865071741119,"Dongtai, Jiangsu",fallback_analytic
1429,1.5277777777777777,51.75,7.04,0.9530237901182961,1.7221970983666186,0.5584425533494923,0.2170138888888889,0.5125,0.7338410835498521,0.14067827565168206,-27.247991164502995,0.0,70.95226425694673,2.2685822303397623,6.722400400530115,"Dongtai, Jiangsu",fallback_analytic
1430,1.3628472222222223,18.0,6.28,0.4237454100166226,2.2007108059449867,0.5954731402504245,0.2170138888888889,0.5745222929936306,0.7000826964726587,0.12805913782584102,1.65976453630919,1.0,69.37987060477295,2.4481745714278977,7.270522982926916,"Dongtai, Jiangsu",fallback_analytic
1431,2.4305555555555554,34.875,13.333333333333334,0.9453914393705968,4.661449465112077,0.49770553048735977,0.18229166666666666,0.3364285714285714,0.5611285714285714,0.1260952380952381,7.635432482837757,3.0,71.65294207168225,2.003395144600757,6.586592509071129,"Dongtai, Jiangsu",fallback_analytic
1432,1.9965277777777777,36.0,10.454545454545455,0.7138467348585413,2.5438129576013853,0.6562908345238251,0.1909722222222222,0.4052173913043478,0.6060143739600619,0.12404178790219529,1.3954126234437183,7.0,67.50291577688535,2.6885527547141046,7.507864757973166,"Dongtai, Jiangsu",fallback_analytic
1433,2.204861111111111,37.5,11.545454545454545,1.7724972891303001,2.033505655566297,0.5993571044343584,0.1909722222222222,0.3669291338582677,0.5809212598425196,0.12154545454545454,-43.15890770237622,2.0,71.21422054528456,2.152481598164721,6.382209251595812,"Dongtai, Jiangsu",fallback_analytic
1434,2.1440972222222223,49.5,10.73913043478261,1.6064869317082737,2.578891355084469,0.578800146306068,0.1996527777777778,0.37327935222672065,0.6126904777703213,0.12795301451514332,39.22110610252554,2.0,71.94817099849531,2.138311375918519,6.380057529039146,"Dongtai, Jiangsu",fallback_analytic
1435,1.7795138888888888,45.375,8.541666666666666,0.8212507894190126,3.1261265531701836,0.6179382396297655,0.20833333333333334,0.4448780487804878,0.6590287123232348,0.12682661115402472,-14.669233908277644,5.0,70.62990628211051,2.5253755314156727,7.104712133328353,"Dongtai, Jiangsu",fallback_analytic
1436,1.7881944444444444,36.375,8.956521739130435,0.5797453373039552,4.465166275834812,0.5444188132522271,0.1996527777777778,0.4475728155339806,0.638873786407767,0.12208695652173913,3.960373545631647,4.0,71.78158279403127,2.372288815476177,7.001974656685637,"Dongtai, Jiangsu",fallback_analytic
1437,1.9618055555555556,36.375,10.272727272727273,1.062051188186098,1.9647997904389372,0.6305231830772209,0.1909722222222222,0.41238938053097346,0.6146625723351872,0.13524902025663754,-24.504021469792512,4.0,68.42127334933566,2.4969094601484496,6.951379047295739,"Dongtai, Jiangsu",fallback_analytic
1438,1.8663194444444444,56.625,8.6,1.1176402654579367,3.1487869992407984,0.6347942983009395,0.2170138888888889,0.41953488372093023,0.6312186760576138,0.12645913782584103,-30.654789637114348,8.0,72.5216257160896,2.511538714117756,6.996575751201434,"Dongtai, Jiangsu",fallback_analytic
1439,1.4583333333333333,55.5,6.461538461538462,0.7187203914211733,3.518037229816209,0.5255991395949491,0.22569444444444445,0.530952380952381,0.7233629961083775,0.12597994021715483,-21.260641738770822,3.0,74.02558570429017,2.2686261575035185,6.778867154350437,"Dongtai, Jiangsu",fallback_analytic
1440,1.09375,36.375,4.846153846153846,0.42217647328656566,2.356115310413607,0.6189377730964375,0.22569444444444445,0.707936507936508,0.8242012275459236,0.12642762398444068,-8.876956870594434,6.0,71.83568712899162,2.429032773740453,7.492326459519957,"Dongtai, Jiangsu",fallback_analytic
1441,1.8229166666666667,58.5,8.75,0.6776683817474455,4.930411646642838,0.5165101321977219,0.20833333333333334,0.4342857142857143,0.6480399365569806,0.13456160190191774,-10.21565250785342,6.0,74.0077412850041,2.379191635895853,6.852338438235265,"Dongtai, Jiangsu",fallback_analytic
1442,1.5277777777777777,33.375,7.6521739130434785,1.0713843372013083,1.1466712437509619,0.7274930545396869,0.1996527777777778,0.5238636363636363,0.6851073069674042,0.13385904354543002,41.67061298484715,8.0,68.18618643558372,2.7676779486834033,7.283108024487267,"Dongtai, Jiangsu",fallback_analytic
1443,1.2847222222222223,18.375,5.481481481481482,1.1010431786958244,1.3161244715435156,0.6280007939904263,0.234375,0.595945945945946,0.797961518306815,0.1414028231533462,41.29200428267397,4.0,72.12352365468738,2.3529911603322935,6.877575076997812,"Dongtai, Jiangsu",fallback_analytic
1444,1.4930555555555556,35.25,7.166666666666667,0.5795799038635367,2.4511490919962555,0.5846041734989416,0.20833333333333334,0.5302325581395348,0.7159812404298365,0.13314493523525106,-6.340640202538431,3.0,70.00509588030172,2.4558645836448285,7.225573562641663,"Dongtai, Jiangsu",fallback_analytic
1445,1.8315972222222223,54.375,8.115384615384615,0.7137287446646139,2.7838526157044097,0.5901661900296835,0.22569444444444445,0.42274881516587676,0.6172465971856851,0.11409842737683572,8.47844148428971,2.0,70.53741440043497,2.468321098328499,7.020077773444625,"Dongtai, Jiangsu",fallback_analytic
1446,1.6059027777777777,23.625,7.115384615384615,0.4528514424062988,2.5936736616536145,0.6082084402820479,0.22569444444444445,0.4821621621621622,0.6401729729729729,0.10976923076923077,0.7716637912389217,4.0,69.0881715535647,2.6540939375014063,7.40466627184744,"Dongtai, Jiangsu",fallback_analytic
1447,2.3871527777777777,39.75,13.095238095238095,1.7364126736088763,2.1996215802222037,0.5995377965134235,0.18229166666666666,0.34254545454545454,0.568086509118998,0.13156758732610935,-40.88324858804289,2.0,70.2372338974185,2.096373166281919,6.335823303292939,"Dongtai, Jiangsu",fallback_analytic
1448,2.1006944444444446,32.625,11.0,1.0119653531274468,4.856574760540365,0.5518556176755096,0.1909722222222222,0.3851239669421488,0.6165553168469666,0.14523264652706624,-19.73005782578414,7.0,72.6654742556372,2.245593085722261,6.728343642260545,"Dongtai, Jiangsu",fallback_analytic
1449,1.7708333333333333,33.375,9.272727272727273,0.7915994980328946,2.7359496694064838,0.6104952555246471,0.1909722222222222,0.4568627450980392,0.6322450980392157,0.11854545454545455,-16.281790465930257,6.0,68.9030359434443,2.6318621795225403,7.184923143353784,"Dongtai, Jiangsu",fallback_analytic
1450,1.5538194444444444,39.375,7.458333333333333,0.8745393586449058,2.4322220315594887,0.5735628777251576,0.20833333333333334,0.5094972067039106,0.6734761192439247,0.13064493523525106,28.3598092530775,1.0,71.24287443180626,2.3622955329592634,6.7476260236732415,"Dongtai, Jiangsu",fallback_analytic
1451,1.4236111111111112,38.625,6.56,0.8644355523451861,2.755979879602375,0.6256347716109865,0.2170138888888889,0.55,0.7196783984807444,0.1379215022977502,29.144875535060976,5.0,71.87821770607218,2.4543260038741384,6.99150728803292,"Dongtai, Jiangsu",fallback_analytic
1452,0.9461805555555556,12.0,3.7586206896551726,0.6257929274162011,2.420606060725825,0.55706765158543,0.2517361111111111,0.7908256880733945,0.9533878229654044,0.13687986217550965,-27.332316047344428,1.0,74.25577382294988,1.961099271085947,6.857486517464985,"Dongtai, Jiangsu",fallback_analytic
1453,2.1788194444444446,38.625,11.409090909090908,1.134294497139386,3.9819428960812564,0.5469477264933965,0.1909722222222222,0.3713147410358566,0.5872090332395125,0.13706720207481934,-23.459752142083662,2.0,71.84222395182766,2.066055410920323,6.443758006913385,"Dongtai, Jiangsu",fallback_analytic
1454,1.328125,27.375,6.12,0.9539956861988685,1.0013163962699794,0.622238905590135,0.2170138888888889,0.5895424836601307,0.7280771592164146,0.1302559111797729,-43.0437484718079,1.0,69.84191173856391,2.333395646264214,6.710437752194176,"Dongtai, Jiangsu",fallback_analytic
1455,2.326388888888889,40.125,12.761904761904763,1.318376299858458,3.362688194046589,0.5347365869104649,0.18229166666666666,0.35149253731343283,0.603377825935978,0.14397516407838218,-26.16696722362384,1.0,71.19198394027973,2.0650036894966615,6.356030110506989,"Dongtai, Jiangsu",fallback_analytic
1456,1.5711805555555556,45.75,7.541666666666667,0.8153105792465507,3.386220166982248,0.6077721034841813,0.20833333333333334,0.5038674033149171,0.68939796688497,0.12643996299157204,23.11508683911572,5.0,71.99000389304547,2.4705447346031053,6.9622463231639955,"Dongtai, Jiangsu",fallback_analytic
1457,2.126736111111111,45.0,11.136363636363637,0.7654419800728831,3.633562217529372,0.5756370543181321,0.1909722222222222,0.38040816326530613,0.5986312680881657,0.13797629298391026,-5.206378825106029,4.0,70.2057528425143,2.3606571312887032,6.965763644888792,"Dongtai, Jiangsu",fallback_analytic
1458,2.248263888888889,45.375,12.333333333333334,1.3474995586422693,1.8544469962437793,0.6289013044712248,0.18229166666666666,0.3637065637065637,0.5675638301396895,0.12764567199036803,-31.308367020320745,2.0,68.78177601392787,2.24224486809707,6.641778570724614,"Dongtai, Jiangsu",fallback_analytic
1459,1.5885416666666667,52.5,7.32,1.1609611369986181,1.4857714557032073,0.6295820851808159,0.2170138888888889,0.492896174863388,0.7069110639014192,0.14067827565168203,-37.15577593802991,4.0,70.6598866894864,2.5244649854787538,6.916485230252724,"Dongtai, Jiangsu",fallback_analytic
1460,1.3194444444444444,51.0,5.62962962962963,1.073495004827406,1.1454262618769793,0.6709306493318246,0.234375,0.5802631578947368,0.752084035223236,0.11931401650540836,43.99525073279186,5.0,71.90078234134506,2.5006195293457765,6.9765966575081455,"Dongtai, Jiangsu",fallback_analytic
1461,2.3003472222222223,40.125,12.045454545454545,1.3690479069310129,2.006898232576019,0.651559376641941,0.1909722222222222,0.3516981132075472,0.5922454617304398,0.14436534352017066,-28.494299722771103,7.0,69.02334668977629,2.42284655733715,6.9530241357848555,"Dongtai, Jiangsu",fallback_analytic
1462,2.109375,48.375,10.565217391304348,1.2815973993594023,1.4320542945741694,0.6026692100204348,0.1996527777777778,0.3794238683127572,0.584427182551899,0.13600163293233714,-32.204488569039256,1.0,69.65786894009868,2.27082290321748,6.639626534698594,"Dongtai, Jiangsu",fallback_analytic
1463,1.4496527777777777,38.25,6.68,1.1276159308882276,1.1368440856292719,0.6098729882281889,0.2170138888888889,0.5401197604790419,0.7020421078214345,0.1258847289438183,-44.7495106040861,3.0,70.81678337134711,2.3957290129164273,6.7988583225348185,"Dongtai, Jiangsu",fallback_analytic
1464,2.0399305555555554,46.125,9.791666666666666,1.556652733278265,1.7211951302554276,0.6447194187919856,0.20833333333333334,0.3880851063829787,0.5979492085632303,0.11812163891034569,43.569408992618676,7.0,70.93005438604219,2.459890583974517,6.800888910494108,"Dongtai, Jiangsu",fallback_analytic
1465,1.953125,46.125,10.227272727272727,0.9249164294734507,3.4329310396245116,0.5772833234583038,0.1909722222222222,0.4142222222222222,0.5785480267147299,0.12431451517492256,20.214418009845076,6.0,71.09362665805787,2.4214165174321693,6.92800885994486,"Dongtai, Jiangsu",fallback_analytic
1466,1.7100694444444444,37.125,7.88,0.9128811481733248,3.7450069433302287,0.6191358652287468,0.2170138888888889,0.4578680203045685,0.6707326802893085,0.12091677335393186,25.131570009547346,8.0,72.45228333704964,2.5343699931238617,7.076618171127124,"Dongtai, Jiangsu",fallback_analytic
1467,1.6319444444444444,58.125,7.230769230769231,1.073462140075549,1.8128147100955738,0.6146183704375995,0.22569444444444445,0.474468085106383,0.6647516277170971,0.1128815128403191,38.04649431434024,2.0,72.06114170981382,2.363902412607889,6.7158113936101405,"Dongtai, Jiangsu",fallback_analytic
1468,1.0243055555555556,10.125,4.37037037037037,0.3858314052931797,1.888144169758939,0.5637284769979152,0.234375,0.747457627118644,0.8779196161159676,0.13227100419787477,-4.8267314510417165,0.0,70.92349796846904,2.1929447134514906,7.19048270785734,"Dongtai, Jiangsu",fallback_analytic
1469,1.3454861111111112,57.375,6.2,0.9733396816320521,1.6686350769152491,0.6297723985469968,0.2170138888888889,0.5819354838709677,0.7127617033055428,0.12645913782584103,38.68834193289764,4.0,71.47129262437862,2.4016552091542795,6.915240826121396,"Dongtai, Jiangsu",fallback_analytic
1470,1.875,34.5,10.285714285714286,0.6621026607121697,2.0628702077583805,0.6829802519278446,0.18229166666666666,0.4361111111111111,0.6183288518804609,0.13212186246655852,-1.021373552032081,5.0,66.0,2.744336212695565,7.51049108450181,"Dongtai, Jiangsu",fallback_analytic
1471,1.3975694444444444,48.75,6.44,0.9556448021576694,1.0618480627339408,0.6547516742932246,0.2170138888888889,0.5602484472049689,0.719668699885718,0.13048150229775018,38.95782986751776,4.0,70.63664488498988,2.521638055179815,7.03300651807941,"Dongtai, Jiangsu",fallback_analytic
1472,2.048611111111111,40.875,10.727272727272727,0.8518384043251128,2.01168020737463,0.6020564777542325,0.1909722222222222,0.3949152542372881,0.610536903989715,0.13732355561797535,11.113171609973321,1.0,68.05485520060951,2.3479822337213374,6.932175501020465,"Dongtai, Jiangsu",fallback_analytic
1473,2.0225694444444446,47.625,10.130434782608695,0.7899408397789379,2.6102457188199977,0.5752078154338203,0.1996527777777778,0.39570815450643776,0.5730815450643777,0.11278260869565217,10.923694720859238,1.0,69.76185547954839,2.319350568223307,6.858906644158647,"Dongtai, Jiangsu",fallback_analytic
1474,2.03125,46.875,10.173913043478262,0.7457772056434839,1.455822953161397,0.6231512714255825,0.1996527777777778,0.394017094017094,0.601320649599058,0.13161383580849814,-2.834513890345576,3.0,67.18330318138139,2.53588335075366,7.323465623653137,"Dongtai, Jiangsu",fallback_analytic
1475,1.5972222222222223,50.25,7.36,1.0512799022210753,1.283750497273625,0.6420501729091009,0.2170138888888889,0.4902173913043478,0.7110119132449857,0.13907827565168204,-32.854724836138224,2.0,69.9372573875784,2.504494190099141,6.871801887310869,"Dongtai, Jiangsu",fallback_analytic
1476,1.6319444444444444,50.25,7.52,0.9099921680683933,2.7603583584077622,0.5886373678298427,0.2170138888888889,0.4797872340425532,0.6942716101646463,0.13805268453370473,22.248298426751745,6.0,71.718535436406,2.594308925167679,7.060920431477292,"Dongtai, Jiangsu",fallback_analytic
1477,1.7621527777777777,48.375,8.12,0.6448770982899094,2.818286388586086,0.5969248494138492,0.2170138888888889,0.44433497536945815,0.6231527093596059,0.1072,5.626699073656049,6.0,70.4213537908032,2.6133712065177517,7.339472354776262,"Dongtai, Jiangsu",fallback_analytic
1478,0.7291666666666666,8.625,2.896551724137931,0.25496153980062636,1.1303797117995984,0.6585099610471021,0.2517361111111111,1.026190476190476,1.1017415399645436,0.12837782383765692,-2.8353806177529606,4.0,69.9327783206893,2.2810639269762416,7.783582243517033,"Dongtai, Jiangsu",fallback_analytic
1479,2.0225694444444446,19.125,11.095238095238095,1.018575681027945,1.527939181621661,0.6551185721606825,0.18229166666666666,0.40429184549356223,0.6009294564877954,0.1443046561663963,19.164250619136084,2.0,66.52671678873931,2.4499872315289304,7.0034374162568325,"Dongtai, Jiangsu",fallback_analytic
1480,1.2152777777777777,54.75,5.384615384615385,0.46870752083683215,0.8731395752864775,0.676395560599512,0.22569444444444445,0.6371428571428571,0.8303519478802075,0.14199523942847492,-2.853370382805494,6.0,68.49864477674659,2.695913640057564,7.803762960749474,"Dongtai, Jiangsu",fallback_analytic
1481,2.6822916666666665,35.625,15.45,1.1223194603160938,5.120953478758665,0.5126301935481207,0.1736111111111111,0.3080906148867314,0.548284789644013,0.1297,12.927375368750688,2.0,71.60214309273803,1.895382268473581,6.289326199809139,"Dongtai, Jiangsu",fallback_analytic
1482,1.4670138888888888,16.125,6.035714285714286,0.9203406262026621,1.954950955994167,0.6392938922676824,0.24305555555555555,0.5159763313609468,0.7112196924539541,0.11648137305878663,-31.909193214753074,7.0,71.32982263973818,2.5737351243811597,7.120729716683489,"Dongtai, Jiangsu",fallback_analytic
1483,1.3454861111111112,64.875,5.7407407407407405,0.8311738246522028,2.4186044385934347,0.5596963694701745,0.234375,0.5690322580645162,0.7531732517424746,0.1390591358978327,28.880640138012254,1.0,73.37506585838749,2.2300539001464337,6.696595614351614,"Dongtai, Jiangsu",fallback_analytic
1484,1.71875,39.0,7.92,0.7723539592295984,4.3717659580794574,0.45968659219652663,0.2170138888888889,0.45555555555555555,0.6918800810577599,0.1345903200617956,13.18372443534966,0.0,74.39969377868948,2.135407935237348,6.490394580960368,"Dongtai, Jiangsu",fallback_analytic
1485,1.953125,31.5,10.227272727272727,1.050810333135297,3.1641356026160214,0.5479993847921695,0.1909722222222222,0.4142222222222222,0.6056999971079875,0.1355217475293648,-24.730489476911952,3.0,70.66076038633685,2.282616489796675,6.67659269719658,"Dongtai, Jiangsu",fallback_analytic
1486,2.204861111111111,48.75,11.043478260869565,0.7904454283959177,7.105441924067636,0.4303797836792356,0.1996527777777778,0.36299212598425196,0.5792047244094488,0.12408695652173914,10.623814115055659,6.0,76.83167183586895,2.0027350505437136,6.421629312172998,"Dongtai, Jiangsu",fallback_analytic
1487,2.3177083333333335,36.375,12.714285714285714,1.4687792429710067,2.2657200311820063,0.6075991957005462,0.18229166666666666,0.35280898876404493,0.5610021723425053,0.1283294920880141,36.05919586033336,4.0,69.71023272744041,2.225042761494371,6.581329344850185,"Dongtai, Jiangsu",fallback_analytic
1488,1.8663194444444444,43.875,8.958333333333334,1.2391305743197731,3.413012536263208,0.624747608910014,0.20833333333333334,0.4241860465116279,0.6119954977031608,0.1236066296582387,35.72851555241486,8.0,72.73564089196404,2.4825607333067925,6.856593460705866,"Dongtai, Jiangsu",fallback_analytic
1489,1.5972222222222223,58.125,7.36,1.0551002144975627,1.6889271650808761,0.6606902937057513,0.2170138888888889,0.4902173913043478,0.6862574457781161,0.12199354670786373,-36.451972774066746,7.0,70.73980247148128,2.7103253269487295,7.131041414646895,"Dongtai, Jiangsu",fallback_analytic
1490,1.5017361111111112,22.5,6.653846153846154,0.9821186515971305,3.26188851617787,0.5953091577334443,0.22569444444444445,0.5156069364161849,0.7097189018680541,0.12597994021715483,31.913480857477964,7.0,72.73458246031973,2.460136071456504,6.937682210653943,"Dongtai, Jiangsu",fallback_analytic
1491,1.7881944444444444,29.25,9.363636363636363,1.0907292555621875,2.7684269493176377,0.6672309740270292,0.1909722222222222,0.4524271844660194,0.6559552104559799,0.13833992934754663,-29.448857649070845,8.0,69.67658807193014,2.635732462584476,7.140454263800869,"Dongtai, Jiangsu",fallback_analytic
1492,1.7708333333333333,24.75,8.5,1.0854176589007376,2.3310896086372264,0.5691730426318148,0.20833333333333334,0.4470588235294118,0.6229004543518635,0.1267282685685844,-33.5549088534009,3.0,70.75595189902403,2.3748911974272957,6.725002292655277,"Dongtai, Jiangsu",fallback_analytic
1493,1.6840277777777777,34.5,7.76,1.534926765851524,1.5565376926193573,0.6117928105500537,0.2170138888888889,0.46494845360824744,0.6733870928790654,0.11955677335393186,44.81413079595772,2.0,71.22506752107533,2.344051160884381,6.593319353307509,"Dongtai, Jiangsu",fallback_analytic
1494,2.013888888888889,50.25,10.545454545454545,1.2239264163116217,2.3477306942742038,0.5387309377987892,0.1909722222222222,0.4017241379310345,0.6073234138197395,0.12911632326353312,-30.67699480465214,0.0,70.97598763834625,2.113301479089022,6.45570305536955,"Dongtai, Jiangsu",fallback_analytic
1495,1.3628472222222223,59.625,6.038461538461538,0.6559894729745344,2.530293696041256,0.6026181176838128,0.22569444444444445,0.5681528662420382,0.7296368366000472,0.12159532483253944,18.98916088669357,6.0,71.925711436778,2.5247675038663306,7.246681904749808,"Dongtai, Jiangsu",fallback_analytic
1496,1.2152777777777777,38.625,5.0,1.0096679206545425,1.4299348594184913,0.6217214443526343,0.24305555555555555,0.6228571428571429,0.7504239619341884,0.11166282542134745,41.86835666764321,6.0,72.85629457852498,2.34040342408393,7.01967587822775,"Dongtai, Jiangsu",fallback_analytic
1497,2.170138888888889,53.25,10.869565217391305,1.006370367531193,4.597402184362506,0.5220643757020298,0.1996527777777778,0.3688,0.56512,0.118,22.218336974696797,4.0,73.71651192987478,2.0764264260880285,6.516773579320666,"Dongtai, Jiangsu",fallback_analytic
1498,2.986111111111111,29.625,19.11111111111111,1.221165700734721,2.8639914259307178,0.6447187149333824,0.15625,0.28255813953488373,0.558577546610429,0.15365770376092186,6.535166011787872,7.0,66.0,2.3167599616389296,7.081103195342345,"Dongtai, Jiangsu",fallback_analytic
1499,3.3333333333333335,16.5,22.58823529411765,1.527665298521712,2.508029043279506,0.6520791707723957,0.14756944444444445,0.2557291666666667,0.5031928750321852,0.1417011372851939,13.271963026634275,5.0,66.0,2.2586843665613197,6.844643797563489,"Dongtai, Jiangsu",fallback_analytic
1500,1.3888888888888888,42.375,5.925925925925926,0.9910740137620742,1.8385175910727725,0.6465038358066061,0.234375,0.55125,0.7196084666924148,0.1140947819184344,-38.484716138968615,7.0,71.37871138447399,2.490146627678108,7.067500209663459,"Dongtai, Jiangsu",fallback_analytic
1501,1.1458333333333333,25.125,4.888888888888889,0.4389725754157182,2.2172234934873516,0.6184396572438772,0.234375,0.6681818181818182,0.7907716213642695,0.11857327576466761,-8.143078744870245,4.0,71.05198105998105,2.3996805414551834,7.389201846775297,"Dongtai, Jiangsu",fallback_analytic
1502,1.4670138888888888,51.0,6.76,1.1766174541263588,1.4827896068532915,0.6640751064497028,0.2170138888888889,0.5337278106508876,0.7079584813385055,0.12541913782584102,-42.11702680378215,7.0,71.0259846384344,2.630688135975495,7.073345601940715,"Dongtai, Jiangsu",fallback_analytic
1503,1.5885416666666667,59.625,7.32,0.8735437723665563,2.3730650366090797,0.6405870365298634,0.2170138888888889,0.492896174863388,0.7020475920304522,0.1312447289438183,-24.7151414372668,5.0,71.41090459697537,2.5528280248935022,7.06435696677855,"Dongtai, Jiangsu",fallback_analytic
1504,2.048611111111111,46.875,10.727272727272727,1.4339621772253257,1.7941226992070018,0.5524738271649291,0.1909722222222222,0.3949152542372881,0.6102542372881355,0.11672727272727272,39.71986563867473,0.0,70.0409938768243,2.1944845979971612,6.370356662754499,"Dongtai, Jiangsu",fallback_analytic
1505,2.0399305555555554,46.125,10.681818181818182,1.459293909750544,1.64213445802707,0.6625400875111176,0.1909722222222222,0.39659574468085107,0.6235248426255054,0.13081084853166333,-40.73313477183237,5.0,69.34555721660514,2.408137263178632,6.773473884154561,"Dongtai, Jiangsu",fallback_analytic
1506,1.7361111111111112,39.75,8.333333333333334,0.8018969837322563,1.7412419518781026,0.5691077759089189,0.20833333333333334,0.456,0.6627741868314548,0.14262320380383547,11.500174529943934,0.0,69.04155388594327,2.4024533942172375,6.930966724510463,"Dongtai, Jiangsu",fallback_analytic
1507,2.1961805555555554,49.875,11.5,0.9669411165846891,1.9141727627050078,0.6363526670506343,0.1909722222222222,0.3683794466403162,0.545296442687747,0.11454545454545455,17.840501213700527,2.0,68.03913847671177,2.302373225036599,6.90425548694036,"Dongtai, Jiangsu",fallback_analytic
1508,1.4583333333333333,26.25,7.0,0.5059672016838195,1.4197566522194385,0.733804379177203,0.20833333333333334,0.5428571428571428,0.6764756111908078,0.1267282685685844,-3.396417766199697,8.0,66.5803708001614,2.85,7.85,"Dongtai, Jiangsu",fallback_analytic
1509,1.8576388888888888,35.25,9.304347826086957,0.696464840433698,2.8815229150780675,0.6030957675573071,0.1996527777777778,0.4308411214953271,0.6381012959597812,0.12845909181729256,7.213760744357572,6.0,69.0342623318082,2.541209105182284,7.296942939278815,"Dongtai, Jiangsu",fallback_analytic
1510,2.2135416666666665,29.25,12.75,0.8882032719190963,1.9332764234533504,0.7195019232962131,0.1736111111111111,0.37333333333333335,0.5556862745098039,0.1224,10.832983833775529,8.0,66.0,2.6498013906257,7.511269760249538,"Dongtai, Jiangsu",fallback_analytic
1511,1.3194444444444444,65.25,5.62962962962963,0.7478966788307317,1.5356723355303903,0.6683447394255551,0.234375,0.5802631578947368,0.7512590133103509,0.12770509472013905,-25.97691209851217,7.0,71.4406655494935,2.5675399229286255,7.3584339393820795,"Dongtai, Jiangsu",fallback_analytic
1512,1.9184027777777777,47.625,9.608695652173912,1.1305143366677293,2.1323860185162986,0.6856992635704166,0.1996527777777778,0.4171945701357466,0.6129437256183544,0.13897381649975313,29.790594074741733,8.0,69.55615692725495,2.6542458308146535,7.1735722241392175,"Dongtai, Jiangsu",fallback_analytic
1513,1.8402777777777777,49.125,9.636363636363637,1.0110624203691307,1.6593712388442332,0.6447798758536877,0.1909722222222222,0.439622641509434,0.6065273113571908,0.12340542426583166,28.3018263643076,4.0,68.50685570355792,2.599536259469403,7.0290212976048645,"Dongtai, Jiangsu",fallback_analytic
1514,2.3958333333333335,19.125,13.8,0.7933820463097698,3.2566988343622096,0.6353578758842318,0.1736111111111111,0.34492753623188405,0.5601913841083478,0.13714596669241483,-0.9077257995208043,5.0,67.46472326755023,2.3846162790358942,7.182655938741358,"Dongtai, Jiangsu",fallback_analytic
1515,1.953125,54.0,9.375,1.087544506103624,4.001445259677952,0.5722737427020702,0.20833333333333334,0.4053333333333333,0.6363662312415684,0.13015994448735804,26.140264726960623,7.0,73.27849727471346,2.370552471793532,6.80456133611415,"Dongtai, Jiangsu",fallback_analytic
1516,0.7465277777777778,21.0,2.774193548387097,0.2740230500162334,1.3728945773569847,0.6022830171272936,0.2690972222222222,0.9790697674418605,1.1444767290534232,0.12498698933037042,-2.8263979280461413,3.0,71.22902532600827,2.237034598759658,7.5795561840602605,"Dongtai, Jiangsu",fallback_analytic
1517,2.03125,49.875,10.636363636363637,0.8680003106488302,1.916788683702447,0.6052056624481711,0.1909722222222222,0.39829059829059826,0.5918367094347199,0.12313269699310439,-11.381761311220316,3.0,67.82759711383834,2.4598186510834195,7.148447097511069,"Dongtai, Jiangsu",fallback_analytic
1518,1.8836805555555556,34.875,10.333333333333334,0.8541474960529467,1.229691864698503,0.7436255922366087,0.18229166666666666,0.43410138248847924,0.5964579263740707,0.13189707941412349,-14.67954851651485,8.0,66.0,2.85,7.636381763766082,"Dongtai, Jiangsu",fallback_analytic
1519,1.5625,60.0,6.923076923076923,0.5650181667232812,3.036978387512177,0.655989582275026,0.22569444444444445,0.4955555555555556,0.6773754445302717,0.12313378637100099,3.363918589508046,8.0,70.58291300681249,2.680189080647833,7.574181041932455,"Dongtai, Jiangsu",fallback_analytic
1520,2.2743055555555554,40.125,11.909090909090908,1.0583724515813593,2.3272303452917726,0.6861731103472969,0.1909722222222222,0.35572519083969467,0.5655712875396686,0.12484359599080586,-16.31581483394948,8.0,68.66641368495385,2.5368481203581017,7.266034182879541,"Dongtai, Jiangsu",fallback_analytic
1521,1.2673611111111112,29.625,5.615384615384615,0.931088063399004,1.260074724152287,0.6074229329423928,0.22569444444444445,0.6109589041095891,0.7944829774087958,0.13626757274200196,-37.40153428151818,1.0,71.66654552850365,2.2785149066700248,6.795897154795306,"Dongtai, Jiangsu",fallback_analytic
1522,2.2222222222222223,43.5,11.636363636363637,1.5659080885365326,2.609869218858625,0.5495661299264158,0.1909722222222222,0.3640625,0.5980990416827592,0.13311632326353312,-36.97662067104654,3.0,71.65648413390733,2.118246303701376,6.40955262769881,"Dongtai, Jiangsu",fallback_analytic
1523,1.8576388888888888,44.25,8.916666666666666,0.9920719424493971,1.3740020476649148,0.6111903737287608,0.20833333333333334,0.4261682242990654,0.6364305047884031,0.1242282685685844,-23.086366654073803,1.0,68.99170010060037,2.396604196065502,6.866673168635658,"Dongtai, Jiangsu",fallback_analytic
1524,1.875,26.625,9.391304347826088,1.0034577318355495,3.219262434154809,0.5773064711381635,0.1996527777777778,0.42685185185185187,0.6561350001430454,0.13294950729115623,23.011581768864517,4.0,71.00721602902487,2.358286016631073,6.807792068035645,"Dongtai, Jiangsu",fallback_analytic
1525,2.0225694444444446,29.625,10.130434782608695,1.1413810719898407,2.5520196391418253,0.5984792493325111,0.1996527777777778,0.39570815450643776,0.6282237254279753,0.13345558459330548,25.99996363347664,2.0,70.3664067419855,2.3149103961058106,6.681901868490241,"Dongtai, Jiangsu",fallback_analytic
1526,1.640625,36.0,7.875,1.300803963280662,1.4363505975566526,0.5963471508998407,0.20833333333333334,0.48253968253968255,0.6677421023854079,0.1289782685685844,43.232166755699026,3.0,70.43675758641957,2.4514646656422383,6.695063168216253,"Dongtai, Jiangsu",fallback_analytic
1527,1.4409722222222223,52.125,6.148148148148148,0.49055743375020333,1.6200666424498962,0.605262536951996,0.234375,0.5313253012048192,0.7352759359042856,0.13535543219412902,1.7296935836033285,3.0,69.8172874118783,2.597740856832812,7.419688980292027,"Dongtai, Jiangsu",fallback_analytic
1528,1.4409722222222223,51.75,6.384615384615385,1.1124663951065736,1.8687629436153483,0.6458202708955675,0.22569444444444445,0.5373493975903615,0.7484054578964713,0.11549689745570371,-38.94366476479809,5.0,71.6639719882641,2.4630031024795143,6.914765494701795,"Dongtai, Jiangsu",fallback_analytic
1529,1.4496527777777777,55.875,6.68,1.1052550089625526,3.6481816378038503,0.5103139230182328,0.2170138888888889,0.5401197604790419,0.738001057992158,0.1377759111797729,-36.458938972492476,3.0,74.89974330026526,2.2035505769456174,6.437309181655325,"Dongtai, Jiangsu",fallback_analytic
1530,2.0399305555555554,43.875,10.681818181818182,1.4945731312282295,1.6042624204290916,0.6276438001559295,0.1909722222222222,0.39659574468085107,0.6003107744943811,0.12404178790219529,42.91720253670239,2.0,69.54592435249225,2.317463773466138,6.5421172555014655,"Dongtai, Jiangsu",fallback_analytic
1531,1.7881944444444444,56.625,8.24,0.872323721713341,1.904929952842362,0.6243612419066609,0.2170138888888889,0.43786407766990293,0.6752239224500884,0.12381913782584103,17.032751852914558,4.0,69.91912630528182,2.558453606548767,7.168377501536931,"Dongtai, Jiangsu",fallback_analytic
1532,2.013888888888889,49.5,9.666666666666666,0.9217287452403609,1.96038054607638,0.5905489616806636,0.20833333333333334,0.3931034482758621,0.6343111063995275,0.1373348982268231,15.551013843056118,3.0,69.8654404745865,2.4156601094842833,7.001803735000745,"Dongtai, Jiangsu",fallback_analytic
1533,1.7100694444444444,40.5,8.565217391304348,0.7456910902572865,3.090907385430107,0.6277513387502819,0.1996527777777778,0.46802030456852795,0.621972324920149,0.12325736234123028,14.635681427647171,7.0,69.87849970912472,2.6206448951299275,7.23857976524752,"Dongtai, Jiangsu",fallback_analytic
1534,1.6145833333333333,54.75,7.44,0.6814091034785648,1.9150623100469077,0.59659253234787,0.2170138888888889,0.48494623655913977,0.6566306774774959,0.11499677335393185,12.040061541787217,1.0,69.71818289034373,2.4548711193343857,7.0664081879245035,"Dongtai, Jiangsu",fallback_analytic
1535,2.4305555555555554,36.75,12.727272727272727,1.1050451424268883,2.203243018940376,0.6892656957675316,0.1909722222222222,0.33285714285714285,0.567596771494781,0.12313269699310439,14.267133878262719,8.0,68.18618802572566,2.468867513322628,7.2325494743071355,"Dongtai, Jiangsu",fallback_analytic
1536,1.875,49.125,9.0,0.82725439523208,5.038516915988847,0.47120248088449623,0.20833333333333334,0.4222222222222222,0.6421421728776516,0.1367132593164774,-15.769600149942011,1.0,75.03836568813485,2.099581850593991,6.422568745072121,"Dongtai, Jiangsu",fallback_analytic
1537,1.3802083333333333,16.5,5.888888888888889,0.5261429345453136,2.7912614204115984,0.6269913258017235,0.234375,0.5547169811320755,0.7821535684386156,0.134493226420097,5.467807165841101,7.0,70.8692128738411,2.6356170414875266,7.5004515996978345,"Dongtai, Jiangsu",fallback_analytic
1538,1.328125,54.75,5.884615384615385,0.6811338137395826,1.2986036304039352,0.6508799466787037,0.22569444444444445,0.5830065359477125,0.6976449499045306,0.11179073506914342,-25.031073503147322,6.0,70.48455035808745,2.533894012483636,7.350204919295352,"Dongtai, Jiangsu",fallback_analytic
1539,2.248263888888889,47.625,11.26086956521739,1.0514821294096919,5.34927089955208,0.4901851566193069,0.1996527777777778,0.355984555984556,0.5919499305257898,0.1394399227650199,19.169302534494264,2.0,75.10799799787877,1.958588642262649,6.2858640398686045,"Dongtai, Jiangsu",fallback_analytic
1540,1.9791666666666667,49.125,9.5,1.0589213526894246,1.7772912109541128,0.5573848307875918,0.20833333333333334,0.4,0.6161219533338221,0.13401657414559676,-24.895753258781014,0.0,70.25800328094287,2.1930506500694795,6.659740154462638,"Dongtai, Jiangsu",fallback_analytic
1541,1.6927083333333333,40.5,7.8,0.9384452816160422,2.222245234901819,0.6790237682281745,0.2170138888888889,0.4625641025641026,0.6638027248998808,0.13152150229775017,24.072803464017298,8.0,70.10824210211011,2.7804548432057246,7.333777760175864,"Dongtai, Jiangsu",fallback_analytic
1542,1.3020833333333333,42.75,6.0,0.7512373395439177,1.7329941437471723,0.6010821295572453,0.2170138888888889,0.6013333333333334,0.7238580622771517,0.12485913782584103,-29.925984204469337,3.0,70.90557429468495,2.3472982768397004,6.990612745098143,"Dongtai, Jiangsu",fallback_analytic
1543,1.2847222222222223,52.125,5.6923076923076925,0.9801854388736007,1.2669798751794248,0.6751828318823233,0.22569444444444445,0.6027027027027027,0.7763960271731652,0.12467224790946252,-40.427804434710694,7.0,71.16852997160801,2.533848395012316,7.1577681528294415,"Dongtai, Jiangsu",fallback_analytic
1544,1.3107638888888888,39.375,5.8076923076923075,0.942510090821784,1.7736302309364933,0.5514238315741133,0.22569444444444445,0.590728476821192,0.7670551083655709,0.13757526504969428,36.79166497790635,0.0,72.46831547113804,2.1437479469795746,6.55333391991617,"Dongtai, Jiangsu",fallback_analytic
1545,1.6666666666666667,52.5,7.384615384615385,1.387694551888281,1.5028104834295584,0.5444492430317308,0.22569444444444445,0.46458333333333335,0.6960893751609261,0.1201476410652536,-43.83682879361264,0.0,72.15952139474734,2.2286204184423344,6.423197246780818,"Dongtai, Jiangsu",fallback_analytic
1546,1.2586805555555556,29.625,5.178571428571429,0.797067318413277,4.034595854518296,0.5610390286382927,0.24305555555555555,0.6013793103448276,0.7614576184192163,0.11573425399277602,31.69508094208986,5.0,75.50510445941515,2.196890637134209,6.762096875796392,"Dongtai, Jiangsu",fallback_analytic
1547,1.5017361111111112,45.375,6.92,0.9999754982677673,2.586444998181467,0.6269945690309195,0.2170138888888889,0.5213872832369942,0.6909229903779952,0.12082236447190915,-36.47205184687681,7.0,71.57951709653723,2.464741305010527,6.9957826112445725,"Dongtai, Jiangsu",fallback_analytic
1548,1.1631944444444444,39.0,4.785714285714286,0.45210076633095575,1.988259480067509,0.586691145699617,0.24305555555555555,0.6507462686567164,0.7989282587833278,0.12025422227126634,11.539044789377982,1.0,71.74294121571188,2.25138559135836,7.108072969857106,"Dongtai, Jiangsu",fallback_analytic
1549,1.2847222222222223,49.125,5.6923076923076925,1.0374707598372592,1.3765954764823833,0.6335067949916587,0.22569444444444445,0.6027027027027027,0.7586037477755836,0.11925227353068188,-40.90838165625704,2.0,71.6510844076822,2.290564071371228,6.782555369645548,"Dongtai, Jiangsu",fallback_analytic
1550,2.1006944444444446,25.5,10.521739130434783,1.1631000301061019,2.471297939281431,0.6358393590022764,0.1996527777777778,0.38099173553719007,0.5966112315390194,0.13871294693453573,26.070934166261935,5.0,69.72847124631826,2.4103072827363614,6.897607036102791,"Dongtai, Jiangsu",fallback_analytic
1551,2.4739583333333335,38.25,15.0,0.9962068229702897,2.7875457242439174,0.6513929536669871,0.16493055555555555,0.3375438596491228,0.525880701754386,0.12494736842105263,9.188161040511389,7.0,66.9064450550138,2.3632267905011455,7.196529795569818,"Dongtai, Jiangsu",fallback_analytic
1552,1.7274305555555556,28.125,7.96,0.9289593261744431,2.5108275811263816,0.667859912596856,0.2170138888888889,0.45326633165829144,0.6448079063011651,0.12485913782584103,-25.72463657770007,8.0,70.16833352655149,2.7075976935237733,7.2362990418845134,"Dongtai, Jiangsu",fallback_analytic
1553,2.248263888888889,45.75,11.26086956521739,1.5840072346730802,2.1453705620386625,0.632040165909308,0.1996527777777778,0.355984555984556,0.6209138070810332,0.12947124642159102,-37.05890814805935,5.0,71.37924202765755,2.2599168370370233,6.6678040691623846,"Dongtai, Jiangsu",fallback_analytic
1554,1.7447916666666667,52.125,8.04,0.8276749308837713,2.666526399728989,0.5606833356643784,0.2170138888888889,0.4487562189054726,0.6768676717878254,0.13552150229775017,-15.295245241990745,3.0,71.43460552694468,2.381354435597919,6.972328792859902,"Dongtai, Jiangsu",fallback_analytic
1555,1.8923611111111112,24.375,10.380952380952381,0.7326363551759826,1.9635113380770748,0.6841332589365444,0.18229166666666666,0.43211009174311926,0.6101911804375834,0.1324075767522728,-7.1721023421699925,5.0,66.0,2.725237226625737,7.463542359716279,"Dongtai, Jiangsu",fallback_analytic
1556,1.2239583333333333,33.375,5.423076923076923,0.4545423245527514,2.8968461686066664,0.5960139047180677,0.22569444444444445,0.6326241134751773,0.7955098299734973,0.1224553333729459,-2.8989251585371107,2.0,71.574800234455,2.3798229646615514,7.214624386161515,"Dongtai, Jiangsu",fallback_analytic
1557,2.2569444444444446,45.75,11.818181818181818,1.561557645807854,2.267782981950826,0.598423597111875,0.1909722222222222,0.35846153846153844,0.5905137692901882,0.12922360608401348,-37.301095741083785,2.0,70.62123508211761,2.087543708397625,6.458431149765522,"Dongtai, Jiangsu",fallback_analytic
1558,1.5277777777777777,51.0,6.769230769230769,0.5705784325524306,1.5905019214239575,0.5736262302853888,0.22569444444444445,0.5068181818181818,0.7188090152100336,0.1233507009075176,3.3458941375260594,0.0,69.50769020707823,2.4145124357753,7.170992495387648,"Dongtai, Jiangsu",fallback_analytic
1559,2.0052083333333335,37.5,10.043478260869565,1.5835794397882623,1.6022244963080854,0.6887831203339237,0.1996527777777778,0.3991341991341991,0.6181584936001233,0.1297321159868084,44.73909721788935,8.0,70.02902071211011,2.5193839377736773,6.93548218035866,"Dongtai, Jiangsu",fallback_analytic
1560,2.0399305555555554,48.75,11.75,1.0523773983510192,3.0260704002781145,0.5992231991659457,0.1736111111111111,0.4051063829787234,0.6156317759281601,0.14817392228230128,-21.903128371179,6.0,69.33090701883401,2.4545436844582005,6.945688685155002,"Dongtai, Jiangsu",fallback_analytic
1561,1.6753472222222223,48.75,8.041666666666666,1.2282635808247473,1.3098319165139745,0.6743095134397844,0.20833333333333334,0.47253886010362695,0.6490481313835319,0.13484990747893008,-43.388120034521194,5.0,69.70240032032281,2.6086888657231144,6.931116477419756,"Dongtai, Jiangsu",fallback_analytic
1562,1.2847222222222223,18.375,5.481481481481482,0.7239601338306704,1.891469051589303,0.5850703325832011,0.234375,0.595945945945946,0.7089080180876077,0.12196734161464658,29.76940019142353,3.0,71.44579802391195,2.3637775517038064,6.9414434504057025,"Dongtai, Jiangsu",fallback_analytic
1563,1.9704861111111112,40.125,9.869565217391305,0.7847175413497198,2.8125708677136663,0.6023237414152423,0.1996527777777778,0.4061674008810573,0.617167541877443,0.12498083094772734,9.344190781198051,4.0,69.19393584086077,2.4499208380372735,7.102433928217548,"Dongtai, Jiangsu",fallback_analytic
1564,1.6753472222222223,24.0,8.041666666666666,0.8293397738702781,2.2406930739192363,0.6530320194217527,0.20833333333333334,0.47253886010362695,0.6818970363975039,0.1398348982268231,-18.89728398525395,5.0,69.10368459487715,2.608578813548018,7.219450681987506,"Dongtai, Jiangsu",fallback_analytic
1565,1.6145833333333333,33.0,8.08695652173913,1.1585554316453548,1.897895005835144,0.6239572602785578,0.1996527777777778,0.4956989247311828,0.636896892547871,0.1317321159868084,39.24529173807592,2.0,70.20896009747817,2.3841326506673917,6.700576049437382,"Dongtai, Jiangsu",fallback_analytic
1566,1.3802083333333333,67.875,5.678571428571429,1.0910267256651611,1.1952848886685457,0.5928530909822073,0.24305555555555555,0.5484276729559748,0.7452885913601454,0.1132085238463069,-43.731027977006605,3.0,72.93268322208891,2.340552049456592,6.78087833373909,"Dongtai, Jiangsu",fallback_analytic
1567,2.3177083333333335,45.0,12.714285714285714,0.8993469314596053,3.635867505593386,0.610570589184547,0.18229166666666666,0.35280898876404493,0.5847653109250703,0.13375806351658553,-6.824716936346874,5.0,69.6806550622593,2.3112482772413228,7.046995105142721,"Dongtai, Jiangsu",fallback_analytic
1568,1.1631944444444444,17.625,4.785714285714286,0.7507024943542864,0.7937852210415081,0.7275260469397238,0.24305555555555555,0.6507462686567164,0.8163745674408758,0.11844277783908293,31.923833859323665,8.0,69.7696345102975,2.597767806093454,7.52787368839149,"Dongtai, Jiangsu",fallback_analytic
1569,1.9444444444444444,51.0,10.181818181818182,1.0519587725140733,2.9549562142833317,0.591320622750326,0.1909722222222222,0.4160714285714286,0.6238706785990159,0.12884359599080586,-24.37086602302785,6.0,70.61169481354192,2.445391326448042,6.874533618489226,"Dongtai, Jiangsu",fallback_analytic
1570,2.3958333333333335,26.625,14.526315789473685,2.0383740167435156,2.058086954233754,0.5688846167164647,0.16493055555555555,0.34855072463768116,0.5576159420289855,0.1337894736842105,44.849723527329346,1.0,68.8678548078537,2.0322592771908137,6.155487163733142,"Dongtai, Jiangsu",fallback_analytic
1571,1.8142361111111112,37.875,8.708333333333334,0.702809001009687,2.9481482624565967,0.559795042794682,0.20833333333333334,0.43636363636363634,0.642319024086065,0.12707661115402472,4.515382886596278,1.0,70.27353554593402,2.371505946776517,6.94065798883941,"Dongtai, Jiangsu",fallback_analytic
1572,0.9027777777777778,34.875,3.586206896551724,0.2722137208150539,4.070490672512663,0.5052154353780024,0.2517361111111111,0.8288461538461539,0.9163399487575613,0.11195031419992169,-4.241832881547225,3.0,75.67207347302205,2.0344378170623747,7.056430638839675,"Dongtai, Jiangsu",fallback_analytic
1573,1.9878472222222223,40.875,9.956521739130435,0.7086706646659512,2.694017808842325,0.6451077388374467,0.1996527777777778,0.40262008733624455,0.6086113537117904,0.11452173913043479,1.7066777413527845,5.0,68.35814330096476,2.5822026764562627,7.357193187239301,"Dongtai, Jiangsu",fallback_analytic
1574,2.1614583333333335,48.375,11.318181818181818,1.593732173925693,2.4416090636856547,0.5551835727177683,0.1909722222222222,0.3742971887550201,0.5987342249554378,0.1395217475293648,38.88656066528959,1.0,71.66286885195638,2.112210977231797,6.273229844115186,"Dongtai, Jiangsu",fallback_analytic
1575,2.0746527777777777,51.0,9.958333333333334,1.30975490730032,2.3019168273612096,0.5613664639468721,0.20833333333333334,0.3815899581589958,0.6396194450149227,0.13900156489348978,-30.624448380695668,1.0,71.96846964839109,2.1255395783282123,6.514514902581855,"Dongtai, Jiangsu",fallback_analytic
1576,1.0243055555555556,16.125,4.214285714285714,0.8495191435581475,1.0301261656975682,0.714119743185327,0.24305555555555555,0.7389830508474576,0.870561774212048,0.12742991276584836,-41.67315763063642,8.0,71.32207851165788,2.4470417588589775,7.320092399817572,"Dongtai, Jiangsu",fallback_analytic
1577,2.6996527777777777,39.0,14.80952380952381,1.7080947413315433,2.718420568657352,0.5099185542671109,0.18229166666666666,0.30289389067524114,0.5591612862729832,0.13894469846174254,33.406912690415055,0.0,70.46871682094621,1.8193061769555945,6.063511036610469,"Dongtai, Jiangsu",fallback_analytic
1578,0.9548611111111112,25.875,4.230769230769231,0.3981207908108521,1.0398704341144365,0.6725497954474329,0.22569444444444445,0.8109090909090909,0.8448973576506613,0.11851840175561637,10.85218685117021,4.0,69.43614990091166,2.3733013071981324,7.600625126586705,"Dongtai, Jiangsu",fallback_analytic
1579,2.1875,38.25,10.956521739130435,0.8486718015517231,4.736347691658786,0.5578144980493573,0.1996527777777778,0.36587301587301585,0.6004920634920635,0.11947826086956521,-9.793412413063088,5.0,72.4344537060286,2.2299928967475355,6.782874315992289,"Dongtai, Jiangsu",fallback_analytic
1580,1.640625,10.125,7.269230769230769,0.5808964102656613,3.3467797935163555,0.6429623962931637,0.22569444444444445,0.47195767195767196,0.6954894076608021,0.13812758128240843,3.920111496310632,8.0,70.34320373106755,2.702747880659744,7.506995281865738,"Dongtai, Jiangsu",fallback_analytic
1581,1.3368055555555556,58.125,5.703703703703703,0.5048567692809227,1.0309906687914487,0.5932536024771051,0.234375,0.5727272727272728,0.7522486321884523,0.12548287249791684,2.208483400258217,0.0,69.52389062243549,2.440754772070939,7.31466677596677,"Dongtai, Jiangsu",fallback_analytic
1582,1.3888888888888888,61.875,6.4,0.6798411398446232,1.2616079266779279,0.6227934262279868,0.2170138888888889,0.56375,0.7062041292600038,0.12245913782584103,18.72080196637998,1.0,69.47377291471612,2.479557913467972,7.103450259294792,"Dongtai, Jiangsu",fallback_analytic
1583,1.9184027777777777,48.75,10.045454545454545,1.2940298374209434,1.6548158217161757,0.5986433958567374,0.1909722222222222,0.42171945701357466,0.5971931101149013,0.12757086871807857,38.94724477840883,1.0,69.61422064927872,2.310537843402026,6.53812691408648,"Dongtai, Jiangsu",fallback_analytic
1584,1.4756944444444444,40.875,7.083333333333333,1.1285670739498235,1.2748254423386087,0.714697632681796,0.20833333333333334,0.5364705882352941,0.7008458235748497,0.12037163891034569,42.52080331650393,8.0,69.53484384551355,2.750151536946015,7.209544455025387,"Dongtai, Jiangsu",fallback_analytic
1585,2.248263888888889,43.125,11.772727272727273,0.7288642878638869,2.4982326674462834,0.6575133440098153,0.1909722222222222,0.3598455598455598,0.5603243243243243,0.11854545454545455,-1.3693934700645443,5.0,67.43478683110165,2.453265533522749,7.319989273314366,"Dongtai, Jiangsu",fallback_analytic
1586,1.5798611111111112,21.75,7.913043478260869,0.9905921145236257,2.130505617532917,0.6563713684955159,0.1996527777777778,0.5065934065934066,0.6818254983354368,0.14132164258670965,-30.462218693726342,5.0,69.45355412580517,2.648384743354098,7.031591004442542,"Dongtai, Jiangsu",fallback_analytic
1587,1.7361111111111112,46.875,8.333333333333334,0.5850867751546142,4.227325562436818,0.618336839829676,0.20833333333333334,0.456,0.66735,0.11841666666666667,-2.7666705365989017,8.0,71.27742808119186,2.5522459105945403,7.362272945547144,"Dongtai, Jiangsu",fallback_analytic
1588,1.2326388888888888,50.625,5.461538461538462,0.5073140367812194,3.9560648067195343,0.5865342907044142,0.22569444444444445,0.6281690140845071,0.7515424789167575,0.11948304276145111,-13.321642385588433,7.0,73.88945952696247,2.398062336609339,7.207049069276553,"Dongtai, Jiangsu",fallback_analytic
1589,1.3715277777777777,63.375,5.851851851851852,1.125725452141362,1.4094232846664996,0.6232815505276854,0.234375,0.5582278481012658,0.7272470380137948,0.11335404117769365,42.05163417381107,4.0,72.86843433731676,2.382753666703305,6.857970211189598,"Dongtai, Jiangsu",fallback_analytic
1590,1.5277777777777777,44.25,7.333333333333333,0.6924876816319452,3.660425120412422,0.5667168212515585,0.20833333333333334,0.5181818181818182,0.6402272727272728,0.11666666666666667,-22.328042981806426,4.0,72.37121216368483,2.371435954618167,6.814030719885888,"Dongtai, Jiangsu",fallback_analytic
1591,1.6059027777777777,52.5,8.043478260869565,0.540446202396879,2.8710307844874805,0.6447561983024033,0.1996527777777778,0.4983783783783784,0.6835395784535352,0.13555820294333015,3.356615550330851,5.0,69.20127348919642,2.65034635114054,7.400580789575027,"Dongtai, Jiangsu",fallback_analytic
1592,2.2916666666666665,46.125,12.571428571428571,0.7802091624604999,2.3430006478757113,0.6320507742532183,0.18229166666666666,0.3568181818181818,0.5874926667134815,0.1306152063737284,-1.015939611322871,6.0,67.07469560549487,2.450798894595405,7.344638878855872,"Dongtai, Jiangsu",fallback_analytic
1593,1.2673611111111112,22.875,5.615384615384615,0.7920902182843542,1.4239652839252517,0.6414272243560601,0.22569444444444445,0.6109589041095891,0.7246464840888078,0.12511993167674837,32.55638340377685,4.0,70.42625452699163,2.423461904360411,7.054296308044264,"Dongtai, Jiangsu",fallback_analytic
1594,1.9357638888888888,47.25,10.136363636363637,0.9587468169084772,1.8855050152338038,0.602827148936531,0.1909722222222222,0.4179372197309417,0.6168099193794999,0.13994354552476773,19.199748775922416,1.0,68.14867396549666,2.349688005700761,6.850255142054877,"Dongtai, Jiangsu",fallback_analytic
1595,1.3628472222222223,61.875,5.814814814814815,0.6926675504406389,1.1657496982595192,0.6853508100519936,0.234375,0.5617834394904458,0.7544115415390348,0.11347550621098494,-21.320877837935754,7.0,69.98969121459022,2.74479139961494,7.508805856401161,"Dongtai, Jiangsu",fallback_analytic
1596,1.9878472222222223,48.0,9.956521739130435,1.4055666448738138,1.4069801930934969,0.6337134042590853,0.1996527777777778,0.40262008733624455,0.6251690307430879,0.14534595179530657,44.89878031826504,6.0,69.97924285284162,2.471041598677351,6.7880627406191625,"Dongtai, Jiangsu",fallback_analytic
1597,1.4930555555555556,40.5,6.88,0.9873915798265535,2.7776936022837906,0.5498479816044751,0.2170138888888889,0.5244186046511627,0.6876339070126719,0.12242236447190916,33.98161469325079,1.0,73.02299968943372,2.1952907772356505,6.575572704700804,"Dongtai, Jiangsu",fallback_analytic
1598,1.2760416666666667,54.75,5.653846153846154,0.48947761204331575,1.4606455014832167,0.687064519903383,0.22569444444444445,0.6068027210884354,0.7554948391003559,0.12159532483253944,4.633877062763382,5.0,69.41293669301851,2.6526198571274318,7.619296850759667,"Dongtai, Jiangsu",fallback_analytic
1599,1.3975694444444444,41.25,6.1923076923076925,0.87993357669947,1.2497707843488393,0.609881270002512,0.22569444444444445,0.5540372670807453,0.6791428571428572,0.10515384615384615,-36.76261912666416,1.0,70.49540033867508,2.3111744041576143,6.781507855501179,"Dongtai, Jiangsu",fallback_analytic
1600,1.4756944444444444,24.375,8.095238095238095,0.861442070508047,1.5262923176434076,0.6614697911406086,0.18229166666666666,0.5541176470588235,0.6303882352941177,0.12257142857142857,32.702181092734975,4.0,67.59379678099098,2.607528712517432,7.073745034604805,"Dongtai, Jiangsu",fallback_analytic
1601,1.8402777777777777,52.125,9.636363636363637,0.7432433952461472,2.4038000175639374,0.5907154857098188,0.1909722222222222,0.439622641509434,0.6183931824093696,0.1284799596271695,-8.1297591241564,1.0,68.60628162425883,2.4484305064987826,7.0199585302927465,"Dongtai, Jiangsu",fallback_analytic
1602,2.1006944444444446,14.625,11.523809523809524,1.5790864761565409,1.6212565572727733,0.5939654453294941,0.18229166666666666,0.38925619834710745,0.5782783885255096,0.13637326989031398,-44.30819337180423,1.0,68.65427526802031,2.1817287100767464,6.373586942145473,"Dongtai, Jiangsu",fallback_analytic
1603,1.9010416666666667,43.875,9.521739130434783,0.9576422006422453,2.7895544760861717,0.666327410708641,0.1996527777777778,0.42100456621004567,0.5980807184264528,0.1237634396433795,23.14115524161174,8.0,69.73759713297405,2.567187911915424,7.205769564881302,"Dongtai, Jiangsu",fallback_analytic
1604,2.2135416666666665,36.75,12.75,1.590682199645158,2.073468139701328,0.5457950975372515,0.1736111111111111,0.37333333333333335,0.5763648313967826,0.13972795558988643,-38.91585883389956,0.0,69.78569038776135,2.044949274675248,6.2699665626211205,"Dongtai, Jiangsu",fallback_analytic
1605,1.4670138888888888,54.375,6.2592592592592595,0.5114461373483491,4.916846025819252,0.5075558134732958,0.234375,0.5218934911242603,0.7153334595904519,0.11853922636287884,-10.007858371807522,2.0,75.8572777276919,2.1555354977309023,6.744509501305973,"Dongtai, Jiangsu",fallback_analytic
1606,1.2847222222222223,61.125,5.6923076923076925,0.5906944389929029,2.3055609681270566,0.649219228159646,0.22569444444444445,0.6027027027027027,0.7789614145744707,0.13857526504969428,-13.911464964676917,7.0,71.05775934624094,2.6286780574953648,7.467932205056083,"Dongtai, Jiangsu",fallback_analytic
1607,2.0399305555555554,45.0,10.217391304347826,1.2728198393935974,2.7173949632502286,0.6216066856720246,0.1996527777777778,0.3923404255319149,0.6171391178203411,0.13023819328895764,31.551235151420272,5.0,70.76782797038484,2.350950431056108,6.790842109129334,"Dongtai, Jiangsu",fallback_analytic
1608,1.7447916666666667,58.125,7.730769230769231,0.7868864119545795,4.140246977117835,0.4629841088815478,0.22569444444444445,0.4437810945273632,0.6741213267510743,0.13514143597666103,-16.280610014469698,0.0,74.52097104043139,2.0832878508606303,6.469624761296457,"Dongtai, Jiangsu",fallback_analytic
1609,1.5798611111111112,22.125,7.583333333333333,0.5863156234732037,3.9674692191365493,0.5236819396289432,0.20833333333333334,0.5010989010989011,0.684955241868591,0.13456160190191774,8.656638126172787,3.0,72.18412621770537,2.3325204145041964,6.91159227232025,"Dongtai, Jiangsu",fallback_analytic
1610,1.3975694444444444,39.375,6.44,0.6099754359822047,2.3769915152520538,0.6859727108395186,0.2170138888888889,0.5602484472049689,0.7233715653037516,0.12725913782584103,-11.961921415931677,8.0,69.90609406910978,2.702223119137061,7.6138308824853285,"Dongtai, Jiangsu",fallback_analytic
1611,2.2916666666666665,31.875,12.571428571428571,1.6316329443429194,1.7855765591126047,0.6552907865284457,0.18229166666666666,0.3568181818181818,0.5667058258219461,0.12709139684991888,-42.26868906420201,7.0,69.02431600378864,2.37173463909861,6.776122453980152,"Dongtai, Jiangsu",fallback_analytic
1612,2.404513888888889,43.125,12.043478260869565,0.916757817964664,4.3039450352782955,0.5723871636480593,0.1996527777777778,0.3328519855595668,0.5603537906137184,0.11686956521739131,10.286542239463103,5.0,71.9691117293268,2.136506318700459,6.771960128010905,"Dongtai, Jiangsu",fallback_analytic
1613,2.2395833333333335,36.0,12.285714285714286,0.9613544938361961,3.0667364742942134,0.5258555279414503,0.18229166666666666,0.36511627906976746,0.5864186046511628,0.12295238095238095,-14.144870265529214,0.0,69.50189054940739,2.089255502000583,6.579652757759685,"Dongtai, Jiangsu",fallback_analytic
1614,1.8489583333333333,47.25,9.681818181818182,0.9686724859230391,3.191223259418834,0.6552013924085472,0.1909722222222222,0.4375586854460094,0.6121929390541723,0.1331744848952997,-23.97891297171273,8.0,70.16973518695949,2.6285570049753217,7.149242786232951,"Dongtai, Jiangsu",fallback_analytic
1615,2.126736111111111,50.625,11.136363636363637,1.409304822081868,2.1410641771964602,0.6445824622510891,0.1909722222222222,0.38040816326530613,0.6040057905434509,0.13770356571118297,34.96315642579427,5.0,70.00595488835674,2.3975495886221547,6.757124086140001,"Dongtai, Jiangsu",fallback_analytic
1616,2.2222222222222223,29.625,12.19047619047619,1.4833864781013006,2.1422814209496943,0.6469524507046269,0.18229166666666666,0.36796875,0.6038229532577639,0.13799231750936158,36.06525639592941,5.0,68.75880374166024,2.3477193990378007,6.72189222258933,"Dongtai, Jiangsu",fallback_analytic
1617,0.9114583333333334,14.625,3.75,0.29358220237277055,3.480592670892677,0.5683385606249377,0.24305555555555555,0.8304761904761905,0.8813333333333333,0.10357142857142858,10.670530048222304,6.0,73.82582643707926,2.21275365839428,7.3135262110387975,"Dongtai, Jiangsu",fallback_analytic
1618,1.4930555555555556,63.0,6.37037037037037,0.6349945875201729,2.5911825300767224,0.5956404152961241,0.234375,0.5127906976744186,0.7336867908413851,0.11569772843320716,12.909487037873092,2.0,72.16448151748094,2.4693176019673095,7.081524584737086,"Dongtai, Jiangsu",fallback_analytic
1619,1.5364583333333333,63.0,6.555555555555555,0.7185609017414966,3.9689006606455854,0.5371890375045166,0.234375,0.49830508474576274,0.7089382147590911,0.12470808235538731,17.441498761928536,2.0,74.7045068803897,2.2485379723776084,6.723659204181119,"Dongtai, Jiangsu",fallback_analytic
1620,1.7013888888888888,42.0,8.166666666666666,0.7417327028870535,1.498590470083045,0.6162204064145294,0.20833333333333334,0.46530612244897956,0.6555488776298413,0.11562163891034569,-11.438810446886706,1.0,68.24778031266547,2.538524313507971,7.156179112102819,"Dongtai, Jiangsu",fallback_analytic
1621,2.3177083333333335,45.375,12.714285714285714,1.24892405532723,4.788734051287958,0.5154728424020593,0.18229166666666666,0.35280898876404493,0.5620224719101123,0.12923809523809524,-27.487332412225772,6.0,73.27235381549681,2.095665522539236,6.408597349432307,"Dongtai, Jiangsu",fallback_analytic
1622,1.7013888888888888,48.375,8.166666666666666,0.8594804610953927,3.0176304408576686,0.5857488972552107,0.20833333333333334,0.46530612244897956,0.6331291123000726,0.12062163891034569,-23.969879913707768,6.0,71.32968314561423,2.500027074190632,6.995124355916017,"Dongtai, Jiangsu",fallback_analytic
1623,1.5277777777777777,39.75,7.6521739130434785,0.6550887650893205,2.488942741824323,0.620454017501232,0.1996527777777778,0.5238636363636363,0.6854666365040808,0.13147124642159103,12.638402548641778,2.0,68.95362194483441,2.51582912133974,7.107106133342984,"Dongtai, Jiangsu",fallback_analytic
1624,1.8836805555555556,52.5,9.041666666666666,1.1016199940466112,3.6315514285166555,0.5165064764308026,0.20833333333333334,0.4202764976958525,0.6383749770653149,0.13314493523525106,-28.23013931151765,1.0,73.2018512330405,2.083191397844868,6.451865966015503,"Dongtai, Jiangsu",fallback_analytic
1625,1.3541666666666667,25.125,6.5,0.9364296786536457,1.4696749796634108,0.609589147000651,0.20833333333333334,0.5846153846153846,0.7180790898525243,0.1400848982268231,35.780464582281084,3.0,70.01493837866144,2.3475376576134876,6.879435544486586,"Dongtai, Jiangsu",fallback_analytic
1626,1.5017361111111112,21.375,7.521739130434782,0.7374329851941881,2.294754390290361,0.6599277827583957,0.1996527777777778,0.5329479768786127,0.651555098301616,0.1220243092085969,21.719443553178976,7.0,68.71510487428779,2.668546201447304,7.3349158096013785,"Dongtai, Jiangsu",fallback_analytic
1627,1.9270833333333333,54.0,9.25,0.790127812452187,2.6591895445841502,0.5678606390518799,0.20833333333333334,0.41081081081081083,0.6173485136178979,0.1292282685685844,-11.24032979890599,1.0,70.41004253005045,2.341903103915124,6.831276140066508,"Dongtai, Jiangsu",fallback_analytic
1628,1.7447916666666667,58.875,8.375,0.7858081409663983,1.8514305018434207,0.6353437876209405,0.20833333333333334,0.4537313432835821,0.6566261394034008,0.12515994448735807,-15.413972669055134,4.0,68.79959406323302,2.620461382558336,7.207983658883268,"Dongtai, Jiangsu",fallback_analytic
1629,1.3802083333333333,65.625,5.888888888888889,0.5241223140332598,3.777948884974286,0.5176046520396982,0.234375,0.5547169811320755,0.7240210985584049,0.11431700414065663,-9.654271571628932,3.0,74.27466824650864,2.2491214577792333,6.956090602059832,"Dongtai, Jiangsu",fallback_analytic
1630,1.6232638888888888,55.875,7.48,0.7838932164014873,2.7190716629941227,0.5953327937130646,0.2170138888888889,0.4823529411764706,0.6749894759688747,0.12162236447190915,-19.063126264970364,6.0,71.48942520148695,2.5183598144045223,7.139159586533969,"Dongtai, Jiangsu",fallback_analytic
1631,1.5711805555555556,44.625,7.24,0.5334966640921694,2.3216100596054345,0.6562471199409847,0.2170138888888889,0.4983425414364641,0.7160595212924413,0.13824150229775017,-2.372239902125415,5.0,68.53728487758517,2.696135285801418,7.501664470662713,"Dongtai, Jiangsu",fallback_analytic
1632,1.6927083333333333,20.625,7.8,0.8777806920715862,2.178236216373947,0.5782107125510676,0.2170138888888889,0.4625641025641026,0.6732758395195837,0.1302559111797729,20.529330628074774,3.0,70.0587717193554,2.4838506550136383,6.970672617123676,"Dongtai, Jiangsu",fallback_analytic
1633,1.4756944444444444,66.375,6.296296296296297,0.45637085095881974,3.5467957670292263,0.5645608352804781,0.234375,0.5188235294117647,0.7082258039821525,0.126411786059091,-2.250181663638223,6.0,72.65189968514572,2.4881005965173912,7.26980348369425,"Dongtai, Jiangsu",fallback_analytic
1634,1.5711805555555556,35.625,7.24,0.5574534621986356,2.653435630219292,0.5720158251921719,0.2170138888888889,0.4983425414364641,0.645845657526846,0.12485913782584103,-7.180591867720203,3.0,70.102410260842,2.441324978498273,7.178371626994415,"Dongtai, Jiangsu",fallback_analytic
1635,1.6579861111111112,57.375,7.64,0.6145543342985128,1.6438447489766626,0.7151154255578819,0.2170138888888889,0.4722513089005236,0.6610217802664806,0.13185591117977288,3.833388489292375,8.0,67.8268200077701,2.85,7.805276140291397,"Dongtai, Jiangsu",fallback_analytic
1636,1.25,52.125,5.142857142857143,0.8424925082444131,3.3085231194387728,0.5532649304482282,0.24305555555555555,0.6055555555555555,0.8116285743172511,0.13296274611757325,-32.737024899603014,6.0,75.30196388248142,2.2062028040920696,6.850003915194456,"Dongtai, Jiangsu",fallback_analytic
1637,1.2847222222222223,45.75,5.481481481481482,0.4825152410188237,2.160982190226175,0.5839476027502001,0.234375,0.595945945945946,0.7593356576715755,0.11631700414065663,-9.200272513154239,3.0,71.78694989586762,2.400146920177679,7.24649441652583,"Dongtai, Jiangsu",fallback_analytic
1638,1.6493055555555556,41.25,8.26086956521739,1.3881800975175809,1.3891663688143114,0.670121419124502,0.1996527777777778,0.48526315789473684,0.6490896421377872,0.12871996138250993,44.98650070138696,7.0,69.66538721089687,2.60114117196926,6.995050207991415,"Dongtai, Jiangsu",fallback_analytic
1639,1.1545138888888888,32.625,5.115384615384615,0.6673590257502382,2.4371898716875595,0.6408874885469324,0.22569444444444445,0.6706766917293233,0.7700727619202494,0.12025227353068188,-30.36857453532292,7.0,72.09586690966724,2.4208092981903087,7.236805562691636,"Dongtai, Jiangsu",fallback_analytic
1640,2.6215277777777777,39.375,14.380952380952381,1.1932526477332126,6.020188389633551,0.5034415251719961,0.18229166666666666,0.3119205298013245,0.5493973509933775,0.1260952380952381,18.18529742747389,7.0,74.29789652547264,1.992656124353124,6.402076767829591,"Dongtai, Jiangsu",fallback_analytic
1641,2.3784722222222223,37.5,12.454545454545455,0.9965714485408492,2.643158075792716,0.6760080412488796,0.1909722222222222,0.34014598540145985,0.5566058394160583,0.11609090909090909,-12.710782705695827,8.0,68.63079247065252,2.4738113211322084,7.236335320708286,"Dongtai, Jiangsu",fallback_analytic
1642,1.3368055555555556,45.75,5.923076923076923,0.44654373952500426,2.4119488699432186,0.6857297400657155,0.22569444444444445,0.5792207792207792,0.7273054026375296,0.11848304276145111,-2.2932453968661193,8.0,69.78347386692917,2.702933049485007,7.763821931659601,"Dongtai, Jiangsu",fallback_analytic
1643,1.171875,42.375,5.0,0.8745402096583592,1.0978923259574065,0.7157901985753694,0.234375,0.6533333333333333,0.8335909137328287,0.1461776132958757,-34.29271704810009,8.0,70.96179417206388,2.526361750294978,7.437525035628514,"Dongtai, Jiangsu",fallback_analytic
1644,1.6493055555555556,51.75,8.26086956521739,0.7024729262125476,2.9747008591806887,0.5641283263620482,0.1996527777777778,0.48526315789473684,0.6361650245830862,0.12437213529555342,-11.611384634163677,1.0,70.53108716562402,2.390908690653577,6.880347738766788,"Dongtai, Jiangsu",fallback_analytic
1645,1.9270833333333333,44.625,9.25,1.0662199690086862,1.718616407439561,0.6644398782754034,0.20833333333333334,0.41081081081081083,0.605401045072881,0.11860662965823869,27.488095098804806,5.0,69.07336340381059,2.563465386763526,7.05827122735363,"Dongtai, Jiangsu",fallback_analytic
1646,1.9097222222222223,50.25,10.0,0.6979277569047889,2.3333599285053603,0.6303457148058162,0.1909722222222222,0.42363636363636364,0.6208181818181818,0.11609090909090909,-2.9950173818595474,4.0,67.65547505005102,2.6036670760757112,7.338278689440209,"Dongtai, Jiangsu",fallback_analytic
1647,1.1805555555555556,34.5,5.44,0.7424748393733045,2.830150695400719,0.557546367497928,0.2170138888888889,0.663235294117647,0.7947110980997996,0.12997913782584103,31.05532053684803,1.0,73.33972617877237,2.1197518785872753,6.664248364500481,"Dongtai, Jiangsu",fallback_analytic
1648,2.170138888888889,48.0,11.363636363636363,1.3197050645515738,2.264044277218982,0.6432472485513999,0.1909722222222222,0.3728,0.6066214186831455,0.14132355561797533,30.89127103549724,7.0,70.16027975080432,2.396549363911221,6.922479788339597,"Dongtai, Jiangsu",fallback_analytic
1649,1.3454861111111112,28.875,6.2,0.43132733812298746,1.4405182190595487,0.6955775666015874,0.2170138888888889,0.5819354838709677,0.704600206491481,0.11762236447190914,2.157787121341755,5.0,67.51737500753912,2.7497786538073243,7.736933943787277,"Dongtai, Jiangsu",fallback_analytic
1650,2.2135416666666665,46.875,11.08695652173913,1.5953205771888281,1.9412237693420444,0.6397535039165427,0.1996527777777778,0.3615686274509804,0.5645568627450981,0.11686956521739131,-41.90656600585077,7.0,70.801217385016,2.346418887959364,6.777998852113744,"Dongtai, Jiangsu",fallback_analytic
1651,1.5972222222222223,46.875,7.076923076923077,1.1628514624800759,1.3797475422935066,0.6633654842535011,0.22569444444444445,0.48478260869565215,0.7012030979520291,0.13007836759399055,39.231855347016165,5.0,70.7298211719067,2.5766899845777997,6.9686666108277775,"Dongtai, Jiangsu",fallback_analytic
1652,1.7534722222222223,53.625,8.416666666666666,0.9521963300141503,1.6495170463270339,0.6717647982796859,0.20833333333333334,0.4514851485148515,0.6283982707392329,0.13234990747893008,-25.145559411699416,5.0,69.03465297592443,2.5909818147506916,7.182971484696669,"Dongtai, Jiangsu",fallback_analytic
1653,2.1961805555555554,38.625,12.047619047619047,1.0380252316840064,3.866059532175268,0.5608157761122958,0.18229166666666666,0.3723320158102767,0.5685533596837945,0.12257142857142857,20.267497301143322,6.0,70.7176333873943,2.3051876054870806,6.816264364748413,"Dongtai, Jiangsu",fallback_analytic
1654,1.5364583333333333,31.5,7.375,0.6170368112737958,2.386066994077013,0.6907091811193009,0.20833333333333334,0.5152542372881356,0.6757490396353045,0.12062163891034569,7.9408120885567826,8.0,68.41906463778551,2.7792838876731776,7.662255178038016,"Dongtai, Jiangsu",fallback_analytic
1655,1.0590277777777777,24.375,4.6923076923076925,0.7296753428358138,1.192606600020639,0.6181781667301863,0.22569444444444445,0.7311475409836066,0.8354352132667104,0.12059532483253944,-35.62501851708912,1.0,71.2834000259303,2.230537775021847,6.87510892911673,"Dongtai, Jiangsu",fallback_analytic
1656,1.9618055555555556,51.0,9.416666666666666,0.922117317980675,3.3400506830636916,0.5703466132915586,0.20833333333333334,0.40353982300884955,0.6396816991697306,0.13254659264981072,18.011261307713205,4.0,71.43124900969734,2.3645807951723374,6.841833659528037,"Dongtai, Jiangsu",fallback_analytic
1657,1.328125,33.75,6.12,0.7120299983241688,2.019695341886915,0.6611823752804455,0.2170138888888889,0.5895424836601307,0.7087518431776442,0.11786236447190915,26.045840048279146,7.0,70.4907059177181,2.5634804941352805,7.333669455150325,"Dongtai, Jiangsu",fallback_analytic
1658,0.9375,39.0,4.0,0.8373467880152832,0.9153793319490802,0.6545784552014254,0.234375,0.8166666666666667,0.8638888888888889,0.11037037037037037,44.09182550340276,6.0,72.2187589634943,2.239608321744784,7.157065706168638,"Dongtai, Jiangsu",fallback_analytic
1659,2.048611111111111,45.375,9.833333333333334,0.8062433015664412,1.493526470603212,0.6138425424465472,0.20833333333333334,0.3864406779661017,0.5924196271448287,0.11668996299157203,7.4866793137165075,1.0,68.03662392213785,2.4558020804933784,7.078149197415271,"Dongtai, Jiangsu",fallback_analytic
1660,1.7100694444444444,35.25,8.565217391304348,1.106026830841451,1.26586521939806,0.6513395957681973,0.1996527777777778,0.46802030456852795,0.6501649713162294,0.1270208019846098,36.75218793554906,4.0,68.44418250883851,2.536903385747559,6.945750987839642,"Dongtai, Jiangsu",fallback_analytic
1661,1.5711805555555556,42.0,7.24,0.5989345593822354,1.2276623719315198,0.6623875116363387,0.2170138888888889,0.4983425414364641,0.6625534623463557,0.12245913782584103,-5.544013592610618,6.0,67.47975864513155,2.7582051372795577,7.6527735832822374,"Dongtai, Jiangsu",fallback_analytic
1662,1.2847222222222223,25.125,5.92,0.87360553804964,2.4099835480930363,0.6041078254431819,0.2170138888888889,0.6094594594594595,0.7662254731295497,0.13421913782584102,-32.42836229046376,4.0,71.95758332286056,2.331005482329318,6.90095572912498,"Dongtai, Jiangsu",fallback_analytic
1663,2.3871527777777777,42.75,11.956521739130435,1.19900832663452,2.901511308070722,0.5471944923895681,0.1996527777777778,0.3352727272727273,0.5668692072951984,0.12176343964337952,20.732241734854284,1.0,71.09290663474262,2.015383413388865,6.528025045989052,"Dongtai, Jiangsu",fallback_analytic
1664,1.4756944444444444,20.625,7.083333333333333,0.7846822754290685,3.3741062335474705,0.5744817929742717,0.20833333333333334,0.5364705882352941,0.72284306684236,0.13934990747893009,22.588150839426973,4.0,72.20470965259055,2.4035068522959233,6.938787636923386,"Dongtai, Jiangsu",fallback_analytic
1665,1.6145833333333333,58.875,7.75,1.065520891029856,2.519522271723969,0.5974316068231802,0.20833333333333334,0.49032258064516127,0.7017379427464628,0.13684990747893008,33.228629739516364,6.0,71.81012395115896,2.447224912507663,6.93555647587933,"Dongtai, Jiangsu",fallback_analytic
1666,1.9704861111111112,39.375,10.80952380952381,0.8188228104529653,1.5472277894730495,0.6973371426696261,0.18229166666666666,0.4149779735682819,0.5899374009150857,0.12423425399277602,9.945704844340426,7.0,66.0,2.7559002337975285,7.543718963309424,"Dongtai, Jiangsu",fallback_analytic
1667,1.3975694444444444,53.25,5.962962962962963,0.6223671282986708,0.9177110449224093,0.6280843730711568,0.234375,0.5478260869565217,0.7601908366084454,0.13313320997190678,-11.073555790538904,3.0,69.17592451126603,2.57331394835389,7.417835857545078,"Dongtai, Jiangsu",fallback_analytic
1668,2.1440972222222223,42.0,10.73913043478261,0.9191411058009608,1.4726194209575083,0.650544856707439,0.1996527777777778,0.37327935222672065,0.5987942375898396,0.1270208019846098,10.165949230171535,2.0,67.12770235581557,2.428921327677137,7.096869217755834,"Dongtai, Jiangsu",fallback_analytic
1669,1.9357638888888888,54.0,9.695652173913043,1.0102910557812592,2.2053480248655557,0.6175897145519051,0.1996527777777778,0.4134529147982063,0.6164094439946827,0.12125736234123027,24.23093122012864,2.0,70.26615346009488,2.3470295952608953,6.814508512993852,"Dongtai, Jiangsu",fallback_analytic
1670,1.0763888888888888,25.875,4.592592592592593,1.066270268314096,1.231277084714801,0.632785605878844,0.234375,0.7112903225806452,0.8248954194046739,0.11853922636287884,-43.42889361748996,2.0,72.74228469870309,2.187261241026167,6.815978227609406,"Dongtai, Jiangsu",fallback_analytic
1671,2.3090277777777777,37.125,12.666666666666666,0.8836978712421054,2.28658072045316,0.6301680229988561,0.18229166666666666,0.35413533834586464,0.6086056241298448,0.14016564026885836,4.299922646615748,4.0,66.97501273009419,2.35056252214723,7.160945930382949,"Dongtai, Jiangsu",fallback_analytic
1672,1.7795138888888888,42.75,8.541666666666666,0.5977590543715028,3.7256079942763543,0.497898651387419,0.20833333333333334,0.4448780487804878,0.6130700227843238,0.12277329632490537,0.9243597795189444,0.0,71.91895055257028,2.2652696161208654,6.8235621129094675,"Dongtai, Jiangsu",fallback_analytic
1673,1.9878472222222223,50.25,9.956521739130435,1.1019372962427303,3.099903086801056,0.6131416624560262,0.1996527777777778,0.40262008733624455,0.5934205502655644,0.12064866668905637,-28.292933827335062,7.0,71.19490247182948,2.4302512537213476,6.94095460200351,"Dongtai, Jiangsu",fallback_analytic
1674,1.1111111111111112,12.0,4.571428571428571,0.5056357292358438,4.053431757393861,0.5019428560903674,0.24305555555555555,0.68125,0.8319266564189723,0.11820852384630691,18.76875417190108,3.0,75.33985905295013,2.0785182421171613,6.811800303831935,"Dongtai, Jiangsu",fallback_analytic
1675,1.8663194444444444,48.375,9.772727272727273,0.8343489712216781,1.5779930012594776,0.725103543322976,0.1909722222222222,0.43348837209302327,0.6181855938607242,0.13406720207481934,-13.9800494327292,8.0,66.427617334531,2.7978015585441716,7.594277403719474,"Dongtai, Jiangsu",fallback_analytic
1676,1.8923611111111112,54.75,9.478260869565217,1.4775401138799058,1.5884270225830228,0.5885765923192605,0.1996527777777778,0.42293577981651376,0.6366358349615985,0.13371645415852285,-43.192577825505616,1.0,70.32494649030835,2.2873197648285597,6.474682890241554,"Dongtai, Jiangsu",fallback_analytic
1677,1.6840277777777777,52.5,8.083333333333334,1.121999160195429,1.49645825083621,0.6710950368920677,0.20833333333333334,0.47010309278350515,0.641459257827519,0.12731160190191773,36.45361492278296,5.0,69.59235402868865,2.617013610515453,7.021772191109892,"Dongtai, Jiangsu",fallback_analytic
1678,1.3107638888888888,63.75,5.592592592592593,1.2341728394952993,1.3077030182719964,0.5530124656893082,0.234375,0.5841059602649007,0.7932984371679411,0.13361767908863653,-43.95783376230249,0.0,73.14527249654753,2.1440664987731064,6.503163245798618,"Dongtai, Jiangsu",fallback_analytic
1679,1.5538194444444444,14.25,6.884615384615385,0.9892455697406015,1.7347884221911851,0.6211080847671729,0.22569444444444445,0.4983240223463687,0.6742498586254734,0.12909222228824316,33.78655438088819,6.0,70.48633872041431,2.504886796207033,7.039308830750151,"Dongtai, Jiangsu",fallback_analytic
1680,1.5798611111111112,27.375,7.583333333333333,1.0621129800840161,1.5641786591377995,0.7057816677644606,0.20833333333333334,0.5010989010989011,0.7354400808633684,0.14413821305594246,31.07834736857272,8.0,69.03919634571592,2.733173580967226,7.333573314161195,"Dongtai, Jiangsu",fallback_analytic
1681,2.0659722222222223,48.75,10.347826086956522,1.5993934760297501,2.281381418577247,0.5559842819934978,0.1996527777777778,0.3873949579831933,0.61206315968983,0.1403094879824112,39.39412081553023,3.0,71.86370315499245,2.193561174487962,6.434198762964089,"Dongtai, Jiangsu",fallback_analytic
1682,1.5538194444444444,56.625,6.884615384615385,0.7742978460680547,4.185974189314932,0.6016585630291249,0.22569444444444445,0.4983240223463687,0.7149600783244893,0.13469375220937516,-19.877465251753954,8.0,74.07864064992367,2.4782005182053233,7.084893522657646,"Dongtai, Jiangsu",fallback_analytic
1683,1.2326388888888888,49.875,5.2592592592592595,0.7686145305194677,2.330424790449064,0.5657259271612587,0.234375,0.6211267605633802,0.7587278497942702,0.1157984856221381,-32.839275860564754,3.0,73.14358362327529,2.240646921256047,6.809630468728993,"Dongtai, Jiangsu",fallback_analytic
1684,1.640625,58.875,8.217391304347826,1.0298474489957425,2.0848197010014053,0.6216285917778919,0.1996527777777778,0.48783068783068784,0.6376903034027388,0.13136862807156632,-34.75844874393802,2.0,70.84715218830624,2.459104886330356,6.777122647652962,"Dongtai, Jiangsu",fallback_analytic
1685,1.4322916666666667,18.75,6.6,0.6977666817033553,2.6923964896353967,0.5648448620353388,0.2170138888888889,0.5466666666666666,0.6705415434593114,0.11866236447190914,23.721736178609746,1.0,71.38515925334531,2.2933369020456955,6.770372776345285,"Dongtai, Jiangsu",fallback_analytic
1686,1.484375,43.125,6.576923076923077,1.1616319103767943,1.6604027690673808,0.5821880572666774,0.22569444444444445,0.5216374269005848,0.7188288967704813,0.13514143597666103,38.208065356617055,1.0,71.63867641642142,2.272769699289989,6.629730311682228,"Dongtai, Jiangsu",fallback_analytic
1687,1.5451388888888888,50.625,7.12,0.6281588579977028,3.403478344380317,0.6091859007937681,0.2170138888888889,0.5067415730337078,0.6865540001215082,0.12439354670786373,8.652704951611703,7.0,71.67777931210681,2.555481600806388,7.34340156844897,"Dongtai, Jiangsu",fallback_analytic
1688,2.3958333333333335,37.125,14.526315789473685,0.8671991689520132,2.424477075333076,0.6710760057841518,0.16493055555555555,0.34855072463768116,0.541926775390306,0.1352062807288577,-2.01244783576891,5.0,66.0,2.372375425725047,7.262367692327715,"Dongtai, Jiangsu",fallback_analytic
1689,1.4670138888888888,31.5,6.5,1.0222893305271104,2.214079804353589,0.6356146790492163,0.22569444444444445,0.527810650887574,0.6708818461904116,0.11717535045375879,37.10952230329913,5.0,71.53884387829564,2.4978107852820095,6.950377250744392,"Dongtai, Jiangsu",fallback_analytic
1690,1.5538194444444444,65.25,6.62962962962963,1.2230168183802652,1.310883930162634,0.6233314700582839,0.234375,0.49273743016759775,0.6801806593128145,0.11018219754993691,44.04537893624388,6.0,71.95604264988728,2.5196853074031793,6.940668468507803,"Dongtai, Jiangsu",fallback_analytic
1691,1.8055555555555556,30.75,9.043478260869565,1.0629773715364346,1.3082409377732116,0.6863665454053918,0.1996527777777778,0.44326923076923075,0.63724332702706,0.13687119814972845,-28.171455944574976,7.0,67.98907614848625,2.751137159941034,7.256965642486137,"Dongtai, Jiangsu",fallback_analytic
1692,1.6753472222222223,32.625,8.391304347826088,1.1787263330025017,1.1852586058312145,0.581655880224429,0.1996527777777778,0.47772020725388603,0.6539415787251799,0.1346259904127966,-44.56657373702882,0.0,69.54455771662796,2.2974356524877417,6.517475230146816,"Dongtai, Jiangsu",fallback_analytic
1693,1.1197916666666667,57.0,4.607142857142857,0.8008333443133515,1.5599039620698987,0.5898760633002256,0.24305555555555555,0.6759689922480621,0.8312953179731681,0.11648137305878663,-37.71726993406107,3.0,73.67817570577841,2.1997036699572554,6.855523449097437,"Dongtai, Jiangsu",fallback_analytic
1694,2.5520833333333335,35.625,14.7,1.1518437216038167,1.728617878276916,0.7171426471158817,0.1736111111111111,0.3238095238095238,0.5589987892102314,0.1478198889747161,11.372573808703763,8.0,66.0,2.481040865694264,7.3548092354471315,"Dongtai, Jiangsu",fallback_analytic
1695,1.2934027777777777,59.25,5.96,0.699036249440443,1.8903667690885588,0.6668752681477288,0.2170138888888889,0.6053691275167785,0.7500777182244892,0.12415354670786373,25.803104820874637,7.0,71.0462984435503,2.524634561340519,7.331079552197825,"Dongtai, Jiangsu",fallback_analytic
1696,1.7100694444444444,50.625,8.208333333333334,0.81296025785411,2.2956271845438643,0.5814898356374143,0.20833333333333334,0.46294416243654823,0.6380837530421177,0.13318324081226343,18.764553501517547,1.0,70.2558196281566,2.440343477200601,6.844067193353805,"Dongtai, Jiangsu",fallback_analytic
1697,0.7725694444444444,22.875,3.0689655172413794,0.40449429889619437,2.05725577610461,0.5454536081110789,0.2517361111111111,0.9685393258426966,0.9759550561797753,0.10344827586206896,29.14061744848847,0.0,73.84424980271304,1.9877347863446595,6.8473287474618365,"Dongtai, Jiangsu",fallback_analytic
1698,2.013888888888889,47.625,10.545454545454545,1.1590944649189885,2.1310874740971,0.6549899446615786,0.1909722222222222,0.4017241379310345,0.6094037816180741,0.12793450508171494,28.51272794283821,7.0,69.13696338302188,2.5339285887934793,7.0611314239244445,"Dongtai, Jiangsu",fallback_analytic
1699,1.7881944444444444,44.25,8.583333333333334,0.6516871542483724,2.5535110157706473,0.6126254065325725,0.20833333333333334,0.44271844660194176,0.6367636214117196,0.11812163891034569,3.504457714821058,2.0,68.7819346677558,2.4937155321746527,7.20829106481144,"Dongtai, Jiangsu",fallback_analytic
1700,1.8315972222222223,48.375,9.590909090909092,0.6310396056447651,2.4806208231595033,0.6271308050700515,0.1909722222222222,0.44170616113744077,0.6249763033175355,0.11854545454545455,-3.4999666022599953,6.0,67.7190319826095,2.6420093866710683,7.4566946503022935,"Dongtai, Jiangsu",fallback_analytic
1701,1.796875,47.625,9.0,1.440067975070932,1.620851151975749,0.6237785126959106,0.1996527777777778,0.4454106280193237,0.6268638744633044,0.1253443188629694,43.2148120736279,4.0,70.25959935291878,2.4558008783687386,6.746525330497676,"Dongtai, Jiangsu",fallback_analytic
1702,1.8923611111111112,55.125,8.72,1.222650645042173,2.3229298922004205,0.5936281673991852,0.2170138888888889,0.41376146788990825,0.6535708747216745,0.12517913782584103,-32.710966276616546,6.0,72.17811172409874,2.4226138359624767,6.862055224304096,"Dongtai, Jiangsu",fallback_analytic
1703,1.5625,58.875,6.923076923076923,1.1563292962617624,1.9671845268397414,0.6051288915203843,0.22569444444444445,0.4955555555555556,0.6925655000429136,0.11572766668647294,-39.17715032082074,6.0,72.04009982564729,2.516666316761361,6.895168968005383,"Dongtai, Jiangsu",fallback_analytic
1704,1.8315972222222223,46.875,8.44,1.3032948408234861,2.222136567103956,0.5944341325717912,0.2170138888888889,0.42748815165876775,0.6688375577912783,0.13368150229775017,36.57258813706339,6.0,71.61010469982615,2.4541383246062574,6.847025786968017,"Dongtai, Jiangsu",fallback_analytic
1705,1.3975694444444444,49.875,5.962962962962963,1.0786419948653594,1.3702758889178277,0.5917307846486726,0.234375,0.5478260869565217,0.7070727288296443,0.12196734161464658,41.367115991942,1.0,72.27169722880996,2.293988303774605,6.6523170841668,"Dongtai, Jiangsu",fallback_analytic
1706,1.9965277777777777,41.25,10.0,1.2465835181002702,1.907443494765063,0.6200541972631644,0.1996527777777778,0.4008695652173913,0.6482988697667247,0.13559817398021262,30.12049766956457,4.0,69.61905926471263,2.347215896197798,6.847612759294715,"Dongtai, Jiangsu",fallback_analytic
1707,1.40625,32.25,6.230769230769231,0.6799022197829507,4.427146113006188,0.5607875111328788,0.22569444444444445,0.5506172839506173,0.7169897408456407,0.11749689745570371,21.970935779561856,5.0,74.12137771214923,2.3056248943662823,6.8286804958230976,"Dongtai, Jiangsu",fallback_analytic
1708,1.9097222222222223,48.375,9.166666666666666,0.9995854317040387,3.020936259473715,0.5800124656862231,0.20833333333333334,0.41454545454545455,0.6473126061542358,0.14785819455172847,-21.244908672358683,4.0,71.71265942959475,2.3135782770612563,6.820676024560061,"Dongtai, Jiangsu",fallback_analytic
1709,2.951388888888889,28.875,17.894736842105264,2.252757955391737,2.4906370085936773,0.578007256996139,0.16493055555555555,0.28294117647058825,0.5645140392762701,0.15249886556031714,-42.001955236430845,4.0,69.06073742944405,1.9911549380043534,6.180247038360347,"Dongtai, Jiangsu",fallback_analytic
1710,2.0746527777777777,36.0,11.380952380952381,1.3875881584378953,1.7108419314020067,0.6330419630730707,0.18229166666666666,0.3941422594142259,0.5893305439330544,0.11914285714285715,-38.34135092718616,4.0,68.62115067796037,2.396658571323734,6.714610159807094,"Dongtai, Jiangsu",fallback_analytic
1711,1.2760416666666667,66.0,5.25,0.9920134757020536,1.2842383090747296,0.5932554841644843,0.24305555555555555,0.5931972789115646,0.8131897008589329,0.13316416675862439,-38.859239523518475,1.0,72.95618562064239,2.213642461283631,6.693835522763794,"Dongtai, Jiangsu",fallback_analytic
1712,2.6822916666666665,31.875,17.166666666666668,1.0757596774981455,3.1236065906255517,0.6401503492750521,0.15625,0.3145631067961165,0.5395681165348523,0.1416066296582387,-7.52833140259888,7.0,66.40653932252637,2.312094845754197,7.07967267184398,"Dongtai, Jiangsu",fallback_analytic
1713,1.8489583333333333,42.375,10.142857142857142,0.7198263916006198,1.5045849209884619,0.6330027141631035,0.18229166666666666,0.4422535211267606,0.5983007700110757,0.12547234923087125,5.29898569288423,3.0,66.0,2.598673683377184,7.370738799654544,"Dongtai, Jiangsu",fallback_analytic
1714,2.1440972222222223,41.25,10.73913043478261,1.3725000649032266,2.073640634658781,0.5733696497952974,0.1996527777777778,0.37327935222672065,0.5970369555656609,0.1288625507694171,34.7485651699032,3.0,70.83519444604566,2.246495954285744,6.5584922791876075,"Dongtai, Jiangsu",fallback_analytic
1715,1.6145833333333333,60.75,7.75,1.171477744553015,1.9940792034133588,0.6842110554146783,0.20833333333333334,0.49032258064516127,0.6736050968240287,0.12287163891034568,-38.368063196368205,8.0,70.76736928016348,2.6325010067164225,7.1188203576624005,"Dongtai, Jiangsu",fallback_analytic
1716,1.8576388888888888,54.75,8.23076923076923,0.7153532954588819,1.7796836477597,0.6302679667157012,0.22569444444444445,0.41682242990654206,0.6946024146310144,0.15247828218992604,-2.7981864832860452,6.0,69.10952689621543,2.6526654519520942,7.484420694541522,"Dongtai, Jiangsu",fallback_analytic
1717,1.0503472222222223,23.25,4.481481481481482,0.39214778144810414,1.6261788105141195,0.643954436321511,0.234375,0.7289256198347107,0.8021354270823631,0.11857327576466761,-8.750640718286917,2.0,70.37914944672954,2.3367120984541425,7.387122359398495,"Dongtai, Jiangsu",fallback_analytic
1718,1.8055555555555556,39.0,8.666666666666666,1.424881302674029,1.5240076477621263,0.6228777753158871,0.20833333333333334,0.43846153846153846,0.6513703461835556,0.13112992598314407,-43.5491844800071,4.0,70.63437279219333,2.425538682422027,6.718048965238927,"Dongtai, Jiangsu",fallback_analytic
1719,1.9270833333333333,41.25,10.090909090909092,0.7885049972082643,2.322695684016242,0.627149194973242,0.1909722222222222,0.4198198198198198,0.6396878799169944,0.1415962828907026,-8.811974318497718,2.0,67.90902948698798,2.484828531699177,7.073542709788182,"Dongtai, Jiangsu",fallback_analytic
1720,1.9097222222222223,44.25,10.0,0.8005399842216799,2.224513102995017,0.5955950987335543,0.1909722222222222,0.42363636363636364,0.6081199394407542,0.13850537379979352,10.897035815117846,1.0,68.10897765087711,2.4350838209137398,6.966418383688476,"Dongtai, Jiangsu",fallback_analytic
1721,1.484375,38.25,6.576923076923077,1.2205329168657988,1.7466908331837538,0.6113804944424623,0.22569444444444445,0.5216374269005848,0.7032303314442453,0.12642762398444068,40.49231035607312,6.0,71.65843651527436,2.4445930527096853,6.936349055511422,"Dongtai, Jiangsu",fallback_analytic
1722,1.8576388888888888,17.625,9.304347826086957,1.168094722224931,1.3868755156630788,0.6790164682622573,0.1996527777777778,0.4308411214953271,0.6000869720636844,0.12849906285417503,-35.691086422907524,5.0,68.15075083189018,2.6017799299643514,7.020300239692655,"Dongtai, Jiangsu",fallback_analytic
1723,1.1111111111111112,46.125,4.413793103448276,0.835670195331369,1.6189649947908975,0.5457382035062204,0.2517361111111111,0.6734375,0.819078125,0.10048275862068966,-38.754399507816295,0.0,73.80894921988914,2.028748538217864,6.600251539476265,"Dongtai, Jiangsu",fallback_analytic
1724,1.7881944444444444,24.75,9.363636363636363,1.4940363695887875,1.6206500507379822,0.6270097654091514,0.1909722222222222,0.4524271844660194,0.611443469275662,0.13184359599080586,43.65701464568643,6.0,69.19659646951396,2.507581380720776,6.823911832534272,"Dongtai, Jiangsu",fallback_analytic
1725,1.5277777777777777,37.875,7.04,0.8938314179157476,1.8173206667163537,0.5920053055036049,0.2170138888888889,0.5125,0.6627236060840135,0.1253247289438183,-31.64026364281701,1.0,70.48897244313184,2.323012110483265,6.75673218872374,"Dongtai, Jiangsu",fallback_analytic
1726,1.9444444444444444,50.625,9.333333333333334,1.0770741739476777,2.8424540582779265,0.6540522040443091,0.20833333333333334,0.40714285714285714,0.6336588393546826,0.1287282685685844,25.339561026899105,8.0,70.9041000612005,2.5895816776368448,7.119103538712692,"Dongtai, Jiangsu",fallback_analytic
1727,1.9097222222222223,42.375,9.565217391304348,0.7422448227927747,1.5183138682446522,0.7257929301362807,0.1996527777777778,0.41909090909090907,0.651562309273487,0.14570943971054864,-2.458729623092246,8.0,66.28560514947492,2.827682694141156,7.748939489408036,"Dongtai, Jiangsu",fallback_analytic
1728,2.1354166666666665,46.5,12.3,0.7731407141610249,1.7944989699447453,0.6246555237468803,0.1736111111111111,0.38699186991869916,0.5902386558600518,0.14347392228230127,1.7805489514841213,1.0,66.0,2.413104696734934,7.11265057536149,"Dongtai, Jiangsu",fallback_analytic
1729,1.7621527777777777,54.75,8.458333333333334,1.1045897847606967,1.3125015855444215,0.6091496785211286,0.20833333333333334,0.4492610837438424,0.6408708046991718,0.13366823156015642,-33.10182935860302,3.0,69.7181807872996,2.484784310715468,6.858999186634031,"Dongtai, Jiangsu",fallback_analytic
1730,1.4496527777777777,39.375,6.958333333333333,0.567532582063329,1.797920443529581,0.611215212309617,0.20833333333333334,0.5461077844311377,0.6967737047357482,0.14178987047050215,2.1800426652928024,1.0,68.60033077999857,2.550503556018531,7.29132649926475,"Dongtai, Jiangsu",fallback_analytic
1731,1.9270833333333333,50.25,10.090909090909092,0.7121390410291466,2.6218814884029484,0.5832364010449385,0.1909722222222222,0.4198198198198198,0.6390046486764845,0.1415962828907026,-3.6835969160543627,3.0,68.45519671558085,2.4435460671451468,7.136964756283215,"Dongtai, Jiangsu",fallback_analytic
1732,2.2309027777777777,41.25,11.681818181818182,1.3060231178305397,3.6755596233941827,0.5173339125732334,0.1909722222222222,0.36264591439688715,0.5967831025324595,0.1386126566202739,28.45592269967115,1.0,72.273748750842,2.0255292040599073,6.279600283797079,"Dongtai, Jiangsu",fallback_analytic
1733,1.6840277777777777,39.75,7.76,0.7438411192694483,5.593779232575381,0.4819465748150958,0.2170138888888889,0.46494845360824744,0.6487785154957709,0.12482236447190916,19.720677860557032,2.0,76.07458674394063,2.1095776839102016,6.415953050209906,"Dongtai, Jiangsu",fallback_analytic
1734,1.3888888888888888,61.5,6.153846153846154,0.7117503906568072,2.24696206566,0.646720946191772,0.22569444444444445,0.5575,0.7222375,0.10746153846153846,25.180410118757123,5.0,71.88835887834382,2.510241847598439,7.177691513937004,"Dongtai, Jiangsu",fallback_analytic
1735,0.9288194444444444,24.75,3.8214285714285716,0.31007385757481354,2.5335703392501117,0.5355597876825586,0.24305555555555555,0.8149532710280374,0.9531100313451577,0.12198137305878663,1.9861233547302248,0.0,72.4717410646214,2.064672535519641,7.1749040656527034,"Dongtai, Jiangsu",fallback_analytic
1736,2.092013888888889,48.75,10.954545454545455,1.0629307701927182,1.7698878276586423,0.6732844783081677,0.1909722222222222,0.3867219917012448,0.5951589461029636,0.12040542426583166,21.421877641132795,5.0,68.0527191835761,2.5209473248490273,7.113393036252069,"Dongtai, Jiangsu",fallback_analytic
1737,1.6840277777777777,52.5,8.083333333333334,0.7434812287246291,4.306507681265403,0.503833776933732,0.20833333333333334,0.47010309278350515,0.6497938144329897,0.11558333333333333,17.93918916552871,3.0,73.47507661248471,2.2053941315937267,6.686540308091536,"Dongtai, Jiangsu",fallback_analytic
1738,2.326388888888889,41.25,12.181818181818182,1.5396779340470659,1.8774975010063422,0.5799102048200859,0.1909722222222222,0.34776119402985073,0.5785645746672173,0.1219508788112862,-37.522368912770716,1.0,70.42788151658546,2.075047271120751,6.3844307331812535,"Dongtai, Jiangsu",fallback_analytic
1739,1.5277777777777777,37.125,7.04,1.0472715892821738,2.168494670357732,0.6418207385032926,0.2170138888888889,0.5125,0.6921622918275928,0.13931827565168206,36.43500521458277,7.0,71.36732722489563,2.6235221057932647,7.04365366173374,"Dongtai, Jiangsu",fallback_analytic
1740,1.8142361111111112,46.875,8.708333333333334,1.139090030509789,2.1342725630151227,0.6098988295923368,0.20833333333333334,0.43636363636363634,0.638371196246167,0.12731160190191773,-32.87768705417571,2.0,70.46002591217281,2.3551088115902585,6.710100047900183,"Dongtai, Jiangsu",fallback_analytic
1741,2.361111111111111,40.5,11.826086956521738,1.610997594657904,1.7719977436409244,0.6458954642458246,0.1996527777777778,0.33897058823529413,0.5867223016239413,0.13636512084757924,40.321053375935264,5.0,70.57146155483076,2.223860093007609,6.628599799397451,"Dongtai, Jiangsu",fallback_analytic
1742,1.2760416666666667,37.875,5.653846153846154,0.4455819336942336,3.580224686086826,0.534037179653202,0.22569444444444445,0.6068027210884354,0.7441030250238831,0.12390301714023176,-2.80256384486254,3.0,73.41782744530943,2.2400005128658464,7.119279294558325,"Dongtai, Jiangsu",fallback_analytic
1743,1.9618055555555556,44.25,9.826086956521738,1.1327088022574572,2.768148729528275,0.5551809765063485,0.1996527777777778,0.4079646017699115,0.5970442477876107,0.11539130434782609,30.76914252682873,3.0,71.24359087578698,2.2655117540314413,6.579528890771924,"Dongtai, Jiangsu",fallback_analytic
1744,1.7013888888888888,26.625,8.521739130434783,0.693628315807054,2.0514930490297068,0.6364104231843073,0.1996527777777778,0.4704081632653061,0.6513312994195677,0.13197732372374024,10.145899906847056,4.0,67.94066318913376,2.667527082252306,7.317368828759926,"Dongtai, Jiangsu",fallback_analytic
1745,1.6927083333333333,43.125,8.125,0.5995544423170702,4.471009279827227,0.5730107844475614,0.20833333333333334,0.4676923076923077,0.6307692307692307,0.1175,4.323907841346319,5.0,72.31633135635707,2.4435024776652745,7.1005874481861495,"Dongtai, Jiangsu",fallback_analytic
1746,1.2152777777777777,44.625,5.384615384615385,1.0333737417886044,1.3250498883121327,0.635732499240415,0.22569444444444445,0.6371428571428571,0.7418548381099512,0.11871381199222034,42.715512268401014,2.0,71.93553237646762,2.2952439309357837,6.796375463161081,"Dongtai, Jiangsu",fallback_analytic
1747,1.6753472222222223,40.125,8.041666666666666,0.7031063940116018,3.220667364041629,0.583882383011204,0.20833333333333334,0.47253886010362695,0.6484033887050962,0.12540994448735807,12.158123772682394,4.0,70.94099508956712,2.473749931941341,7.079421131932002,"Dongtai, Jiangsu",fallback_analytic
1748,1.171875,65.25,4.655172413793103,0.8243682039641658,3.8338294672221633,0.527595704263658,0.2517361111111111,0.6385185185185185,0.8252989234873065,0.11312272799302513,34.21080076681193,6.0,77.71504444517075,2.1595263572864836,6.735805183011925,"Dongtai, Jiangsu",fallback_analytic
1749,0.9982638888888888,19.875,3.9655172413793105,0.49165010065238945,3.114765830833377,0.5696669738516804,0.2517361111111111,0.7495652173913043,0.8446928463947233,0.1098813486826803,-25.74395366601722,2.0,74.55781259588335,2.083510955822056,6.841626237556058,"Dongtai, Jiangsu",fallback_analytic
1750,1.6666666666666667,54.0,7.68,1.2808688704617395,1.907881426232807,0.642901377021107,0.2170138888888889,0.46979166666666666,0.6791059271718426,0.12861913782584103,-39.62744742878489,5.0,71.22794590712142,2.585582972825875,6.830861246020827,"Dongtai, Jiangsu",fallback_analytic
1751,1.4236111111111112,57.0,6.56,0.5076076840032094,3.2352618776577553,0.5507366064224504,0.2170138888888889,0.55,0.7385916585742657,0.12378236447190916,-5.5568528126519965,1.0,72.23979739696743,2.3033702302285866,7.031719696797704,"Dongtai, Jiangsu",fallback_analytic
1752,2.3090277777777777,39.0,12.090909090909092,1.3378113661135307,2.967478883580781,0.5793856122344498,0.1909722222222222,0.35037593984962406,0.5865962857955958,0.13706720207481934,27.425572114264526,2.0,70.98652086189149,2.080302390894486,6.474791173473443,"Dongtai, Jiangsu",fallback_analytic
1753,1.796875,41.25,7.961538461538462,0.6308302592441235,3.4999867183931355,0.529836765338954,0.22569444444444445,0.43091787439613527,0.65373164584215,0.12367224790946252,6.671606854105107,3.0,72.30596927542877,2.4176418638359585,6.950959107993957,"Dongtai, Jiangsu",fallback_analytic
1754,1.6579861111111112,46.875,8.681818181818182,0.8841286295955958,1.9587814188904134,0.6028808202827819,0.1909722222222222,0.48795811518324606,0.6589152985021153,0.13770356571118297,23.5922771373763,1.0,69.04763981242053,2.475328472018697,6.863533289552369,"Dongtai, Jiangsu",fallback_analytic
1755,1.9878472222222223,51.0,9.956521739130435,1.6506568417539542,1.844573631980147,0.6064060588284137,0.1996527777777778,0.40262008733624455,0.6052838427947598,0.12060869565217391,43.61519239863004,2.0,71.5228173320158,2.2386302064389074,6.447068559404343,"Dongtai, Jiangsu",fallback_analytic
1756,2.1006944444444446,34.125,11.0,1.524983898162807,1.721653980518894,0.5867317070749541,0.1909722222222222,0.3851239669421488,0.6124137521682572,0.13524902025663754,-41.09878781578583,1.0,69.53422974563166,2.151845610230606,6.403539119015755,"Dongtai, Jiangsu",fallback_analytic
1757,1.6059027777777777,61.125,6.851851851851852,0.9866213552933639,2.242436432023916,0.6655251885073088,0.234375,0.47675675675675677,0.6757750631187347,0.12813619760715506,31.692452516178307,8.0,71.85048289927529,2.6437154783586094,7.148097932862959,"Dongtai, Jiangsu",fallback_analytic
1758,2.03125,29.625,11.142857142857142,1.0982238074163728,1.809992586931227,0.6756505108927626,0.18229166666666666,0.4025641025641026,0.586490210861422,0.13626087836409645,24.891127733268306,5.0,67.11052065565231,2.5293114107420687,7.116661537584036,"Dongtai, Jiangsu",fallback_analytic
1759,0.9375,11.625,3.857142857142857,0.3194333309925934,4.619456922803421,0.5217499454037151,0.24305555555555555,0.8074074074074075,0.8651851851851852,0.10785714285714286,-13.604794237612154,4.0,76.27877141159821,2.0064280357015316,6.964132569378081,"Dongtai, Jiangsu",fallback_analytic
1760,1.9097222222222223,46.875,10.0,0.9782010953557139,2.1785794558083262,0.6603260001756606,0.1909722222222222,0.42363636363636364,0.6152228727553617,0.1249508788112862,-23.508738518762144,5.0,68.91581691669109,2.5189381801112907,7.117967248622603,"Dongtai, Jiangsu",fallback_analytic
1761,1.3715277777777777,25.5,6.076923076923077,0.46732233373827536,2.853082010010372,0.5972532706944985,0.22569444444444445,0.5645569620253165,0.7183360507502448,0.11441997437878064,1.0675421693256908,6.0,70.7163724296985,2.543240212489613,7.519272291807427,"Dongtai, Jiangsu",fallback_analytic
1762,2.7690972222222223,29.625,16.789473684210527,1.9895086849645764,2.7152568281850398,0.6495524350295708,0.16493055555555555,0.30156739811912225,0.5601128526645768,0.1345263157894737,-38.30456326408457,8.0,68.65657406027077,2.1544859589034093,6.609149823466695,"Dongtai, Jiangsu",fallback_analytic
1763,1.7013888888888888,53.625,8.521739130434783,1.447896039359161,1.4916050490754351,0.6286352342403939,0.1996527777777778,0.4704081632653061,0.6285907653455329,0.12673562321079548,44.58844064570697,4.0,70.42149820654475,2.4996498918580565,6.73259057865426,"Dongtai, Jiangsu",fallback_analytic
1764,1.953125,31.125,10.227272727272727,0.8691553057515771,1.5687936773002062,0.6890792629001509,0.1909722222222222,0.4142222222222222,0.6199282400892603,0.143728979883807,-12.095882061350842,5.0,66.76149429669316,2.65831134095794,7.365289505503007,"Dongtai, Jiangsu",fallback_analytic
1765,1.2847222222222223,26.625,5.92,0.4283133770133344,1.4061959680261098,0.6620710150873111,0.2170138888888889,0.6094594594594595,0.7002637297714835,0.11706236447190915,1.2191602565698574,4.0,68.20236911672289,2.6679335306924328,7.650175099354342,"Dongtai, Jiangsu",fallback_analytic
1766,1.25,69.0,5.538461538461538,1.0013194152502267,1.0792329016532385,0.6818473517683057,0.22569444444444445,0.6194444444444445,0.7634850973616915,0.14056141035544165,-42.82409290095863,5.0,71.76783726382351,2.4719977391199945,7.0513809772354525,"Dongtai, Jiangsu",fallback_analytic
1767,1.5538194444444444,53.25,6.884615384615385,1.0531783162382364,1.2969452003725253,0.601064503780014,0.22569444444444445,0.4983240223463687,0.6950513521624433,0.12601529921132007,-38.04403881261204,3.0,71.219676077673,2.42218234975242,6.811421801074908,"Dongtai, Jiangsu",fallback_analytic
1768,0.7204861111111112,15.0,2.7666666666666666,0.3217642218982266,2.5338501982142994,0.6643170898621656,0.2604166666666667,1.0265060240963855,1.0888884499729194,0.11338261485486752,17.853458345855124,8.0,73.17449421309202,2.328149951196102,7.6029002620617785,"Dongtai, Jiangsu",fallback_analytic
1769,1.8663194444444444,42.75,8.958333333333334,0.9498323780658798,2.889169330041539,0.5522732650090365,0.20833333333333334,0.4241860465116279,0.6171582884008352,0.1233566296582387,24.23095411061398,3.0,71.65118160330914,2.3417932131395403,6.733103983475938,"Dongtai, Jiangsu",fallback_analytic
1770,1.3368055555555556,39.0,5.923076923076923,0.7571204731474497,1.9377087361855783,0.5872762760711233,0.22569444444444445,0.5792207792207792,0.7160892295308592,0.12236455560177022,-29.54476529991911,3.0,71.42394550914707,2.3447173374083365,6.915341448582046,"Dongtai, Jiangsu",fallback_analytic
1771,1.5625,48.0,6.923076923076923,0.7728014335265756,2.50851012490552,0.6338169821071605,0.22569444444444445,0.4955555555555556,0.7007280408809252,0.13825371804774936,-17.80003223654368,5.0,70.93974492999267,2.5222469266993612,7.1698297586372455,"Dongtai, Jiangsu",fallback_analytic
1772,1.5104166666666667,46.5,6.96,0.53295001871474,2.314242406243726,0.6915636918905502,0.2170138888888889,0.5183908045977011,0.7041879847216824,0.1274847289438183,3.2817403969285763,8.0,68.69219564090466,2.85,7.727184463696765,"Dongtai, Jiangsu",fallback_analytic
1773,1.328125,18.0,5.464285714285714,0.9861659588189582,3.179095789362317,0.5876950856283045,0.24305555555555555,0.5699346405228758,0.7563251068480543,0.13427419054975667,-34.15615568293457,5.0,74.21644005723078,2.3052653716034475,6.817660376701905,"Dongtai, Jiangsu",fallback_analytic
1774,1.6493055555555556,32.625,7.916666666666667,0.9268890273027186,3.391975660341836,0.568078745827551,0.20833333333333334,0.48,0.7049984633693007,0.1363649167310371,-24.21628269291081,6.0,72.49298594588424,2.506644233600654,6.9705456305412365,"Dongtai, Jiangsu",fallback_analytic
1775,1.4930555555555556,59.625,6.88,0.8054788888873725,4.069806727542595,0.5404399642316903,0.2170138888888889,0.5244186046511627,0.700921790751566,0.11955677335393186,-25.77250355426166,6.0,74.32293011756106,2.354947266003762,6.88052945308198,"Dongtai, Jiangsu",fallback_analytic
1776,1.9965277777777777,28.5,10.454545454545455,0.7666963537267524,2.540844421854209,0.6542955911989837,0.1909722222222222,0.4052173913043478,0.5719088348094764,0.12575268689989677,5.873203320958645,7.0,67.51647470434735,2.6814760312581964,7.422329777116964,"Dongtai, Jiangsu",fallback_analytic
1777,1.640625,43.5,8.217391304347826,0.8143623870962693,3.4978746931716063,0.6437257945670627,0.1996527777777778,0.48783068783068784,0.6386827090274051,0.1256051884281868,23.575128106786096,8.0,70.96217070423403,2.581886267395688,7.184468112824932,"Dongtai, Jiangsu",fallback_analytic
1778,2.3177083333333335,44.625,12.136363636363637,1.1485485332392127,2.765625431997885,0.5600302636127383,0.1909722222222222,0.349063670411985,0.5806519251399218,0.12467815153855893,-20.243932378315648,3.0,70.24672184918491,2.160182341596399,6.7042917121450865,"Dongtai, Jiangsu",fallback_analytic
1779,2.2916666666666665,37.5,12.0,1.0931841996184237,4.087565581886888,0.5093672309620098,0.1909722222222222,0.353030303030303,0.5847361288522491,0.12740542426583165,18.133279473609015,1.0,72.51622852549173,2.005023460047093,6.398807365727199,"Dongtai, Jiangsu",fallback_analytic
1780,2.517361111111111,38.625,14.5,1.5470066262315991,2.0023766155071687,0.5503857814415603,0.1736111111111111,0.32827586206896553,0.567348827692751,0.1479379000772445,-32.438183166909255,0.0,68.93993510568022,1.9972721201627455,6.299496671078936,"Dongtai, Jiangsu",fallback_analytic
1781,2.3784722222222223,43.125,11.91304347826087,0.9048392526035544,4.167509007924975,0.5783213473566364,0.1996527777777778,0.3364963503649635,0.5602919708029197,0.11565217391304349,6.404889975049514,7.0,71.9234733044997,2.2903705333221054,7.006404390469384,"Dongtai, Jiangsu",fallback_analytic
1782,2.4913194444444446,42.75,13.045454545454545,0.9549507009091834,3.2471545895292486,0.5485130106046849,0.1909722222222222,0.32473867595818817,0.5864046272638267,0.13770356571118297,6.156550211342498,1.0,69.88898969637526,2.0913197935416754,6.692654440307744,"Dongtai, Jiangsu",fallback_analytic
1783,1.8923611111111112,48.75,9.083333333333334,1.1085752342993014,2.110287073817906,0.577078841008645,0.20833333333333334,0.41834862385321103,0.5932095290614366,0.11943996299157203,-32.47522421194016,3.0,70.7118921825399,2.2894682941531657,6.723230794934318,"Dongtai, Jiangsu",fallback_analytic
1784,1.4756944444444444,32.625,6.8,1.157093783747472,1.6866617662824746,0.656701166887691,0.2170138888888889,0.5305882352941177,0.7252493333939173,0.1312447289438183,-38.69013395629585,5.0,70.65651329168784,2.559264849103154,6.948389538758512,"Dongtai, Jiangsu",fallback_analytic
1785,1.40625,27.75,6.48,1.3837475220940127,1.5837181304376884,0.6867527627876209,0.2170138888888889,0.5567901234567901,0.692641975308642,0.11736,43.866611082749884,8.0,70.94318330114916,2.543193071755816,7.148251842470855,"Dongtai, Jiangsu",fallback_analytic
1786,2.126736111111111,30.75,11.136363636363637,0.8259086103608756,1.3944175283133753,0.5927841766752522,0.1909722222222222,0.38040816326530613,0.6166693144685789,0.13721627279749501,3.021704785907879,0.0,66.94786771325825,2.315317267642971,7.039068443441426,"Dongtai, Jiangsu",fallback_analytic
1787,1.2673611111111112,29.25,5.407407407407407,1.0269127134972833,1.3700019249428035,0.5938109144623965,0.234375,0.6041095890410959,0.7421785206325968,0.11931401650540836,-41.42663880379292,3.0,72.4543950724624,2.2633856156689673,6.792129499984519,"Dongtai, Jiangsu",fallback_analytic
1788,1.0069444444444444,32.625,4.142857142857143,0.49908614723888345,1.7398069837841916,0.5947498303146326,0.24305555555555555,0.7517241379310344,0.8286151264722963,0.1183256508426949,-23.965518975282414,3.0,72.12028191165432,2.1519208099673026,7.163036187997995,"Dongtai, Jiangsu",fallback_analytic
1789,2.4479166666666665,39.75,13.428571428571429,1.2813162615401434,4.055222544080438,0.4735176144418434,0.18229166666666666,0.33404255319148934,0.5742662979380805,0.1344247301832522,-23.01887499455223,0.0,72.6993152887608,1.8771728247843658,6.151145960099718,"Dongtai, Jiangsu",fallback_analytic
1790,1.9878472222222223,51.0,10.409090909090908,1.0212404314367705,1.9553367016543703,0.6325341368985766,0.1909722222222222,0.4069868995633188,0.6176842475448915,0.13524902025663754,20.327789536602324,6.0,68.43626303600847,2.5257025400876176,7.160024523608383,"Dongtai, Jiangsu",fallback_analytic
1791,2.873263888888889,25.125,17.42105263157895,2.054810183769795,2.202816066726824,0.5974380055356908,0.16493055555555555,0.29063444108761327,0.5381870635421229,0.14367571935245227,42.65308542605487,4.0,67.72300056940304,2.010115971480884,6.289765952394018,"Dongtai, Jiangsu",fallback_analytic
1792,2.4565972222222223,31.875,13.476190476190476,1.1744986075181034,3.5817262987502394,0.601730170415933,0.18229166666666666,0.33286219081272084,0.5855218234416523,0.13799231750936158,-16.69280867129197,5.0,70.22878688363248,2.1785883673431794,6.785652428541301,"Dongtai, Jiangsu",fallback_analytic
1793,2.4739583333333335,40.125,14.25,1.9341240086774227,2.0255691016998565,0.6039733866960199,0.1736111111111111,0.33403508771929824,0.5619685333550161,0.13672795558988643,-43.81162395255705,4.0,69.64445219699745,2.0841866406093286,6.352963716838507,"Dongtai, Jiangsu",fallback_analytic
1794,2.1527777777777777,39.375,11.272727272727273,0.8769904087929812,3.551246168949163,0.5394677591125364,0.1909722222222222,0.3758064516129032,0.6241259034002296,0.14357990916113136,-7.751669650834835,3.0,70.75380494429692,2.209930373787893,6.81726012990482,"Dongtai, Jiangsu",fallback_analytic
1795,1.8663194444444444,51.0,8.6,1.358351458064814,2.7605319285997414,0.5006960534223067,0.2170138888888889,0.41953488372093023,0.677067587699892,0.1406415022977502,35.07126402959781,0.0,73.3080259362363,2.11939696417436,6.252494986491845,"Dongtai, Jiangsu",fallback_analytic
1796,1.8663194444444444,54.75,8.958333333333334,1.2234136939577445,1.4163017994849358,0.7052447135956261,0.20833333333333334,0.4241860465116279,0.6131240806297357,0.11752329632490537,-39.19279483272139,8.0,69.24358780007576,2.674888239465362,7.163388674762604,"Dongtai, Jiangsu",fallback_analytic
1797,1.3715277777777777,48.375,5.851851851851852,1.0555224319154468,1.2813956006206113,0.6312107786985576,0.234375,0.5582278481012658,0.7555091815780066,0.12674213175717608,-41.642191831875856,6.0,71.6562807227936,2.500960072670048,7.007799910164393,"Dongtai, Jiangsu",fallback_analytic
1798,1.4322916666666667,64.125,6.111111111111111,1.067487611690568,1.202762569103108,0.598877492768253,0.234375,0.5345454545454545,0.7375889496041841,0.12622361323865758,-41.123851600869585,1.0,72.49357791626366,2.2978321007851363,6.685353545218592,"Dongtai, Jiangsu",fallback_analytic
1799,1.5190972222222223,34.5,6.730769230769231,0.5354135504459616,2.198992863894077,0.5506931878708429,0.22569444444444445,0.5097142857142857,0.7294540039390003,0.13215529067091364,4.058844243034599,0.0,70.22001836598427,2.315367857599798,7.0889440448038465,"Dongtai, Jiangsu",fallback_analytic
1800,0.9895833333333334,35.625,4.071428571428571,0.6191189167014723,1.8931789214267198,0.6538136420304279,0.24305555555555555,0.7649122807017544,0.8733248421594698,0.12118279369983777,-31.236317838990985,7.0,73.21888759742582,2.310694483855584,7.309864589849092,"Dongtai, Jiangsu",fallback_analytic
1801,1.2326388888888888,13.125,5.2592592592592595,0.6452929218931951,3.4114865574033972,0.5624163208281362,0.234375,0.6211267605633802,0.7314016338463349,0.11727996710361958,-27.206080503079587,2.0,73.71281642246012,2.1551714496849446,6.674293606573324,"Dongtai, Jiangsu",fallback_analytic
1802,1.8923611111111112,52.5,9.478260869565217,0.8325026411125432,3.994996349947848,0.588115318135362,0.1996527777777778,0.42293577981651376,0.6181515229641265,0.12611126573033604,-16.486647344356378,7.0,71.97998918521523,2.4780284956943652,7.029924437753933,"Dongtai, Jiangsu",fallback_analytic
1803,1.2239583333333333,34.5,5.64,0.47130559117897153,2.3590352820288487,0.6222377539605761,0.2170138888888889,0.6397163120567376,0.6971631205673758,0.1104,13.716280933773312,4.0,70.69269468062461,2.478416149551558,7.280406517233419,"Dongtai, Jiangsu",fallback_analytic
1804,1.9965277777777777,46.5,10.952380952380953,1.1573855481971065,3.4279092189122133,0.573567375982294,0.18229166666666666,0.40956521739130436,0.6009849913446493,0.13347234923087126,29.42920280622708,6.0,71.25292524022625,2.367128496064271,6.759849996844011,"Dongtai, Jiangsu",fallback_analytic
1805,1.5364583333333333,29.25,8.045454545454545,0.7433990355050586,1.593572085069092,0.6231183773992561,0.1909722222222222,0.5265536723163842,0.6484275555671931,0.1263890505362604,19.59610932070568,1.0,67.5603910988125,2.5137221313634504,7.049826488263688,"Dongtai, Jiangsu",fallback_analytic
1806,1.1458333333333333,69.0,4.714285714285714,0.6613054284189005,1.8245460015363475,0.5848714983573456,0.24305555555555555,0.6606060606060606,0.7931769293241392,0.1176113651284092,-29.47069116220019,1.0,73.12069672343111,2.204660741616903,6.84455061628265,"Dongtai, Jiangsu",fallback_analytic
1807,2.560763888888889,39.75,12.826086956521738,1.477826442482949,3.2689200244718895,0.4863454190995842,0.1996527777777778,0.31254237288135595,0.5671628203599307,0.12437213529555342,-29.15287147927038,0.0,72.419042037006,1.8528813117846783,6.1207296945881415,"Dongtai, Jiangsu",fallback_analytic
1808,1.6319444444444444,57.75,7.230769230769231,1.245103400284202,1.5936644301932879,0.6515187312253448,0.22569444444444445,0.474468085106383,0.7255461491169551,0.12091687183448437,40.73008538340393,5.0,71.49869153636091,2.533865104339699,6.898521893033863,"Dongtai, Jiangsu",fallback_analytic
1809,1.3194444444444444,61.125,5.846153846153846,0.7441390054551429,1.6799528073364574,0.6681057719327803,0.22569444444444445,0.5868421052631579,0.7399936316196024,0.1220430085998253,26.840072513266207,5.0,71.06495998829718,2.525304002207724,7.256782846675431,"Dongtai, Jiangsu",fallback_analytic
1810,1.7621527777777777,58.125,8.458333333333334,1.182055506952655,1.9089416456955066,0.6871934472274068,0.20833333333333334,0.4492610837438424,0.65623072594232,0.14380487972260914,-35.2153457771941,8.0,70.4816415918714,2.660042690825357,7.163918319649262,"Dongtai, Jiangsu",fallback_analytic
1811,1.7274305555555556,36.75,8.652173913043478,0.835773560558871,1.777689317135877,0.6066767626699878,0.1996527777777778,0.46331658291457284,0.6089447236180905,0.11130434782608696,-22.276992511805542,1.0,68.6995456919043,2.4562900573196456,6.90959899370942,"Dongtai, Jiangsu",fallback_analytic
1812,2.1875,47.25,10.5,1.3667677322255003,1.9956659910219567,0.606335984403435,0.20833333333333334,0.3619047619047619,0.6216712699638801,0.13650156489348977,29.66330422491157,2.0,70.7384169297706,2.262975612163308,6.612279033395893,"Dongtai, Jiangsu",fallback_analytic
1813,1.4930555555555556,59.625,6.88,0.9677197730108188,1.3276805791212842,0.6436353748036048,0.2170138888888889,0.5244186046511627,0.7047191435336055,0.12945591117977287,-34.31478882415627,4.0,70.411825564615,2.532425855728182,7.031375928171208,"Dongtai, Jiangsu",fallback_analytic
1814,1.7534722222222223,44.25,8.08,0.6310629118925399,2.1525692828995022,0.5891061010972072,0.2170138888888889,0.44653465346534654,0.6444490561463997,0.1253247289438183,1.652553911042638,3.0,69.09959269407405,2.525720305576766,7.3478088305703775,"Dongtai, Jiangsu",fallback_analytic
1815,1.2239583333333333,24.0,5.035714285714286,0.4747703479711679,1.8651592530571075,0.6257083715144246,0.24305555555555555,0.6184397163120567,0.7846556786476954,0.12242991276584837,-8.278281034402283,2.0,70.50923304129907,2.363168488517688,7.29928709823048,"Dongtai, Jiangsu",fallback_analytic
1816,1.2586805555555556,51.375,5.576923076923077,0.5282056620472058,2.734655030810423,0.5645550167301392,0.22569444444444445,0.6151724137931035,0.7755534989713248,0.13039991459593547,-13.45651469610323,1.0,72.76097452374341,2.313730676406393,6.960774449494895,"Dongtai, Jiangsu",fallback_analytic
1817,1.7881944444444444,38.25,9.363636363636363,1.0731120534799738,2.1295937611209155,0.5534889896381866,0.1909722222222222,0.4524271844660194,0.6034466019417476,0.117,-32.42172165931612,0.0,69.86208994969472,2.2779664044305714,6.55244515465,"Dongtai, Jiangsu",fallback_analytic
1818,1.6840277777777777,40.125,7.461538461538462,1.3866228533115263,1.7920029293337802,0.6029244131386322,0.22569444444444445,0.45979381443298967,0.6430053196194823,0.11925227353068188,41.838679153383794,6.0,72.06123551562732,2.5003980930958836,6.8113640866816,"Dongtai, Jiangsu",fallback_analytic
1819,1.5277777777777777,42.75,7.333333333333333,1.2030997870793338,1.5730261978192646,0.6647882939373894,0.20833333333333334,0.5181818181818182,0.6562840909090909,0.11725,41.80684970972209,7.0,70.23568849251858,2.582959883617767,7.008813542606508,"Dongtai, Jiangsu",fallback_analytic
1820,1.5885416666666667,52.5,7.32,0.8042084411485984,3.4811267772993233,0.5640379801509721,0.2170138888888889,0.492896174863388,0.6738639126696103,0.12805913782584102,22.805770629196118,6.0,73.15146646311162,2.417235210881095,6.950747401125909,"Dongtai, Jiangsu",fallback_analytic
1821,0.8506944444444444,55.5,3.2666666666666666,0.5327646209178014,1.6599504812088917,0.6208330625815989,0.2604166666666667,0.8693877551020408,0.9969157280382889,0.12954121490636386,-27.360033200982308,4.0,73.57262430373426,2.1623955407405995,7.1716481500597595,"Dongtai, Jiangsu",fallback_analytic
1822,2.2395833333333335,43.5,12.285714285714286,1.6876685329371388,1.8619517841344877,0.5799943539838016,0.18229166666666666,0.36511627906976746,0.5803538992667219,0.1289961587546808,43.09078465947232,1.0,70.28970250564674,2.085972191944148,6.2907096597706955,"Dongtai, Jiangsu",fallback_analytic
1823,1.9791666666666667,41.25,9.91304347826087,0.9570466093267718,2.1148643331190535,0.6233388400799447,0.1996527777777778,0.4043859649122807,0.5815064357154283,0.12789036720200112,19.639531676948366,6.0,68.84092886645338,2.581350443963905,7.174602479130742,"Dongtai, Jiangsu",fallback_analytic
1824,0.9895833333333334,65.25,3.8,0.7387246646857177,1.3348364333367655,0.6255992227457673,0.2604166666666667,0.7473684210526316,0.8854272749260766,0.11310394078651526,-39.0306295133155,6.0,74.01182880772072,2.219546604812583,7.144476172960282,"Dongtai, Jiangsu",fallback_analytic
1825,1.7100694444444444,37.125,8.954545454545455,0.8985389711046932,2.3791518685274355,0.6904895886369371,0.1909722222222222,0.4730964467005076,0.6353911878799956,0.12676906062946802,-24.19342800501231,8.0,68.34278280203186,2.7912002934506566,7.328768132705195,"Dongtai, Jiangsu",fallback_analytic
1826,1.1371527777777777,62.625,4.517241379310345,0.4117286725579573,5.032651188966752,0.5311484166501227,0.2517361111111111,0.6580152671755726,0.8329312977099237,0.1066896551724138,12.602099302487069,5.0,77.221486909258,2.1145483586796088,6.95263270083228,"Dongtai, Jiangsu",fallback_analytic
1827,1.4756944444444444,53.625,6.8,0.6629235663207063,2.156087915463052,0.6226909296175386,0.2170138888888889,0.5305882352941177,0.689191458878055,0.11315677335393186,14.654743255848686,4.0,70.19219670873497,2.5778868323158624,7.233869138175709,"Dongtai, Jiangsu",fallback_analytic
1828,0.8767361111111112,18.375,3.4827586206896552,0.5554061998261008,0.7411947490585362,0.6970595731557255,0.2517361111111111,0.8534653465346534,0.9288917228946448,0.10327308047752747,36.440076927544055,7.0,71.12552963940406,2.4018313825536013,7.433442050961882,"Dongtai, Jiangsu",fallback_analytic
1829,2.7777777777777777,29.25,16.842105263157894,1.3248193799203138,2.604382515761734,0.6105749797282737,0.16493055555555555,0.300625,0.5447844750193112,0.13971363746303836,-17.7516530593636,4.0,66.82948194219856,2.1211658348751308,6.754675558623699,"Dongtai, Jiangsu",fallback_analytic
1830,1.7274305555555556,52.125,7.96,0.6843864078578454,3.0525228284995083,0.6209750194345947,0.2170138888888889,0.45326633165829144,0.6498075009436189,0.13312150229775016,4.59111678209878,7.0,70.69403997751402,2.6492390330747564,7.4060997969458064,"Dongtai, Jiangsu",fallback_analytic
1831,2.2395833333333335,43.125,11.727272727272727,1.1672339375506104,3.223401668874166,0.6109717979652312,0.1909722222222222,0.3612403100775194,0.5867132377999495,0.13643083843845571,-22.51485553262989,5.0,70.30011838670903,2.263200862123771,6.786345820139837,"Dongtai, Jiangsu",fallback_analytic
1832,2.0659722222222223,34.875,10.818181818181818,1.3841166301889989,2.112842790546389,0.6467188453928067,0.1909722222222222,0.3915966386554622,0.6209866471172436,0.12649633335674074,-35.26476425842698,7.0,69.2722765741259,2.477115125294351,6.938143262286123,"Dongtai, Jiangsu",fallback_analytic
1833,1.5798611111111112,50.625,7.28,0.7651952601857224,2.765651626466614,0.5942175134227955,0.2170138888888889,0.4956043956043956,0.6721295605244445,0.11579677335393186,-20.729910394250965,2.0,71.66345489684105,2.428580787445491,6.881057747232366,"Dongtai, Jiangsu",fallback_analytic
1834,1.4930555555555556,57.375,6.37037037037037,1.239755624079386,1.3812643774619362,0.6548466999383471,0.234375,0.5127906976744186,0.7191515349555763,0.12939545686641432,-43.09762138672535,5.0,71.65290906624908,2.5055397751311954,6.920766541790854,"Dongtai, Jiangsu",fallback_analytic
1835,2.109375,41.625,12.15,1.2830462446908386,1.7141500634375064,0.6424732587859773,0.1736111111111111,0.3917695473251029,0.5775996269200524,0.14247392228230127,32.85582654657948,6.0,68.00699798764597,2.418555865869596,6.925461896884221,"Dongtai, Jiangsu",fallback_analytic
1836,1.9444444444444444,46.125,10.181818181818182,0.877397204410241,1.7457157796672498,0.6816727028591225,0.1909722222222222,0.4160714285714286,0.6096313334068995,0.133703565711183,-13.945813547453344,7.0,67.2469792718859,2.6718335117329284,7.444267163344876,"Dongtai, Jiangsu",fallback_analytic
1837,0.8159722222222222,16.5,3.1333333333333333,0.4311283219237776,3.3770254886505864,0.5912155142436921,0.2604166666666667,0.9063829787234042,0.9893514043210592,0.11777060745318192,26.29996755756622,5.0,75.19680985460869,2.1219194461080235,7.074126451516983,"Dongtai, Jiangsu",fallback_analytic
1838,1.5104166666666667,60.0,6.444444444444445,1.1409348491752143,2.0673566981593554,0.5613558381066173,0.234375,0.506896551724138,0.7081970652702393,0.1299273169423613,38.27255467517148,3.0,73.81757274679217,2.268337158791322,6.659091202062592,"Dongtai, Jiangsu",fallback_analytic
1839,1.7274305555555556,37.125,8.291666666666666,0.7671502092850011,2.2605484959806477,0.6897253851227073,0.20833333333333334,0.45829145728643217,0.6892676183388768,0.14272154638927578,10.440834156604467,8.0,68.46081438804637,2.7693735030690916,7.5724161855126795,"Dongtai, Jiangsu",fallback_analytic
1840,1.4322916666666667,45.375,6.6,0.9329202612454685,1.9937923322398294,0.583382885149477,0.2170138888888889,0.5466666666666666,0.7206447677391875,0.1274847289438183,-32.21664111076251,3.0,71.23585014791618,2.3778392413742733,6.87704807878903,"Dongtai, Jiangsu",fallback_analytic
1841,1.8229166666666667,25.125,9.545454545454545,0.9166229017136539,3.9704500287426443,0.5211143050039703,0.1909722222222222,0.4438095238095238,0.6226666666666667,0.12309090909090908,-23.204776073002527,3.0,71.86769479617689,2.3014027205706413,6.628504158492043,"Dongtai, Jiangsu",fallback_analytic
1842,1.8055555555555556,43.875,8.666666666666666,0.7072937759781217,4.235068514630128,0.5081388417090034,0.20833333333333334,0.43846153846153846,0.6219230769230769,0.11641666666666667,-9.805855555651227,1.0,73.02241636345218,2.253501376375805,6.686678937831521,"Dongtai, Jiangsu",fallback_analytic
1843,1.7708333333333333,52.875,8.16,1.1667594794393898,1.5814843487310726,0.6605216357620703,0.2170138888888889,0.442156862745098,0.6534637844197474,0.13152150229775017,-36.98666970034854,5.0,70.015155629221,2.5108109603684414,6.932026881316699,"Dongtai, Jiangsu",fallback_analytic
1844,1.2586805555555556,25.5,5.576923076923077,0.9404995959596143,1.3327832269687927,0.5691381315273081,0.22569444444444445,0.6151724137931035,0.792788643926764,0.13712758128240843,39.764725990071156,0.0,71.99166953987492,2.2314266174887485,6.610701936332949,"Dongtai, Jiangsu",fallback_analytic
1845,2.439236111111111,43.5,13.380952380952381,1.6039259450834447,2.1048835644474213,0.643626786285432,0.18229166666666666,0.33523131672597867,0.5607453168524287,0.13665898417602826,37.060170618378635,5.0,69.5309303502906,2.2510376051172654,6.628936812002355,"Dongtai, Jiangsu",fallback_analytic
1846,2.1875,39.0,11.454545454545455,1.2762551278289116,2.6322615967056615,0.6652565532408392,0.1909722222222222,0.36984126984126986,0.5701574497436237,0.12393450508171494,31.185737857905707,8.0,69.99506868026903,2.4481006707280923,6.958578032263918,"Dongtai, Jiangsu",fallback_analytic
1847,2.048611111111111,16.5,11.238095238095237,0.99526810611764,2.6202574879175318,0.5423581429052597,0.18229166666666666,0.39915254237288134,0.5738933136182373,0.12709139684991888,20.56010890309888,0.0,68.77190643740565,2.2060942667651426,6.564989225662214,"Dongtai, Jiangsu",fallback_analytic
1848,2.2743055555555554,41.625,11.391304347826088,1.5042215154223468,2.4571002093892105,0.6227624087853154,0.1996527777777778,0.3519083969465649,0.5850307786731265,0.13274427059110686,-35.760775420741076,7.0,71.3146327020919,2.3226269498308967,6.736340290235618,"Dongtai, Jiangsu",fallback_analytic
1849,1.8229166666666667,49.875,8.75,0.8318792473650953,2.7695324159850805,0.5967768667993262,0.20833333333333334,0.4342857142857143,0.6311290286597081,0.11978830557701235,14.403479529831927,2.0,70.4583608385475,2.4709828303059,6.965554104439455,"Dongtai, Jiangsu",fallback_analytic
1850,1.6927083333333333,57.75,8.125,0.6589664274639061,1.928062721082404,0.6023521673914809,0.20833333333333334,0.4676923076923077,0.6899826257519409,0.1486915278850618,-5.912973375744151,1.0,68.71399325255588,2.4913001901109575,7.170075057877031,"Dongtai, Jiangsu",fallback_analytic
1851,1.8576388888888888,37.5,8.916666666666666,0.8800282309002732,3.4177175501405674,0.6389235020916997,0.20833333333333334,0.4261682242990654,0.6181682242990654,0.11225,-21.11603795326115,8.0,70.92774533325469,2.611846026254693,7.132694291005048,"Dongtai, Jiangsu",fallback_analytic
1852,1.5190972222222223,46.875,7.291666666666667,0.7375507230254641,1.0004913325286426,0.636311651111169,0.20833333333333334,0.5211428571428571,0.6841520686950198,0.14310819455172846,-15.829764143956833,1.0,68.03324574660508,2.488523384743221,7.225754147222194,"Dongtai, Jiangsu",fallback_analytic
1853,1.1805555555555556,53.25,5.037037037037037,0.7323694997714933,1.3325330441086662,0.6420913982447936,0.234375,0.6485294117647059,0.8246698236657256,0.13587395071264752,29.04988545246495,2.0,71.92800529677895,2.390241139182378,6.983736533261554,"Dongtai, Jiangsu",fallback_analytic
1854,1.640625,26.625,7.875,0.610765632544536,2.0833998959404187,0.6330667121939351,0.20833333333333334,0.48253968253968255,0.6377497848760463,0.13112992598314407,9.457573547080244,6.0,68.15535931563424,2.713794140972135,7.4662444982414184,"Dongtai, Jiangsu",fallback_analytic
1855,1.2934027777777777,46.125,5.730769230769231,1.0637127086586153,1.1465236235440492,0.5716599911563378,0.22569444444444445,0.5986577181208054,0.7419151320187005,0.11848304276145111,43.80488427257876,0.0,72.01406838202378,2.1952591584020897,6.528769866138281,"Dongtai, Jiangsu",fallback_analytic
1856,1.1284722222222223,51.375,4.642857142857143,0.5332915469319783,1.4703964142467671,0.5691580371084057,0.24305555555555555,0.6707692307692308,0.8375210872904024,0.1271313334068995,-14.744081929275701,0.0,71.81715934064677,2.2463105267089727,7.085768411910477,"Dongtai, Jiangsu",fallback_analytic
1857,1.5104166666666667,51.375,6.96,0.8419551578744671,2.1704650569761545,0.544954580294864,0.2170138888888889,0.5183908045977011,0.677814237559731,0.11786236447190915,28.504940980528175,0.0,71.87656054466414,2.2678027727298993,6.633897194424029,"Dongtai, Jiangsu",fallback_analytic
1858,2.0572916666666665,41.25,10.772727272727273,1.3741217761202913,2.4004270548964484,0.6356152689815526,0.1909722222222222,0.39324894514767933,0.6280347060956225,0.13924902025663752,33.82367568491779,5.0,70.07556246949831,2.4075887973016306,6.759142694597127,"Dongtai, Jiangsu",fallback_analytic
1859,1.9704861111111112,32.25,10.318181818181818,0.7296648023031741,1.9772744821751636,0.6083196508430887,0.1909722222222222,0.4105726872246696,0.5737107401629682,0.12953812125893607,-5.322678432712223,3.0,67.02439670148831,2.5035686639287618,7.185587790650794,"Dongtai, Jiangsu",fallback_analytic
1860,1.5625,38.625,7.2,0.711615106407933,1.7634803427133436,0.6014475709240379,0.2170138888888889,0.5011111111111111,0.6969094891120396,0.13725268453370476,-13.537826597774075,1.0,70.0767570799626,2.493036515226568,7.071183633068409,"Dongtai, Jiangsu",fallback_analytic
1861,2.3003472222222223,43.125,12.619047619047619,0.8275334430969945,1.8383992659824382,0.6503418583034895,0.18229166666666666,0.35547169811320756,0.5358792452830189,0.11780952380952381,2.1542129654388162,6.0,66.2318520202551,2.5065202353227627,7.403821655253039,"Dongtai, Jiangsu",fallback_analytic
1862,1.6753472222222223,36.75,8.772727272727273,1.1985486624709214,1.3506474050956143,0.7196293795195607,0.1909722222222222,0.48290155440414506,0.6691531780396701,0.15077076778600232,38.47346085317422,8.0,67.57625376569887,2.7837816401212496,7.213391236354189,"Dongtai, Jiangsu",fallback_analytic
1863,2.0746527777777777,46.5,10.863636363636363,1.0204400249737045,4.103622450917818,0.5816347231865613,0.1909722222222222,0.3899581589958159,0.559163179916318,0.12090909090909091,-23.841614938687243,5.0,71.82395900404377,2.255306519290519,6.706346556912435,"Dongtai, Jiangsu",fallback_analytic
1864,1.8055555555555556,30.75,8.666666666666666,0.6585156006394585,4.146869408354604,0.5136179329735708,0.20833333333333334,0.43846153846153846,0.646206884645094,0.12477329632490536,8.633688169004806,3.0,72.151698512223,2.225816134332942,6.853418700317418,"Dongtai, Jiangsu",fallback_analytic
1865,2.048611111111111,46.5,10.26086956521739,0.809216224396963,2.5005107730351206,0.6138261978804944,0.1996527777777778,0.3906779661016949,0.6129535254499134,0.12437213529555342,8.559329903222924,2.0,68.7424568371889,2.3900075067971382,6.991065619434784,"Dongtai, Jiangsu",fallback_analytic
1866,1.5277777777777777,45.75,7.333333333333333,0.5685792984151723,1.9568466366373571,0.5698162959312321,0.20833333333333334,0.5181818181818182,0.6469772727272727,0.10975,10.102523301489072,0.0,69.29960548140826,2.4243457783270097,7.035119583102029,"Dongtai, Jiangsu",fallback_analytic
1867,1.8055555555555556,44.625,8.666666666666666,1.057402425579237,4.353304500700128,0.5594050562821586,0.20833333333333334,0.43846153846153846,0.6342396827888632,0.13040994448735804,29.492236894810304,7.0,73.98334318062989,2.3949673450670983,6.746402407895583,"Dongtai, Jiangsu",fallback_analytic
1868,1.4930555555555556,37.125,6.37037037037037,1.2521796550970707,1.4430458655535832,0.5818784791739738,0.234375,0.5127906976744186,0.6839441085870113,0.12196734161464658,-43.05753412122019,1.0,71.89134351708047,2.2803420640217764,6.591382121703729,"Dongtai, Jiangsu",fallback_analytic
1869,2.1875,39.75,12.0,1.0501182709621295,1.6806985021943177,0.6127464957404088,0.18229166666666666,0.3738095238095238,0.5817594048538625,0.13351612703317112,-17.62763614117295,3.0,67.06075791623873,2.38604816593578,6.958365710421079,"Dongtai, Jiangsu",fallback_analytic
1870,1.4496527777777777,52.125,6.423076923076923,0.7064148639749366,2.758070316763023,0.5914900372149261,0.22569444444444445,0.5341317365269461,0.6924777844773919,0.11441997437878064,21.56675559636342,2.0,71.70133782712641,2.3908272710299503,6.885041081569086,"Dongtai, Jiangsu",fallback_analytic
1871,2.4479166666666665,43.5,12.818181818181818,1.1575771410904117,3.1582245666504716,0.5089651539125868,0.1909722222222222,0.3304964539007092,0.5948444256195683,0.13924902025663752,-17.071340854109522,0.0,71.13409908829992,1.9784069403912545,6.450265643897245,"Dongtai, Jiangsu",fallback_analytic
1872,1.8836805555555556,54.375,9.041666666666666,0.7302620663344153,3.013965350613577,0.6260642366554136,0.20833333333333334,0.4202764976958525,0.6479213580010842,0.13231160190191774,5.960907618383516,7.0,70.35723968894735,2.6310109903836754,7.349767509772665,"Dongtai, Jiangsu",fallback_analytic
1873,2.1788194444444446,40.125,10.91304347826087,0.8113504596424185,3.430187955502389,0.6465537411719854,0.1996527777777778,0.3673306772908366,0.6007330677290836,0.11947826086956521,5.733117197920144,8.0,69.88588404147818,2.502692733254176,7.288107102443798,"Dongtai, Jiangsu",fallback_analytic
1874,1.9878472222222223,52.5,9.541666666666666,1.7034271837296697,1.827917193801142,0.6345795582321008,0.20833333333333334,0.3982532751091703,0.6192125647833763,0.1258566296582387,-44.05204229140109,7.0,71.94776887779095,2.3779330773761216,6.755592417247691,"Dongtai, Jiangsu",fallback_analytic
1875,2.326388888888889,46.875,12.181818181818182,0.9130490036960052,5.995578679985048,0.44025211487498006,0.1909722222222222,0.34776119402985073,0.5777537313432836,0.12672727272727272,-12.904889901764811,1.0,74.99416861411731,1.918183782608703,6.15785282404145,"Dongtai, Jiangsu",fallback_analytic
1876,1.4236111111111112,57.375,6.56,0.9363350484015224,3.124244790265561,0.5030281953422056,0.2170138888888889,0.55,0.685485837410934,0.11786236447190915,-36.39679397709229,0.0,74.1165746082531,2.074683022395028,6.3709903112927675,"Dongtai, Jiangsu",fallback_analytic
1877,1.6579861111111112,52.125,7.64,0.6271753688094621,2.5752868100069923,0.6773529017362308,0.2170138888888889,0.4722513089005236,0.6624712845674711,0.12485913782584103,-6.181002363880225,8.0,69.67392508893026,2.78391225353691,7.632319351639889,"Dongtai, Jiangsu",fallback_analytic
1878,1.4149305555555556,41.25,6.52,0.8945702492309211,1.3172850064690538,0.6819771786608899,0.2170138888888889,0.5533742331288344,0.747721640331383,0.13645268453370474,30.304276247442004,7.0,69.50939655719635,2.686579310705222,7.347496289057841,"Dongtai, Jiangsu",fallback_analytic
1879,1.7447916666666667,45.0,8.73913043478261,0.9151501951487514,2.18830421498122,0.6220771013725789,0.1996527777777778,0.45870646766169154,0.620318407960199,0.11539130434782609,-26.08156095062575,2.0,69.35585216697649,2.4211075276556944,6.8346835664874375,"Dongtai, Jiangsu",fallback_analytic
1880,1.7795138888888888,61.125,7.884615384615385,0.8874270238308966,2.6856824034282556,0.5871450673540783,0.22569444444444445,0.4351219512195122,0.6800955871601749,0.12809222228824316,19.91915689750573,2.0,72.23612235631349,2.4237653128451067,6.829687338809692,"Dongtai, Jiangsu",fallback_analytic
1881,1.3628472222222223,34.5,6.038461538461538,1.2182015394676269,1.388657224944563,0.6257950938679568,0.22569444444444445,0.5681528662420382,0.7333269937388139,0.1151892051480114,-43.66855691679674,6.0,71.48268395455345,2.4391058846983187,6.942528670314862,"Dongtai, Jiangsu",fallback_analytic
1882,2.560763888888889,34.875,14.047619047619047,1.0765232584610467,2.9922145080467644,0.5942296560063544,0.18229166666666666,0.3193220338983051,0.546214761595886,0.1305028148475109,10.403361975909377,4.0,68.86565367360697,2.160168667719608,6.826036130775874,"Dongtai, Jiangsu",fallback_analytic
1883,1.5711805555555556,33.75,7.869565217391305,0.8616902317092572,3.0430372513497685,0.5900261784554167,0.1996527777777778,0.5093922651933702,0.6404402062728904,0.1263721352955534,27.952325535424634,2.0,70.8426999401273,2.417519695899698,6.701011117849278,"Dongtai, Jiangsu",fallback_analytic
1884,1.1892361111111112,20.25,4.892857142857143,0.516105586578478,1.7968156444656342,0.661788706313791,0.24305555555555555,0.6364963503649635,0.7436378589559557,0.11689707941412349,18.40529676754538,7.0,70.84726807658248,2.578903402295639,7.487229203427664,"Dongtai, Jiangsu",fallback_analytic
1885,1.7795138888888888,36.375,8.91304347826087,0.6226252483358355,1.8350315453679273,0.6829090060296271,0.1996527777777778,0.4497560975609756,0.599580487804878,0.11452173913043479,2.9987334236315846,5.0,66.53673215921334,2.7797982675834882,7.552365096946313,"Dongtai, Jiangsu",fallback_analytic
1886,1.3107638888888888,30.75,5.8076923076923075,0.675754837418703,1.5507860574202306,0.6410078086508871,0.22569444444444445,0.590728476821192,0.7333543003264715,0.13084759836322132,23.304634186035457,2.0,70.53028474411802,2.3927049585134474,7.105313042495462,"Dongtai, Jiangsu",fallback_analytic
1887,2.9253472222222223,33.375,17.736842105263158,1.1811326938406919,3.704827046074458,0.5723046659589496,0.16493055555555555,0.285459940652819,0.5338014718651,0.13910101757096296,9.334598322821819,2.0,67.25524666374248,1.998308653598861,6.604141062205429,"Dongtai, Jiangsu",fallback_analytic
1888,1.8402777777777777,42.0,10.095238095238095,0.6811880936081299,2.0186078910181813,0.6489873272816143,0.18229166666666666,0.44433962264150945,0.6373708114227759,0.14018279369983777,2.251774277087563,4.0,67.11511623961971,2.6946500622013962,7.4085530120720735,"Dongtai, Jiangsu",fallback_analytic
1889,2.2222222222222223,39.375,12.8,1.2686759249792177,2.500868728229631,0.6115793249827571,0.1736111111111111,0.371875,0.5716252500482778,0.13314596669241482,-28.4733874801973,4.0,68.80602507415946,2.2688224251188664,6.698320349666422,"Dongtai, Jiangsu",fallback_analytic
1890,1.9791666666666667,47.625,10.363636363636363,1.07242231386828,1.7709390850848,0.637862766264099,0.1909722222222222,0.4087719298245614,0.581140350877193,0.11363636363636363,27.718132290761645,2.0,68.4562931374392,2.3804417030639624,6.857573804354934,"Dongtai, Jiangsu",fallback_analytic
1891,1.4756944444444444,39.75,6.8,0.91784942344651,1.5951216466503815,0.6699325460850132,0.2170138888888889,0.5305882352941177,0.7150054981543251,0.12461913782584103,31.57166141365748,5.0,69.8546944373752,2.557524204791657,7.13320588013824,"Dongtai, Jiangsu",fallback_analytic
1892,2.0225694444444446,47.25,10.130434782608695,1.1534305208090592,4.054257810765453,0.5729077445147972,0.1996527777777778,0.39570815450643776,0.6435296224435747,0.13555820294333015,26.218536835433724,7.0,73.2505001933923,2.382932957277735,6.806159985234192,"Dongtai, Jiangsu",fallback_analytic
1893,1.8229166666666667,43.875,8.75,0.9560016695566842,1.1898634764815261,0.6199987274918048,0.20833333333333334,0.4342857142857143,0.6132273397512015,0.1349865556413828,-21.71977200574312,3.0,68.36956357957474,2.4703596080523504,7.063846778909801,"Dongtai, Jiangsu",fallback_analytic
1894,1.5364583333333333,60.0,7.375,0.6807661734407122,4.387640477648811,0.5030970672897523,0.20833333333333334,0.5152542372881356,0.6514087834507705,0.12527329632490536,17.61527907604046,3.0,73.89770367193783,2.2334594971288175,6.722339627979428,"Dongtai, Jiangsu",fallback_analytic
1895,1.3715277777777777,17.625,5.642857142857143,0.9269223074147044,1.6084570525050335,0.5478903811587661,0.24305555555555555,0.5518987341772152,0.7386754727465805,0.12528705562299122,33.839042184295835,0.0,71.94529156155176,2.2223773540715315,6.637913431174612,"Dongtai, Jiangsu",fallback_analytic
1896,1.3715277777777777,42.75,6.32,0.6686324835372117,2.5442531991566684,0.6069359615811337,0.2170138888888889,0.5708860759493671,0.7223609620644276,0.11635677335393185,20.091703195810965,6.0,71.14348046511275,2.537958721429509,7.23967982020401,"Dongtai, Jiangsu",fallback_analytic
1897,1.3541666666666667,37.5,6.0,0.5010745714540645,4.3208873568774155,0.6071909673111852,0.22569444444444445,0.5717948717948718,0.7317948717948718,0.1113076923076923,8.204960868950856,8.0,73.26717220549516,2.499142783820996,7.385758968234537,"Dongtai, Jiangsu",fallback_analytic
1898,2.092013888888889,48.375,10.954545454545455,0.9003182002689152,3.4726401129012485,0.5766788896954157,0.1909722222222222,0.3867219917012448,0.6005311203319502,0.12127272727272727,-14.984170574860318,2.0,70.49666748772242,2.255867664397832,6.739192415913475,"Dongtai, Jiangsu",fallback_analytic
1899,1.2934027777777777,33.0,6.208333333333333,0.8950065688258754,1.7371588576260089,0.6355467162752578,0.20833333333333334,0.6120805369127517,0.72306516336626,0.1294632593164774,36.88726897852321,4.0,70.68384943036652,2.426693112927246,6.940749090681353,"Dongtai, Jiangsu",fallback_analytic
1900,2.0833333333333335,54.0,9.6,1.5710121403634956,1.659558335754478,0.6762285698441699,0.2170138888888889,0.37583333333333335,0.6424555696482841,0.1481406401235912,41.220481230844484,8.0,71.28939219811434,2.4861529017244655,6.9044606934630615,"Dongtai, Jiangsu",fallback_analytic
1901,1.3975694444444444,64.5,5.962962962962963,0.5376976059600287,1.1008028019866025,0.6591474836821347,0.234375,0.5478260869565217,0.7450902568663152,0.1252606502756946,-7.441112789244521,6.0,69.56011043806829,2.6855632543991024,7.662624853627732,"Dongtai, Jiangsu",fallback_analytic
1902,1.6840277777777777,60.0,7.76,1.0017925371898095,3.6068243915936615,0.62110671173755,0.2170138888888889,0.46494845360824744,0.6473298969072165,0.11416,-31.460326173534387,8.0,72.72172456897698,2.510767262390037,6.939973216659743,"Dongtai, Jiangsu",fallback_analytic
1903,2.0572916666666665,46.875,11.285714285714286,1.2383897019237233,3.225153159857104,0.5784374521954336,0.18229166666666666,0.39746835443037976,0.5809367088607595,0.12161904761904761,31.94819922070411,2.0,70.70883356580187,2.2111185497749366,6.503785369163345,"Dongtai, Jiangsu",fallback_analytic
1904,1.6493055555555556,28.875,8.26086956521739,0.649181804610273,2.883359978273776,0.5699136064624157,0.1996527777777778,0.48526315789473684,0.6685599298787681,0.13570079233023727,-8.943385203891516,3.0,69.48191422771457,2.4967314962065967,7.105507465469927,"Dongtai, Jiangsu",fallback_analytic
1905,2.013888888888889,52.5,9.666666666666666,1.1424889511641094,2.0929495915788365,0.6114157916236154,0.20833333333333334,0.3931034482758621,0.6304922070563679,0.14262320380383547,-23.597859029464615,6.0,70.38586597326507,2.4649400867520503,7.0057105576254,"Dongtai, Jiangsu",fallback_analytic
1906,1.6753472222222223,22.5,7.72,1.2125792800732522,1.8557329031654848,0.6127189015593395,0.2170138888888889,0.46735751295336786,0.6629946460746883,0.13688150229775017,-36.90214184646704,6.0,70.72988362688191,2.5424600095502945,6.960448052371372,"Dongtai, Jiangsu",fallback_analytic
1907,1.7274305555555556,47.625,7.96,0.5467472064894591,2.683613357576826,0.6762369663262375,0.2170138888888889,0.45326633165829144,0.6575111022189585,0.1322847289438183,1.009608171355275,8.0,69.3909362834028,2.8322602035095903,7.666755579990785,"Dongtai, Jiangsu",fallback_analytic
1908,1.5451388888888888,42.375,7.12,0.8998554249419151,2.147649682109474,0.6485511846068333,0.2170138888888889,0.5067415730337078,0.663704239723519,0.11706236447190915,30.900323377772423,5.0,70.38380748612981,2.5174684799323286,7.048734201151701,"Dongtai, Jiangsu",fallback_analytic
1909,1.0329861111111112,32.25,4.25,0.4524001573876133,3.981377511385198,0.5419544488046432,0.24305555555555555,0.7327731092436974,0.840498778746104,0.12118279369983777,-19.54945909995076,2.0,75.62625289885997,2.032850148647759,6.80928553099428,"Dongtai, Jiangsu",fallback_analytic
1910,2.1961805555555554,37.875,11.5,1.1089598758366277,1.619894054067012,0.6074430650260767,0.1909722222222222,0.3683794466403162,0.6312242031326248,0.15637438396322345,-15.583493414463096,1.0,67.8880921882277,2.2849738772894237,6.843331463224517,"Dongtai, Jiangsu",fallback_analytic
1911,1.6319444444444444,30.0,7.52,0.6813228637140765,3.3294418195770445,0.5400208015572441,0.2170138888888889,0.4797872340425532,0.6500403192311112,0.11499677335393185,-13.627109901082868,3.0,71.8416221683112,2.3848404752833616,6.930220794138498,"Dongtai, Jiangsu",fallback_analytic
1912,1.7013888888888888,54.375,7.84,0.5898710686660719,4.34707192052968,0.5379736693210588,0.2170138888888889,0.4602040816326531,0.6639542449294876,0.12482236447190916,7.201150830058587,2.0,73.10197684374533,2.3326076428033695,6.808197246778283,"Dongtai, Jiangsu",fallback_analytic
1913,2.2222222222222223,43.5,11.636363636363637,0.9702534622770539,3.547527944657113,0.5708859659448555,0.1909722222222222,0.3640625,0.6058108594353473,0.12831451517492257,-13.268732479191563,6.0,70.78645310437172,2.3124360609199988,6.922583969077077,"Dongtai, Jiangsu",fallback_analytic
1914,1.484375,30.0,7.125,0.5463649233795795,2.8114493085976515,0.606520764054244,0.20833333333333334,0.5333333333333333,0.6633880390104466,0.12193996299157203,5.680079694888477,4.0,69.93666259876501,2.5046028110272527,7.32935492397881,"Dongtai, Jiangsu",fallback_analytic
1915,1.4670138888888888,45.75,6.5,0.5657748478326221,3.2110374528041032,0.5439969524189754,0.22569444444444445,0.527810650887574,0.7124031244066168,0.11960917952679205,8.805257890525546,1.0,72.22148737622638,2.34622578173094,6.913161957665655,"Dongtai, Jiangsu",fallback_analytic
1916,2.2222222222222223,35.625,12.19047619047619,1.1976960957675562,2.9736282861793017,0.5201261913887923,0.18229166666666666,0.36796875,0.6082118777228497,0.14878084664258676,-22.429385062626128,0.0,70.93814702102429,2.0548954294553354,6.4427139309536186,"Dongtai, Jiangsu",fallback_analytic
1917,2.2743055555555554,37.5,13.1,0.9574973716179647,2.480771203537455,0.6248303681048942,0.1736111111111111,0.36335877862595417,0.5500229007633588,0.1247,14.529153702488884,4.0,67.70103871079866,2.3193970192791844,6.966498561709063,"Dongtai, Jiangsu",fallback_analytic
1918,1.328125,51.375,5.884615384615385,0.9555215935427728,1.3942924392293656,0.6010768831335589,0.22569444444444445,0.5830065359477125,0.7264904052691474,0.1256583932152099,39.73787339770544,1.0,71.57556169576864,2.2761328356629,6.7227999102119655,"Dongtai, Jiangsu",fallback_analytic
1919,1.9791666666666667,51.75,9.12,0.7217474801891934,6.249348579609027,0.49160754649696004,0.2170138888888889,0.3956140350877193,0.6188508771929825,0.11416,-9.871676744060792,7.0,76.125594598234,2.1861112605317725,6.736994316698744,"Dongtai, Jiangsu",fallback_analytic
1920,1.7013888888888888,39.75,7.84,0.9347531401039905,2.0199096371482237,0.6872648777988003,0.2170138888888889,0.4602040816326531,0.6525345579282238,0.13232150229775017,-25.525729052677203,8.0,69.17392358946014,2.7588925423271355,7.316501477978808,"Dongtai, Jiangsu",fallback_analytic
1921,2.7777777777777777,28.875,16.842105263157894,1.129079495283957,2.924029074377467,0.5706187127690986,0.16493055555555555,0.300625,0.5667564500386223,0.15249886556031714,-7.991995842864476,3.0,66.78857936557495,2.1032816366466927,6.773692269853712,"Dongtai, Jiangsu",fallback_analytic
1922,1.6145833333333333,46.125,7.75,0.6687957201001824,2.278435298630624,0.622944092584101,0.20833333333333334,0.49032258064516127,0.6535702366255867,0.1294632593164774,10.770375397837427,2.0,69.24254571445108,2.4657975139547865,7.146498302069891,"Dongtai, Jiangsu",fallback_analytic
1923,1.3715277777777777,41.25,6.32,0.5723619156522237,3.716137633791607,0.5989114069111356,0.2170138888888889,0.5708860759493671,0.739063696280754,0.12091677335393186,-12.863179855638506,5.0,72.23481497212005,2.3685432261793107,7.140440494109737,"Dongtai, Jiangsu",fallback_analytic
1924,1.9704861111111112,40.875,9.869565217391305,0.6618309680267322,2.4211711654240977,0.5878951924397445,0.1996527777777778,0.4061674008810573,0.5976566696579697,0.1238660579934042,-2.617449147710545,3.0,68.431668087223,2.4372233178351395,7.197840107444487,"Dongtai, Jiangsu",fallback_analytic
1925,1.8489583333333333,45.375,8.875,0.9753246965154638,1.5652482839903061,0.6042104141131025,0.20833333333333334,0.428169014084507,0.6452691925680459,0.1350848982268231,-22.07204969098537,3.0,69.44987366283002,2.481132186773948,7.013766805228274,"Dongtai, Jiangsu",fallback_analytic
1926,2.65625,36.0,16.105263157894736,1.4904750132423046,2.8109523559023515,0.5956859607897693,0.16493055555555555,0.31437908496732025,0.530062196098626,0.13718732167356468,27.72028623767828,4.0,67.9831162702043,2.1260715667374055,6.570865485911505,"Dongtai, Jiangsu",fallback_analytic
1927,1.9791666666666667,28.5,10.363636363636363,0.9173944736474581,2.7045274273618722,0.606720346181849,0.1909722222222222,0.4087719298245614,0.6172997281447096,0.12558724244764985,-16.23625297235923,6.0,68.99879282379494,2.4801324243440015,7.097825168001166,"Dongtai, Jiangsu",fallback_analytic
1928,1.640625,21.0,7.875,1.0145237667354001,1.274680485429469,0.7192651632467385,0.20833333333333334,0.48253968253968255,0.6355401905742787,0.11562163891034569,-36.18165142473217,8.0,68.09603508334057,2.753019023472711,7.310605036357645,"Dongtai, Jiangsu",fallback_analytic
1929,2.0225694444444446,43.5,10.130434782608695,0.7871627895364761,1.9156146477268035,0.6031041802872465,0.1996527777777778,0.39570815450643776,0.5787982832618026,0.10956521739130434,-4.806096978764749,1.0,67.23416243710399,2.4642672819406806,7.100978311482703,"Dongtai, Jiangsu",fallback_analytic
1930,1.9270833333333333,50.25,9.25,1.1253811696762064,2.6293273891705153,0.6606449909794644,0.20833333333333334,0.41081081081081083,0.6162031352186428,0.12062163891034569,30.31620179416558,8.0,70.94102909849026,2.6742753003061863,7.04570913790264,"Dongtai, Jiangsu",fallback_analytic
1931,1.796875,26.25,9.857142857142858,0.6502532936289164,1.5616818925164178,0.7035017592208533,0.18229166666666666,0.45507246376811594,0.5962985024527752,0.12709139684991888,-2.923695527740783,7.0,66.0,2.85,7.735186778274937,"Dongtai, Jiangsu",fallback_analytic
1932,2.3350694444444446,44.25,12.80952380952381,1.0104545085924972,3.462436441822577,0.5780635286500637,0.18229166666666666,0.35018587360594794,0.5586691449814126,0.12257142857142857,15.168318290041164,4.0,70.09372795500782,2.225446895650022,6.741866750073636,"Dongtai, Jiangsu",fallback_analytic
1933,1.9357638888888888,40.5,10.136363636363637,1.3986282852640253,1.5627593415507093,0.5981417171496328,0.1909722222222222,0.4179372197309417,0.5994745381789417,0.12431451517492256,-42.99077371241606,1.0,69.90125727313276,2.278560273471499,6.489331080192703,"Dongtai, Jiangsu",fallback_analytic
1934,1.9010416666666667,48.75,9.125,0.8960390594350736,3.801893414963572,0.48291603435738745,0.20833333333333334,0.41643835616438357,0.6309182466599941,0.12037163891034569,-19.781670359886576,0.0,73.45802946299962,2.138297153888767,6.429252220955104,"Dongtai, Jiangsu",fallback_analytic
1935,1.9010416666666667,52.5,9.954545454545455,0.9827102800144885,2.8295213958397176,0.564107955188054,0.1909722222222222,0.42557077625570777,0.634265424770403,0.13444721216802696,22.09800738784888,3.0,70.27641713107822,2.364232091980274,6.785498715411098,"Dongtai, Jiangsu",fallback_analytic
1936,1.1371527777777777,51.0,4.678571428571429,0.53872752209871,4.508427051622464,0.4474193726067086,0.24305555555555555,0.665648854961832,0.8296567328715997,0.12453993655698062,-21.191231390479054,0.0,77.29926566163986,1.857342377405629,6.428739549012032,"Dongtai, Jiangsu",fallback_analytic
1937,2.2309027777777777,47.25,11.681818181818182,1.434895462505112,3.168664942114205,0.4974548060374495,0.1909722222222222,0.36264591439688715,0.5771297199104816,0.12949633335674074,-34.410584584138235,0.0,72.36497821680456,1.8909444747938253,6.161816260049176,"Dongtai, Jiangsu",fallback_analytic
1938,1.3715277777777777,41.625,6.583333333333333,0.5816238286972419,1.8551461706618046,0.6433625333589714,0.20833333333333334,0.5772151898734177,0.744279291295685,0.14272154638927578,10.232628626063011,4.0,69.53370957603836,2.594913509640667,7.370143794128849,"Dongtai, Jiangsu",fallback_analytic
1939,1.9618055555555556,39.375,9.826086956521738,0.9651692264212275,3.0003662175954844,0.5875938600171092,0.1996527777777778,0.4079646017699115,0.6280105605175483,0.14494249284318203,19.294419863340877,2.0,70.63577636575806,2.3230733953464826,6.765113680340702,"Dongtai, Jiangsu",fallback_analytic
1940,1.9184027777777777,55.5,8.84,0.7485173429560448,2.5623534296198187,0.6730165579858544,0.2170138888888889,0.4081447963800905,0.6280167089944804,0.12485913782584103,6.620054808634954,8.0,69.70110097323062,2.668899840380113,7.4887908144032025,"Dongtai, Jiangsu",fallback_analytic
1941,1.7013888888888888,46.125,8.166666666666666,0.700438374736116,2.404879037183591,0.5816206368565451,0.20833333333333334,0.46530612244897956,0.6610522484543342,0.13709990747893008,9.128276564630923,3.0,69.8510388837031,2.5180763650577265,7.156363343040643,"Dongtai, Jiangsu",fallback_analytic
1942,1.1892361111111112,50.25,4.892857142857143,1.023727575402305,1.238878351487541,0.6988013184799617,0.24305555555555555,0.6364963503649635,0.78531551346469,0.11862423020164377,43.23118402838989,8.0,72.2661951134234,2.549259752783911,7.245736853439372,"Dongtai, Jiangsu",fallback_analytic
1943,1.9010416666666667,31.5,9.125,0.7286246368508913,3.3377447239508955,0.5781785589012618,0.20833333333333334,0.41643835616438357,0.6372951782091691,0.14091823156015643,-8.43770788469601,6.0,70.31873105420571,2.4549216196567536,7.130176687715499,"Dongtai, Jiangsu",fallback_analytic
1944,1.7881944444444444,54.375,8.583333333333334,0.6892065632264264,4.29369645174677,0.4715172127344054,0.20833333333333334,0.44271844660194176,0.6589013462883164,0.12785662965823869,8.149698069234304,0.0,73.65163702687674,2.1486146116939295,6.565563571721127,"Dongtai, Jiangsu",fallback_analytic
1945,1.5104166666666667,42.75,6.6923076923076925,1.1193714168943374,2.109571368471963,0.5659117330297924,0.22569444444444445,0.5126436781609195,0.7032600997174833,0.12390301714023176,38.880576253859644,3.0,72.62337510081437,2.3034059299290277,6.687916197677562,"Dongtai, Jiangsu",fallback_analytic
1946,1.796875,53.25,8.625,1.004956630280844,1.911654521116807,0.6241688872774271,0.20833333333333334,0.4405797101449275,0.6089855072463768,0.1075,30.073588235680234,4.0,69.88650462677516,2.5185729225373437,6.950013430270689,"Dongtai, Jiangsu",fallback_analytic
1947,1.6753472222222223,55.125,7.72,0.6572808256132143,3.0707675187535415,0.6563294551142187,0.2170138888888889,0.46735751295336786,0.6953301002154029,0.1288447289438183,-9.75561770991132,8.0,70.42501191448514,2.7343850730995065,7.475752123587528,"Dongtai, Jiangsu",fallback_analytic
1948,2.0833333333333335,43.125,10.0,1.250119967429164,3.4448330221211423,0.5180352137513211,0.20833333333333334,0.38,0.6147419333848297,0.1322132593164774,29.229478076164057,1.0,73.30280486786036,2.0705223735147045,6.319055327802117,"Dongtai, Jiangsu",fallback_analytic
1949,2.1006944444444446,35.625,11.523809523809524,1.0128040718253921,2.9315705861868455,0.5642041803461773,0.18229166666666666,0.38925619834710745,0.5852359339609037,0.12613901589753793,-18.3538078756067,1.0,69.59583309322352,2.2412676099612896,6.6308380387580135,"Dongtai, Jiangsu",fallback_analytic
1950,1.171875,16.875,5.0,0.3381380176218253,2.6581895253315606,0.6398343982818645,0.234375,0.6533333333333333,0.7365902024843939,0.11505774488139736,3.6426909003383017,7.0,70.8660666702624,2.5213935212249656,7.605935663329282,"Dongtai, Jiangsu",fallback_analytic
1951,1.4930555555555556,23.625,6.88,0.6136209376459605,4.952565680030903,0.5828039241818144,0.2170138888888889,0.5244186046511627,0.6886399070485996,0.11875677335393185,-14.406164622422246,8.0,73.84244855237381,2.4702662676652385,7.113404530519057,"Dongtai, Jiangsu",fallback_analytic
1952,1.875,32.625,9.0,1.642201692401298,1.71214637713777,0.5716594105517706,0.20833333333333334,0.4222222222222222,0.6211266419943813,0.12477329632490536,44.48240083181382,3.0,70.7449862349453,2.325619873081486,6.499659842996214,"Dongtai, Jiangsu",fallback_analytic
1953,2.092013888888889,43.125,10.954545454545455,0.87599074654507,3.402624752320079,0.5454526022676163,0.1909722222222222,0.3867219917012448,0.5931975602557198,0.13471993944075425,-11.459701904629,1.0,70.26525176265208,2.1931636795393334,6.667334920247739,"Dongtai, Jiangsu",fallback_analytic
1954,2.65625,28.875,15.3,1.732550813204178,2.557308592347236,0.6607667348890545,0.1736111111111111,0.3111111111111111,0.5400130718954248,0.1244,-36.1006962740251,8.0,69.0420826209456,2.236585867450397,6.719040082284161,"Dongtai, Jiangsu",fallback_analytic
1955,1.40625,63.0,6.75,0.5780256436716624,2.9620072911571995,0.5992320159401787,0.20833333333333334,0.562962962962963,0.720037037037037,0.1145,13.801032914358906,2.0,71.1361996837739,2.3465726424372777,7.0381347629683875,"Dongtai, Jiangsu",fallback_analytic
1956,1.2934027777777777,32.25,5.96,0.638832048171401,3.3292883309671106,0.6467265737233484,0.2170138888888889,0.6053691275167785,0.740097637646103,0.11851677335393186,22.532657520659,8.0,72.41674289812177,2.508664622100412,7.295110902962114,"Dongtai, Jiangsu",fallback_analytic
1957,1.9357638888888888,28.875,10.136363636363637,0.9933082423613208,3.6832839245523012,0.5295335355456774,0.1909722222222222,0.4179372197309417,0.6075382601173972,0.13184359599080586,22.83396038787103,3.0,71.71571472597705,2.2406473594367484,6.6304028322281,"Dongtai, Jiangsu",fallback_analytic
1958,1.9791666666666667,47.25,9.91304347826087,1.2263795241060904,1.9868615483830687,0.6526856348782113,0.1996527777777778,0.4043859649122807,0.6271479883673347,0.13110775850634895,32.20071456466131,7.0,69.36011990380648,2.5764161037111117,7.032617791125366,"Dongtai, Jiangsu",fallback_analytic
1959,1.6579861111111112,46.5,7.958333333333333,0.7003990487646072,1.6181353399097076,0.6830919577863607,0.20833333333333334,0.4774869109947644,0.6886861118249558,0.13543324081226343,8.915333191059815,5.0,67.5479128078526,2.7257484201731828,7.501060651076007,"Dongtai, Jiangsu",fallback_analytic
1960,1.1197916666666667,29.25,4.448275862068965,0.4384554596814971,5.091671631592214,0.45771852746016267,0.2517361111111111,0.6682170542635659,0.8175043721888304,0.1197626973653606,13.06961428635254,3.0,78.0467121781102,1.976240996984188,6.687046226660938,"Dongtai, Jiangsu",fallback_analytic
1961,1.7881944444444444,56.625,8.24,1.3163439416215017,2.3227328116906083,0.6598883187564045,0.2170138888888889,0.43786407766990293,0.6664046343242056,0.12034236447190914,37.96515186852571,8.0,71.54056021787191,2.592248338332491,7.024149014222312,"Dongtai, Jiangsu",fallback_analytic
1962,2.3697916666666665,46.125,12.409090909090908,1.8441424777770672,1.9037655976595034,0.6016808992047594,0.1909722222222222,0.3413919413919414,0.5526886446886446,0.11881818181818182,44.357526014503065,6.0,71.00207399613632,2.180674566435344,6.531299730535935,"Dongtai, Jiangsu",fallback_analytic
1963,1.6319444444444444,57.375,7.230769230769231,0.7051078052932374,3.7410104359950926,0.6222247147929112,0.22569444444444445,0.474468085106383,0.6892168795421908,0.12597994021715483,15.54647594531388,8.0,72.70770299125569,2.577879755600199,7.240627888048905,"Dongtai, Jiangsu",fallback_analytic
1964,1.9704861111111112,49.125,9.869565217391305,1.1449801435039682,2.8741444041504716,0.5504502958716001,0.1996527777777778,0.4061674008810573,0.6304198502679041,0.12447475364557811,-28.713755382823866,3.0,71.7168035274375,2.2776080323743235,6.617496542350013,"Dongtai, Jiangsu",fallback_analytic
1965,1.328125,18.75,6.12,0.5150820801713178,4.902910411493171,0.5187316892223094,0.2170138888888889,0.5895424836601307,0.6942420392560756,0.11979677335393185,-14.774682859287822,2.0,74.36766132152736,2.205316174409235,6.706503505503805,"Dongtai, Jiangsu",fallback_analytic
1966,1.9270833333333333,48.75,9.25,0.8894126853322408,2.8425275543892505,0.5915557237444735,0.20833333333333334,0.41081081081081083,0.6568485886349816,0.13312992598314405,-15.547962300989326,2.0,70.79741774722883,2.3613227898371307,6.869038332580227,"Dongtai, Jiangsu",fallback_analytic
1967,2.0833333333333335,45.0,10.909090909090908,1.3193905995527921,2.8645038599311894,0.5842414438428629,0.1909722222222222,0.3883333333333333,0.5949583333333334,0.12518181818181817,33.36547986139654,4.0,70.77395910787,2.2408828522238133,6.582916368443454,"Dongtai, Jiangsu",fallback_analytic
1968,1.7534722222222223,47.625,8.08,0.924939596892886,2.5944074069089473,0.5596775087368155,0.2170138888888889,0.44653465346534654,0.6325363268168009,0.11499677335393185,25.62266960106298,1.0,71.3881341746944,2.2608870747691947,6.667914736668996,"Dongtai, Jiangsu",fallback_analytic
1969,1.7100694444444444,42.0,8.208333333333334,1.1348911115984917,1.660840310612611,0.5940040764448892,0.20833333333333334,0.46294416243654823,0.6798947852955789,0.1413048797226091,33.774437627953176,1.0,69.7645440073721,2.299922278280434,6.678544994700785,"Dongtai, Jiangsu",fallback_analytic
1970,1.6666666666666667,45.375,7.68,0.6760305916125381,2.2688478200658615,0.6526562524217528,0.2170138888888889,0.46979166666666666,0.6619821008419601,0.1302559111797729,-10.573435774732552,5.0,69.34213480871307,2.6439185146339637,7.319882939713145,"Dongtai, Jiangsu",fallback_analytic
1971,1.4149305555555556,34.875,6.52,0.8768333159596172,1.7463668466451292,0.6305233823846991,0.2170138888888889,0.5533742331288344,0.6852018569328571,0.12725913782584103,32.84260330098425,4.0,70.58018293386314,2.4634343622230634,7.015145063042573,"Dongtai, Jiangsu",fallback_analytic
1972,1.6840277777777777,51.75,8.434782608695652,0.8492709530526137,2.894251081836696,0.6314743963822053,0.1996527777777778,0.47525773195876286,0.6708488455360184,0.13759817398021262,19.682085093313177,5.0,70.43669614844674,2.598856602055604,7.083572152057092,"Dongtai, Jiangsu",fallback_analytic
1973,1.5798611111111112,54.375,7.28,1.17896594147318,2.7803373659451465,0.6120792565921558,0.2170138888888889,0.4956043956043956,0.664923076923077,0.11576,38.8095336346436,7.0,72.84094299458897,2.5229730502927055,6.881539955765323,"Dongtai, Jiangsu",fallback_analytic
1974,1.2152777777777777,19.5,5.0,0.6947837487349717,1.7325153096759416,0.5872135932191191,0.24305555555555555,0.6228571428571429,0.8579331623314458,0.13307987311396127,-20.21906506293171,3.0,71.20306990629605,2.345009332446616,7.1266342453822515,"Dongtai, Jiangsu",fallback_analytic
1975,1.7274305555555556,59.625,8.291666666666666,0.7305533707936636,2.700415681630221,0.6035945712363778,0.20833333333333334,0.45829145728643217,0.6690257689684335,0.1379332408122634,-11.79107325904549,6.0,70.41789599750247,2.672690842214954,7.239463283676696,"Dongtai, Jiangsu",fallback_analytic
1976,2.170138888888889,53.25,10.869565217391305,0.6913939603570579,1.7035991990496253,0.6154155514015104,0.1996527777777778,0.3688,0.5531161280247182,0.1228938744259882,0.7536552603704436,3.0,67.85223195585021,2.4695618891295203,7.29598373658303,"Dongtai, Jiangsu",fallback_analytic
1977,1.8315972222222223,46.125,8.44,0.8283066600594574,3.2366406702128403,0.607853495677997,0.2170138888888889,0.42748815165876775,0.672708218177879,0.12415354670786373,13.952909739360656,5.0,71.37492258293538,2.5563503335103457,7.05605890986034,"Dongtai, Jiangsu",fallback_analytic
1978,1.3107638888888888,54.75,6.291666666666667,0.8674891930166286,1.6121259109571109,0.6416487291743836,0.20833333333333334,0.6039735099337749,0.7304486181970351,0.14116823156015643,33.13785877018191,2.0,70.730244824644,2.400822203487463,6.909057038486013,"Dongtai, Jiangsu",fallback_analytic
1979,1.6666666666666667,35.25,8.347826086956522,0.8541102767135204,1.9631821223002728,0.598523581817226,0.1996527777777778,0.48020833333333335,0.6584282570034506,0.13345558459330548,-22.850993631961543,1.0,68.81961401771404,2.5015397161336117,6.891840327001196,"Dongtai, Jiangsu",fallback_analytic
1980,2.1440972222222223,45.375,12.35,1.367544652138294,2.3371512152127014,0.6841732764170712,0.1736111111111111,0.3854251012145749,0.5964729636190444,0.13814596669241483,33.245819670402796,8.0,68.28421034801168,2.4873640773468932,6.9919730775339906,"Dongtai, Jiangsu",fallback_analytic
1981,1.7100694444444444,37.125,7.88,1.1198653965945953,1.251494474558843,0.7105969940427513,0.2170138888888889,0.4578680203045685,0.657472978094875,0.12005913782584103,37.231348280942086,8.0,68.81941452539276,2.756456990372663,7.244998420679464,"Dongtai, Jiangsu",fallback_analytic
1982,1.3194444444444444,27.75,5.846153846153846,0.5304488391557374,4.581886846575002,0.5955760170152148,0.22569444444444445,0.5868421052631579,0.7220299211136141,0.1151892051480114,15.477459528740525,8.0,74.26341782711346,2.386442700201118,7.185318377207259,"Dongtai, Jiangsu",fallback_analytic
1983,1.3715277777777777,54.0,6.076923076923077,0.6776774390559972,3.675990730558893,0.6259227176598487,0.22569444444444445,0.5645569620253165,0.705312371334091,0.11948304276145111,-22.919168856430556,8.0,73.42237473133927,2.536545793892495,7.154763933831924,"Dongtai, Jiangsu",fallback_analytic
1984,1.09375,21.375,4.666666666666667,0.3928000742024997,4.637689962640518,0.4534678985262792,0.234375,0.7,0.7861827936998378,0.11727996710361958,-13.304147026356958,0.0,76.40083771545149,1.8690468845667154,6.5684692497303425,"Dongtai, Jiangsu",fallback_analytic
1985,2.4479166666666665,38.25,14.1,1.2880405855268258,2.7394765941364723,0.6012604239245791,0.1736111111111111,0.3375886524822695,0.5695260213368574,0.13344596669241482,-23.43638629110577,6.0,68.64820902256359,2.2422794988012704,6.826385915290695,"Dongtai, Jiangsu",fallback_analytic
1986,1.0416666666666667,21.75,4.444444444444445,0.6337995636709809,1.7737407712685611,0.5933858866024183,0.234375,0.735,0.8656978445646025,0.13852727582188576,26.816241382600552,3.0,72.5256114233829,2.2325970285131267,7.035420682381622,"Dongtai, Jiangsu",fallback_analytic
1987,1.6319444444444444,60.75,7.230769230769231,0.5152528681894186,4.912883552497819,0.4779439876169549,0.22569444444444445,0.474468085106383,0.6819192660314043,0.12111228207108833,-3.2810897017965956,3.0,74.56379495637647,2.2717182274021055,6.815028036978379,"Dongtai, Jiangsu",fallback_analytic
1988,1.5104166666666667,51.75,6.96,0.8809110175838606,1.1487270537095196,0.5842658660371537,0.2170138888888889,0.5183908045977011,0.6872237625645705,0.13128150229775018,29.06342871700737,0.0,69.98253607784353,2.3811233327396684,6.829171348860207,"Dongtai, Jiangsu",fallback_analytic
1989,1.6840277777777777,31.5,8.083333333333334,0.9047013440778472,3.906688557620922,0.4783777372653825,0.20833333333333334,0.47010309278350515,0.6480017423556381,0.1287432778206914,26.3257473589003,0.0,73.66919988459281,2.147145751782147,6.376328987522732,"Dongtai, Jiangsu",fallback_analytic
1990,2.5,39.75,14.4,1.7070369072063973,3.3562421636036577,0.5948299482787087,0.1736111111111111,0.33055555555555555,0.5742013888888889,0.1318,-35.655015803108704,5.0,70.81738565801788,2.0353075042930486,6.427215839205943,"Dongtai, Jiangsu",fallback_analytic
1991,1.6840277777777777,32.625,8.434782608695652,1.1739955750366573,1.9716849764512232,0.6203880557182625,0.1996527777777778,0.47525773195876286,0.6344123711340206,0.11452173913043479,39.26115000557131,4.0,70.12789255046552,2.5029485280638264,6.793766350496291,"Dongtai, Jiangsu",fallback_analytic
1992,2.34375,41.25,13.5,1.0258385937639516,1.961828694204988,0.7128544195923534,0.1736111111111111,0.35259259259259257,0.5881080001144363,0.13989193338482966,10.609396848877857,8.0,66.20428132746036,2.5293821967581893,7.412779258738977,"Dongtai, Jiangsu",fallback_analytic
1993,1.8663194444444444,49.125,9.347826086956522,1.2133195180657577,1.4981818427640654,0.6377552233445848,0.1996527777777778,0.4288372093023256,0.6293481582329468,0.12849906285417503,34.70948818441691,6.0,69.0114411090565,2.553356696331049,6.997431910249196,"Dongtai, Jiangsu",fallback_analytic
1994,1.2152777777777777,67.5,4.827586206896552,0.9292737486122055,2.072316170569658,0.5238600143438366,0.2517361111111111,0.6157142857142858,0.8314688859129143,0.130848161008327,-37.35676304476107,0.0,75.06923216390196,2.045515016263819,6.557882878398121,"Dongtai, Jiangsu",fallback_analytic
1995,2.092013888888889,50.625,10.041666666666666,1.2462583667305753,2.34226100888691,0.5972925583086338,0.20833333333333334,0.3784232365145228,0.6103965975744768,0.1264782685685844,29.383681674063737,2.0,70.80158252096403,2.2158381823042506,6.5811801662552485,"Dongtai, Jiangsu",fallback_analytic
1996,1.8923611111111112,14.625,10.9,0.7545428776868162,1.2245541876776826,0.648197228496531,0.1736111111111111,0.43669724770642204,0.5894451009457778,0.12932795558988644,4.5620333525666155,3.0,66.0,2.614585287947043,7.421923919523476,"Dongtai, Jiangsu",fallback_analytic
1997,1.9097222222222223,34.125,10.0,0.7941204789657149,1.6178999666411453,0.6551164043979478,0.1909722222222222,0.42363636363636364,0.5918511697765549,0.13279447480209208,9.686156045057828,4.0,66.59348001090257,2.6399359461078977,7.3202473229258915,"Dongtai, Jiangsu",fallback_analytic
1998,2.951388888888889,24.375,18.88888888888889,1.0637347596211733,3.318826373568524,0.5278225546724121,0.15625,0.2858823529411765,0.5568882352941177,0.13833333333333334,-3.3258829579485436,0.0,66.0,1.947443466633573,6.553380775583825,"Dongtai, Jiangsu",fallback_analytic
1999,2.1354166666666665,50.625,10.695652173913043,1.57950866556429,1.7180533912103484,0.5793127955067922,0.1996527777777778,0.3747967479674797,0.600440596247829,0.13084688894113156,42.388156421466775,3.0,70.80824944712371,2.209380911335095,6.45979495565911,"Dongtai, Jiangsu",fallback_analytic
