fold,sample_id,true_EUIt,true_EG,true_H,pred_EUIt,pred_EG,pred_H
1,0,70.46035,2.3569634,6.7909174,70.405014,2.350697,6.809642
1,1,69.06871,2.7067142,7.452924,69.06354,2.685545,7.4993486
1,2,71.80193,2.3362207,6.7106023,71.65849,2.3470953,6.689982
1,3,67.469925,2.5187044,7.38427,67.13596,2.5646043,7.5013685
1,7,70.43783,2.5195456,6.9755907,70.44022,2.5511792,6.9826
1,9,71.08729,2.5961547,7.137134,71.46428,2.6383107,7.1262217
1,10,69.04982,2.5073113,6.9630666,69.46979,2.4685934,6.9209757
1,11,68.67873,2.4101086,6.983185,68.41743,2.4393153,7.019536
1,14,72.026924,2.5193615,7.1846876,72.31751,2.5057354,7.162598
1,16,66.74324,2.256777,6.807742,67.266304,2.2258284,6.80591
1,18,73.70135,2.368294,7.073444,73.99734,2.3113155,7.086909
1,20,69.78765,2.5003293,7.102904,69.85371,2.5198328,7.0876756
1,31,68.9832,2.4687889,7.1481595,69.15667,2.5050466,7.1579914
1,33,67.63656,2.4695559,7.024812,67.60138,2.4863927,7.0024424
1,37,72.137276,2.235091,6.6614947,72.088,2.2091038,6.7043033
1,42,73.4778,2.2364223,6.8865285,73.3259,2.2470665,6.85217
1,43,69.70919,2.18348,6.568878,69.934814,2.1912222,6.557087
1,45,69.87337,2.1557436,6.3739443,69.61181,2.1180942,6.3893027
1,48,74.26978,2.2143943,7.01681,74.5784,2.2494109,7.0257025
1,52,77.54011,2.02749,6.267596,77.79368,2.0035954,6.3407803
1,53,71.66751,2.1727855,6.7034645,71.91571,2.2236474,6.6809545
1,54,68.920074,2.760348,7.623811,69.30102,2.7382104,7.604439
1,57,71.16627,2.2201073,6.64812,71.21148,2.2559946,6.684317
1,68,70.39068,2.06347,6.5094776,70.81827,2.1216273,6.544772
1,71,71.09537,2.0930083,6.490119,70.93048,2.1816914,6.537923
1,79,69.537056,2.3170457,6.6712503,69.46276,2.3413305,6.677631
1,84,69.54141,2.4801676,7.203132,69.59554,2.4720402,7.220987
1,86,70.10069,2.4214423,6.74104,70.297386,2.4271796,6.732561
1,88,70.11795,2.4086564,7.546113,70.10406,2.4578552,7.5122695
1,105,69.64258,2.4853592,7.0770316,69.500435,2.4469047,7.0298195
1,116,69.27946,2.768525,7.7089415,69.321846,2.774374,7.722766
1,123,74.108025,2.0661151,6.7896137,74.241776,2.1372654,6.816754
1,124,71.05623,2.1567707,6.5935783,70.49424,2.1807995,6.6174474
1,145,71.228134,2.3239617,6.7481756,70.42753,2.2982316,6.79871
1,154,71.173164,2.5111043,7.0324845,71.25569,2.530735,7.0563216
1,164,69.988716,2.695118,7.504137,70.01354,2.6737943,7.532777
1,179,67.47434,1.9982008,6.306642,67.876434,2.0008247,6.3301997
1,183,70.57904,2.3921893,6.7309294,70.32679,2.369666,6.716975
1,194,72.14011,2.462713,6.944534,72.05936,2.4814515,6.9362855
1,195,70.27588,2.1898432,6.7890224,69.59586,2.1942933,6.8749537
1,203,69.93558,2.602788,7.0424056,69.94497,2.5868938,7.0062127
1,208,76.4458,2.0557137,6.6416078,76.62731,2.0795405,6.69532
1,212,72.0087,2.409801,7.023974,71.63483,2.463289,7.0195847
1,214,69.240875,2.475042,6.72949,69.78238,2.40892,6.7162657
1,219,71.909065,2.138092,6.4128647,71.84696,2.199448,6.4413815
1,222,71.711105,2.1967804,6.6832943,71.94919,2.2433283,6.7335806
1,225,73.11946,2.5398338,7.2255554,72.93542,2.5111532,7.233491
1,231,73.2525,2.2657852,6.8834167,72.781746,2.2693038,6.8838477
1,236,70.91117,2.3478692,6.781299,70.672455,2.3517795,6.773491
1,238,72.729774,2.3410432,6.7241063,72.95194,2.3283994,6.7065473
1,241,70.43232,2.3138874,6.7788525,70.16737,2.362717,6.796977
1,245,68.69139,2.2195618,6.890742,68.73917,2.2613661,6.932601
1,254,73.00927,2.397304,7.163746,73.20243,2.4117467,7.12974
1,257,68.67473,2.43802,6.9573874,68.02149,2.430167,6.934672
1,258,72.37235,2.143298,6.335411,72.58023,2.1276128,6.3620577
1,260,69.601395,2.442919,7.174488,70.03474,2.4324245,7.094611
1,286,70.35257,2.6369016,7.263143,70.46164,2.637633,7.2723393
1,288,77.12039,2.2316935,6.873348,77.07049,2.191372,6.9123254
1,292,68.2999,2.377784,7.1468863,68.58076,2.4196537,7.178324
1,293,70.0633,2.4296982,6.994069,70.233055,2.4721422,6.9948907
1,299,67.06379,2.5714953,7.3539395,66.9412,2.5493653,7.377532
1,302,70.64485,2.7061813,7.268388,70.71082,2.656661,7.257988
1,303,73.4534,2.290221,6.776468,73.508896,2.2997527,6.79094
1,305,70.18769,2.4499953,7.0665936,70.25933,2.3890212,7.028354
1,307,70.08088,2.398692,6.6919312,70.13414,2.4153101,6.744533
1,312,69.42957,2.5222898,7.334913,69.542595,2.5144672,7.334143
1,316,68.24521,2.498552,7.1788197,68.37883,2.508956,7.192264
1,318,71.56341,2.0436783,6.5332584,71.96606,2.0386136,6.534638
1,320,70.66804,2.4361937,7.1958985,70.21731,2.4319758,7.227664
1,324,67.41487,2.7604632,7.4119706,67.87858,2.7179806,7.385208
1,326,66.30531,2.483228,7.20509,66.851616,2.5049841,7.204476
1,327,68.737816,2.6110942,7.179059,68.93975,2.615382,7.180783
1,330,71.426315,2.2068567,6.77579,71.64769,2.244448,6.7775273
1,331,70.905396,2.2809765,7.064998,71.47556,2.2525604,7.0463295
1,332,68.53942,2.4649558,7.176181,68.821785,2.4461498,7.1614375
1,339,75.088905,2.060282,6.572689,74.71415,2.0558617,6.5449195
1,345,70.27757,2.740525,7.481421,70.40468,2.7222598,7.5393076
1,352,69.8273,2.6042957,7.460585,70.096855,2.6749756,7.5170774
1,355,69.96538,2.2796738,6.5700927,69.746445,2.2794228,6.585211
1,363,70.11155,2.3053317,6.617782,70.113556,2.3009422,6.6212068
1,365,71.75815,2.5597522,7.1366754,71.65353,2.5430272,7.1453557
1,366,69.33169,2.557601,7.0797906,70.030045,2.5971093,7.0586357
1,378,70.11933,2.237561,6.815223,70.49845,2.2646127,6.825681
1,379,68.21471,2.2084656,6.6420217,68.5193,2.2333448,6.653413
1,382,67.069336,2.5629385,7.2995915,67.4639,2.5232859,7.3418536
1,390,72.90506,2.2034488,6.569297,72.96773,2.227273,6.581261
1,392,69.82853,2.598573,7.315731,70.07538,2.6290832,7.3166986
1,400,71.4042,2.083905,6.3098564,71.36777,2.0791214,6.288429
1,402,67.57678,2.4315193,6.8836966,67.5416,2.4365087,6.884067
1,404,71.86971,2.033857,6.3856573,71.688644,2.063733,6.3936954
1,426,66.737366,2.398199,6.8016768,66.74863,2.3639243,6.820506
1,430,68.026535,2.6437016,7.3605328,68.50609,2.6416988,7.3664875
1,445,71.50296,2.3047028,7.022348,71.568504,2.2490447,6.974578
1,455,66.22334,2.7836213,7.7570834,66.427925,2.7866347,7.7536426
1,460,71.06702,2.3279846,6.8762116,71.16952,2.3951955,6.880636
1,467,73.267235,2.253999,7.178078,72.97484,2.2693138,7.21361
1,483,75.10822,2.2878478,7.186471,75.08607,2.304161,7.213793
1,485,71.839584,2.6728451,7.4707513,72.123375,2.6286683,7.4507346
1,486,71.66889,2.527625,7.5973144,71.44905,2.6016915,7.617831
1,490,72.0823,2.308695,6.701913,72.23142,2.3390589,6.738539
1,491,69.572556,2.389881,7.3523445,70.043015,2.4105477,7.318827
1,492,67.85649,2.7059526,7.310488,67.81462,2.6704519,7.337707
1,493,75.83965,2.0381794,6.50794,76.02258,2.0779967,6.5292726
1,499,70.18387,2.3659225,6.8022184,70.288666,2.3542871,6.8332357
1,501,67.1097,2.4849112,6.855015,67.0572,2.4388773,6.885422
1,504,68.84961,2.3126235,7.0247126,68.825165,2.3403049,7.0590644
1,508,72.28258,2.2645712,6.6564684,72.552925,2.254351,6.643624
1,514,71.08323,2.2832463,6.5953197,71.39064,2.2221737,6.625378
1,515,70.215546,2.4759762,6.8534307,70.540634,2.4474063,6.8180013
1,518,71.38833,2.3528922,6.877484,71.701996,2.3082752,6.8642893
1,524,72.78933,2.189673,6.69568,72.86359,2.2053552,6.6935782
1,529,71.40173,2.3087776,6.8628936,71.246895,2.3168416,6.9061017
1,531,72.58116,2.1720872,6.90529,72.98232,2.1536245,6.904758
1,537,72.12283,2.4090283,6.923114,72.243324,2.413861,6.9343367
1,538,67.955284,2.3991036,6.882382,68.059074,2.3626375,6.9084067
1,543,72.64629,2.2526374,6.7482853,72.73765,2.3019571,6.763695
1,554,70.50181,2.4209085,6.986068,70.49137,2.4428308,7.003768
1,556,69.99059,2.4123163,6.7896624,70.12167,2.3960214,6.7843394
1,560,68.67508,2.3645465,6.794024,68.651985,2.3375354,6.8064647
1,561,70.299736,2.124537,6.488984,70.079216,2.1004488,6.4999704
1,562,72.64688,2.0736263,7.1361103,72.9418,2.10108,7.1126328
1,566,68.827065,2.11019,6.3280935,68.41623,2.1379108,6.3742366
1,567,69.63842,2.554615,7.1815195,69.42783,2.5337458,7.1247697
1,568,71.11094,2.3299844,6.6874313,71.058365,2.350303,6.669013
1,571,74.10571,2.3319678,7.111023,74.3315,2.3748367,7.1584964
1,578,69.694016,2.3973105,6.7808943,69.51451,2.4219563,6.784862
1,583,72.28411,2.29097,6.8029656,71.93244,2.2448661,6.79658
1,585,71.82833,2.4413514,6.9143047,71.71089,2.429306,6.9018598
1,595,72.288475,2.2597163,6.6892433,72.332924,2.272506,6.6848073
1,598,69.3676,2.7561543,7.4308057,69.69338,2.7291842,7.4276533
1,599,66.0,2.7493153,7.7258224,65.920494,2.782671,7.7380066
1,608,69.03173,2.503146,7.218168,68.78895,2.4718893,7.226125
1,611,70.225555,2.424581,6.9862695,69.86636,2.434879,6.9524937
1,615,69.148315,2.5782692,7.170811,69.02101,2.591559,7.1887026
1,619,69.57656,2.5071778,7.2447157,69.650215,2.5113187,7.262704
1,620,67.607574,2.5831857,7.23685,67.80075,2.5396867,7.209663
1,626,70.05658,2.1792572,6.733833,69.96777,2.2245247,6.7346144
1,628,72.696976,2.3173802,6.919366,72.95903,2.3101501,6.927327
1,630,68.9474,2.3597276,6.770974,69.307625,2.3468935,6.782345
1,636,70.40029,2.4868135,6.939448,70.83009,2.5070684,6.941542
1,637,67.777504,2.6827953,7.3807225,67.613075,2.6414819,7.4072585
1,648,69.73275,2.5394304,7.114546,70.03867,2.5079527,7.1232905
1,650,69.49321,2.5943305,7.208361,69.47984,2.590055,7.2197723
1,652,69.36143,2.3367598,7.0332637,69.21015,2.3456597,7.039358
1,654,72.841354,2.1822367,6.6404,72.72902,2.1895695,6.663119
1,656,73.01339,2.568131,7.2592163,72.54225,2.6021175,7.3073997
1,657,68.96354,2.5048635,6.950058,69.49158,2.5201805,6.934136
1,670,71.62089,2.5650854,7.2675295,71.938644,2.5645146,7.2878804
1,671,78.28422,1.9135786,6.164551,78.50792,1.906291,6.2299156
1,676,74.79217,2.1256163,6.5680847,75.103516,2.1369743,6.5820436
1,677,70.09111,2.2635396,6.5335026,69.73321,2.244564,6.558995
1,681,74.55633,2.2255628,6.873186,74.20547,2.2892072,6.897808
1,697,69.67202,2.6490328,7.046605,69.891975,2.623189,7.036393
1,713,66.925644,2.5437696,7.053071,67.05492,2.5560186,7.080859
1,718,71.11366,2.1898768,6.87217,71.27986,2.2566173,6.9109774
1,725,70.64531,2.2864885,6.7027764,69.90595,2.2814543,6.717316
1,726,67.87923,2.691484,7.3396792,68.07039,2.6466942,7.330429
1,727,71.46498,2.3682013,6.6607394,71.442604,2.3402452,6.6948886
1,734,68.2008,2.6588194,7.600516,68.054985,2.6671152,7.5893474
1,735,74.64634,2.2909799,6.82496,74.476,2.3629668,6.8007917
1,738,68.49693,2.747469,7.480491,68.73931,2.707423,7.51497
1,739,72.85677,2.3311112,7.186544,72.58984,2.3419154,7.203945
1,742,71.304794,2.650611,7.4137144,70.617584,2.653661,7.4780946
1,755,70.5562,2.5220313,7.144596,70.384605,2.4898753,7.1277976
1,759,72.041176,2.2392743,6.6104107,71.92506,2.256348,6.6328497
1,760,71.74768,2.3075733,6.565581,71.41344,2.2623336,6.5548625
1,764,70.73771,2.75881,7.243199,70.71842,2.6860912,7.2244587
1,770,69.71638,2.5484486,7.0255857,69.66309,2.5478718,7.054217
1,775,67.24003,2.4295382,6.9768066,67.39337,2.402556,7.040586
1,776,68.77498,2.6157384,7.193733,68.499084,2.6662006,7.2458534
1,782,69.15621,2.431484,7.10343,68.76807,2.463633,7.1080728
1,785,71.540634,2.2680662,7.543418,71.59159,2.2794755,7.5011377
1,799,70.854576,2.735167,7.211429,70.699036,2.6753488,7.201169
1,806,68.804054,2.1965992,6.5154133,68.70213,2.2432487,6.547606
1,810,69.71014,2.548609,6.8533096,69.526375,2.5247865,6.9107633
1,811,68.45925,2.7649024,7.273153,68.8107,2.6836133,7.303406
1,812,73.06964,2.3057277,6.8166146,72.819565,2.2685773,6.846919
1,819,71.377266,2.0560958,6.2461243,70.782486,2.0756302,6.2727895
1,825,71.25805,2.3039932,6.9002314,71.20464,2.3184931,6.8833017
1,833,72.17322,2.2391844,6.6237526,71.71569,2.2335124,6.620977
1,841,66.27327,2.4476104,7.281143,66.66716,2.4722683,7.2959995
1,843,72.01803,2.4938421,6.8880334,71.90447,2.4669647,6.883191
1,854,69.363335,2.3205402,6.8397865,69.236305,2.3528311,6.862392
1,861,71.72375,2.1999323,6.6783066,71.40225,2.23403,6.672691
1,864,68.58224,2.6858582,7.4351873,68.6836,2.6370103,7.4471874
1,872,68.81922,2.3974054,6.8307943,68.61939,2.3865132,6.857874
1,882,69.64101,2.2361166,6.5183663,69.94091,2.2617579,6.5408096
1,884,71.49058,2.2228322,6.473707,71.729065,2.2547271,6.4752393
1,889,67.88414,2.7086577,7.576577,68.46594,2.6996903,7.5335817
1,895,71.02897,2.3566792,7.487406,70.89473,2.3635507,7.492855
1,896,69.96646,2.2976837,6.883825,70.04851,2.258424,6.881858
1,902,75.03938,2.1430426,7.0102267,75.24749,2.1650457,6.9784656
1,907,69.454124,2.2458982,6.5505257,69.31463,2.273483,6.591958
1,910,66.0,2.592419,7.3204136,65.84996,2.5980268,7.3190346
1,911,71.90983,2.4838433,6.960699,72.082275,2.467465,6.955295
1,915,71.316765,2.6955724,7.6184554,71.2439,2.6446462,7.630488
1,917,68.566086,2.595356,7.327388,68.518616,2.6204379,7.3732524
1,920,72.29037,2.2839348,6.8442025,72.14775,2.3309276,6.820561
1,926,69.009476,2.195709,6.7002926,68.50774,2.1564863,6.718998
1,928,70.194305,2.4868522,6.8856072,70.15512,2.4582276,6.893538
1,932,71.95159,2.340168,6.8548193,72.03368,2.3812687,6.8681087
1,939,72.28897,2.5326223,7.109817,72.60821,2.5493448,7.1088037
1,941,70.80751,2.473547,6.8900213,70.80025,2.4890838,6.893951
1,942,70.20823,2.4891777,6.8753324,70.333725,2.4690998,6.851835
1,947,69.30818,2.6571407,7.788733,69.857925,2.5997298,7.7703667
1,954,69.684395,2.458218,7.0819025,69.459,2.528392,7.133952
1,965,70.1762,2.4771307,7.341899,70.26742,2.5276425,7.334455
1,966,68.84963,2.4213686,6.936933,68.93842,2.4468548,6.922374
1,970,68.99395,2.4508722,6.8869514,68.69718,2.37764,6.8789988
1,974,71.55977,2.6513321,7.2768364,71.47183,2.6419258,7.2651324
1,980,68.042,2.8099685,7.67514,67.93838,2.7474856,7.6465445
1,986,75.927734,2.2585795,6.869609,75.87705,2.2595675,6.8841166
1,989,68.41866,2.5505989,7.0245414,68.67775,2.5958433,7.036089
1,1001,68.13913,2.606784,7.5356755,68.162056,2.6527991,7.5297747
1,1005,74.73575,2.086605,6.9322243,74.62665,2.1018333,6.878619
1,1007,72.20769,2.4524276,7.188642,72.30937,2.453277,7.138982
1,1011,72.78876,2.1237588,6.405571,72.488716,2.1539922,6.412605
1,1022,71.55788,2.2948594,7.0994344,71.836815,2.3070233,7.142639
1,1027,71.291115,2.3637717,6.7177963,70.951324,2.4005947,6.748954
1,1031,72.94262,2.193501,6.6018033,72.7968,2.1679251,6.608301
1,1037,70.743286,2.402371,6.7938538,71.24889,2.4583852,6.792346
1,1044,71.82028,2.3419735,6.8206763,71.77267,2.3443763,6.8585052
1,1053,66.57543,2.5212266,7.1384406,66.90781,2.517382,7.1895385
1,1057,73.528,2.3086617,6.777833,73.75603,2.2824106,6.793163
1,1062,70.14227,2.268574,6.8160334,70.13019,2.280919,6.8334036
1,1064,70.205086,2.6700952,7.4609394,69.794624,2.6730459,7.4700494
1,1066,70.71765,2.5540106,7.1941833,70.50061,2.5596707,7.238109
1,1074,72.21988,2.320789,6.652663,72.05519,2.352619,6.6437716
1,1075,69.65827,2.704027,7.3994346,70.08521,2.6862519,7.3319345
1,1082,67.94828,2.5508814,7.1935067,68.14663,2.5474024,7.1706486
1,1084,69.121735,2.3839362,6.9675984,69.16634,2.3830118,6.99263
1,1091,67.49773,2.702777,7.4617367,68.0629,2.6597624,7.457855
1,1094,66.0,2.6735635,7.464187,66.35362,2.6477082,7.4896593
1,1099,67.29187,2.4214916,7.0829563,67.25495,2.4314165,7.1029634
1,1103,72.48122,2.203616,6.681951,72.15703,2.1812294,6.6696315
1,1127,74.11054,2.1698174,6.984591,74.006516,2.2122884,7.030599
1,1135,73.35201,2.251568,7.109491,73.43654,2.2616205,7.0904174
1,1143,70.80221,2.3481052,6.616676,70.96366,2.3599417,6.6092277
1,1146,66.82606,2.413364,7.2259836,66.6974,2.443572,7.2644205
1,1153,72.74344,2.1543405,6.781421,72.78959,2.2058425,6.7903085
1,1156,69.826065,2.5991876,7.351156,69.358635,2.636386,7.418458
1,1159,70.24697,2.5250442,7.087255,70.0017,2.5278597,7.090581
1,1160,70.992226,2.4882019,7.0209494,70.70261,2.432181,6.992365
1,1161,72.86568,2.1570988,6.6758447,72.81358,2.1803045,6.6686316
1,1163,70.97254,2.3643763,6.7319336,71.17082,2.3866725,6.7958384
1,1164,71.642204,2.4445689,6.6919026,71.45976,2.3962812,6.6960154
1,1165,71.8985,2.3940332,6.7468915,72.19243,2.3904364,6.758169
1,1166,71.32471,2.1523154,6.783776,71.47195,2.172512,6.8031006
1,1177,72.12996,2.2468991,7.4888806,72.6937,2.144955,7.450727
1,1182,66.0,2.577625,7.528506,64.862564,2.6354487,7.579618
1,1183,68.93685,2.7201486,7.2458844,69.27875,2.734603,7.282755
1,1185,69.977715,2.3912082,6.8595185,70.0628,2.3188791,6.844744
1,1194,66.20283,2.85,7.8458467,66.42048,2.859402,7.871343
1,1195,69.580215,2.2213476,6.7137694,69.58617,2.26785,6.736151
1,1204,69.93781,2.3287172,6.6887956,69.77271,2.3668995,6.698815
1,1207,68.58323,2.0671453,6.695994,68.53838,2.118669,6.6956267
1,1219,72.27253,2.6646016,7.290577,72.38881,2.598646,7.2762036
1,1226,68.80575,2.6628122,7.3251796,69.14623,2.6462817,7.32049
1,1228,66.69036,2.2766445,6.9416895,66.589745,2.294742,6.8930664
1,1229,71.62114,2.0755892,6.4394,71.341446,2.128852,6.4678802
1,1233,72.639854,2.2109392,6.9206753,72.5216,2.2537286,6.939248
1,1234,71.98924,2.353491,6.7450495,71.60489,2.3683589,6.736986
1,1243,67.315414,2.559738,7.22393,67.21635,2.5594058,7.248135
1,1256,70.47231,2.3745596,6.7643247,70.289406,2.3980577,6.763929
1,1261,69.57294,2.6931412,7.179527,69.500496,2.6856394,7.213935
1,1267,73.57845,2.1986954,6.3826065,73.61503,2.2034035,6.4351277
1,1269,70.346245,2.099719,6.450073,70.38688,2.155147,6.401576
1,1274,69.96523,2.1446104,6.367709,70.36086,2.1925821,6.4152923
1,1280,70.64209,2.5028288,7.0076785,70.72309,2.4815183,7.01492
1,1282,67.11656,2.3403106,6.8846736,67.27482,2.348876,6.900049
1,1283,68.96244,2.2919993,6.7294655,69.10307,2.3117986,6.6975403
1,1287,71.93645,2.5325592,7.4269576,71.758575,2.5252814,7.4104595
1,1291,70.32977,2.5566912,7.3427815,70.291214,2.5669718,7.3374434
1,1296,70.407265,2.3271902,6.5175633,70.26589,2.3117023,6.5481467
1,1300,71.67208,2.263341,6.898392,71.851425,2.2576241,6.8587556
1,1301,69.11774,2.2315373,6.7858667,68.96405,2.2821736,6.7984276
1,1302,72.664734,2.2584753,6.5829964,72.06559,2.280357,6.637226
1,1325,69.48461,2.5435627,7.141485,69.93631,2.6018658,7.1237316
1,1329,72.76268,2.1601665,6.842208,72.45832,2.156366,6.8427734
1,1337,68.63499,2.529039,7.311668,68.86979,2.4905732,7.276472
1,1347,75.145676,2.1031961,6.5348334,75.38117,2.1435852,6.513848
1,1348,75.31212,2.0561914,6.399029,75.156235,2.0876093,6.4314556
1,1352,66.92649,1.9188018,6.382907,67.437096,1.934337,6.3691244
1,1354,66.471146,2.8324802,7.698189,66.877426,2.7983634,7.7097125
1,1360,68.39114,2.573992,7.1132336,68.144714,2.5625608,7.1293297
1,1361,75.767494,2.060023,6.601848,75.17548,2.0849164,6.6689544
1,1369,67.27814,2.2119164,6.752045,67.48626,2.2377226,6.7725644
1,1371,71.29183,2.21493,6.511953,70.9797,2.20955,6.5454946
1,1375,70.87426,2.5207024,7.3568773,70.86407,2.4900036,7.3029556
1,1384,74.60513,1.9434665,6.763065,74.828835,1.9527464,6.7400746
1,1391,70.300705,2.3285382,6.910448,70.08599,2.4157293,6.891233
1,1392,71.3014,2.4032497,6.5943437,71.485664,2.3793402,6.6328106
1,1393,70.160034,2.6616623,7.182338,70.42571,2.6680906,7.162305
1,1394,71.54998,2.4087238,7.4088635,71.318954,2.4034848,7.4065847
1,1395,70.54672,2.505432,7.3243713,70.79202,2.5382354,7.3605123
1,1406,72.27636,2.4414732,7.351169,72.03472,2.3849342,7.3830566
1,1407,70.29519,2.4552608,6.9672766,70.414314,2.4272778,6.9639173
1,1412,71.65176,2.634003,7.3412437,71.464355,2.6468265,7.36658
1,1413,73.08355,2.5273345,7.0440025,72.990204,2.5118873,7.058555
1,1426,71.66705,2.349787,6.678438,71.47917,2.3593483,6.641816
1,1436,71.781586,2.3722887,7.0019746,71.787704,2.4047308,7.0268273
1,1441,74.007744,2.3791916,6.8523383,74.0458,2.3516424,6.9188724
1,1444,70.0051,2.4558647,7.2255735,69.77664,2.4859974,7.222838
1,1451,71.87822,2.454326,6.991507,72.09046,2.4371765,6.993491
1,1477,70.42136,2.6133711,7.3394723,70.38976,2.5898426,7.317994
1,1478,69.93278,2.281064,7.783582,70.821045,2.2401888,7.68866
1,1485,70.66076,2.2826164,6.676593,70.89318,2.2721567,6.6568756
1,1488,72.73564,2.4825606,6.8565936,72.473755,2.4899197,6.8987823
1,1494,70.97599,2.1133015,6.4557033,70.65129,2.1594124,6.4268646
1,1496,72.85629,2.3404033,7.0196757,72.716385,2.3778007,6.9882293
1,1505,69.34556,2.4081373,6.7734737,69.3964,2.416931,6.7947965
1,1508,66.58037,2.85,7.85,66.60839,2.9088688,7.914497
1,1511,71.44067,2.56754,7.3584337,71.2368,2.599056,7.3729467
1,1514,67.46472,2.3846164,7.182656,67.12223,2.3788123,7.19849
1,1519,70.58292,2.6801891,7.574181,70.95251,2.7129586,7.5393662
1,1529,74.89974,2.2035506,6.4373093,75.313385,2.1586163,6.4947186
1,1531,69.91913,2.5584536,7.1683774,69.90166,2.5460896,7.1351876
1,1533,69.8785,2.6206448,7.2385798,70.03416,2.6319795,7.275398
1,1541,70.108246,2.7804549,7.333778,70.227196,2.6896505,7.3021035
1,1549,71.651085,2.290564,6.7825556,71.722206,2.2999313,6.77625
1,1554,71.43461,2.3813543,6.9723287,71.36416,2.425651,6.950326
1,1564,69.10368,2.608579,7.2194505,69.16297,2.6021402,7.1972523
1,1573,68.35815,2.5822027,7.357193,68.612,2.5585363,7.34078
1,1581,69.52389,2.440755,7.3146667,69.68124,2.4033775,7.2489367
1,1583,69.61422,2.3105378,6.538127,69.553825,2.3099165,6.5764236
1,1585,67.434784,2.4532654,7.319989,67.59339,2.4789925,7.375761
1,1587,71.27743,2.5522459,7.3622727,71.6145,2.6179116,7.3777795
1,1589,72.86843,2.3827536,6.85797,72.52985,2.3751516,6.8292546
1,1593,70.426254,2.423462,7.0542965,70.659,2.427154,7.0757756
1,1594,68.148674,2.349688,6.850255,68.46545,2.389381,6.879938
1,1600,67.593796,2.6075287,7.0737453,67.4815,2.5861537,7.092939
1,1603,69.737595,2.567188,7.2057695,69.91989,2.6304784,7.222489
1,1609,72.18413,2.3325205,6.9115925,72.10479,2.3476858,6.943672
1,1613,69.50189,2.0892556,6.579653,69.44644,2.125853,6.608254
1,1615,70.00596,2.3975496,6.757124,69.968666,2.3655562,6.7636495
1,1616,68.758804,2.3477194,6.7218924,68.97043,2.3386252,6.754616
1,1618,72.16448,2.4693177,7.0815244,71.86717,2.4083722,7.045753
1,1620,68.24778,2.5385244,7.156179,68.28103,2.4914455,7.1124835
1,1622,71.32968,2.5000272,6.9951243,71.43395,2.5121243,7.0119157
1,1624,73.20185,2.0831914,6.451866,73.417015,2.1494713,6.4011006
1,1628,68.79959,2.6204615,7.2079835,69.03364,2.5876827,7.2278028
1,1630,71.489426,2.51836,7.1391597,71.3393,2.54885,7.1398873
1,1638,69.66539,2.6011412,6.9950504,69.68112,2.6108003,6.974351
1,1654,68.41907,2.779284,7.6622553,68.670616,2.7751932,7.613881
1,1655,71.2834,2.230538,6.8751087,71.02488,2.1960185,6.887508
1,1659,68.03662,2.455802,7.0781493,68.115166,2.4029171,7.103502
1,1664,72.20471,2.4035068,6.9387875,72.07292,2.376071,6.909973
1,1665,71.81013,2.4472249,6.9355564,71.81207,2.4922533,6.9368095
1,1669,70.26615,2.3470297,6.8145084,69.70481,2.39554,6.827581
1,1675,66.42762,2.7978015,7.5942774,66.89279,2.8021164,7.6050663
1,1676,70.32494,2.2873197,6.474683,70.77926,2.2607443,6.460633
1,1681,71.8637,2.193561,6.434199,71.8985,2.1872811,6.4392495
1,1691,67.989075,2.7511373,7.2569656,67.92643,2.6906338,7.280255
1,1694,66.0,2.481041,7.3548093,66.14226,2.458993,7.312883
1,1695,71.046295,2.5246346,7.3310795,70.76702,2.5869415,7.3884363
1,1697,73.84425,1.9877348,6.8473287,73.78222,1.9030614,6.8545885
1,1701,70.2596,2.4558008,6.7465253,70.27421,2.4392927,6.714882
1,1718,70.63438,2.4255388,6.718049,70.51556,2.434951,6.733791
1,1726,70.9041,2.5895817,7.1191034,71.07867,2.5677774,7.1099825
1,1733,76.074585,2.1095777,6.415953,76.06352,2.1215987,6.446028
1,1740,70.46003,2.3551087,6.7101,70.69823,2.3757699,6.710271
1,1742,73.41782,2.2400005,7.1192794,73.168625,2.260623,7.065137
1,1744,67.94067,2.6675272,7.317369,67.98807,2.619115,7.318399
1,1746,71.93553,2.295244,6.7963753,71.936966,2.2696896,6.7626185
1,1759,76.27877,2.006428,6.964133,76.00594,2.0284212,6.9577255
1,1765,68.20237,2.6679335,7.650175,68.2774,2.600363,7.5841274
1,1784,70.65652,2.559265,6.9483895,70.734726,2.50238,6.9464483
1,1793,69.644455,2.0841866,6.352964,69.56484,2.1010864,6.370699
1,1794,70.75381,2.2099304,6.8172603,70.69671,2.2472744,6.8262587
1,1795,73.30803,2.119397,6.252495,73.69006,2.1095426,6.3022647
1,1798,72.493576,2.297832,6.6853538,72.001236,2.3014996,6.7023535
1,1805,67.560394,2.5137222,7.0498266,67.64668,2.4927914,7.038891
1,1807,72.419044,1.8528813,6.12073,72.7052,1.853779,6.1366324
1,1825,68.34278,2.7912004,7.3287683,68.67964,2.711856,7.3436594
1,1830,70.69404,2.649239,7.4061,70.784,2.6363916,7.344319
1,1850,68.714,2.4913,7.170075,68.95479,2.5239089,7.165002
1,1859,67.0244,2.5035686,7.185588,67.30879,2.4977245,7.224225
1,1860,70.07676,2.4930365,7.0711837,69.56724,2.4568613,7.060316
1,1862,67.576256,2.7837815,7.2133913,68.04627,2.7346885,7.255742
1,1863,71.82396,2.2553065,6.7063465,72.02783,2.272174,6.695596
1,1867,73.983345,2.3949673,6.7464023,73.9665,2.3688278,6.7612467
1,1881,71.48268,2.439106,6.9425287,71.63098,2.455532,6.9291577
1,1882,68.865654,2.1601686,6.826036,68.79443,2.1890433,6.856836
1,1887,67.25525,1.9983087,6.604141,68.24037,1.9940393,6.6131372
1,1891,69.8547,2.5575242,7.133206,69.86932,2.574788,7.1288867
1,1895,71.94529,2.2223773,6.637913,72.34254,2.1940107,6.6815085
1,1900,71.28939,2.486153,6.904461,71.289474,2.4962273,6.936762
1,1911,71.84162,2.3848405,6.9302206,71.71026,2.387821,6.935366
1,1912,73.101974,2.3326077,6.808197,73.2692,2.3251584,6.847171
1,1920,69.17393,2.7588925,7.3165016,69.86229,2.7051742,7.3293676
1,1922,69.242546,2.4657974,7.146498,69.31833,2.5291464,7.1379957
1,1923,72.23482,2.3685431,7.1404405,72.59896,2.4178414,7.1310763
1,1925,69.449875,2.4811323,7.013767,69.22945,2.472807,7.005069
1,1935,70.27642,2.364232,6.7854986,70.488495,2.3537366,6.7905602
1,1939,70.63577,2.3230734,6.765114,70.71453,2.3233669,6.767573
1,1945,72.623375,2.303406,6.6879163,72.56166,2.3153186,6.696041
1,1952,70.74499,2.32562,6.49966,71.340065,2.2832565,6.5062065
1,1962,71.002075,2.1806746,6.5312996,70.973145,2.1998882,6.5252585
1,1970,69.34213,2.6439185,7.319883,69.431435,2.6361864,7.3402004
1,1982,74.26342,2.3864427,7.1853185,74.08367,2.4380496,7.2025347
2,15,67.95442,2.4057074,6.9442596,67.92737,2.421315,6.928789
2,22,69.54386,2.5269077,7.2747293,69.670746,2.5079699,7.2834625
2,24,69.09667,2.6721354,7.497635,68.97295,2.7056544,7.477372
2,28,70.48624,2.3669953,6.6658244,70.31757,2.3251598,6.661034
2,30,70.96725,2.4132254,6.8360224,71.25333,2.3851786,6.825824
2,32,71.54198,2.2679718,6.866386,70.91898,2.2788613,6.8397875
2,35,70.27108,2.439783,7.040056,70.02355,2.4467382,7.0484776
2,38,71.9036,2.5135982,7.382331,71.99604,2.503959,7.362072
2,41,70.38742,2.3663073,6.773508,70.05465,2.4576051,6.8093395
2,47,70.47559,2.138516,6.358234,70.63922,2.1327777,6.3631268
2,62,70.08328,2.5081797,6.9112635,70.381035,2.4645245,6.9195356
2,90,76.098305,1.9417268,6.6783557,76.17022,1.9372677,6.6887016
2,93,68.60928,2.3650594,6.9547305,68.73849,2.375669,6.9277134
2,99,73.87833,2.1280425,6.380443,74.09249,2.1337297,6.379298
2,100,72.2431,2.3203673,6.688543,72.52505,2.326054,6.7017894
2,102,75.15624,1.9889815,6.7517223,75.04189,2.0564537,6.78979
2,114,68.4814,2.5218883,7.0621777,68.3352,2.4766223,7.0435805
2,118,67.2618,2.604097,7.272715,67.0298,2.529282,7.207802
2,121,72.629944,2.2149217,6.79118,72.28253,2.2303197,6.8079705
2,130,71.60036,2.3207102,7.165996,71.803566,2.243255,7.120999
2,136,71.79599,2.2680874,7.0040464,72.11519,2.2671382,7.0351686
2,137,72.15437,2.361515,6.8443203,71.63286,2.390692,6.869851
2,138,70.08852,2.3738093,7.1178246,69.76957,2.4021144,7.160799
2,153,71.92518,2.1745663,7.053841,71.77745,2.1980643,7.0835657
2,155,72.14028,2.3209689,7.0477495,71.409584,2.2916331,7.078739
2,158,68.46306,2.5841658,7.251121,68.382904,2.559536,7.2551475
2,160,67.47176,2.6376786,7.45618,67.37486,2.6602073,7.4469237
2,162,73.14206,2.351483,7.021215,73.05522,2.3472028,7.009335
2,165,70.84282,2.6532578,7.339507,71.12097,2.6120973,7.292609
2,167,66.0,2.7134976,7.6856112,64.73666,2.7008762,7.658197
2,180,68.97906,2.6036317,7.183306,69.1428,2.5878866,7.173303
2,182,70.834404,2.2802038,7.0441117,70.93965,2.3030007,7.072972
2,184,67.19177,2.5805044,7.2050586,67.30399,2.6206634,7.2167153
2,188,73.45276,2.257085,6.6423993,73.85633,2.2694018,6.6618385
2,189,68.581184,2.516091,6.970654,68.92004,2.5072682,6.972989
2,190,69.470406,2.4663334,7.170883,69.540306,2.4751043,7.141388
2,201,69.68242,2.774044,7.6050086,69.0591,2.730951,7.6330633
2,229,69.72525,2.3479166,6.7326,70.05558,2.3515804,6.7017655
2,234,70.15322,2.568346,7.3413363,70.12872,2.575265,7.339851
2,242,71.83298,2.358898,6.618451,71.61769,2.381056,6.5848007
2,243,70.644196,2.5037415,6.965356,70.8658,2.506975,6.9590507
2,247,70.2786,2.551013,7.150787,70.00989,2.5244548,7.11531
2,250,70.40432,2.4584873,7.0538597,70.231636,2.4732752,7.1163
2,252,72.156136,2.1931279,6.490623,72.32586,2.183523,6.459077
2,259,69.452644,2.2748637,6.652169,69.1501,2.249006,6.6807
2,263,75.851234,2.2625864,7.125092,75.22153,2.2532952,7.140056
2,266,67.08418,2.7687128,7.629817,66.98425,2.744279,7.589572
2,267,70.04517,2.394036,6.781478,70.210976,2.3838086,6.74931
2,275,73.63024,2.370404,6.711702,73.605095,2.3267822,6.7460637
2,282,69.96556,2.5884824,7.6825643,70.08052,2.5295172,7.631245
2,295,69.5829,2.6207101,7.141541,69.734535,2.585393,7.0789666
2,296,73.30432,2.1436894,6.825385,73.08806,2.1662278,6.8226852
2,301,73.29921,2.3163636,6.5497346,73.71798,2.26031,6.5052958
2,315,69.658264,2.0861692,6.3165927,69.6477,2.0889819,6.345615
2,317,72.05041,2.4206903,6.924169,71.97227,2.435235,6.912562
2,321,70.5808,2.364045,7.112544,70.737785,2.3684728,7.162822
2,337,70.519905,2.5107439,7.3178163,70.318886,2.5096743,7.3354063
2,338,70.94777,2.5391376,7.17951,70.96325,2.5333717,7.190339
2,347,70.49206,2.4703643,6.9942927,70.67031,2.5137937,6.970062
2,348,74.22176,1.9922537,6.443721,74.23583,2.0216575,6.4449716
2,349,75.30572,2.1839852,6.5202956,75.48458,2.1735702,6.506284
2,350,73.34728,2.398988,6.8826795,73.72076,2.365796,6.8291144
2,354,70.82672,1.9407997,6.17238,70.7855,1.9753907,6.1637235
2,362,68.15023,2.1170626,6.3625875,68.150314,2.1216867,6.4324145
2,367,66.0,2.0899193,6.777865,65.739876,2.120575,6.751727
2,376,68.07138,2.6676607,7.0437045,67.86419,2.6190195,7.0461016
2,384,70.7685,1.9173329,6.1748276,70.675224,1.9432391,6.2087445
2,385,66.0,2.3718557,7.253257,65.89996,2.2906864,7.193447
2,387,69.75125,2.127224,6.5688767,69.801895,2.074815,6.583001
2,394,77.67145,1.9180788,6.402273,77.41259,1.9287537,6.4214144
2,399,66.0,2.7687047,7.3002477,66.032715,2.7192593,7.2818203
2,403,71.64625,2.5895967,7.118644,71.48725,2.5880156,7.05679
2,407,71.26236,2.3902535,7.1164036,70.95944,2.3977575,7.0815673
2,412,73.18861,2.0670881,6.9305997,72.96088,2.0394511,6.887486
2,420,73.34955,2.093007,6.299987,73.24812,2.1259055,6.3013754
2,424,73.73739,2.361732,6.958144,73.97235,2.3271852,6.9514904
2,428,69.629364,2.3990166,7.0925407,69.61266,2.4615402,7.038847
2,431,70.422455,2.4188807,7.534534,70.68561,2.390266,7.485332
2,435,71.634735,2.3063982,6.6533537,71.8404,2.3428588,6.6695566
2,438,74.99643,1.8817909,6.1365614,75.13887,1.8827171,6.1462107
2,440,71.62735,2.1448333,6.5644894,71.17371,2.1311004,6.5927167
2,441,70.44106,2.2664335,6.841065,70.20502,2.2589266,6.8874354
2,442,69.38616,2.6086688,7.85,69.52441,2.632764,7.866898
2,450,70.90528,2.5812433,7.134072,70.884895,2.553555,7.068795
2,457,74.4233,2.1790304,6.5065494,74.189186,2.187112,6.5249624
2,462,66.77565,2.6672218,7.543453,66.63341,2.6002653,7.5069137
2,463,71.95466,2.5180173,7.0792894,71.95376,2.4728868,7.0767035
2,464,71.53197,2.470094,7.589036,71.74164,2.48163,7.571184
2,466,73.26549,2.3454797,6.845796,73.088066,2.3759255,6.833267
2,475,73.35824,1.9097574,6.1944957,73.37551,1.8939482,6.2394676
2,478,71.857956,2.3445435,6.966875,72.0152,2.3199134,6.9654617
2,484,70.445015,2.4835439,7.4060545,70.84962,2.5263975,7.401224
2,488,74.766975,2.0294347,6.2914357,74.65901,2.0136473,6.2474494
2,495,70.94009,2.3877337,7.584933,70.687775,2.402605,7.5331087
2,496,73.22754,2.1847951,7.021669,73.40916,2.2087712,7.0082903
2,497,71.85471,2.2438276,7.109824,71.62071,2.2640169,7.0906672
2,506,66.88101,2.85,7.85,66.72281,2.9049418,7.901793
2,511,67.63803,2.414567,7.0627055,67.75953,2.3930557,7.096012
2,516,66.98169,2.464347,7.0476584,66.901375,2.4472702,7.012512
2,519,72.31241,2.4480808,7.4677153,72.53632,2.4124117,7.4122386
2,522,69.22682,2.402118,7.0213156,68.79404,2.3881319,7.015814
2,523,71.09682,2.4439685,6.947111,71.41866,2.380687,6.8808217
2,526,69.13848,2.456875,6.8986616,69.04338,2.4418826,6.844049
2,534,72.07714,2.3374746,6.8175454,71.940414,2.3429484,6.792833
2,536,70.34676,2.5681581,7.315742,70.01277,2.5426118,7.345486
2,551,71.666084,2.5397024,7.218585,71.34114,2.5319843,7.2092204
2,553,70.99259,2.3981748,6.810978,70.49616,2.3670254,6.824357
2,576,71.47959,2.545346,7.121963,71.71215,2.532404,7.1478434
2,582,70.606575,2.1129851,6.3630066,70.394646,2.1029058,6.335204
2,584,73.610634,2.4192426,7.1684184,73.48081,2.4124932,7.2100587
2,609,70.79045,2.4894643,6.9123917,70.42595,2.5058517,6.928393
2,613,73.8006,2.1140177,6.310221,74.21381,2.121777,6.338535
2,622,75.55366,2.3172789,6.9775386,75.25451,2.3245852,6.969701
2,623,71.368195,2.2997606,6.6608357,71.362564,2.2602038,6.6634245
2,632,70.25352,2.6126251,7.2247267,69.617744,2.6009486,7.2455535
2,634,69.85616,2.728618,7.722112,69.555374,2.7407854,7.6778255
2,635,69.10722,2.4268653,6.963718,69.401405,2.4527822,6.931531
2,640,67.92875,2.552558,7.0653825,68.09881,2.522377,7.075869
2,641,69.98363,2.3427312,6.7272835,70.07916,2.3950574,6.7197
2,643,72.03059,2.2246656,6.442542,71.721466,2.3122594,6.496957
2,646,70.452896,2.714475,7.1487927,70.32336,2.6354654,7.1298795
2,658,70.805336,2.4221125,7.741903,71.02891,2.377644,7.6369143
2,661,71.66024,2.6791968,7.192251,71.681625,2.6043675,7.200968
2,663,70.56361,2.4207895,7.2161856,70.55415,2.384376,7.20733
2,669,71.447,2.4187121,7.1685433,71.54504,2.4292858,7.140154
2,673,73.00585,2.2098682,6.892167,73.074524,2.2133296,6.9343867
2,682,75.39458,2.3017163,7.1344137,75.13626,2.307288,7.153721
2,683,70.97704,2.4326906,6.9967484,71.00964,2.4522288,7.0029626
2,685,68.82894,2.4487448,6.911011,68.58232,2.4824345,6.9294176
2,686,71.116425,2.3803673,7.0395827,71.30274,2.3674579,7.0130634
2,696,68.57406,2.5647023,6.9940596,68.55607,2.509069,6.9915514
2,698,68.22666,2.5941944,7.135832,68.072365,2.561141,7.1687226
2,702,68.130844,2.2949147,6.614789,67.864494,2.266471,6.6358747
2,704,69.54158,2.5194957,7.19922,69.31433,2.5257468,7.2062707
2,709,70.25107,2.6100752,7.250591,70.16296,2.6430814,7.277162
2,716,70.95179,2.4319613,6.83726,71.16667,2.422702,6.8443007
2,728,72.035164,2.4522445,7.2534866,72.093956,2.4604003,7.2558365
2,732,74.29613,2.0285754,6.410768,74.457085,2.044754,6.437725
2,733,69.62498,2.4844766,7.190022,69.452446,2.4779139,7.2248898
2,745,68.25841,2.6171992,7.3084016,67.792206,2.605378,7.3219676
2,750,70.423805,2.67734,7.251604,70.38845,2.6720638,7.23685
2,751,67.14448,2.5990102,7.3788795,66.895256,2.6262755,7.423522
2,762,69.68345,1.9581587,6.456703,69.7828,1.9789146,6.4183435
2,763,75.05722,2.2173584,6.7394676,75.1921,2.1986442,6.7494817
2,774,70.68182,2.296037,6.6566906,70.53536,2.3029807,6.631526
2,780,69.909996,2.5237136,7.4896183,69.62155,2.5281878,7.4964724
2,783,70.76546,2.6018,7.029989,70.65039,2.6003904,7.0375013
2,784,68.1612,2.7251105,7.553216,68.01775,2.7241707,7.5033655
2,786,68.62392,2.498611,6.962275,68.16064,2.5356832,6.997417
2,787,68.079315,2.5455117,7.193062,68.03897,2.5939097,7.2194
2,796,70.08649,2.1357887,6.618941,69.609566,2.173141,6.604044
2,797,69.47514,2.3788745,6.787243,69.513695,2.4214451,6.772068
2,814,71.7967,2.4577675,6.972302,71.96498,2.412649,7.0044394
2,818,70.093864,2.4087145,7.3228965,69.82069,2.430637,7.348168
2,820,70.96882,2.411638,6.9945483,70.82342,2.4624689,7.01852
2,830,70.14882,2.0420146,6.2337775,70.23482,2.030285,6.1899557
2,831,70.93135,2.5419292,7.237033,71.15223,2.5593128,7.2164392
2,845,72.32019,1.9316623,6.251412,72.06279,1.9160651,6.271406
2,847,70.566055,2.5302691,7.3932414,70.24654,2.5210204,7.402486
2,848,70.467186,2.2424958,6.574486,70.38497,2.2399657,6.5894313
2,853,70.86242,2.3324614,6.675929,70.482635,2.4122367,6.71723
2,855,70.75123,2.7830324,7.5178723,70.55534,2.7071464,7.4805355
2,859,70.94101,2.419233,7.23209,70.63682,2.3818614,7.2715945
2,875,69.616,2.4055438,7.0933795,69.482544,2.450957,7.11437
2,878,68.01779,2.3088725,6.985645,68.3167,2.3698797,6.9384327
2,883,70.580536,2.4265354,7.10288,70.56035,2.4324203,7.1293344
2,885,75.16719,1.9817642,6.506663,75.448494,2.002474,6.527299
2,892,70.304474,2.5581472,7.6740026,70.061226,2.5273342,7.647958
2,899,69.83923,2.6612854,7.211949,69.85831,2.6783495,7.2697067
2,900,74.63787,2.0803432,6.379015,74.69608,2.0586414,6.372224
2,903,67.01432,2.2832503,7.0424504,66.80177,2.336744,7.004291
2,908,66.35656,2.5538645,7.4514675,66.403465,2.56136,7.446069
2,914,70.63009,2.5680022,6.9761457,70.47949,2.5550191,7.0330796
2,927,69.091,2.4456906,7.030751,68.7362,2.433764,6.993337
2,930,69.434975,2.4203126,6.935225,69.58707,2.4744253,6.954001
2,934,70.30827,2.3936336,6.9066033,69.894684,2.3486779,6.9061155
2,945,69.72932,2.2240455,6.490373,69.370415,2.1718173,6.521314
2,971,72.14092,2.4558253,7.0923424,72.22865,2.447274,7.087931
2,972,69.577034,2.5583317,7.241496,69.24565,2.510288,7.2278523
2,973,72.83633,2.208368,6.7498283,72.8857,2.2906516,6.7526608
2,981,70.944786,2.4885814,7.18515,70.96227,2.512413,7.1998367
2,984,70.41926,2.396886,6.8664966,70.49946,2.3803935,6.8880043
2,987,69.34849,2.4431865,6.972099,69.2984,2.4543796,6.977901
2,996,69.698975,2.7180543,7.4840584,69.161415,2.7249296,7.533315
2,999,67.732765,2.6615834,7.483699,67.659,2.6381884,7.4392385
2,1000,73.238014,2.284966,6.670526,73.44722,2.3102992,6.66781
2,1013,72.01457,2.4898348,7.0295534,72.29095,2.500398,7.036892
2,1015,69.52141,2.3697143,6.725021,69.77919,2.3963063,6.707434
2,1018,73.54732,2.2435315,6.859139,73.448944,2.248256,6.848518
2,1019,71.92075,2.4012697,6.747828,71.98748,2.424292,6.747234
2,1029,70.396126,2.5031965,6.834887,70.59792,2.488476,6.833161
2,1030,72.38191,2.480554,7.045016,72.15068,2.4725273,7.0396047
2,1032,69.51897,2.6189334,7.1124563,69.659584,2.6274385,7.0983486
2,1033,68.28897,1.9383678,6.187421,68.442894,1.9521488,6.210319
2,1035,73.90804,2.2482336,6.430581,74.25938,2.2282481,6.4418797
2,1046,72.13395,2.330453,6.800369,72.46142,2.3067415,6.7787814
2,1047,72.34297,2.4524226,7.037347,72.23612,2.4820156,7.0714626
2,1049,68.539825,2.749047,7.580939,68.53755,2.7586212,7.630776
2,1050,70.41693,2.5503466,6.8592963,70.40316,2.5323906,6.890427
2,1052,70.05465,2.4175665,7.0226793,69.97795,2.4878352,7.0543127
2,1056,68.684044,2.7347543,7.1863484,68.51694,2.7154877,7.1940274
2,1061,69.72501,2.5294254,7.076624,69.58687,2.5815804,7.1117797
2,1065,70.48691,2.6622427,7.323783,70.127235,2.6814253,7.342311
2,1067,69.41566,2.5470035,7.204227,69.42523,2.5679498,7.2333436
2,1071,69.85315,2.539359,7.0100446,70.284775,2.538191,7.0455365
2,1078,70.85922,2.2842736,7.3446903,70.59061,2.2837896,7.3690934
2,1083,67.917946,2.6024628,7.2485485,67.81424,2.6565485,7.2629867
2,1092,72.054146,2.394242,7.645479,72.27495,2.3774495,7.5781727
2,1095,68.82085,2.5679867,6.9728384,68.84903,2.5618691,6.984317
2,1104,73.91726,2.4281428,6.838618,74.19157,2.3636715,6.834439
2,1105,67.9034,2.6500964,7.463041,67.99208,2.6421852,7.4220433
2,1110,74.93232,2.2846775,6.822217,75.04043,2.306005,6.850501
2,1111,69.631874,2.3265576,6.8144155,69.49435,2.3207812,6.826866
2,1113,69.81468,2.5285907,7.0167956,69.42915,2.566271,6.9962626
2,1117,68.55819,2.701567,7.4734344,68.10509,2.691444,7.452225
2,1119,70.8549,2.24388,6.702321,71.092,2.2668805,6.6909604
2,1134,68.65704,2.2805827,6.86083,68.89335,2.305982,6.8303647
2,1139,71.459206,2.6054156,7.1715584,71.557205,2.639116,7.152263
2,1142,70.41652,2.3396325,6.634686,70.43095,2.3268106,6.643424
2,1158,72.48903,2.3056514,6.9021835,72.310104,2.3014565,6.950817
2,1170,72.01392,2.1694436,6.6989303,71.82893,2.1538677,6.71789
2,1175,68.05935,2.5087557,7.3925467,67.40203,2.5756931,7.3963647
2,1176,68.97928,2.5060067,7.265972,68.651764,2.5307286,7.242614
2,1186,74.27121,2.0408702,7.1696167,74.78982,1.9373708,7.1139784
2,1188,68.771286,2.1136725,6.4378223,68.280495,2.1430092,6.4688315
2,1192,70.52845,2.4452617,6.774675,70.532135,2.426278,6.794049
2,1196,72.05759,2.522864,7.221331,71.92167,2.513929,7.287812
2,1199,70.57386,2.711957,7.4372535,70.68441,2.7008417,7.4128375
2,1203,67.06815,2.4432995,7.168803,67.082115,2.4301617,7.1473365
2,1205,70.88346,2.3816242,6.6078978,70.64136,2.3935087,6.6522408
2,1209,70.080345,2.2217066,6.4193387,70.039925,2.2164252,6.4360476
2,1210,69.21889,2.4815671,7.182363,69.06793,2.5002644,7.225246
2,1211,71.323784,2.3043973,7.0598407,71.52243,2.3149405,7.0718617
2,1212,68.2623,2.4569447,7.015873,68.096375,2.418161,7.0233617
2,1214,75.365746,2.2382057,6.9767904,75.11153,2.2564929,7.0039525
2,1217,73.06068,2.1636074,6.6808677,72.99327,2.1582882,6.670281
2,1223,71.521,2.4198399,7.0771832,71.65128,2.379313,6.9996867
2,1230,68.52928,2.44834,6.992662,68.78781,2.4313748,7.0110126
2,1237,74.449234,2.291649,6.61721,74.233765,2.267981,6.6408205
2,1246,67.11067,2.3516228,7.1678815,66.89227,2.4141953,7.1382003
2,1248,72.42889,2.1124706,6.936558,72.400345,2.1338582,6.9712095
2,1259,70.321175,2.4051094,7.045083,69.93858,2.3832645,7.0696697
2,1263,69.105255,2.6138859,7.4065,69.19401,2.6119866,7.3810415
2,1266,73.25298,2.3268332,6.8661475,73.30037,2.3911932,6.8715515
2,1275,75.489395,2.2281017,6.812648,75.608635,2.2121856,6.7959037
2,1276,72.41197,2.5539718,7.328275,72.03073,2.5410376,7.339956
2,1286,69.27376,2.5539382,7.2391653,68.73588,2.583425,7.2859597
2,1297,70.35038,2.3581703,6.74105,70.02223,2.454889,6.7634926
2,1298,72.64509,2.3301892,6.945968,72.745224,2.33642,6.9764647
2,1310,69.995895,2.1833146,6.4174356,69.763306,2.212846,6.4286475
2,1311,72.51554,2.282008,6.561984,72.57689,2.2819445,6.5706935
2,1315,67.08161,2.333005,6.880746,67.27407,2.3507075,6.8702965
2,1316,69.49936,2.3195455,6.9693027,69.73102,2.3407438,6.930699
2,1317,70.083626,2.470939,7.1239676,70.36734,2.4167142,7.103281
2,1323,72.100426,2.3688295,6.7180996,72.098206,2.348466,6.7576475
2,1331,74.360115,2.1108732,6.9541154,74.45619,2.129272,6.9625163
2,1332,66.64431,2.690212,7.4506493,66.6867,2.6435807,7.4173613
2,1341,73.124794,2.2416887,6.9288316,73.25109,2.312073,6.8685856
2,1343,69.11552,2.4588697,6.938137,68.4716,2.512176,6.9372463
2,1344,69.83638,2.454733,6.900109,70.302475,2.5176628,6.906965
2,1345,67.71094,2.661916,7.443326,67.8103,2.6966572,7.4514947
2,1356,66.0,2.5358787,7.442669,64.81616,2.509903,7.3484654
2,1362,71.27431,2.502404,6.93985,71.301834,2.4833844,6.9439826
2,1365,73.08922,2.1454594,6.505161,73.0906,2.1878295,6.487606
2,1370,67.22018,2.7267382,7.4942193,67.00422,2.7069094,7.494538
2,1380,72.553345,2.2294443,6.775868,72.52675,2.277902,6.7541914
2,1389,68.97498,2.7390654,7.708449,68.94482,2.7498949,7.6092925
2,1390,70.87063,2.3383577,6.7920527,71.541,2.3455212,6.7344646
2,1396,70.1767,2.4790797,6.956662,70.18803,2.490317,6.981276
2,1399,67.807205,2.71363,7.492011,68.00257,2.6696448,7.410086
2,1404,68.48776,2.85,7.85,68.826035,2.840955,7.810882
2,1414,72.14629,2.2942944,6.7064447,72.30093,2.258313,6.692789
2,1417,68.3111,2.360435,7.0132475,68.21992,2.387452,6.970313
2,1422,68.13973,2.3716247,7.1118135,68.343216,2.3550684,7.0855794
2,1427,72.278336,2.2123477,6.622435,71.90793,2.2172978,6.6463547
2,1430,69.37987,2.4481745,7.270523,69.24099,2.4299507,7.2630663
2,1434,71.94817,2.1383114,6.3800573,72.13185,2.1411579,6.3635006
2,1435,70.629906,2.5253756,7.104712,70.86641,2.5127187,7.06272
2,1439,74.02559,2.2686262,6.7788672,74.03949,2.2568572,6.776567
2,1455,71.191986,2.0650036,6.35603,71.05169,2.0346172,6.351019
2,1460,71.90078,2.5006194,6.976597,71.479836,2.461219,6.9773173
2,1461,69.023346,2.4228466,6.953024,69.098785,2.389199,6.948568
2,1462,69.65787,2.270823,6.6396265,69.38938,2.2652636,6.6275578
2,1465,71.09363,2.4214165,6.928009,70.83678,2.4117239,6.9186287
2,1472,68.054855,2.3479822,6.9321756,67.79504,2.377456,6.97501
2,1473,69.761856,2.3193505,6.8589067,69.43336,2.3223338,6.8802695
2,1475,69.937256,2.5044942,6.871802,70.009384,2.4768653,6.8823104
2,1479,66.52672,2.4499872,7.0034375,66.39092,2.4498959,6.9912167
2,1481,71.60214,1.8953823,6.289326,71.58048,1.9174278,6.3417788
2,1489,70.7398,2.7103252,7.1310415,70.585266,2.6275618,7.1241198
2,1497,73.716515,2.0764265,6.5167737,73.73019,2.1244688,6.5248933
2,1502,71.025986,2.6306882,7.0733457,70.86834,2.593234,7.055788
2,1518,66.0,2.85,7.6363816,65.31152,2.86328,7.645474
2,1523,68.9917,2.3966043,6.866673,68.97447,2.4254255,6.8986654
2,1530,69.54592,2.3174639,6.542117,69.56823,2.2950633,6.550991
2,1532,69.86544,2.4156601,7.001804,69.33656,2.4135995,7.0306845
2,1534,69.718185,2.4548712,7.066408,69.546486,2.481111,7.0851464
2,1537,70.86921,2.635617,7.5004516,70.86953,2.5815785,7.4729586
2,1542,70.90557,2.3472984,6.9906125,71.16568,2.3610008,6.9707775
2,1543,71.16853,2.5338483,7.1577682,71.16934,2.5501218,7.162792
2,1544,72.468315,2.143748,6.5533338,72.53646,2.1720235,6.6302843
2,1548,71.74294,2.2513857,7.1080728,71.62689,2.2710147,7.16184
2,1552,70.168335,2.7075977,7.236299,70.15897,2.666011,7.233324
2,1555,66.0,2.7252371,7.4635425,66.071205,2.6739476,7.4280524
2,1557,70.62124,2.0875437,6.4584312,70.649536,2.146283,6.433958
2,1559,70.02902,2.519384,6.935482,69.7105,2.5740027,6.96055
2,1561,69.7024,2.6086888,6.9311166,69.65803,2.5823731,6.9535418
2,1562,71.4458,2.3637776,6.9414434,71.60024,2.3081136,6.942559
2,1570,68.86785,2.0322592,6.155487,69.19005,1.9946063,6.1043143
2,1571,70.27354,2.371506,6.940658,70.39735,2.3705263,6.9187884
2,1575,71.96847,2.1255395,6.514515,71.68967,2.1913946,6.498644
2,1582,69.47377,2.479558,7.1034503,69.55284,2.4616952,7.1256022
2,1602,68.654274,2.1817286,6.373587,68.70171,2.186454,6.391999
2,1604,69.78569,2.0449493,6.2699666,69.52199,2.0449245,6.244075
2,1607,70.76783,2.3509505,6.790842,71.046844,2.3625598,6.7685275
2,1610,69.9061,2.702223,7.613831,69.726616,2.716248,7.552198
2,1627,70.41004,2.3419032,6.831276,70.34168,2.3502257,6.8959165
2,1634,70.10241,2.441325,7.1783714,70.18671,2.483504,7.1709785
2,1639,72.09586,2.4208093,7.2368054,72.29616,2.4211025,7.19358
2,1640,74.2979,1.9926561,6.4020767,74.24429,1.9801587,6.455693
2,1642,69.78347,2.702933,7.763822,69.85241,2.7236426,7.720478
2,1643,70.96179,2.5263617,7.4375253,70.91366,2.5893428,7.400497
2,1644,70.53109,2.3909087,6.8803477,70.56128,2.3925214,6.8796883
2,1647,73.33973,2.119752,6.6642485,73.325,2.1364357,6.7068133
2,1650,70.801216,2.3464189,6.777999,70.74946,2.3620927,6.7653737
2,1652,69.03465,2.5909817,7.1829715,68.96534,2.6323926,7.174051
2,1657,70.49071,2.5634804,7.3336697,70.20907,2.603412,7.331593
2,1662,71.95758,2.3310056,6.9009557,72.070625,2.336448,6.9057493
2,1666,66.0,2.7559001,7.543719,65.82699,2.7474213,7.5499763
2,1671,66.97501,2.3505626,7.160946,67.160774,2.37922,7.1512113
2,1672,71.91895,2.2652695,6.823562,71.78456,2.2489982,6.749034
2,1678,73.14527,2.1440666,6.5031633,73.55343,2.1417024,6.5275097
2,1684,70.84715,2.4591048,6.7771225,70.28506,2.4391177,6.7575865
2,1690,71.95604,2.5196853,6.9406686,71.986534,2.5111933,6.9245987
2,1702,72.17811,2.4226139,6.8620553,71.89702,2.454579,6.8815117
2,1705,72.2717,2.2939882,6.652317,72.10687,2.258767,6.6545606
2,1707,74.121376,2.305625,6.8286805,74.45243,2.3009148,6.8587956
2,1709,69.06074,1.9911549,6.180247,68.9398,1.9382484,6.1831417
2,1711,72.956184,2.2136424,6.6938357,72.93187,2.230122,6.7424235
2,1712,66.40654,2.312095,7.079673,66.16669,2.2958906,7.097821
2,1719,67.90903,2.4848285,7.0735426,68.04448,2.4644387,7.0741787
2,1723,73.80895,2.0287485,6.6002517,73.835915,2.0483642,6.6212425
2,1727,66.28561,2.8276827,7.7489395,66.273735,2.8351588,7.7416296
2,1729,69.71818,2.4847844,6.8589993,69.67797,2.4828124,6.881747
2,1730,68.600334,2.5505035,7.2913265,68.73022,2.4938061,7.230822
2,1747,70.940994,2.4737499,7.079421,70.89233,2.4801257,7.042217
2,1750,71.22794,2.585583,6.830861,71.35344,2.5077958,6.8739614
2,1751,72.2398,2.3033702,7.0317197,72.04185,2.3315313,7.034523
2,1752,70.98652,2.0803025,6.474791,70.86701,2.127056,6.485409
2,1753,72.30597,2.4176419,6.950959,72.0546,2.3657546,6.971574
2,1756,69.53423,2.1518457,6.403539,69.87046,2.1846833,6.423851
2,1767,71.21967,2.4221823,6.811422,70.96934,2.4385707,6.847925
2,1768,73.17449,2.32815,7.6029,72.9048,2.279406,7.6074586
2,1770,71.42394,2.3447173,6.9153414,71.67176,2.3400354,6.935187
2,1779,72.51623,2.0050235,6.3988075,72.17338,2.0174956,6.379429
2,1781,71.92347,2.2903705,7.0064044,71.64832,2.2529082,6.9455304
2,1789,72.69932,1.8771728,6.151146,72.035545,1.876169,6.1438675
2,1791,67.723,2.0101159,6.289766,68.28319,1.9938804,6.279564
2,1792,70.22879,2.1785884,6.7856526,69.87348,2.2002416,6.7740803
2,1802,71.97999,2.4780285,7.0299244,72.00884,2.4697292,7.030418
2,1810,70.48164,2.6600428,7.1639185,70.21028,2.6782608,7.161651
2,1817,69.86209,2.2779665,6.552445,69.762955,2.2689102,6.5289683
2,1820,73.15147,2.4172351,6.9507475,72.89641,2.4381516,6.9647694
2,1831,70.30012,2.2632008,6.786346,70.63681,2.2804918,6.789611
2,1837,75.19681,2.1219194,7.0741262,75.267944,2.0741105,7.094194
2,1849,70.45836,2.4709828,6.965554,70.543526,2.4196422,6.9003563
2,1854,68.15536,2.7137942,7.4662447,68.01519,2.6976252,7.468344
2,1858,70.07556,2.4075887,6.759143,70.18585,2.385233,6.7764015
2,1861,66.23185,2.5065203,7.4038215,66.33034,2.4957004,7.3899035
2,1865,68.742455,2.3900075,6.9910655,68.91911,2.3990655,7.031954
2,1871,71.1341,1.9784069,6.4502654,70.7369,1.9926466,6.408248
2,1892,73.2505,2.382933,6.80616,73.03569,2.3214393,6.763139
2,1894,73.897705,2.2334595,6.7223396,74.484985,2.2244062,6.67673
2,1896,71.14348,2.5379586,7.23968,71.25242,2.5058298,7.2207694
2,1902,72.721725,2.5107672,6.9399734,73.313995,2.5080354,6.9700418
2,1903,70.70883,2.2111185,6.503785,70.84591,2.2014463,6.4871907
2,1909,75.62625,2.0328503,6.8092856,75.63068,2.038885,6.821288
2,1928,68.09604,2.753019,7.310605,68.02485,2.757905,7.3247194
2,1930,70.94103,2.6742754,7.045709,70.8326,2.5839686,7.0900626
2,1938,69.53371,2.5949135,7.370144,68.87729,2.5874968,7.4182763
2,1941,69.851036,2.5180764,7.1563635,69.663376,2.5118384,7.1317735
2,1944,73.651634,2.1486146,6.5655637,73.65719,2.1526074,6.551754
2,1947,70.42501,2.734385,7.4757524,70.57092,2.7013438,7.472574
2,1949,69.59583,2.2412677,6.630838,69.31106,2.2219107,6.6428227
2,1951,73.842445,2.4702663,7.1134048,73.87796,2.4560838,7.075698
2,1954,69.04208,2.2365859,6.71904,68.7734,2.2242665,6.723205
2,1955,71.1362,2.3465726,7.0381346,71.24767,2.4206505,7.0841575
2,1956,72.41674,2.5086646,7.2951107,72.03817,2.5341432,7.2925243
2,1959,67.54791,2.7257485,7.5010605,67.67676,2.7163265,7.476476
2,1961,71.54056,2.5922484,7.024149,71.73772,2.573599,6.9871984
2,1966,70.79742,2.3613229,6.869038,70.8283,2.3656123,6.865498
2,1967,70.77396,2.2408829,6.5829163,71.12199,2.2605352,6.6095996
2,1973,72.84094,2.522973,6.88154,72.83813,2.4705975,6.8708344
2,1976,67.852234,2.4695618,7.295984,67.16332,2.469219,7.347381
2,1979,68.81961,2.5015397,6.8918405,69.056595,2.43029,6.868646
2,1980,68.28421,2.487364,6.991973,68.5262,2.4980857,6.9861465
2,1981,68.81941,2.756457,7.2449985,68.92709,2.7304966,7.2661405
2,1987,74.5638,2.2717183,6.815028,75.208466,2.2295887,6.81477
2,1991,70.12789,2.5029485,6.7937665,69.80211,2.4659994,6.8082943
2,1995,70.80158,2.2158382,6.58118,71.16007,2.2579908,6.610392
3,4,76.235794,2.1413763,6.574871,75.93496,2.1721797,6.5968766
3,12,67.87864,2.2992487,6.9360414,67.8828,2.3208094,6.9209547
3,17,71.961044,2.265748,6.4321685,71.85581,2.2195656,6.374185
3,23,71.674484,2.1508715,6.447587,71.82835,2.1822858,6.4772935
3,27,72.064674,2.0589502,7.0373044,72.17713,2.041594,7.089464
3,29,70.637794,2.1671908,6.3748245,70.76439,2.207032,6.4067974
3,44,74.13459,2.0493233,6.247239,73.43175,2.055204,6.3208647
3,50,68.82429,2.5915234,6.9400625,69.04641,2.5974562,6.971567
3,58,71.27791,2.6405783,7.56957,71.368546,2.6841505,7.562958
3,60,69.253395,2.328938,6.98078,68.88197,2.3263195,6.9763155
3,61,70.10154,2.4133792,7.0713468,70.0065,2.481595,7.0915785
3,64,67.2816,2.378366,6.9895906,67.28635,2.3236005,7.0201545
3,66,70.55935,2.3976498,6.7756357,70.81009,2.3994293,6.7810116
3,76,72.6076,2.4267836,6.9577317,72.131294,2.4252129,6.9143734
3,77,73.55206,2.317436,6.5886116,73.56732,2.3076065,6.6178184
3,81,70.43806,2.5312822,6.8960185,70.75494,2.4980814,6.8903084
3,83,67.22699,2.5396879,7.220098,67.23202,2.5351827,7.246084
3,91,68.91676,2.3614757,6.7108035,69.11177,2.376108,6.68861
3,92,68.697075,2.0232892,6.443621,68.82122,2.0302498,6.4582324
3,95,68.679245,2.5769708,7.2288666,68.66907,2.5472581,7.2154403
3,98,68.8145,2.4774096,7.581296,68.77088,2.4548922,7.56442
3,101,70.25624,2.537158,7.147788,70.112946,2.4801967,7.0650353
3,103,68.87364,2.2312233,6.703336,69.19747,2.2522397,6.691617
3,109,70.57607,2.4064264,6.687573,70.487434,2.3867188,6.675571
3,115,73.832214,2.2736914,6.86637,73.409874,2.2561805,6.824609
3,119,68.7596,2.7495768,7.793786,68.73252,2.744131,7.792491
3,122,71.05401,2.4001017,6.729819,70.88755,2.3985198,6.764528
3,125,69.08003,2.1565847,6.5509763,69.05449,2.1511946,6.545336
3,132,71.95021,2.3041694,6.632546,72.10619,2.2828135,6.5866566
3,144,68.308525,2.6199725,7.4957757,67.83793,2.65712,7.5332727
3,148,70.53721,2.4017532,6.7581477,70.589325,2.4051752,6.7798457
3,159,70.25999,2.486806,7.260159,70.10695,2.5485733,7.26512
3,166,69.22271,2.1082282,6.6766124,69.20289,2.0803783,6.6692367
3,175,68.22408,2.411234,7.019863,68.48081,2.3937764,6.9985037
3,177,67.14471,2.5675101,7.298516,67.09613,2.583206,7.29908
3,181,73.291466,2.2543168,6.8799195,73.35322,2.2068238,6.8877
3,197,71.261444,2.2173944,6.5362444,71.52316,2.2086182,6.5518675
3,202,71.838036,2.25203,6.552587,71.605156,2.2534344,6.540833
3,205,73.52687,2.3328228,7.0900364,73.72835,2.3023624,7.0491157
3,210,69.092224,2.7883396,7.68763,68.80601,2.8164861,7.657498
3,211,68.32281,2.577728,7.4586487,68.073135,2.614929,7.4770103
3,218,70.93554,2.5730755,7.1647406,70.71998,2.5957491,7.115783
3,224,66.0,2.5838795,7.4282503,66.0833,2.5938053,7.39625
3,228,66.25326,2.6216023,7.4657726,66.36844,2.5937903,7.441093
3,235,71.11039,2.471052,7.157418,71.239555,2.494101,7.2118244
3,249,72.128265,2.370121,6.771959,72.021065,2.3626797,6.805401
3,251,66.13309,2.6724434,7.268081,66.45151,2.6898441,7.272241
3,253,71.255264,2.3867588,7.4750443,71.4683,2.3620477,7.440443
3,261,71.7216,2.4130926,6.919549,71.63897,2.4093068,6.96328
3,262,71.41403,2.224347,6.376842,71.32943,2.2043667,6.3773427
3,264,71.80953,2.4284894,6.8703246,71.64872,2.446312,6.8907175
3,265,71.33303,2.4695811,7.133881,70.85595,2.453024,7.158825
3,269,69.145935,2.440002,7.0475073,69.22271,2.4161842,7.0159283
3,272,70.18665,2.0254042,6.2986455,70.03963,2.0624206,6.296541
3,273,68.93323,2.2514973,6.743533,68.93786,2.227925,6.726336
3,279,67.974846,2.85,7.7241254,67.794685,2.8432233,7.735489
3,285,71.23367,2.365581,7.430126,71.053185,2.3939996,7.435712
3,297,70.77279,2.3121307,7.161047,71.12077,2.3087828,7.1471734
3,308,71.41294,2.465438,6.770224,71.342575,2.4017148,6.7680564
3,309,72.25653,2.3073137,6.962158,72.20599,2.3003483,6.9524074
3,310,69.471115,2.4202914,6.7284927,69.57512,2.4244413,6.7817965
3,313,72.93183,2.2900038,7.0013576,73.09812,2.2475116,6.991785
3,319,66.79352,2.85,7.73887,66.630005,2.8495915,7.7823796
3,323,68.86191,2.4495788,7.046551,68.90511,2.407686,7.022066
3,328,70.150215,2.4938455,7.003062,69.759766,2.4801345,6.934701
3,329,68.032524,1.9462125,6.1953993,67.983536,1.9607438,6.2461777
3,346,70.757835,2.2300491,6.4113984,70.68611,2.22464,6.4177375
3,351,70.61917,2.562674,6.8470874,70.44936,2.5421672,6.911716
3,357,69.65779,1.8719052,6.068258,69.79813,1.846697,6.059465
3,364,78.06875,1.9797231,6.240893,78.449394,1.9486872,6.201807
3,368,69.32842,2.6635551,7.600152,68.930786,2.6895187,7.6241264
3,369,71.038216,2.2814963,7.072167,71.37531,2.291182,7.10037
3,374,71.41929,2.607016,7.1124196,71.68773,2.5253382,7.096246
3,375,70.19759,2.4984171,7.109485,70.2737,2.5252244,7.135083
3,386,70.61461,2.534459,7.1473374,70.53553,2.5293424,7.1133037
3,389,71.01407,2.4549925,6.7396874,71.10077,2.403712,6.778361
3,391,69.64488,2.4063842,7.0854115,69.50834,2.3666284,7.0791397
3,395,73.57636,1.9969167,6.526268,73.32288,2.0381808,6.4882307
3,396,66.0,2.6348805,7.5753784,64.91004,2.6686354,7.6293526
3,397,66.994705,2.082687,6.7692146,67.10162,2.0837555,6.8094664
3,398,69.478004,2.4245644,6.9039025,69.21055,2.4288208,6.8924894
3,401,69.98424,2.5356624,7.2325783,69.83996,2.561013,7.197021
3,406,74.626205,2.2266655,7.1298265,74.58732,2.225183,7.1213574
3,410,70.761696,2.555388,6.9775877,70.35127,2.5807512,7.0267096
3,415,68.11375,2.6054807,7.386388,68.353065,2.6403353,7.4071465
3,416,72.932335,2.1998599,7.2098923,73.49416,2.178622,7.2165565
3,422,75.24536,2.3071613,6.6663327,75.38441,2.342444,6.686772
3,427,70.115166,2.665499,7.152907,70.34429,2.64858,7.1421714
3,429,69.050224,2.634734,7.1437926,69.10985,2.6387365,7.083031
3,444,72.851036,2.3340697,6.6879725,72.57693,2.279359,6.6507254
3,447,71.6082,2.5344121,7.0850935,71.41349,2.5091603,7.0443854
3,448,67.38848,2.483718,7.235146,67.51186,2.5222938,7.2233047
3,452,70.35189,2.3781323,6.7123513,70.52455,2.3870842,6.711345
3,456,71.32878,2.5714471,7.189188,71.25845,2.602214,7.1804714
3,458,68.59441,2.424389,6.9057093,68.61144,2.440797,6.8892126
3,461,67.664955,2.1379004,6.714824,67.609184,2.1436121,6.730108
3,468,70.38424,2.2527394,6.514063,70.58786,2.2730396,6.53684
3,470,69.66478,2.5454602,6.994868,69.410034,2.534445,7.006662
3,472,71.71424,2.4896028,6.87485,71.59702,2.4479687,6.8360434
3,476,71.6795,2.2571867,6.9175105,71.134315,2.2668464,6.9878526
3,477,69.61503,2.1427143,6.5269027,69.82208,2.1246912,6.571188
3,479,67.14725,2.4435902,6.966378,67.3672,2.4365616,6.9359593
3,481,68.03391,2.539642,7.0872655,68.11806,2.5980887,7.0983734
3,487,69.23411,2.4096587,6.762899,68.97942,2.3890858,6.7451544
3,507,70.733864,2.3024962,6.826873,70.87372,2.3172622,6.8189893
3,510,68.927246,2.6910422,7.3781095,69.07553,2.7256048,7.355912
3,517,69.538246,2.6902668,7.5265474,69.49072,2.6899457,7.5241566
3,542,71.20292,2.3818352,6.810216,70.882355,2.4146748,6.8130307
3,544,71.55985,2.5451145,6.998726,71.20393,2.5474002,6.993986
3,545,73.88469,2.3423827,6.947448,73.91638,2.3484836,6.922501
3,570,70.0374,2.6299176,7.85,70.22154,2.6230824,7.8853045
3,572,69.37892,2.5422394,6.9342155,69.507904,2.5643127,6.9872303
3,573,69.95118,2.4251149,7.0111113,69.64718,2.4453297,7.0330267
3,575,68.3013,2.6075165,7.411044,68.433525,2.5858915,7.3436546
3,580,73.59777,2.2223396,6.49053,73.157104,2.225538,6.528438
3,589,71.15923,2.5143406,6.9546256,70.70154,2.4875665,6.9533267
3,593,71.157265,2.4584718,6.8329616,71.408485,2.457173,6.862386
3,596,69.99817,2.6639607,7.292692,70.77131,2.6782687,7.286837
3,605,70.18956,2.5950692,7.3541136,70.39347,2.5389643,7.2791286
3,606,67.15024,2.5636237,7.089767,67.41311,2.505879,7.1067777
3,607,70.07025,2.4195244,7.089443,69.863716,2.4231648,7.0945873
3,617,69.75316,2.1688497,6.5473933,69.85053,2.1692066,6.5632067
3,625,70.11647,2.4979155,6.9521194,70.39436,2.454922,6.936189
3,631,74.1281,2.2767103,6.7277775,74.07542,2.236259,6.748079
3,633,71.29246,2.4675488,7.183477,71.255424,2.5019343,7.16685
3,639,69.0361,2.4332614,7.0281982,69.204506,2.5027218,7.0408444
3,644,66.58489,2.4436433,7.1233683,67.035194,2.5072367,7.044657
3,651,71.79373,2.636601,7.261341,71.55688,2.6338344,7.2704945
3,659,70.61145,2.6912496,7.257813,70.70268,2.6473808,7.2647295
3,660,71.05116,2.3575478,6.7157283,71.534874,2.3325715,6.728268
3,664,68.78442,2.5694458,7.1496444,68.87588,2.566024,7.087179
3,665,67.988266,2.7067165,7.442489,67.53472,2.7592144,7.4429398
3,666,69.49483,2.5540788,6.9371567,69.57791,2.5288546,6.9269295
3,674,70.76568,2.567262,7.1574807,70.54927,2.5601506,7.1103306
3,678,67.8457,2.4707654,7.160332,67.72904,2.5127585,7.23911
3,679,70.67815,2.612755,7.2628756,71.17868,2.5815377,7.200316
3,688,74.05399,2.073973,6.871611,74.355774,2.1167197,6.823031
3,692,68.91234,2.2874243,6.4957533,69.00118,2.314197,6.5544734
3,699,71.77078,2.471317,6.857426,72.16046,2.4954505,6.8906026
3,700,69.1104,2.675131,7.31677,68.94421,2.720869,7.2689004
3,703,70.30147,2.6979117,7.5896897,70.447716,2.6691039,7.5903983
3,712,70.12072,2.5348425,7.202305,70.12033,2.5556605,7.2085824
3,714,67.346886,2.85,7.715077,67.27324,2.8713267,7.714587
3,715,67.28274,2.4807234,7.1154985,67.245865,2.4224803,7.12328
3,720,70.228325,2.362085,6.6844153,70.10368,2.3423223,6.6883955
3,731,68.14747,2.1644611,6.929114,68.27904,2.1526754,6.849554
3,737,69.75274,2.5755177,7.269295,69.78928,2.5687823,7.3238044
3,744,70.908646,2.3266265,6.659124,71.162254,2.3061368,6.649478
3,746,73.339325,2.2536163,7.208784,73.31562,2.2602994,7.234692
3,748,68.59786,2.4164443,6.516514,69.00105,2.3355634,6.4840746
3,749,70.7523,2.4894302,7.113793,70.15597,2.529481,7.1526184
3,752,70.66133,2.2980235,6.874478,70.33887,2.3285968,6.8811617
3,772,71.78202,2.483257,6.8269224,71.87907,2.4710577,6.7765193
3,777,66.28012,2.6336296,7.4358454,66.27742,2.632524,7.473542
3,778,70.74872,2.6425314,7.358213,70.529854,2.5956519,7.3389277
3,788,73.65604,2.016736,6.401999,73.7137,2.0409935,6.4119496
3,792,72.76572,2.333699,6.9668283,73.160576,2.354739,6.957397
3,793,71.44209,2.3019838,6.9059815,71.1958,2.2775426,6.854823
3,805,73.146095,2.5455394,7.0683026,72.75779,2.545995,7.0555077
3,807,70.980354,2.30979,6.4522376,71.04397,2.2624123,6.4326563
3,813,69.87932,2.3163514,6.8849983,69.47883,2.325429,6.89128
3,815,69.6376,2.520157,6.957209,69.417435,2.5024605,6.957441
3,817,68.23034,2.48372,6.986686,68.23305,2.4879386,6.994716
3,821,69.01303,2.5257401,7.0433664,69.01324,2.5415785,7.0360055
3,822,68.85415,2.5928345,6.9819756,68.42619,2.6205285,7.044493
3,823,70.6159,2.419835,6.826519,70.84647,2.4652157,6.827678
3,827,69.269966,2.6377482,7.401806,69.020546,2.6087844,7.3598886
3,829,70.4057,2.4956048,6.743835,69.9524,2.4345264,6.7687597
3,836,72.0841,2.2476754,6.6333647,72.17363,2.2666357,6.682426
3,837,72.84402,2.260334,6.8418417,72.596924,2.2712102,6.8567963
3,840,68.8285,2.4996886,7.156879,68.38552,2.5168586,7.219449
3,846,66.0,2.6224513,7.3086944,66.10828,2.6194627,7.2982635
3,852,68.06357,2.308588,6.76067,67.94899,2.3564143,6.806318
3,857,74.06855,2.4427264,7.3257804,73.928,2.4065359,7.2950444
3,866,69.00016,2.5153027,7.3109245,68.63252,2.559429,7.3497357
3,867,70.19699,2.4095938,6.7782164,70.572266,2.3717887,6.807917
3,870,71.6377,2.421922,6.8455257,71.674805,2.4598432,6.900299
3,877,71.8985,2.4447553,7.302726,71.521034,2.4757695,7.308077
3,879,73.62543,2.1319742,6.843379,73.422844,2.1178303,6.8050475
3,886,73.642525,2.4932485,7.097752,73.62774,2.509248,7.027457
3,893,68.6922,2.3909068,6.9768505,68.77799,2.402059,6.9823046
3,894,71.862564,1.8795464,6.1463165,71.345566,1.9123522,6.0834985
3,916,71.996346,2.5003011,6.9008574,71.35743,2.4770038,6.9347644
3,919,69.95266,2.2280507,6.5027432,70.00404,2.2008073,6.5128016
3,921,66.0,2.7462873,7.649848,65.71636,2.7460196,7.6688113
3,923,70.39224,2.5903914,7.101289,70.42819,2.6098096,7.110558
3,935,69.22096,2.54753,7.16361,69.43628,2.4470987,7.0685186
3,936,67.13415,2.397984,7.0510135,67.12664,2.3711796,7.023266
3,938,68.98373,2.4236112,6.980955,68.81275,2.4146245,7.052398
3,946,72.28098,2.3373797,6.591819,72.41462,2.3469226,6.625334
3,948,67.943954,2.6805685,7.4025407,68.00796,2.672287,7.3726273
3,949,71.14569,2.2337005,6.817762,71.0096,2.2217216,6.8177524
3,950,68.418594,2.234786,6.908692,68.33172,2.224788,6.9376936
3,951,72.12408,2.3544598,7.458247,72.56399,2.320087,7.4674096
3,955,72.66549,2.1808288,6.4497485,72.47512,2.1780565,6.4137883
3,956,72.27792,2.0866144,6.479034,72.24628,2.1141024,6.4149995
3,959,70.79153,2.5644705,7.196731,70.798225,2.5831962,7.2054152
3,962,69.12097,2.438978,7.2185845,69.45795,2.4796698,7.198537
3,968,68.984795,2.5281541,7.3585105,69.05303,2.5623422,7.299522
3,969,74.51152,2.0241098,6.319081,74.379715,2.0498805,6.303618
3,976,70.87423,2.1984968,6.435749,70.74956,2.229121,6.4523387
3,978,69.74104,2.6044369,7.257086,69.1985,2.618859,7.3023005
3,988,70.00543,2.1581388,6.9464073,70.15888,2.181118,6.9080086
3,990,72.223434,2.3514895,6.834652,71.90083,2.3697765,6.8203106
3,992,68.691216,2.3996022,6.9679894,68.494545,2.3705544,6.980399
3,995,70.02296,2.3542664,7.3951015,70.118866,2.3846717,7.3572097
3,1002,66.09315,2.2955506,6.9951873,66.16315,2.226037,6.98457
3,1021,69.759674,2.3911598,6.875985,69.6605,2.42405,6.888103
3,1028,74.40416,2.364661,6.8174477,74.05374,2.346464,6.801758
3,1036,71.18131,2.1157684,6.509385,71.13856,2.1528187,6.4603662
3,1039,69.23353,2.3672283,7.103971,69.208435,2.3723063,7.0993924
3,1041,67.87491,2.1745486,6.7057505,68.290405,2.1975408,6.6895194
3,1043,70.00648,2.4801855,6.968059,70.03886,2.462484,6.959078
3,1063,73.125565,2.1864724,6.7965746,72.84429,2.1575403,6.8312817
3,1072,72.236626,2.3002667,6.6296716,72.083336,2.309002,6.6557417
3,1076,70.98019,2.390458,6.7898693,71.070496,2.3447297,6.795912
3,1080,70.3918,2.6020179,6.9297533,70.13684,2.5861123,6.967056
3,1086,74.85847,2.204151,6.589396,75.00615,2.171163,6.5819225
3,1087,70.87829,2.5521429,7.1683125,70.644394,2.5629644,7.229896
3,1093,70.03612,2.3104951,7.3318267,70.52408,2.2741346,7.281578
3,1097,69.41327,2.1066754,6.4709544,69.610634,2.108079,6.473729
3,1108,69.23478,2.124479,6.7234945,69.10212,2.1368244,6.740539
3,1112,70.74548,2.1683216,6.3976583,70.54923,2.2236276,6.4675026
3,1115,74.31904,2.3411367,6.887645,74.44188,2.3548145,6.9170065
3,1118,67.69232,2.6244957,7.2741776,67.82385,2.6575656,7.3081584
3,1120,68.35638,2.697922,7.4812284,68.71622,2.7014732,7.4834404
3,1121,67.760376,2.2276273,6.6673636,67.46689,2.1979814,6.656129
3,1124,72.41949,2.6026208,7.5916343,72.48158,2.5795221,7.556989
3,1128,72.75833,2.3388634,7.213133,72.70398,2.3521225,7.1672335
3,1129,70.58879,2.0138268,6.2600446,70.38875,2.0395267,6.278564
3,1130,74.10806,2.0581691,6.8077254,74.18762,2.0311284,6.762342
3,1132,72.30862,2.1606119,6.972868,72.331924,2.138691,7.0307198
3,1136,67.77035,2.774345,7.675559,67.91713,2.7915757,7.6939154
3,1137,68.57292,2.3797157,7.0850964,68.59811,2.3677104,7.100853
3,1140,69.33954,2.617263,7.4061685,69.51646,2.6340854,7.4036913
3,1144,72.50035,2.3700237,6.99445,72.506744,2.3787322,7.012084
3,1152,69.98485,2.3816404,6.97798,69.89875,2.4081597,6.973466
3,1162,74.40775,2.13178,6.6677694,74.84972,2.1248772,6.6982074
3,1174,70.08843,2.4148893,6.676963,69.90146,2.4147594,6.6602993
3,1179,73.050186,2.180197,6.372073,73.255196,2.150634,6.4192467
3,1189,71.61766,2.4414525,6.919623,71.54376,2.4666653,6.915923
3,1191,67.735695,2.2754662,7.0021405,67.87086,2.2888045,6.9888244
3,1200,69.27452,2.2744195,6.821176,69.37673,2.3156736,6.8465934
3,1201,72.39374,2.4268384,7.0115166,72.116325,2.441054,7.0035405
3,1215,71.17294,1.9797099,6.0928597,71.174995,1.9264814,6.1062574
3,1216,71.307175,2.4861417,6.876343,70.754715,2.4896135,6.906592
3,1221,72.06959,2.291287,6.685887,71.75839,2.3232932,6.681988
3,1224,68.33798,2.367517,6.659951,68.314804,2.3727708,6.657682
3,1231,66.0,2.1890635,6.932933,64.10195,2.1660476,6.916981
3,1244,70.64973,2.400378,6.7554674,70.78584,2.4225533,6.820492
3,1245,72.12456,2.48718,7.6071677,72.45189,2.4635844,7.5945377
3,1247,73.37686,2.2130408,6.63894,73.80523,2.2355847,6.622284
3,1249,70.13564,2.5428965,7.0666575,70.328064,2.5168056,7.1127133
3,1252,70.12235,2.6600351,7.02852,69.92636,2.6364174,7.0486455
3,1255,73.13407,2.0829644,6.8384695,72.8587,2.074204,6.8108487
3,1257,69.875275,2.418766,7.4770803,70.13537,2.419979,7.4652276
3,1262,70.82316,2.2726057,6.767536,70.71181,2.3274958,6.8201513
3,1272,71.55039,2.3371997,6.7926893,71.45353,2.2862797,6.7733827
3,1285,71.140854,2.58351,7.5114055,71.03834,2.5693614,7.46841
3,1294,69.73462,2.43901,6.795787,70.05124,2.452994,6.8429313
3,1295,72.61809,2.2492204,6.6046576,72.55074,2.289894,6.6542807
3,1305,71.60305,2.111699,6.547667,71.08345,2.1509917,6.5540833
3,1306,71.29507,2.0524814,6.4964843,70.89952,2.084239,6.5047407
3,1313,70.86999,2.1287568,6.539991,70.48,2.1633816,6.5292506
3,1319,66.91028,2.0863457,6.58731,67.10261,2.1301107,6.634597
3,1324,69.01076,2.4435937,6.966564,68.777916,2.4040701,6.96683
3,1327,67.54097,2.1106706,6.677944,67.92956,2.169815,6.6831827
3,1334,69.91583,2.5602865,6.9321074,70.30116,2.5670378,6.944824
3,1339,69.99999,2.4011474,7.2621045,70.14613,2.4373326,7.2500114
3,1340,68.28203,2.5913897,7.2407312,68.02865,2.5632782,7.2683487
3,1346,73.55277,2.47023,7.1215615,73.32073,2.5078988,7.148968
3,1351,70.964775,2.4259286,6.898135,70.94,2.4750473,6.8985434
3,1359,69.98406,2.6613328,7.469145,70.10057,2.6123762,7.435724
3,1372,68.49041,2.6317239,7.218347,68.498,2.6441832,7.188965
3,1374,71.82951,2.2950337,6.6555796,71.48614,2.2955275,6.641012
3,1377,72.542694,2.2880318,6.6228237,72.55047,2.2567065,6.622185
3,1381,67.926506,1.9877033,6.4043326,68.65295,2.0560215,6.435652
3,1382,70.05687,2.281612,6.652996,70.15834,2.2823906,6.638618
3,1383,71.08799,2.6280715,7.201243,71.230354,2.6295779,7.1871758
3,1385,74.08982,2.1780338,6.466768,74.124176,2.166592,6.498474
3,1386,69.08449,2.5317516,7.1808667,69.16255,2.5721886,7.176968
3,1398,68.77416,2.425438,6.7571697,68.759,2.4677458,6.8047457
3,1402,67.2334,2.4008722,6.9937563,67.524574,2.3438697,6.9799905
3,1403,72.318344,2.1166866,6.7142735,72.57767,2.195564,6.7315383
3,1408,71.41872,2.536519,7.3142467,71.484,2.5228407,7.3062353
3,1419,67.902954,2.5227678,7.1854367,67.67663,2.5250163,7.174791
3,1420,71.95155,2.4327145,7.195816,71.38265,2.3524773,7.1923037
3,1428,73.233444,2.1864336,6.507865,73.14904,2.2010624,6.5598702
3,1429,70.95226,2.2685823,6.7224,71.21388,2.2944262,6.6963377
3,1443,72.12352,2.352991,6.877575,71.61109,2.3582234,6.893371
3,1445,70.537415,2.468321,7.0200777,71.06795,2.412204,6.991144
3,1448,72.665474,2.245593,6.7283435,72.83022,2.295387,6.7665606
3,1458,68.78178,2.242245,6.6417785,68.799324,2.227555,6.638991
3,1464,70.93005,2.4598906,6.800889,70.780914,2.466498,6.837912
3,1469,71.47129,2.4016552,6.915241,71.58854,2.4253924,6.8905663
3,1483,73.37507,2.230054,6.6965957,73.672844,2.220816,6.69415
3,1484,74.3997,2.135408,6.4903946,74.306366,2.1069791,6.4275937
3,1486,76.83167,2.0027351,6.4216294,77.0099,2.003028,6.396668
3,1487,69.710236,2.2250428,6.5813293,69.65352,2.2018766,6.5988317
3,1499,66.0,2.2586844,6.8446436,64.07876,2.0857224,6.785246
3,1501,71.05198,2.3996806,7.3892016,71.10146,2.3888874,7.36193
3,1507,68.03914,2.3023732,6.9042554,68.11473,2.3406417,6.937827
3,1510,66.0,2.6498015,7.5112696,65.68383,2.6702425,7.5249944
3,1513,68.50686,2.5995362,7.0290213,68.37478,2.5476637,7.012162
3,1517,67.8276,2.4598186,7.148447,68.12096,2.430687,7.0798397
3,1520,68.66641,2.536848,7.266034,68.42481,2.5160913,7.2300615
3,1522,71.65649,2.1182463,6.4095526,71.46219,2.1170819,6.4032273
3,1526,70.43676,2.4514647,6.695063,70.49686,2.4027617,6.687067
3,1528,71.66397,2.4630032,6.9147654,71.73585,2.4609497,6.930773
3,1535,68.18619,2.4688675,7.2325497,68.12205,2.458469,7.212934
3,1539,75.108,1.9585886,6.285864,74.72883,1.9700612,6.2749133
3,1550,69.72847,2.4103072,6.897607,69.73934,2.3959272,6.8883767
3,1553,71.37924,2.2599168,6.6678042,70.902534,2.2863524,6.696512
3,1556,71.5748,2.379823,7.2146244,71.63171,2.321661,7.178921
3,1563,69.19394,2.449921,7.102434,69.42327,2.4534938,7.100803
3,1576,71.322075,2.4470417,7.320092,71.345764,2.4653347,7.344146
3,1578,69.43615,2.3733013,7.600625,69.96023,2.3855324,7.529531
3,1580,70.3432,2.7027478,7.506995,70.33853,2.6908824,7.4897466
3,1584,69.53484,2.7501516,7.2095447,69.38496,2.7001204,7.207946
3,1586,69.45355,2.6483848,7.031591,69.24309,2.5793986,7.054076
3,1597,73.023,2.1952908,6.5755725,72.737274,2.2297392,6.560728
3,1598,69.41293,2.6526198,7.619297,69.19778,2.6386373,7.617621
3,1599,70.4954,2.3111744,6.781508,70.67446,2.3359923,6.7822447
3,1605,75.85728,2.1555355,6.7445097,75.65137,2.1809692,6.7039704
3,1623,68.95362,2.515829,7.107106,69.27643,2.5078752,7.116454
3,1626,68.7151,2.6685462,7.3349156,68.80506,2.685059,7.331715
3,1645,69.073364,2.5634654,7.0582714,69.303375,2.548582,7.0438
3,1653,70.717636,2.3051877,6.816264,70.95876,2.2634048,6.773613
3,1658,72.21876,2.2396083,7.157066,72.485664,2.2653663,7.0748334
3,1667,69.17593,2.573314,7.4178357,69.24634,2.5658472,7.4082565
3,1686,71.63868,2.2727697,6.62973,71.94686,2.2798123,6.6066823
3,1687,71.67778,2.5554817,7.3434014,71.65819,2.577898,7.2837915
3,1688,66.0,2.3723755,7.2623677,65.86329,2.4084713,7.2689214
3,1689,71.53884,2.4978108,6.9503775,71.546074,2.4644578,6.901327
3,1699,68.78194,2.4937155,7.208291,69.19638,2.5075407,7.1572433
3,1700,67.71903,2.6420095,7.4566946,67.939316,2.6662142,7.4804616
3,1710,68.62115,2.3966587,6.71461,68.72304,2.3638372,6.745847
3,1721,71.65844,2.444593,6.936349,71.83469,2.4700875,6.8949547
3,1724,69.196594,2.5075815,6.8239117,69.55717,2.5050092,6.788429
3,1725,70.488976,2.323012,6.756732,70.60383,2.364665,6.7764173
3,1728,66.0,2.4131048,7.1126504,65.812,2.4177153,7.1754007
3,1732,72.27375,2.0255291,6.2796,72.35595,2.0179484,6.298433
3,1738,70.42788,2.0750473,6.384431,70.09644,2.0862975,6.4009333
3,1760,68.91582,2.518938,7.117967,68.675896,2.5456696,7.10185
3,1761,70.71637,2.5432403,7.5192723,70.802666,2.5324826,7.4167595
3,1762,68.65657,2.154486,6.60915,68.55887,2.2033994,6.6108203
3,1764,66.7615,2.6583114,7.3652897,66.60307,2.6605823,7.3776593
3,1766,71.76784,2.4719977,7.051381,71.58375,2.4786954,7.0496283
3,1769,71.651184,2.3417933,6.7331038,71.423164,2.3335552,6.7524376
3,1772,68.69219,2.85,7.7271843,68.8242,2.8058956,7.7267194
3,1775,74.32293,2.3549473,6.8805294,74.4112,2.3580492,6.8316565
3,1785,70.943184,2.543193,7.148252,71.06994,2.5845847,6.9919815
3,1786,66.94787,2.3153172,7.039068,66.55531,2.3526924,7.0334644
3,1787,72.45439,2.2633855,6.7921295,71.98554,2.279626,6.784551
3,1790,68.436264,2.5257025,7.1600246,68.695946,2.5356426,7.1290684
3,1797,71.65628,2.50096,7.0078,71.544464,2.488645,7.04168
3,1806,73.1207,2.2046607,6.8445506,73.379234,2.1949537,6.8625836
3,1809,71.06496,2.525304,7.256783,70.93454,2.5341232,7.215203
3,1811,68.69955,2.45629,6.909599,68.641205,2.4383016,6.908838
3,1819,70.23569,2.58296,7.0088134,70.17443,2.6090882,7.0105176
3,1821,73.572624,2.1623955,7.171648,73.79147,2.172804,7.203259
3,1829,66.82948,2.1211658,6.7546754,66.9531,2.1397076,6.7522388
3,1834,71.65291,2.50554,6.9207664,71.73582,2.492577,6.906471
3,1835,68.006996,2.418556,6.925462,67.763306,2.4487042,6.9442267
3,1838,73.81757,2.2683372,6.659091,73.35662,2.3050916,6.658933
3,1846,69.99507,2.4481006,6.958578,69.91834,2.4573255,6.9764028
3,1847,68.771904,2.2060943,6.564989,68.79648,2.19915,6.578109
3,1857,71.876564,2.2678027,6.6338973,71.75389,2.2633243,6.647445
3,1872,70.35724,2.631011,7.3497677,70.18346,2.6087468,7.351352
3,1876,74.11658,2.074683,6.3709903,74.06475,2.110611,6.405583
3,1877,69.67393,2.7839122,7.6323195,69.49929,2.7668552,7.5812106
3,1878,69.5094,2.6865792,7.3474965,69.478226,2.6680508,7.339689
3,1883,70.8427,2.4175198,6.701011,71.07421,2.380848,6.739829
3,1884,70.84727,2.5789034,7.4872293,70.55544,2.5705137,7.5366054
3,1888,67.11512,2.6946502,7.408553,66.62237,2.6519775,7.4215717
3,1890,68.45629,2.3804417,6.857574,68.64579,2.3990555,6.8149767
3,1898,70.496666,2.2558677,6.7391925,70.58668,2.2570622,6.754732
3,1901,69.56011,2.6855633,7.662625,69.13288,2.715345,7.697353
3,1907,69.39094,2.8322601,7.6667557,68.938194,2.7940269,7.7020464
3,1910,67.88809,2.2849739,6.8433313,67.92844,2.2872682,6.8397913
3,1913,70.78645,2.312436,6.922584,70.73139,2.3100226,6.9184604
3,1915,72.22149,2.3462257,6.9131618,72.35567,2.2969449,6.9133644
3,1916,70.93815,2.0548954,6.4427137,70.45077,2.0498092,6.4044538
3,1918,71.57556,2.2761328,6.7228,71.80776,2.283045,6.7128077
3,1924,68.43167,2.4372234,7.19784,68.42506,2.4751334,7.229652
3,1927,68.998795,2.4801323,7.097825,69.14533,2.495209,7.0841694
3,1934,73.45803,2.138297,6.429252,73.1581,2.114248,6.41907
3,1946,69.886505,2.5185728,6.9500136,70.06746,2.4910629,6.918893
3,1958,69.36012,2.576416,7.0326176,69.833046,2.5416918,7.032391
3,1960,78.046715,1.976241,6.687046,77.89109,1.9805342,6.624725
3,1975,70.41789,2.6726909,7.2394633,70.215195,2.606345,7.284453
3,1978,70.73025,2.4008222,6.909057,70.91758,2.4038315,6.8992686
3,1984,76.40084,1.8690469,6.568469,76.38271,1.9238733,6.5524235
3,1985,68.64821,2.2422795,6.826386,68.75104,2.2470055,6.808797
3,1986,72.52561,2.232597,7.035421,72.15179,2.2173612,7.0485616
3,1988,69.98254,2.3811233,6.829171,69.968704,2.3702817,6.807723
3,1989,73.6692,2.1471457,6.376329,73.47924,2.111315,6.373119
3,1990,70.81738,2.0353074,6.427216,70.62245,2.1199095,6.448929
3,1994,75.06923,2.045515,6.557883,75.0248,2.0660336,6.525704
3,1999,70.80825,2.2093809,6.459795,70.94266,2.211865,6.4960785
4,19,72.659615,2.0406477,6.343612,72.78068,2.0706367,6.3607883
4,21,70.14508,2.3315825,6.611979,70.0171,2.3466492,6.6151924
4,25,69.02457,2.3657331,6.872344,68.74191,2.3846464,6.9228835
4,36,67.9065,2.484949,7.0996137,68.17582,2.482566,7.1038475
4,40,74.6885,2.177672,7.110741,75.11862,2.1159182,7.0804143
4,51,71.32185,2.2679424,6.847699,71.368835,2.2568815,6.873567
4,55,68.73332,2.6747541,7.5093765,68.80661,2.6627219,7.5468764
4,63,69.685196,2.2650275,6.8961887,69.37651,2.2653568,6.8384166
4,67,71.84604,2.189117,6.974536,72.296486,2.2432885,6.961491
4,70,73.13952,2.14099,6.799874,73.055595,2.1734176,6.8547006
4,72,71.89386,2.209775,6.6449485,72.298485,2.2160082,6.6815257
4,74,67.850716,2.5919104,7.3911076,67.96644,2.5889664,7.3624444
4,75,70.49973,2.2525935,6.4515405,70.652824,2.2639916,6.4636116
4,78,72.53453,2.20823,6.6656213,72.82176,2.162988,6.640893
4,82,69.01691,2.600252,7.18704,68.88173,2.6001966,7.225516
4,85,72.00688,2.2055788,7.054353,72.01697,2.2533352,7.0648956
4,96,73.17715,2.3970819,6.8904057,72.79473,2.3954024,6.985598
4,113,69.52177,2.4478087,7.143631,69.34558,2.5067806,7.12324
4,117,68.09848,2.358657,7.006234,68.38334,2.327532,6.9777517
4,128,72.177505,2.3544292,6.689228,72.30729,2.3494596,6.681271
4,131,70.50602,2.5997493,6.9367957,70.36333,2.5467443,6.9522767
4,133,72.39143,2.0799406,6.606873,72.13058,2.1251948,6.566803
4,135,72.77319,2.4398983,7.040038,72.78226,2.4497566,7.0382223
4,139,69.94226,2.1354556,6.666522,69.93914,2.1674092,6.704833
4,142,71.82605,2.5793808,7.259017,71.94351,2.5847049,7.2552114
4,143,70.107414,2.3021634,6.990871,69.95235,2.2922406,6.9132576
4,146,71.625046,2.3205771,6.892376,71.54485,2.322397,6.8617926
4,151,67.99441,2.2244232,6.686905,68.77873,2.170339,6.7017508
4,157,68.24281,2.2491562,6.91448,68.37001,2.2855191,6.932307
4,161,73.53566,2.321195,6.775501,73.32513,2.2721214,6.738474
4,163,71.07819,1.799863,6.115042,72.09382,1.795495,6.0931206
4,169,69.13716,2.4221487,6.931857,69.70409,2.4236445,6.9144006
4,170,70.53348,2.562348,7.1686134,70.278046,2.566222,7.1709113
4,172,71.757576,2.2605176,6.7393093,71.81198,2.211302,6.7489076
4,176,73.475464,2.2207832,6.614415,73.38586,2.250727,6.6242747
4,187,69.40274,2.7224681,7.082574,69.38898,2.6575074,7.0950813
4,191,72.04316,2.261602,6.920231,72.0267,2.2654982,6.9217095
4,192,69.670586,2.5956693,7.032104,69.60867,2.56468,7.039888
4,196,74.8214,2.1373026,6.5691357,74.88576,2.085362,6.5864
4,199,70.31929,2.3326724,6.630434,70.517494,2.3606482,6.6119776
4,200,66.96909,2.8065932,7.5888834,67.2214,2.746127,7.6285877
4,206,71.28982,2.2711844,6.3840685,71.28572,2.1998374,6.381555
4,207,71.056206,2.2748594,6.5864534,71.213036,2.313628,6.651466
4,213,66.36921,2.6127303,7.2597895,66.71081,2.592232,7.2364054
4,215,72.31976,2.2963333,7.251865,71.9459,2.3754566,7.3257737
4,217,72.196106,2.2091243,6.495804,72.21553,2.1774712,6.5157084
4,220,69.51569,2.6310787,7.7563767,69.42858,2.649169,7.7515855
4,221,68.54486,2.4901285,7.1390743,68.30468,2.479861,7.1495028
4,227,69.96265,2.6396942,7.1063523,69.534,2.6332877,7.124184
4,232,75.53133,1.8538551,6.1971197,75.79564,1.9181238,6.173069
4,233,67.55301,2.807332,7.5259786,67.66629,2.7819302,7.5470786
4,239,71.392235,2.3703763,7.5880933,71.16925,2.3935866,7.618149
4,240,73.58236,2.2407694,6.918192,73.77849,2.2614057,6.924316
4,244,71.81055,2.1930406,6.835856,71.96364,2.208148,6.7917657
4,255,70.06802,2.3472035,6.9468265,70.63451,2.3191004,6.914117
4,256,72.438576,2.287297,7.1289444,72.816536,2.2832901,7.0879917
4,268,69.43191,2.6917386,7.5038457,69.613594,2.727347,7.5411477
4,271,70.50639,2.439255,7.391811,70.899155,2.4231548,7.3381605
4,274,77.383255,1.8668184,6.5144205,76.9453,1.9199597,6.5527973
4,278,71.246826,2.3643253,6.595589,71.38828,2.3573284,6.598463
4,283,70.64456,2.461673,7.120677,70.876755,2.4599624,7.0751157
4,289,69.1279,2.3992205,6.7058325,69.37893,2.354521,6.731832
4,291,70.67514,2.5798268,7.4284744,70.783615,2.6199124,7.406175
4,294,68.346344,2.5440257,7.3022437,68.515945,2.5522492,7.2969823
4,298,69.48085,2.4079285,7.573042,69.52714,2.3721166,7.58487
4,304,71.08263,2.2159553,6.582994,70.772736,2.2645035,6.5965557
4,311,70.7243,2.3104625,6.834225,70.765434,2.3455453,6.813559
4,314,68.48605,2.7741323,7.7831426,68.66551,2.7668438,7.7719464
4,322,69.25657,2.7475505,7.1774664,69.62248,2.7196825,7.2205176
4,333,68.120995,2.585857,7.2589054,68.29195,2.6037803,7.2434344
4,335,74.20045,2.2840598,6.6551623,74.183266,2.3520956,6.689732
4,336,72.868935,2.4457748,6.987997,73.10049,2.3942332,6.944319
4,340,70.608116,2.3128633,6.6137834,70.69735,2.3289104,6.6809154
4,341,68.86141,2.3998835,7.135481,69.26095,2.4289312,7.1299725
4,344,70.21565,2.4904852,6.9930224,70.51811,2.4574645,6.9776564
4,356,66.48946,2.6012766,7.425147,66.74788,2.626846,7.428966
4,359,66.0,2.5511687,7.5539546,63.530304,2.611196,7.6011047
4,360,73.46004,2.2558758,7.071692,73.35535,2.2977242,7.107799
4,361,73.12079,2.3034043,7.119419,73.15437,2.2879164,7.124517
4,372,68.5827,2.4856741,7.1731534,68.64093,2.4715502,7.140996
4,373,71.22704,2.2304254,6.4307275,71.27981,2.2497456,6.467739
4,383,69.75383,2.550956,7.2912226,69.58958,2.5282943,7.308366
4,388,70.99872,2.3774207,6.6350183,71.18896,2.3846793,6.7022314
4,393,70.459274,2.2906952,6.762848,70.54159,2.3110933,6.7829075
4,405,70.57524,2.4285474,6.8864765,70.52809,2.4193869,6.920654
4,408,68.35553,2.6341953,6.975186,68.95241,2.5658588,6.965601
4,409,72.13991,2.3126698,7.172365,71.98,2.3119717,7.1746035
4,411,72.80078,2.1374831,6.663445,72.65733,2.1594107,6.6865172
4,417,71.948326,2.2141862,6.6893387,71.46586,2.245681,6.6982656
4,421,67.77636,2.3922336,7.1887865,67.79292,2.4306312,7.2114625
4,432,66.04601,2.829393,7.6721706,66.34087,2.7750087,7.669903
4,433,70.841385,2.2994664,6.5094047,70.61011,2.2801335,6.5233755
4,434,67.3323,2.6084745,7.2520766,67.77077,2.5938542,7.258022
4,436,71.87136,1.9328771,6.236623,71.92835,1.9381732,6.247863
4,437,70.386566,2.5568428,7.5627656,69.99888,2.5512357,7.5654087
4,439,70.7651,2.385362,6.7315917,70.850945,2.3940637,6.7177286
4,446,68.49427,2.6861513,7.3943815,68.89083,2.626097,7.358922
4,449,75.175186,2.1521788,6.7256083,75.16349,2.1650023,6.669402
4,465,74.0167,2.5036826,7.1292577,73.89475,2.4587216,7.1070666
4,469,73.37799,2.41266,7.3694234,73.06929,2.395061,7.4008646
4,474,72.45386,2.26022,7.038739,72.2404,2.2595108,7.055925
4,482,70.417786,2.517905,7.2652655,70.41442,2.492968,7.2958198
4,494,73.76861,2.2628393,6.653926,73.532196,2.2990913,6.6766896
4,502,68.30944,2.6753142,7.396896,68.35804,2.6946592,7.4008746
4,509,69.30509,2.3029797,6.847191,69.26024,2.253145,6.860895
4,525,70.2433,2.587855,7.08707,69.999825,2.6203911,7.118261
4,530,67.43998,2.7121704,7.453253,67.65715,2.713718,7.443126
4,532,73.66337,1.91593,6.143224,73.56446,1.9217045,6.1251554
4,533,68.19902,2.4894488,6.746469,68.41249,2.4425333,6.771817
4,540,66.0,2.153636,6.8089523,65.85233,2.1682477,6.83346
4,541,69.3973,2.117285,6.4311547,69.435486,2.1405811,6.444195
4,546,68.045456,2.2864857,6.6498585,67.86064,2.3273673,6.6895165
4,547,66.18737,2.1933904,6.9418316,66.28189,2.233446,6.9667444
4,555,71.05873,2.0124588,6.238886,71.26074,2.0539434,6.2050767
4,558,69.080956,2.604669,7.32791,69.4195,2.6155558,7.3025312
4,565,71.48562,2.1893184,6.784783,71.83737,2.1953926,6.762438
4,569,66.61753,2.5311153,7.255133,66.47395,2.5013247,7.2618856
4,574,70.35652,2.3674548,7.027327,70.1664,2.397766,6.982237
4,581,72.05141,2.095385,6.234841,72.1774,2.0948415,6.215542
4,587,73.19749,2.2571728,6.740639,73.14217,2.2980282,6.799241
4,588,70.12462,2.294228,6.8310075,69.8853,2.36447,6.854733
4,591,70.26456,2.3820295,6.724223,70.21068,2.3774874,6.6906233
4,597,71.88985,2.200858,6.647046,72.30761,2.2019446,6.6175823
4,600,71.164444,2.5880282,6.975552,70.59114,2.5315545,6.9700255
4,602,71.16557,2.1931765,6.6497526,70.9327,2.2392848,6.6214786
4,603,72.33184,2.3944464,7.4691873,72.13863,2.4142919,7.5406914
4,610,72.97042,2.4736469,6.9780297,72.305534,2.4688754,7.007164
4,612,68.90406,2.102213,6.4088254,68.871414,2.117732,6.4431977
4,618,69.38251,2.3076947,6.4556293,69.35608,2.282529,6.5075164
4,627,67.705734,2.6890254,7.4037375,67.8016,2.710714,7.439835
4,629,70.72349,2.6473517,7.255358,70.798615,2.6853478,7.2876644
4,638,73.5449,2.3801053,7.0308166,73.65266,2.3442738,7.0182934
4,647,71.6976,2.2729895,6.6967072,71.793,2.2665994,6.677251
4,655,69.31289,2.2386174,6.678281,69.077576,2.236765,6.6815186
4,667,68.824684,2.148956,6.8705087,68.7419,2.1808827,6.8288774
4,668,74.35921,2.171487,6.5529265,74.35769,2.1254318,6.5102167
4,672,70.72425,2.4338472,6.8555326,70.801414,2.4071217,6.8464336
4,675,69.37787,2.2769318,6.58622,69.502045,2.317818,6.6210446
4,695,72.002785,2.3183293,6.861211,72.27268,2.3361986,6.8277416
4,701,67.86128,2.5375726,7.283257,67.87561,2.568508,7.3556495
4,707,70.963745,2.5951822,7.3767743,71.140594,2.5691857,7.328994
4,710,71.133545,2.214589,6.3948464,71.00791,2.1956394,6.44505
4,711,72.01095,2.1304004,6.283248,71.53654,2.1252148,6.3657928
4,717,77.50296,2.0338054,6.9528403,78.16194,1.9593453,6.9729495
4,719,66.0,2.6998534,7.4915204,65.80977,2.6806712,7.547714
4,721,69.767746,2.5825176,7.154221,69.85556,2.5803726,7.15586
4,722,73.023674,2.2822561,6.6813583,73.32909,2.2400455,6.721328
4,723,74.280396,2.409886,7.1149673,74.61032,2.366934,7.1473427
4,724,70.748955,2.2560458,6.785578,71.035416,2.263554,6.830893
4,729,69.574196,2.270798,6.647998,69.593,2.3015468,6.6594586
4,730,70.86036,2.4303048,6.947022,70.66229,2.4246042,6.947751
4,736,71.09101,2.3390477,6.958363,71.01803,2.3609228,6.9798775
4,743,69.33561,2.3509977,6.7762585,69.79943,2.415171,6.825973
4,747,69.97554,2.1184175,6.72652,69.61431,2.1690116,6.7348986
4,753,72.549164,2.1019003,6.2926126,72.33462,2.1190176,6.336004
4,754,67.95994,2.5436602,7.2009835,68.16846,2.4890316,7.1784043
4,756,71.65499,2.5282965,7.0723124,71.58852,2.5184965,7.07854
4,761,68.8027,2.85,7.7544622,68.544876,2.8237038,7.741641
4,765,68.8865,2.2866352,6.7833743,68.86077,2.3012695,6.7740326
4,769,73.08768,2.507901,7.1330748,72.763725,2.4908602,7.146757
4,771,68.57641,2.408203,6.79109,68.49471,2.4184625,6.807129
4,781,70.26981,2.6203282,7.0393157,70.38491,2.5673807,7.0616736
4,790,70.89364,2.417763,6.831438,70.69436,2.34976,6.8619103
4,791,73.669205,2.4686043,7.3773627,73.39401,2.4359171,7.3820415
4,809,69.58791,2.2323213,6.891519,69.590225,2.2397528,6.8973675
4,816,68.57951,2.4124987,7.268019,68.35139,2.4439402,7.2681656
4,832,71.78191,2.4437704,6.9294915,71.48753,2.4955304,6.9948773
4,842,70.97995,2.638281,7.4673967,70.87005,2.6689425,7.5218153
4,849,71.07394,2.717225,7.3372445,71.054405,2.6681502,7.3241553
4,856,73.38305,2.3292391,6.918668,73.41262,2.340229,6.9024463
4,860,68.962746,2.3732588,6.8313313,69.07877,2.3625627,6.8572965
4,869,71.82911,2.4034317,7.037489,72.06213,2.4028718,7.0331826
4,871,67.83465,2.5589185,7.2026124,67.65483,2.5761726,7.24245
4,873,73.227585,2.4739413,6.902812,72.97023,2.4245834,6.9158993
4,874,68.883446,2.513396,7.2020783,69.10752,2.5206566,7.185533
4,876,72.365105,2.0880928,6.288179,72.31358,2.095773,6.3535194
4,880,71.84962,2.457401,6.9037533,71.75852,2.4777162,6.923011
4,881,71.11896,2.2662053,6.6935277,71.14556,2.2702925,6.6770306
4,887,70.86725,2.2321851,6.5144935,70.99915,2.2027442,6.521285
4,890,69.92179,2.6336665,7.1570034,69.50067,2.5923421,7.1377525
4,897,68.57847,2.7094417,7.85,68.44387,2.6865838,7.9457955
4,898,70.45257,2.2800324,6.746712,70.94183,2.263085,6.736716
4,901,72.51427,2.2228386,7.111083,72.23649,2.2210631,7.100435
4,909,68.31372,2.4540763,7.211446,68.218544,2.4769876,7.210008
4,912,71.6616,2.4060488,6.8361516,72.02116,2.4312658,6.856361
4,913,71.221504,2.3884692,7.1337886,71.65882,2.3938296,7.144115
4,922,69.26675,2.397121,6.779875,69.20009,2.4784884,6.806469
4,925,69.25366,2.481446,6.9766455,69.307106,2.547849,7.029336
4,929,70.50058,2.6519322,7.0560846,70.914314,2.5817945,7.084753
4,933,70.94123,2.3664198,6.940476,71.10273,2.381671,6.909669
4,937,70.355,2.2751966,6.455979,70.59144,2.2666864,6.5265903
4,940,70.74126,2.3360486,6.842789,70.46312,2.350449,6.8473387
4,943,70.07278,2.2860925,6.8898144,70.15853,2.276533,6.915421
4,944,72.71837,2.243528,6.7789392,72.91211,2.225401,6.7932506
4,957,72.97624,2.4563797,7.4178476,72.653694,2.4388065,7.407125
4,961,67.9797,2.3327007,7.001058,68.35854,2.362767,7.0370965
4,963,69.620155,2.6307511,7.321539,69.78062,2.6599631,7.319201
4,975,70.68955,2.5142162,6.84652,70.704025,2.5017393,6.8795476
4,977,70.85012,2.339584,6.8507204,70.88472,2.3163,6.8517213
4,983,67.77877,2.5374422,7.2968755,68.22146,2.5625634,7.339658
4,985,73.213806,2.2992187,6.6501756,73.030785,2.2338927,6.595318
4,997,69.762764,2.3654501,7.1632805,69.72984,2.3903358,7.176149
4,1003,69.39314,2.6144152,7.2013345,69.26676,2.6148095,7.2219453
4,1010,68.00262,2.5142152,7.1162667,68.00241,2.5375466,7.180153
4,1012,70.84042,2.6413953,7.808828,70.87371,2.5212471,7.783978
4,1014,69.5137,2.6380951,7.3800187,69.40571,2.6595716,7.42681
4,1017,69.5658,2.4365776,6.8041563,69.42637,2.4397814,6.744459
4,1025,67.78576,2.5564957,7.02386,68.32134,2.5372927,7.0296216
4,1026,68.001595,2.7374086,7.5071416,67.79542,2.7241123,7.530461
4,1038,70.65826,2.539466,7.0044613,70.26229,2.4970632,7.032334
4,1040,68.49776,2.4417171,6.8724456,68.75582,2.4099042,6.871063
4,1045,72.95622,2.1433678,6.8054037,72.91351,2.2075675,6.813435
4,1048,67.76817,2.85,7.4491143,67.538086,2.785233,7.464401
4,1051,72.91018,2.3604434,6.958249,72.814575,2.2761252,6.9163003
4,1054,71.47278,2.2250745,6.6412344,71.31901,2.2173514,6.676785
4,1059,72.09865,2.4144938,6.835563,72.16143,2.3242123,6.792775
4,1060,70.95825,2.410208,6.8127737,71.04784,2.4113576,6.8324275
4,1068,69.93137,2.3375623,6.9298944,70.134346,2.2898655,6.916994
4,1069,66.05156,2.7427256,7.6128883,66.445984,2.7390382,7.572835
4,1073,71.017944,2.381946,7.235508,71.115,2.3582299,7.2408247
4,1077,67.66096,2.6946602,7.3447986,67.61049,2.700207,7.3556113
4,1079,71.11546,2.259539,6.723727,71.07626,2.254598,6.703312
4,1081,70.07934,2.6997116,7.633417,70.03616,2.7521076,7.6484385
4,1085,67.26782,2.153669,6.8428607,67.82242,2.1770613,6.88693
4,1090,70.629234,2.4813814,7.0442185,70.340225,2.488357,7.038636
4,1096,68.963455,2.493015,6.9079175,68.46114,2.4939053,6.9448447
4,1098,69.72159,2.4066334,6.740775,69.54844,2.369954,6.7715063
4,1100,72.76693,2.2276258,6.8251686,72.8103,2.2441092,6.8252716
4,1101,71.16327,2.4594839,7.0050774,71.31991,2.4477916,6.9782734
4,1107,70.50517,2.4410598,6.9229026,70.56957,2.459152,6.9523444
4,1109,74.99364,1.9160253,6.135676,74.81133,1.9517269,6.1684127
4,1114,71.59637,2.3510826,7.267784,71.519585,2.3632836,7.2763143
4,1122,69.93594,2.5202777,6.8519335,70.05244,2.5127347,6.83479
4,1125,70.65443,2.1536603,6.5027237,70.57378,2.167816,6.493636
4,1126,68.45392,2.3361568,6.7240543,68.87175,2.3475618,6.7560453
4,1138,67.231834,2.288415,6.8662105,67.4039,2.3473244,6.9027042
4,1145,71.65093,2.4210303,6.984475,71.89941,2.385238,6.941118
4,1148,67.44735,2.3928921,6.850548,67.461044,2.3982291,6.896965
4,1149,71.31307,2.489037,7.1642365,71.00596,2.5520265,7.1918445
4,1155,69.11279,2.5858524,7.415799,69.37437,2.6089904,7.46456
4,1168,70.08007,2.0536318,6.7092404,70.45918,2.074829,6.679919
4,1172,67.9949,2.6592069,7.3303485,68.04379,2.6539078,7.303851
4,1173,69.46987,2.295209,6.929754,69.475464,2.2946272,6.9140797
4,1178,73.506226,2.1349583,6.5749855,73.35914,2.147961,6.5793476
4,1187,68.229416,2.0706737,6.561313,68.48904,2.0804636,6.6087627
4,1208,70.80406,2.4972627,7.731777,70.75138,2.5084863,7.692301
4,1213,68.34719,2.5373707,7.072766,68.218994,2.5164232,7.096024
4,1225,68.750336,2.5744572,7.431452,68.28164,2.6224136,7.4406724
4,1236,73.657234,1.9920852,6.616861,73.668816,2.003211,6.72558
4,1239,67.81355,2.4717493,7.0494914,67.83344,2.470856,7.0768633
4,1240,70.80722,2.4127212,6.7349505,70.89333,2.4391828,6.8641253
4,1241,69.94572,2.4285474,7.093661,69.898285,2.4149485,7.078914
4,1242,71.53041,2.2823498,6.5588703,71.68646,2.2448077,6.5494227
4,1254,72.83202,2.252658,6.8438144,72.68417,2.2318478,6.8405943
4,1258,67.086426,2.8193767,7.775231,67.171036,2.8141425,7.7586384
4,1265,70.8423,2.3229234,6.808353,70.85663,2.3935614,6.834769
4,1268,73.31738,2.175633,6.354678,73.58394,2.1750958,6.340089
4,1278,73.13571,2.3162122,7.0233455,72.70545,2.3223774,7.076743
4,1281,69.40809,2.66672,7.626888,69.51659,2.6077983,7.6018786
4,1288,68.12255,2.63925,7.3471584,67.978386,2.6631098,7.3654447
4,1290,70.94772,2.4796336,7.097066,71.05653,2.441256,7.1232967
4,1292,72.172485,1.884528,6.031102,72.21175,1.8731327,6.056169
4,1293,70.550705,2.4309547,6.7778563,70.12047,2.4228072,6.821736
4,1304,71.172554,2.3742018,6.8330793,71.14348,2.3509111,6.8276644
4,1308,66.62093,2.3194442,6.901789,66.776436,2.2974277,6.9401665
4,1309,66.0,2.7618349,7.547553,65.71772,2.711895,7.5673676
4,1312,70.44629,2.7132003,7.158353,70.33041,2.6556826,7.137362
4,1322,69.2262,2.3026686,6.9006767,68.918846,2.2697494,6.907251
4,1328,68.967316,2.3465924,6.9777074,69.16879,2.3387368,6.9078107
4,1338,71.66563,2.1690664,6.656662,72.02757,2.1411114,6.603199
4,1349,69.579666,2.4855728,7.1659765,69.19577,2.5420384,7.1980453
4,1353,71.0285,2.3095467,6.6647944,71.19258,2.310713,6.675096
4,1357,73.691734,2.3102064,6.9100366,73.84834,2.350048,6.9063296
4,1366,69.9035,2.6362813,7.227947,69.84131,2.6580987,7.296972
4,1373,67.6431,2.8311205,7.8437414,67.6851,2.7940645,7.7868605
4,1376,70.03643,2.4585109,6.8639383,69.96224,2.4490716,6.8770757
4,1378,70.72312,2.4579473,6.9968038,70.81079,2.442784,7.009042
4,1388,72.63793,2.3557992,6.725678,72.80505,2.283597,6.71069
4,1397,70.31628,2.4811432,7.6880436,70.66324,2.5055885,7.690399
4,1409,71.45869,2.2057555,6.741167,71.544945,2.233161,6.740982
4,1410,75.60008,2.08453,6.490923,76.00236,2.0680134,6.468181
4,1411,72.371,2.2120194,6.4539623,72.69044,2.2190158,6.4271955
4,1415,71.44751,2.170069,6.3573475,71.31139,2.1632707,6.3009906
4,1416,74.71025,2.3961945,7.1679077,74.66857,2.3692703,7.1726756
4,1421,69.5892,2.7954423,7.6238713,69.89449,2.7257175,7.578348
4,1424,69.617935,2.5029266,6.944751,69.71503,2.4762583,6.96116
4,1431,71.65294,2.003395,6.5865927,71.863144,2.0401917,6.564397
4,1432,67.502914,2.6885529,7.507865,67.687225,2.6608806,7.508176
4,1433,71.21422,2.1524816,6.3822093,70.69753,2.1285365,6.3381553
4,1438,72.52163,2.5115387,6.996576,72.21161,2.533049,7.0213203
4,1442,68.18619,2.767678,7.283108,68.02999,2.7667966,7.3333197
4,1447,70.237236,2.096373,6.3358235,70.23022,2.0711975,6.3431287
4,1449,68.90304,2.6318622,7.184923,69.063225,2.5723388,7.209561
4,1452,74.255775,1.9610993,6.8574867,74.19736,2.0215578,6.7933493
4,1453,71.842224,2.0660553,6.443758,72.21819,2.1046221,6.4655895
4,1456,71.990005,2.4705448,6.9622464,71.84078,2.4670863,6.9799805
4,1466,72.452286,2.53437,7.076618,72.3645,2.5374036,7.0683517
4,1467,72.06114,2.3639023,6.7158113,71.48141,2.4059205,6.7486053
4,1468,70.9235,2.1929448,7.1904826,71.09051,2.1832364,7.1526413
4,1470,66.0,2.7443361,7.510491,66.2555,2.7166412,7.5656734
4,1490,72.73458,2.4601362,6.937682,72.99342,2.4317083,6.925974
4,1491,69.67659,2.6357324,7.1404543,69.53565,2.6264944,7.147935
4,1492,70.75595,2.3748913,6.7250023,70.7915,2.3481631,6.708795
4,1506,69.04156,2.4024534,6.930967,69.216644,2.3966107,6.9278035
4,1509,69.03426,2.5412092,7.2969427,69.26578,2.5834162,7.325027
4,1512,69.55616,2.6542459,7.173572,69.40473,2.6513364,7.190096
4,1515,73.278496,2.3705525,6.804561,73.33592,2.3676345,6.7934976
4,1521,71.66654,2.2785149,6.795897,71.20236,2.257862,6.774632
4,1536,75.03837,2.099582,6.422569,74.82965,2.0872567,6.391366
4,1538,70.48455,2.533894,7.350205,69.86021,2.601638,7.4000335
4,1540,70.258,2.1930506,6.65974,70.22406,2.2443109,6.664559
4,1545,72.15952,2.2286205,6.4231973,72.17353,2.1975214,6.42536
4,1546,75.505104,2.1968906,6.762097,75.78111,2.1913085,6.744751
4,1547,71.57951,2.4647412,6.9957824,71.79168,2.5217228,7.0133214
4,1551,66.90645,2.363227,7.19653,67.066246,2.3673077,7.16726
4,1560,69.33091,2.4545436,6.9456887,69.35229,2.4164555,6.965656
4,1567,69.68066,2.3112483,7.046995,69.61149,2.3014293,6.9866457
4,1568,69.76964,2.5977678,7.5278735,69.67237,2.6317995,7.565553
4,1569,70.611694,2.4453914,6.8745337,70.665405,2.430276,6.9160757
4,1577,70.46872,1.8193061,6.063511,71.172516,1.840636,6.0932755
4,1588,73.88946,2.3980622,7.207049,73.96408,2.3798513,7.215222
4,1590,72.371216,2.3714359,6.8140306,72.246414,2.3814206,6.8955026
4,1591,69.20127,2.6503463,7.400581,69.00133,2.6593146,7.474019
4,1592,67.0747,2.450799,7.344639,67.17821,2.4912727,7.4070015
4,1601,68.606285,2.4484305,7.0199585,68.72599,2.4318845,7.015094
4,1606,71.05776,2.628678,7.467932,71.38807,2.5720487,7.464218
4,1608,74.52097,2.083288,6.469625,74.860214,2.1176786,6.4678917
4,1611,69.024315,2.3717346,6.7761226,68.85453,2.361122,6.7955055
4,1614,70.16974,2.628557,7.149243,70.221596,2.6018116,7.1491594
4,1631,68.537285,2.6961353,7.5016646,68.973724,2.6782596,7.5469384
4,1632,70.05877,2.4838507,6.9706726,70.27813,2.4301128,6.947938
4,1635,67.82682,2.85,7.805276,67.97592,2.8599315,7.786844
4,1636,75.30196,2.2062027,6.8500037,75.21531,2.2636895,6.8936357
4,1637,71.78695,2.400147,7.2464943,71.09876,2.393874,7.2822165
4,1641,68.63079,2.4738114,7.2363353,68.50984,2.4766135,7.255837
4,1646,67.65547,2.603667,7.338279,67.90997,2.5722592,7.3364263
4,1649,67.51737,2.7497787,7.7369337,67.40783,2.729596,7.747717
4,1651,70.72982,2.57669,6.9686666,70.632484,2.5568862,6.9810824
4,1656,71.43125,2.3645809,6.8418336,71.81706,2.3520246,6.866238
4,1660,68.44418,2.5369034,6.945751,68.680855,2.5551572,6.9880714
4,1663,71.0929,2.0153835,6.528025,71.25094,2.0679317,6.4811807
4,1668,67.1277,2.4289212,7.096869,67.68616,2.4382691,7.114297
4,1670,72.74229,2.1872613,6.815978,72.30267,2.1779263,6.7479625
4,1673,71.1949,2.4302514,6.9409547,71.288864,2.447471,6.924035
4,1674,75.33986,2.0785182,6.8118005,75.49824,2.0721087,6.79716
4,1677,69.592354,2.6170137,7.0217724,69.6631,2.5926952,7.0016017
4,1682,74.07864,2.4782004,7.0848937,73.857025,2.4959226,7.1051273
4,1685,71.38516,2.2933369,6.770373,71.381874,2.298303,6.799044
4,1704,71.61011,2.4541383,6.847026,71.97868,2.4477801,6.8311195
4,1706,69.61906,2.347216,6.847613,69.90544,2.406219,6.8431525
4,1708,71.71266,2.3135784,6.820676,71.5604,2.3734107,6.8482533
4,1713,66.0,2.5986736,7.370739,66.33981,2.602446,7.3449388
4,1716,69.10953,2.6526654,7.484421,69.224075,2.6620004,7.511793
4,1717,70.37915,2.3367121,7.387122,70.35948,2.3436546,7.3756266
4,1720,68.10898,2.4350839,6.9664183,68.43956,2.4089036,6.977322
4,1722,68.15075,2.60178,7.0203004,68.08351,2.5793588,7.034151
4,1734,71.88836,2.5102417,7.1776915,71.4367,2.513619,7.184762
4,1737,73.475075,2.205394,6.68654,73.65469,2.2561574,6.6641097
4,1749,74.557816,2.0835109,6.841626,74.34873,2.0794895,6.8837576
4,1755,71.52282,2.2386303,6.4470687,71.11705,2.2475247,6.418981
4,1757,71.85048,2.6437154,7.148098,71.67698,2.654481,7.216323
4,1763,70.4215,2.49965,6.7325907,70.302376,2.464562,6.7131205
4,1773,74.21644,2.3052654,6.8176603,74.112755,2.2860491,6.8101435
4,1776,67.51647,2.681476,7.42233,67.80951,2.6369822,7.4074616
4,1777,70.96217,2.5818863,7.1844683,70.94173,2.6324987,7.205405
4,1799,70.22002,2.315368,7.088944,70.342094,2.367349,7.0720344
4,1804,71.25292,2.3671286,6.75985,71.06203,2.3512485,6.774831
4,1808,71.49869,2.5338652,6.898522,71.397484,2.5081248,6.9046493
4,1812,70.73842,2.2629757,6.612279,70.960434,2.2292588,6.6102657
4,1822,70.2897,2.0859723,6.2907095,70.10099,2.1015012,6.3078547
4,1824,74.011826,2.2195466,7.144476,73.79459,2.2797954,7.150848
4,1826,77.22149,2.1145484,6.952633,77.4486,2.1462324,6.961574
4,1828,71.12553,2.4018314,7.433442,70.78817,2.3889751,7.5751033
4,1836,67.24698,2.6718335,7.4442673,67.379814,2.6981866,7.451327
4,1839,68.460815,2.7693734,7.5724163,68.6899,2.7563987,7.5434127
4,1840,71.23585,2.3778393,6.877048,71.57536,2.3507698,6.8264513
4,1841,71.86769,2.3014028,6.6285043,71.90821,2.2363513,6.5972424
4,1842,73.022415,2.2535014,6.686679,72.94129,2.210788,6.6206923
4,1845,69.53093,2.2510376,6.628937,69.61532,2.2079825,6.6383224
4,1852,68.03325,2.4885235,7.2257543,68.02856,2.5494313,7.1814623
4,1853,71.92801,2.3902411,6.9837365,71.57712,2.3358443,7.0484223
4,1855,72.01407,2.195259,6.52877,72.02343,2.1911998,6.6002345
4,1856,71.81716,2.2463105,7.085768,71.87977,2.213988,7.04949
4,1864,72.151695,2.2258162,6.853419,72.33716,2.3051546,6.8467155
4,1866,69.29961,2.4243457,7.0351195,69.16603,2.4210298,7.092501
4,1870,71.70134,2.3908272,6.885041,72.18511,2.3537865,6.8958235
4,1873,69.88589,2.5026927,7.288107,69.91551,2.5225682,7.3090944
4,1874,71.94777,2.377933,6.7555923,71.449455,2.450238,6.772982
4,1875,74.99417,1.9181838,6.1578526,75.10875,1.8608601,6.170092
4,1879,69.35585,2.4211075,6.8346834,69.49211,2.4487414,6.878097
4,1889,68.80602,2.2688224,6.6983204,68.72533,2.2696464,6.74555
4,1906,70.72988,2.54246,6.9604483,70.595604,2.5129435,6.9261484
4,1914,69.93666,2.504603,7.329355,69.82883,2.5382762,7.272534
4,1917,67.70104,2.319397,6.9664984,67.53414,2.3492105,7.020332
4,1921,66.78858,2.1032817,6.773692,67.13993,2.1126847,6.850046
4,1926,67.983116,2.1260715,6.5708656,68.64417,2.0804496,6.5658092
4,1940,69.7011,2.6688998,7.488791,69.85301,2.6983092,7.492882
4,1957,71.71571,2.2406473,6.630403,71.63966,2.2377937,6.6247735
4,1993,69.011444,2.5533566,6.9974318,69.39798,2.5580485,7.0072637
4,1998,66.0,1.9474435,6.553381,66.55977,1.941272,6.6524763
5,5,69.40398,2.5527065,6.944485,69.37094,2.6021757,6.969789
5,6,66.4832,2.7473767,7.5708284,66.825424,2.7793994,7.6076894
5,8,72.3889,2.1972904,6.3563943,72.23728,2.17043,6.3280115
5,13,70.4652,2.2559972,6.521455,70.416756,2.2408066,6.529083
5,26,69.57826,2.2925441,6.564799,69.74072,2.271862,6.5686116
5,34,70.00908,2.4001544,6.966354,70.02464,2.4169376,6.981784
5,39,68.91115,2.6226475,7.023574,69.355446,2.611005,7.0318837
5,46,70.7078,2.3710384,6.739173,70.66274,2.3192303,6.736648
5,49,73.948006,2.1550715,6.6107883,73.946594,2.1616206,6.613781
5,56,67.73757,1.9834163,6.4045296,68.18631,2.073309,6.4146504
5,59,72.71047,2.5571537,7.451355,72.44031,2.5488598,7.4519014
5,65,71.508095,2.4539585,6.7862687,70.94281,2.4073682,6.7632537
5,69,69.797424,2.582992,7.1916037,69.70605,2.5819063,7.197309
5,73,69.576706,2.771317,7.568137,69.72414,2.767557,7.566446
5,80,68.85967,2.7752056,7.482251,68.409225,2.7517679,7.5045886
5,87,72.401344,1.945151,6.326322,72.48589,1.8953954,6.2760935
5,89,68.86592,2.4239385,6.873343,69.03524,2.4503992,6.859781
5,94,69.78505,2.74925,7.6910696,69.22602,2.7728286,7.6622
5,97,66.89721,2.7355275,7.5906587,67.16115,2.746499,7.555094
5,104,71.72692,2.3425617,6.5986342,71.968575,2.2576804,6.6204863
5,106,70.05015,2.6166134,7.2823234,69.80587,2.5960827,7.276752
5,107,74.71211,2.0741265,6.7566576,74.06537,2.0960636,6.7905316
5,108,71.21152,2.431061,6.9170737,71.19705,2.4122398,6.9496527
5,110,72.39922,2.30609,7.240931,71.82281,2.3301558,7.267101
5,111,72.05468,2.34567,6.809767,71.993935,2.359593,6.81521
5,112,66.8311,2.8097734,7.316284,66.89228,2.7719991,7.3243275
5,120,67.36417,2.395569,7.0327616,67.298134,2.4060216,7.040003
5,126,71.295265,2.4711826,6.7651725,71.503845,2.4386542,6.772625
5,127,73.77073,2.0415661,6.39931,73.818886,2.0124328,6.387257
5,129,67.21491,2.6243944,7.4622684,67.251114,2.5849912,7.426578
5,134,67.48267,2.6586885,7.5359316,67.46614,2.6087396,7.4850273
5,140,71.88954,2.5693746,7.582701,71.47142,2.5882607,7.5551014
5,141,75.42962,2.1243997,7.0990963,75.49051,2.1607707,7.1000686
5,147,71.27933,2.5091584,7.0078087,71.28407,2.5328958,7.014281
5,149,66.0,2.0927367,6.6066246,65.640495,2.0114646,6.563256
5,150,67.887146,2.1879325,6.759088,68.16081,2.1647077,6.8003497
5,152,67.983536,2.6913364,7.3267655,68.447136,2.6490352,7.317847
5,156,70.48817,2.424234,6.7307186,70.3953,2.3933237,6.705608
5,168,71.89997,2.1840205,6.481475,72.1588,2.2062798,6.506052
5,171,71.03741,2.619181,7.0189433,70.80635,2.584855,7.0081973
5,173,66.0,2.7890704,7.57263,65.965195,2.7624016,7.552141
5,174,69.44311,2.559632,7.561903,69.24915,2.589803,7.5476866
5,178,66.41074,2.5303187,7.423022,66.23483,2.5139933,7.367148
5,185,70.98362,2.3824415,7.07597,71.15469,2.3239777,7.078602
5,186,70.31249,2.5282567,7.138418,70.21195,2.5292122,7.155369
5,193,68.608345,2.1709995,6.5019116,68.66522,2.1701758,6.522318
5,198,66.06403,2.437412,7.299221,65.97233,2.4809968,7.356355
5,204,69.74151,2.5408893,7.5504436,69.77603,2.5166361,7.5371842
5,209,71.58562,2.476946,7.1620283,71.32023,2.4969788,7.194045
5,216,66.36045,2.7308424,7.47756,66.31207,2.744434,7.515983
5,223,67.41503,2.6258075,7.358107,67.75622,2.5944877,7.2920423
5,226,70.88547,2.6209352,7.4767776,70.735794,2.5754435,7.4804773
5,230,73.97129,2.1735206,6.653673,73.97899,2.205982,6.6230526
5,237,66.99101,2.85,7.85,66.924545,2.8964102,7.8675094
5,246,69.15753,2.3047814,6.6290336,69.57862,2.3125522,6.6410065
5,248,71.70527,2.595092,7.2779927,71.63549,2.6013024,7.275863
5,270,72.437546,2.175395,6.411838,72.38466,2.1500225,6.417986
5,276,66.449295,2.6807277,7.3988404,67.00544,2.6191387,7.348448
5,277,70.41296,2.6286802,7.033841,70.35066,2.5723078,7.082117
5,280,71.556915,2.3444805,6.8728933,71.71728,2.3304017,6.862195
5,281,73.45079,2.0884895,6.2936473,73.04533,2.091386,6.2922716
5,284,71.69707,2.3355777,6.6424866,71.660515,2.3180559,6.6418962
5,287,72.22076,2.420437,6.854456,72.40946,2.3800013,6.860986
5,290,70.05906,2.4836857,7.1204805,70.37203,2.4709072,7.081425
5,300,69.51277,2.526935,6.803937,69.70388,2.4780226,6.826916
5,306,70.59262,2.5811944,7.4232445,70.46453,2.5656836,7.4324017
5,325,71.921646,2.6085927,7.2535048,71.693436,2.5809357,7.245238
5,334,71.373146,2.1773508,6.4077535,71.086105,2.1979237,6.4172707
5,342,70.04403,2.7077026,7.4145374,69.641235,2.7164655,7.432478
5,343,70.08323,2.0522516,6.4549994,70.22852,2.0632699,6.4932537
5,353,71.50546,2.6004412,7.583364,71.42306,2.5972528,7.549015
5,358,74.78403,2.258764,6.6562357,74.75414,2.2864625,6.7131033
5,370,71.23838,2.5592718,6.975327,71.29711,2.5487437,6.952245
5,371,69.71402,2.157027,6.64676,69.28893,2.1596367,6.6568537
5,377,69.21723,2.5239947,7.3819394,69.34994,2.526264,7.3359227
5,380,72.13687,2.4545157,7.0485373,72.07422,2.4322302,7.056823
5,381,72.937004,2.4229712,6.7550206,73.013275,2.4283466,6.7912235
5,413,70.83517,2.0074403,6.4583774,70.90963,2.0260704,6.4393816
5,414,69.24899,2.763049,7.53447,69.2811,2.7380524,7.505744
5,418,68.468056,2.47409,6.879914,68.898186,2.4546378,6.871683
5,419,70.76351,2.3745806,6.721934,70.65399,2.4083385,6.7138424
5,423,69.41293,2.6903198,7.072807,69.32127,2.680558,7.1169076
5,425,68.74639,2.5603697,7.2262144,69.04004,2.5750282,7.237874
5,443,66.61588,2.1075842,6.6141725,67.107994,2.120006,6.613061
5,451,69.925316,2.6431863,7.3425107,70.08337,2.613659,7.3543763
5,453,70.67737,2.446635,6.7974296,70.530716,2.4551537,6.783648
5,454,69.21613,2.4529016,7.1226034,69.08627,2.4761126,7.157225
5,459,73.29079,2.5515368,7.1564326,73.45059,2.5118804,7.1236343
5,471,66.80401,2.3735423,6.9398413,67.42862,2.4104753,6.9330664
5,473,72.6768,2.2028844,7.079868,72.15616,2.2600565,7.072672
5,480,70.90765,2.344844,6.566002,70.40159,2.3279114,6.589379
5,489,74.23322,2.2204137,6.6628027,74.27578,2.2137358,6.6683464
5,498,70.92298,2.3893802,7.1127243,70.836205,2.4056735,7.1143665
5,500,72.09676,2.362979,7.1389227,72.09196,2.2986763,7.0941987
5,503,71.87027,2.388263,6.893377,72.168076,2.3464327,6.859623
5,505,69.440346,2.156773,6.791141,69.160515,2.1970837,6.814107
5,512,69.93248,2.5682986,6.930931,70.003815,2.5557811,6.900582
5,513,72.11102,2.5174417,7.4130945,71.768555,2.5413785,7.4506006
5,520,73.92387,2.2994976,6.7701645,73.86197,2.3238766,6.7513895
5,521,72.19144,2.4507782,6.993685,72.067764,2.466847,6.9544716
5,527,68.55342,2.6502786,7.3901386,68.51014,2.645657,7.3757358
5,528,70.2901,2.6139865,6.998667,70.61754,2.607314,7.004854
5,535,73.09279,2.3810508,6.546448,72.85779,2.2716796,6.55415
5,539,72.8685,2.3765857,6.935471,72.60655,2.3424153,6.9565444
5,548,71.02781,2.2099419,6.63608,71.459694,2.1545064,6.582552
5,549,71.41962,2.3652177,6.930369,71.07014,2.3339515,6.9312477
5,550,69.61782,2.564231,7.062389,70.08623,2.5609672,7.060564
5,552,69.22368,2.664776,7.402206,69.3112,2.6559486,7.332647
5,557,71.46853,2.3036442,6.7356195,71.30733,2.3271596,6.7229424
5,559,73.956,2.0274067,6.1686397,73.636955,1.9980975,6.1868668
5,563,71.73013,2.1543365,6.5763416,71.32077,2.1760912,6.5417624
5,564,72.577446,2.5145214,6.8997955,72.7147,2.525168,6.9638214
5,577,68.92287,2.7844856,7.7033305,68.54686,2.7360396,7.6779537
5,579,70.11216,2.5115733,6.9956417,70.163734,2.5670407,6.9926496
5,586,67.89559,2.5292373,6.8351436,67.85056,2.5163276,6.881427
5,590,74.83246,2.0869281,6.7544117,74.557556,2.0876615,6.7400146
5,592,70.91462,2.5333946,6.902425,70.71214,2.5311954,6.8733325
5,594,72.969826,2.5480645,7.2944603,72.60613,2.5754337,7.2717137
5,601,74.06348,2.0537417,6.3433785,74.09768,2.0671754,6.330294
5,604,75.152466,2.0361204,6.3322277,75.35615,1.9882852,6.306934
5,614,71.30119,2.070218,6.2791557,71.25642,2.0835853,6.3218207
5,616,70.55248,2.392822,6.7905946,70.668495,2.3941016,6.7617135
5,621,68.79406,2.1467483,6.629941,68.593666,2.1924572,6.603525
5,624,73.408775,2.2538939,6.7889004,73.41011,2.2236543,6.754416
5,642,73.49125,2.454362,6.90285,72.93531,2.462287,6.936522
5,645,70.76732,2.4234118,6.773375,70.582954,2.4188106,6.7943316
5,649,71.98035,2.4825149,7.095907,72.32901,2.4430256,7.0857105
5,653,68.34522,2.4913046,7.0379233,68.641464,2.457883,7.0259714
5,662,73.69952,2.5117228,6.9938836,73.433136,2.4606667,7.0211487
5,680,69.94388,2.4586196,6.7933497,69.98017,2.4975095,6.7867727
5,684,69.751526,2.547896,7.0255504,69.720085,2.556064,7.023045
5,687,67.693535,2.6868393,7.538127,68.03737,2.6800787,7.491849
5,689,72.77974,2.1583061,7.152267,72.0135,2.200023,7.1634426
5,690,69.742874,2.326502,7.1680326,69.693855,2.357298,7.160531
5,691,71.0915,2.339953,6.900676,71.136566,2.372066,6.8814425
5,693,71.42545,2.204991,6.493008,71.50981,2.1923783,6.5085692
5,694,71.42295,2.2410755,6.7278204,71.233536,2.2719285,6.720003
5,705,69.02388,2.3417685,6.7214184,69.00365,2.3760123,6.7397666
5,706,67.93796,2.7055976,7.4080567,67.99409,2.6903431,7.4114747
5,708,71.97824,2.5426981,7.1627736,71.98109,2.5631163,7.145769
5,740,72.64764,2.3387926,7.0620832,72.65846,2.3533127,7.0734134
5,741,66.0,2.4488056,7.3747168,64.62273,2.420584,7.3662286
5,757,66.594795,2.6291807,7.279112,66.65582,2.611478,7.2931
5,758,71.45726,2.6632376,7.159894,71.25969,2.6193395,7.116959
5,766,72.63686,2.4352167,6.703245,72.64569,2.410114,6.757418
5,767,72.404655,2.28497,6.4793715,72.301865,2.2591805,6.4945235
5,768,70.71236,2.323567,7.0481386,70.97496,2.365392,7.0578675
5,773,68.22483,2.2161965,6.8230314,68.51729,2.2607372,6.875651
5,779,69.24897,2.5215964,7.102276,69.21101,2.5138257,7.1556354
5,789,71.36305,2.4147127,6.8873444,71.58266,2.432586,6.9014516
5,794,71.22636,2.1091273,6.667293,71.27677,2.1671562,6.6848106
5,795,72.27968,2.3223221,7.3053055,72.43533,2.3745608,7.3380055
5,798,72.29719,2.3319104,6.9733453,72.55064,2.31761,6.9622955
5,800,68.85969,2.0384667,6.3313603,68.847565,2.0169537,6.3489933
5,801,71.86184,2.371993,6.877918,71.80667,2.3889024,6.8757267
5,802,70.93977,2.3577511,7.094388,71.034164,2.4065917,7.0390296
5,803,71.056526,2.2489333,6.9795785,70.837135,2.3316903,6.9445496
5,804,69.10256,2.3010926,6.677836,69.25621,2.2984588,6.6361275
5,808,69.30706,2.6582575,7.220914,69.51264,2.6203856,7.2136536
5,824,69.74936,2.376589,7.008844,69.69882,2.438633,7.0213513
5,826,72.12608,2.316247,6.824704,72.11677,2.3273997,6.8058763
5,828,69.37956,2.4902356,7.017788,69.683014,2.470336,7.040896
5,834,67.57566,2.8354335,7.4492974,67.64295,2.7865152,7.445982
5,835,70.75308,2.1680098,6.76868,70.13647,2.1769378,6.8252144
5,838,69.977554,2.261217,6.772501,69.71791,2.285527,6.7821107
5,839,72.32529,2.6202302,7.2368784,71.83343,2.6214063,7.221009
5,844,74.5262,2.1075935,6.5830116,74.57714,2.084503,6.5460877
5,850,69.46142,2.2224681,6.752854,69.58859,2.1889749,6.7443137
5,851,69.55863,2.3691204,6.9612184,69.61633,2.33062,6.961224
5,858,68.882675,2.549459,7.438466,68.9378,2.520268,7.3720064
5,862,70.231445,2.4362254,7.3278856,69.856186,2.4536772,7.3671474
5,863,70.95119,2.3029885,6.5976405,71.15549,2.328406,6.616185
5,865,70.50765,2.4903371,6.815718,70.156654,2.436676,6.8426495
5,868,68.28305,2.6904879,7.4184523,68.38932,2.643164,7.397312
5,888,71.75882,2.2751427,6.632046,71.81332,2.2986476,6.6433625
5,891,68.78033,2.6734173,7.131101,68.58368,2.68516,7.1586547
5,904,75.63652,2.135007,6.4647317,75.6037,2.1318479,6.4696755
5,905,69.760635,2.7921913,7.587546,69.74028,2.7483375,7.607301
5,906,72.4685,2.0442157,6.3170075,72.60823,2.0279722,6.3398547
5,918,75.468575,2.2458558,6.5384173,74.951706,2.226559,6.557539
5,924,66.0,2.61925,7.486481,66.11665,2.6578915,7.493037
5,931,71.918175,2.307439,6.908887,71.80372,2.321718,6.8660135
5,952,71.40274,2.215923,6.588377,71.72808,2.212487,6.6198735
5,953,69.9103,2.1005306,6.481547,69.91734,2.135989,6.482599
5,958,69.30277,2.4162493,6.8492026,69.40003,2.410544,6.850046
5,960,71.36853,2.4641614,7.1240463,71.14251,2.4286969,7.16349
5,964,71.33678,2.6784484,7.6960955,71.17689,2.673358,7.6425605
5,967,68.03928,2.524364,6.9613967,68.45269,2.4987948,6.937593
5,979,69.86547,2.5945795,7.162405,69.50856,2.6164896,7.183071
5,982,70.608,2.4062235,6.8479104,70.728645,2.4412005,6.8338523
5,991,69.09254,2.457092,7.1876,68.74629,2.454593,7.1919646
5,993,71.07754,2.6170878,7.1171436,70.94582,2.5158923,7.120583
5,994,71.24047,2.528696,7.0170975,70.98602,2.533669,7.0284114
5,998,67.321785,2.7380488,7.4504375,67.61395,2.686055,7.3821487
5,1004,67.84272,2.5909948,7.3571033,67.60109,2.6242886,7.299158
5,1006,67.5728,2.4724019,7.3383555,67.88251,2.5145864,7.3254304
5,1008,69.50055,2.460227,6.9349236,69.344696,2.4776068,6.9132624
5,1009,77.15829,1.7612768,6.0065694,77.00893,1.7435603,6.0534253
5,1016,67.5922,2.6014168,7.329381,67.87761,2.6194437,7.402451
5,1020,72.06478,2.1780868,6.7562194,72.43761,2.1794808,6.7182336
5,1023,68.22001,2.2716274,6.7648826,68.61037,2.2905622,6.744888
5,1024,67.65946,2.49535,7.2945786,67.93591,2.5019376,7.278866
5,1034,70.62438,2.4398832,7.0778236,70.96518,2.4410415,7.1062083
5,1042,70.114044,2.5682566,7.063259,70.02515,2.5838227,7.057799
5,1055,71.7988,2.3776574,6.968294,71.972885,2.382333,6.954639
5,1058,70.09623,2.3964047,6.715187,70.3205,2.3833582,6.666122
5,1070,73.070755,2.2131805,6.7531796,72.80142,2.221824,6.74221
5,1088,66.96885,2.750439,7.4916515,66.81127,2.7460182,7.5065312
5,1089,69.429214,2.754752,7.461671,69.281456,2.7161689,7.452295
5,1102,67.61144,2.7016377,7.601478,67.41068,2.6722796,7.5911546
5,1106,73.35474,2.2962716,6.882114,73.022255,2.3133357,6.853506
5,1116,70.51278,2.1225524,6.3341837,70.732895,2.1431186,6.3192754
5,1123,66.0,2.4326904,7.235654,65.511505,2.4172592,7.2211037
5,1131,69.78366,2.4508793,6.9007053,69.79131,2.3960128,6.8959146
5,1133,72.9892,2.3259482,6.8079443,73.10843,2.300744,6.7763143
5,1141,71.488625,2.204473,6.413597,71.584946,2.1579533,6.410155
5,1147,68.68844,2.6754735,7.3282638,68.81662,2.7325296,7.294154
5,1150,72.753296,2.491829,7.1053853,72.37993,2.4867022,7.0418696
5,1151,66.10265,2.85,7.85,66.39304,2.8993056,7.8629417
5,1154,67.25593,2.2550933,6.7926493,67.60341,2.2756875,6.748902
5,1157,69.79747,2.4800456,7.34933,69.73814,2.5006518,7.3449016
5,1167,68.94013,2.836497,7.743134,68.76509,2.8171988,7.7287993
5,1169,70.34479,2.6037014,7.3167396,70.14734,2.6200056,7.3587675
5,1171,71.47906,2.3921096,6.8074245,71.31057,2.4182267,6.801598
5,1180,70.799934,2.1751173,6.523681,70.695526,2.222283,6.5297446
5,1181,75.00246,2.2839952,6.7948117,74.807556,2.314223,6.8125706
5,1184,70.29095,2.3590815,6.735603,70.76287,2.3776007,6.7395916
5,1190,73.64334,2.026187,6.597453,73.86852,2.0698621,6.61711
5,1193,72.71919,2.176559,6.6595507,72.99276,2.226099,6.6211634
5,1197,70.31057,2.4608183,6.973779,70.28763,2.4751213,7.0009775
5,1198,69.539314,2.1468213,6.681764,69.43182,2.1518216,6.6822276
5,1202,70.79307,2.2100432,6.4899974,71.05825,2.213409,6.501356
5,1206,71.298584,2.185971,6.3506413,71.37476,2.1704655,6.3497157
5,1218,68.37381,2.3737442,6.718079,68.722885,2.39238,6.71671
5,1220,71.79135,2.4097178,6.8633366,71.82427,2.4185085,6.8439965
5,1222,74.611984,2.3644602,7.001545,74.32503,2.3885593,7.0452137
5,1227,69.20711,2.3325348,6.803002,68.85616,2.2732785,6.8000603
5,1232,72.899216,2.5243893,7.273377,72.43416,2.558742,7.359619
5,1235,70.20548,2.5595584,7.0230837,70.2248,2.5285,7.003284
5,1238,74.4547,2.4552238,6.9186873,74.08893,2.4000876,6.915335
5,1250,75.62797,2.2773104,6.640171,75.62637,2.2351775,6.6659536
5,1251,71.51768,2.3802493,6.722565,71.504,2.3498123,6.698591
5,1253,69.10956,2.5568838,7.123723,68.93148,2.5599744,7.1765504
5,1260,70.14877,2.4289916,6.9893413,69.97683,2.445905,7.009184
5,1264,67.73611,2.4278882,7.217275,67.482796,2.4999006,7.3120604
5,1270,71.61335,2.1917186,6.510382,71.4852,2.2033672,6.473724
5,1271,68.08359,2.398284,7.2096634,68.08444,2.46205,7.2125387
5,1273,69.71113,2.5501788,7.069663,69.97699,2.5143297,7.0437946
5,1277,68.60941,2.4898608,7.2605057,68.43388,2.537275,7.2391376
5,1279,71.42209,2.2237952,6.7766976,71.2356,2.225003,6.789819
5,1284,70.9601,2.2471912,6.4839907,71.21159,2.2681835,6.5076227
5,1289,68.46373,2.6069155,7.3687963,68.39471,2.6142297,7.309194
5,1299,69.931015,2.563395,7.0759335,69.77749,2.575416,7.0649524
5,1303,73.85237,2.3493097,6.788081,74.0172,2.3611145,6.789531
5,1307,71.33863,2.5122252,6.98093,71.18592,2.5324728,7.048292
5,1314,71.00086,2.4044442,7.0212026,71.09793,2.4075487,7.0022187
5,1318,70.70242,2.5862305,6.9367514,70.76458,2.5349593,6.9038725
5,1320,71.34635,2.256534,6.504658,71.93352,2.2538412,6.497016
5,1321,71.686134,2.3265831,6.526889,71.358185,2.270121,6.526356
5,1326,69.69663,2.4268322,6.742682,69.77599,2.4272969,6.7412434
5,1330,70.08958,2.523379,7.029046,70.40056,2.4930356,7.027726
5,1333,72.05088,2.4474676,6.963647,71.36233,2.4136937,6.973679
5,1335,69.02995,2.654508,7.3692837,69.54,2.6681921,7.3885965
5,1336,77.56917,2.0033934,6.470993,77.61474,2.0132852,6.42958
5,1342,70.28268,2.7218812,7.3600926,70.407104,2.6899524,7.370548
5,1350,71.70837,2.471588,6.867173,71.39301,2.4185658,6.8352866
5,1355,72.62446,2.2270675,6.604623,72.597404,2.2127063,6.5934587
5,1358,73.210106,2.3769565,6.7082877,73.356186,2.2934449,6.7184668
5,1363,72.79014,2.2315693,6.8656983,73.39572,2.2616389,6.8459525
5,1364,71.93155,2.0749576,6.9543543,71.92017,2.1043725,6.9689856
5,1367,67.38021,2.6062129,7.371213,67.314125,2.6025608,7.343753
5,1368,70.90751,2.0828195,6.747363,71.22906,2.1481318,6.7905383
5,1379,68.96294,2.1296742,6.482106,68.909065,2.1418204,6.506844
5,1387,71.23802,2.456852,6.7505736,71.88845,2.4380288,6.709597
5,1400,68.13,2.4939644,7.192406,67.957466,2.504759,7.221168
5,1401,70.50768,2.399449,7.080757,70.29356,2.378215,7.081746
5,1405,71.701706,2.3460934,6.8062267,71.88731,2.3497562,6.805494
5,1418,71.852615,2.2656283,7.049322,71.35299,2.2644122,7.0802846
5,1423,69.18792,2.4230301,6.742581,69.64058,2.3696945,6.7386355
5,1425,71.26153,2.527775,7.405354,70.88514,2.4927142,7.374113
5,1437,68.42127,2.4969094,6.951379,68.591606,2.4689796,6.973193
5,1440,71.835686,2.4290328,7.4923263,71.18868,2.4402277,7.472363
5,1446,69.08817,2.654094,7.4046664,69.31345,2.5890832,7.423954
5,1450,71.242874,2.3622956,6.747626,71.09292,2.343338,6.7151847
5,1454,69.84191,2.3333957,6.710438,70.3354,2.3176556,6.746033
5,1457,70.20575,2.3606572,6.9657636,70.22951,2.3264623,6.9956527
5,1459,70.65989,2.524465,6.9164853,70.72615,2.4953282,6.8863506
5,1463,70.81678,2.395729,6.798858,70.70586,2.393747,6.7738166
5,1471,70.63664,2.5216382,7.0330067,70.08255,2.5173376,7.029329
5,1474,67.183304,2.5358834,7.323466,67.23892,2.5261967,7.3030105
5,1476,71.71854,2.5943089,7.0609202,71.69203,2.5120602,7.047278
5,1480,68.49864,2.6959136,7.803763,68.67404,2.666259,7.7827716
5,1482,71.32983,2.5737352,7.12073,71.2777,2.5615802,7.1629477
5,1493,71.22507,2.3440511,6.5933194,71.2936,2.336261,6.5315385
5,1495,71.92571,2.5247674,7.2466817,71.881676,2.4872973,7.2380595
5,1498,66.0,2.31676,7.0811033,65.57431,2.218878,7.0791698
5,1500,71.37871,2.4901466,7.0675,71.76246,2.5274448,7.091234
5,1503,71.410904,2.552828,7.064357,70.83518,2.564066,7.0996423
5,1504,70.04099,2.1944847,6.3703566,70.490974,2.1420233,6.3413973
5,1516,71.22903,2.2370346,7.579556,71.56248,2.2343051,7.5224113
5,1524,71.00722,2.358286,6.807792,71.04969,2.3590355,6.814109
5,1525,70.36641,2.3149104,6.681902,70.25643,2.2937913,6.6855497
5,1527,69.81728,2.597741,7.419689,69.604164,2.5409245,7.4339595
5,1558,69.50769,2.4145124,7.1709924,69.54983,2.430972,7.1609316
5,1565,70.20896,2.3841326,6.700576,69.99161,2.4334683,6.6974583
5,1566,72.932686,2.340552,6.7808785,72.86884,2.3142056,6.7713857
5,1572,75.67207,2.034438,7.056431,75.897446,2.024409,6.9915895
5,1574,71.66287,2.112211,6.27323,71.61273,2.074567,6.2728057
5,1579,72.434456,2.2299929,6.782874,72.51107,2.231413,6.8018517
5,1595,69.98969,2.7447915,7.5088058,69.85086,2.6793864,7.5371747
5,1596,69.97924,2.4710417,6.7880626,69.72796,2.4867468,6.8554068
5,1612,71.96911,2.1365063,6.7719603,71.84817,2.1934063,6.8050375
5,1617,73.82583,2.2127538,7.313526,73.531685,2.2425506,7.314115
5,1619,74.704506,2.248538,6.723659,74.71762,2.240041,6.6973457
5,1621,73.272354,2.0956655,6.4085975,73.34473,2.0811598,6.469892
5,1625,70.01494,2.3475378,6.8794355,70.3454,2.402874,6.8839355
5,1629,74.274666,2.2491214,6.9560905,74.26867,2.2599292,6.9435515
5,1633,72.6519,2.4881005,7.2698035,72.711266,2.5072942,7.331666
5,1648,70.16028,2.3965495,6.9224796,69.79369,2.4206789,6.922045
5,1661,67.47976,2.7582052,7.6527734,67.63107,2.7564733,7.626228
5,1679,70.486336,2.5048869,7.039309,70.20451,2.5675426,7.074177
5,1680,69.0392,2.7331736,7.3335733,68.84034,2.7344158,7.3285856
5,1683,73.143585,2.2406468,6.8096304,73.208115,2.2319078,6.8230343
5,1692,69.544556,2.2974358,6.517475,69.53095,2.3244379,6.5377727
5,1693,73.67818,2.1997037,6.8555236,73.089615,2.2230659,6.87829
5,1696,70.25582,2.4403434,6.844067,70.21267,2.418729,6.8624587
5,1698,69.13696,2.5339286,7.0611315,69.0983,2.545864,7.0809526
5,1703,72.0401,2.5166664,6.895169,72.10707,2.4778726,6.9053035
5,1714,70.8352,2.246496,6.558492,70.7177,2.221294,6.5740952
5,1715,70.76737,2.6325011,7.11882,70.59545,2.6647234,7.123054
5,1731,68.4552,2.443546,7.136965,68.68367,2.4738593,7.150465
5,1735,72.47174,2.0646725,7.174904,72.694084,2.097223,7.060747
5,1736,68.05272,2.5209472,7.113393,68.12386,2.5119874,7.1092873
5,1739,71.367325,2.623522,7.0436535,71.14853,2.5743046,7.057532
5,1741,70.571465,2.22386,6.6285996,70.2135,2.269729,6.6680717
5,1743,71.24359,2.2655118,6.579529,71.34831,2.2654657,6.611875
5,1745,72.31633,2.4435024,7.1005874,72.22219,2.4446657,7.0435686
5,1748,77.71504,2.1595263,6.735805,77.071175,2.1395853,6.7513885
5,1754,69.04764,2.4753284,6.8635335,68.93215,2.4640338,6.861295
5,1758,67.11052,2.5293114,7.1166615,67.432785,2.5245163,7.0625854
5,1771,70.93974,2.5222468,7.16983,70.981186,2.5530987,7.1564937
5,1774,72.49299,2.5066442,6.970546,72.0527,2.4423845,6.9187727
5,1778,70.24672,2.1601822,6.704292,70.21658,2.1876435,6.6856937
5,1780,68.93993,1.9972721,6.2994967,68.8174,1.9925795,6.2898493
5,1782,69.88899,2.0913198,6.6926546,69.91528,2.090937,6.683588
5,1783,70.71189,2.2894683,6.723231,70.93337,2.3562667,6.728761
5,1788,72.120285,2.1519208,7.1630363,72.14181,2.235368,7.13462
5,1796,69.24359,2.6748881,7.1633887,69.44509,2.6797304,7.1741295
5,1800,73.21889,2.3106945,7.3098645,72.42457,2.3617175,7.2948294
5,1801,73.712814,2.1551714,6.6742935,73.62282,2.1673121,6.7394676
5,1803,70.692696,2.4784162,7.2804065,70.686485,2.4292688,7.290572
5,1813,70.41183,2.5324259,7.031376,70.20983,2.5313916,7.034508
5,1814,69.099594,2.5257204,7.347809,69.25217,2.543382,7.2490993
5,1815,70.50923,2.3631685,7.2992873,70.59847,2.3819752,7.2529616
5,1816,72.76097,2.3137307,6.9607744,72.352745,2.2623725,6.9831185
5,1818,72.06123,2.5003982,6.811364,71.868454,2.4804654,6.81796
5,1823,68.84093,2.5813503,7.1746025,69.034904,2.530707,7.1326385
5,1827,70.1922,2.5778868,7.233869,70.08713,2.5357454,7.2258267
5,1832,69.27228,2.4771152,6.9381433,69.59049,2.4792335,6.9307837
5,1833,71.66345,2.4285808,6.8810577,71.36953,2.4052062,6.8880596
5,1843,70.01515,2.5108109,6.932027,70.31191,2.5570543,6.9797983
5,1844,71.99167,2.2314267,6.610702,71.78481,2.184161,6.6468325
5,1848,71.31464,2.322627,6.7363405,71.2151,2.3244667,6.776887
5,1851,70.92774,2.611846,7.1326942,71.04851,2.5883842,7.169992
5,1868,71.89134,2.280342,6.591382,72.22881,2.2619517,6.558222
5,1869,67.06076,2.386048,6.958366,67.52749,2.3582203,6.9555926
5,1880,72.23612,2.4237654,6.829687,71.95218,2.3857114,6.8412666
5,1885,66.536736,2.7797983,7.5523653,66.91527,2.7406795,7.5449905
5,1886,70.53028,2.392705,7.105313,70.16041,2.4258094,7.084364
5,1893,68.36956,2.4703596,7.0638466,68.59419,2.529606,7.0665298
5,1897,73.26717,2.499143,7.385759,73.13491,2.501035,7.3167105
5,1899,70.68385,2.4266932,6.940749,70.93434,2.4224427,6.9506655
5,1904,69.48191,2.4967315,7.1055074,69.752144,2.4824636,7.093245
5,1905,70.385864,2.46494,7.0057106,70.41539,2.4710476,7.017817
5,1908,70.383804,2.5174685,7.048734,70.52844,2.5536847,7.035399
5,1919,76.125595,2.1861112,6.7369943,76.0708,2.1921947,6.7153397
5,1929,67.23416,2.4642673,7.1009784,68.13311,2.4007704,7.047735
5,1931,66.0,2.85,7.7351866,65.241,2.847051,7.7201056
5,1932,70.09373,2.225447,6.7418666,69.93251,2.2107522,6.7740164
5,1933,69.90126,2.2785602,6.4893312,69.63768,2.2764914,6.4921045
5,1936,77.29926,1.8573424,6.4287395,77.462524,1.8948202,6.437191
5,1937,72.364975,1.8909445,6.161816,72.48778,1.9445161,6.125578
5,1942,72.2662,2.5492597,7.245737,72.303024,2.504215,7.1727967
5,1943,70.31873,2.4549217,7.1301765,70.64588,2.4950323,7.1729383
5,1948,73.3028,2.0705223,6.3190556,73.254295,2.0651553,6.336377
5,1950,70.866066,2.5213935,7.6059356,70.876236,2.5304112,7.596045
5,1953,70.26525,2.1931636,6.667335,70.64507,2.1899881,6.6790476
5,1963,72.7077,2.5778797,7.240628,72.453545,2.5929103,7.269656
5,1964,71.716805,2.277608,6.6174965,71.754555,2.260953,6.623313
5,1965,74.36766,2.205316,6.7065034,74.542244,2.1395369,6.701341
5,1968,71.38814,2.2608871,6.667915,71.69903,2.310589,6.664539
5,1969,69.76454,2.2999222,6.678545,70.40767,2.3702507,6.6701236
5,1971,70.580185,2.4634345,7.015145,70.57433,2.478214,6.9859905
5,1972,70.4367,2.5988567,7.0835724,70.426506,2.5575845,7.069917
5,1974,71.20307,2.3450093,7.126634,71.57832,2.3218288,7.069691
5,1977,71.37492,2.5563502,7.056059,71.382904,2.4854722,7.061019
5,1983,73.42238,2.5365458,7.1547637,73.23488,2.504602,7.198914
5,1992,66.204285,2.5293822,7.4127793,66.233604,2.564083,7.4113226
5,1996,66.0,2.6145854,7.421924,64.70962,2.6090596,7.3392997
5,1997,66.59348,2.639936,7.320247,66.919464,2.611827,7.3063216
